model,dataset,seed,epoch,train_loss,val_loss,val_rmse,test_loss,test_rmse
GCN-CfC,Lipophilicity,7,1,0.8613932198948331,1.3371396958827972,1.3444048151020238,0.8703979253768921,1.1677463281435314
GCN-CfC,Lipophilicity,7,2,0.603838962537271,0.621915876865387,0.9495211774885953,0.5611935406923294,0.9249085445556678
GCN-CfC,Lipophilicity,7,3,0.48359845854617933,0.49693435430526733,0.8722992497210134,0.4901548996567726,0.8607297795602191
GCN-CfC,Lipophilicity,7,4,0.42914007548932676,0.5423702150583267,0.8932061855077215,0.4500642940402031,0.8327323574417859
GCN-CfC,Lipophilicity,7,5,0.3874241246117486,0.5108769908547401,0.8696430939808056,0.43865541368722916,0.812053264167576
GCN-CfC,Lipophilicity,7,6,0.381778273317549,0.5831868648529053,0.9192760816789897,0.6041281968355179,0.9421631235793515
GCN-CfC,Lipophilicity,7,7,0.32448978004632173,0.4647900238633156,0.860405806564501,0.48934268951416016,0.8487608783345024
GCN-CfC,Lipophilicity,7,8,0.3300683785367895,0.4385240972042084,0.825730947877007,0.45238862186670303,0.8237442531008967
GCN-CfC,Lipophilicity,7,9,0.3199515414458734,0.7021471112966537,1.02620851867328,0.6125004142522812,0.9680758868788103
GCN-CfC,Lipophilicity,7,10,0.30097493529319763,0.7174676656723022,1.0284490984688934,0.6977765113115311,1.0072009574708334
GCN-CfC,Lipophilicity,7,11,0.31462319360839,0.42149704694747925,0.8145014613602691,0.46805064380168915,0.8192011252833252
GCN-CfC,Lipophilicity,7,12,0.2757445275783539,0.7269839495420456,1.0376800288994237,0.6805844157934189,1.007911558975413
GCN-CfC,Lipophilicity,7,13,0.26212505499521893,0.448598712682724,0.838171709481533,0.4551544487476349,0.8114525205104456
GCN-CfC,Lipophilicity,7,14,0.2683335702728342,0.46074435859918594,0.8499111998678612,0.42670033127069473,0.7985678251025785
GCN-CfC,Lipophilicity,7,15,0.25634268754058415,0.49698375910520554,0.8532407828771187,0.4881781339645386,0.8521545871580043
GCN-CfC,Lipophilicity,7,16,0.27047864927185905,0.40662311762571335,0.7988333853476136,0.43401773273944855,0.7905664746482155
GCN-CfC,Lipophilicity,7,17,0.2343453229577453,0.44256607443094254,0.8192723537139139,0.4462282210588455,0.8065981726755546
GCN-CfC,Lipophilicity,7,18,0.22566314979835791,0.37800588086247444,0.7766695789219799,0.42122582346200943,0.7775889254432871
GCN-CfC,Lipophilicity,7,19,0.2415288477032273,0.4812166765332222,0.8610233451013269,0.5935430824756622,0.91501864122465
GCN-CfC,Lipophilicity,7,20,0.2210832194045738,0.386484757065773,0.7700362509083665,0.4051721468567848,0.7735043891727958
GCN-CfC,Lipophilicity,7,21,0.21056408517890507,0.3849877789616585,0.7825503780369683,0.41981010884046555,0.78214193926967
GCN-CfC,Lipophilicity,7,22,0.1968458311425315,0.5602129101753235,0.9366832354178645,0.6416179090738297,0.9551841505366714
GCN-CfC,Lipophilicity,7,23,0.2054646677441067,0.4517090767621994,0.841605463415079,0.427113339304924,0.8083770756503877
GCN-CfC,Lipophilicity,7,24,0.19771257760348143,0.8762705773115158,1.1654664859936408,0.8647271692752838,1.1316637199449635
GCN-CfC,Lipophilicity,7,25,0.22057628079696937,0.4449908286333084,0.8292826352579197,0.4636785686016083,0.8251232228588655
GCN-CfC,Lipophilicity,7,26,0.20436542563968235,0.7531092166900635,1.0617083798113287,0.698203831911087,1.0145348787323627
GCN-CfC,Lipophilicity,7,27,0.21000385919102915,0.4573816955089569,0.8445587520726516,0.5228061005473137,0.8650004326813778
GCN-CfC,Lipophilicity,7,28,0.20928972297244602,0.5030066892504692,0.8776980763948329,0.5032698065042496,0.8615214504996498
GCN-CfC,Lipophilicity,7,29,0.20437587908020727,0.42415962368249893,0.8178360387776681,0.39751408249139786,0.7647336325314
GCN-CfC,Lipophilicity,7,30,0.18595203978044014,0.39113860204815865,0.7870107735716808,0.43239106237888336,0.7876158190132962
GCN-CfC,Lipophilicity,7,31,0.20935825672414568,0.37810972705483437,0.7717349261241184,0.38062717020511627,0.7478100673254977
GCN-CfC,Lipophilicity,7,32,0.1884617430192453,0.39079536497592926,0.7728301852462892,0.4660564512014389,0.8149193543044171
GCN-CfC,Lipophilicity,7,33,0.18854093110119854,0.4325135350227356,0.8180362910355707,0.4343692362308502,0.7892703169804683
GCN-CfC,Lipophilicity,7,34,0.17019968893792894,0.38865630328655243,0.7782023686318292,0.39059270173311234,0.7425846844041815
GCN-CfC,Lipophilicity,7,35,0.19800006184313032,0.3917052745819092,0.7791457639192156,0.3905118480324745,0.7481048800536316
GCN-CfC,Lipophilicity,7,36,0.17670122451252407,0.44810301810503006,0.8280348458789869,0.4155638739466667,0.7909213539745356
GCN-CfC,Lipophilicity,7,37,0.18483969320853552,0.3901405408978462,0.7834507652958217,0.39767395704984665,0.7623339394018079
GCN-CfC,Lipophilicity,7,38,0.16713308211829928,0.3680662401020527,0.7595330988193055,0.3930466026067734,0.7527096200385254
GCN-CfC,Lipophilicity,7,39,0.15876551386382845,0.4078413397073746,0.7836169436246464,0.3843090459704399,0.7570393738049946
GCN-CfC,Lipophilicity,7,40,0.15656276847477313,0.37936006486415863,0.7772992758752082,0.41201530396938324,0.7660203419043604
GCN-CfC,Lipophilicity,7,41,0.15957282262819786,0.4019683450460434,0.7960413517802006,0.3647788166999817,0.7409495419248121
GCN-CfC,Lipophilicity,7,42,0.15031977770505128,0.38060348480939865,0.7638977965403914,0.36226142942905426,0.7353584116987841
GCN-CfC,Lipophilicity,7,43,0.14888558591957446,0.4217500314116478,0.8070559413858777,0.4041927829384804,0.7659360681876064
GCN-CfC,Lipophilicity,7,44,0.14202256197178806,0.36255601048469543,0.7613347185846588,0.3660695403814316,0.7343355127635007
GCN-CfC,Lipophilicity,7,45,0.17656443102492225,0.39922356605529785,0.7913674408113736,0.3581589311361313,0.7400996505810702
GCN-CfC,Lipophilicity,7,46,0.15188168513554115,0.485197976231575,0.8620326476010582,0.5430503636598587,0.8814710705013513
GCN-CfC,Lipophilicity,7,47,0.14748146495333425,0.3859046809375286,0.7816447214517765,0.44354768097400665,0.8054415308796039
GCN-CfC,Lipophilicity,7,48,0.13827803620585688,0.388962984085083,0.7890421420955386,0.3653201088309288,0.7453847182371379
GCN-CfC,Lipophilicity,7,49,0.14186063270877908,0.36796051263809204,0.7568371188246829,0.3659175634384155,0.7307573452168294
GCN-CfC,Lipophilicity,7,50,0.14312614334954155,0.36064207553863525,0.7595073976991462,0.36547471582889557,0.7298506299141516
GCN-CfC,Lipophilicity,7,51,0.14988562851040452,0.40221983939409256,0.7980675095753383,0.40660786628723145,0.7734566117824959
GCN-CfC,Lipophilicity,7,52,0.16354769633875954,0.39780357480049133,0.7806940389360402,0.45870140194892883,0.8002046323368049
GCN-CfC,Lipophilicity,7,53,0.13038854604517972,0.3917415551841259,0.7895862616197006,0.37739066034555435,0.7533033658357446
GCN-CfC,Lipophilicity,7,54,0.13162503584667487,0.4110144153237343,0.8010482343016717,0.3998929187655449,0.7736678117724152
GCN-CfC,Lipophilicity,7,55,0.12193633395212668,0.41502704471349716,0.8011071263136443,0.3623330816626549,0.7404351679247686
GCN-CfC,Lipophilicity,7,56,0.1349283296752859,0.39827370271086693,0.7975020466003944,0.38025498390197754,0.750229959201817
GCN-CfC,Lipophilicity,7,57,0.13014925547220088,0.4247390776872635,0.8133652921231846,0.4021415188908577,0.7720340750171059
GCN-CfC,Lipophilicity,7,58,0.12222605695327123,0.37713848426938057,0.7785105550536785,0.36128516495227814,0.7353897388776715
GCN-CfC,Lipophilicity,7,59,0.13705882292102883,0.3971669599413872,0.780248610539591,0.38383714109659195,0.7542306073799538
GCN-CfC,Lipophilicity,7,60,0.14150309838630534,0.36821045726537704,0.7639657550247025,0.3950637951493263,0.7601348842586069
GCN-CfC,Lipophilicity,7,61,0.15471068990451317,0.477908119559288,0.8557984226378088,0.43559733778238297,0.8124018756595937
GCN-CfC,Lipophilicity,7,62,0.1280234000749058,0.366784930229187,0.7621553783522033,0.35488948225975037,0.7253624223969222
GCN-CfC,Lipophilicity,7,63,0.12498633784276468,0.4084617868065834,0.7948405906115028,0.38486726582050323,0.7534496525686644
GCN-CfC,Lipophilicity,7,64,0.1384788519806332,0.39288321137428284,0.79080860584325,0.3487502448260784,0.7371422595040696
GCN-CfC,Lipophilicity,7,65,0.1379344755852664,0.36073363199830055,0.7554686569008676,0.3497839793562889,0.7230255832762492
GCN-CfC,Lipophilicity,7,66,0.12794028995213685,0.45484234392642975,0.8235246167073378,0.4332757145166397,0.7952073168196331
GCN-CfC,Lipophilicity,7,67,0.1347113287559262,0.36578381434082985,0.7650973000076552,0.3673980012536049,0.7368714126874916
GCN-CfC,Lipophilicity,7,68,0.1296516756216685,0.36001232266426086,0.7568442067340588,0.3524080738425255,0.7270877539237082
GCN-CfC,Lipophilicity,7,69,0.11711643139521281,0.42687585204839706,0.8223913463609441,0.4079190716147423,0.7779580760682493
GCN-CfC,Lipophilicity,7,70,0.1282353597106757,0.3649912029504776,0.7556717908458632,0.374772347509861,0.7390764585955133
GCN-CfC,Lipophilicity,7,71,0.11980726487106746,0.35673534125089645,0.741380393217515,0.3765380084514618,0.7451147476896286
GCN-CfC,Lipophilicity,7,72,0.12500018571262006,0.3544973023235798,0.7433224482943904,0.36361128836870193,0.7366885408617607
GCN-CfC,Lipophilicity,7,73,0.11620240437763708,0.35919805243611336,0.7523655936772876,0.4127781614661217,0.7674424922782913
GCN-CfC,Lipophilicity,7,74,0.11319263279438019,0.36194897070527077,0.7597419715474729,0.36916419118642807,0.7437254380730421
GCN-CfC,Lipophilicity,7,75,0.1121781137254503,0.5607026740908623,0.9409606005399448,0.5288320928812027,0.8882457675741742
GCN-CfC,Lipophilicity,7,76,0.1147359190163789,0.3796665295958519,0.7697802300608065,0.3584146946668625,0.7351683936904874
GCN-CfC,Lipophilicity,7,77,0.11697399892188885,0.3464493937790394,0.7415935750013251,0.3185768648982048,0.6935921721452304
GCN-CfC,Lipophilicity,7,78,0.10465725014607112,0.3610847741365433,0.7559220635492679,0.3440261334180832,0.7124553867226132
GCN-CfC,Lipophilicity,7,79,0.10400607133353199,0.4157058373093605,0.8000734876616192,0.39958398789167404,0.7711805687044194
GCN-CfC,Lipophilicity,7,80,0.10324704150358836,0.41256125271320343,0.8071340755751735,0.38022882491350174,0.7597983777358491
GCN-CfC,Lipophilicity,7,81,0.11052411960230933,0.40440692007541656,0.7993907486092751,0.37984175235033035,0.7618282532843533
GCN-CfC,Lipophilicity,7,82,0.11828107607585413,0.3803543224930763,0.7734922139245043,0.3812498524785042,0.752465724861518
GCN-CfC,Lipophilicity,7,83,0.10454318479255394,0.37123874574899673,0.7727925472560621,0.3417617306113243,0.7300636269654017
GCN-CfC,Lipophilicity,7,84,0.10743317214979066,0.49214687943458557,0.8829813095330907,0.4510449543595314,0.828657518868299
GCN-CfC,Lipophilicity,7,85,0.10109084844589233,0.3500191904604435,0.7405255230762144,0.3380304053425789,0.7129488150480495
GCN-CfC,Lipophilicity,7,86,0.09519956122945857,0.3403990902006626,0.7376075779315613,0.3317880257964134,0.7059643530667135
GCN-CfC,Lipophilicity,7,87,0.10077569274990647,0.34667909517884254,0.745868588969336,0.3298286125063896,0.7047396875244707
GCN-CfC,Lipophilicity,7,88,0.11302988755482214,0.5299503207206726,0.9188489873590435,0.4492127373814583,0.8361483512990362
GCN-CfC,Lipophilicity,7,89,0.12286732649361645,0.43174226582050323,0.8151477074902133,0.4533836916089058,0.8146261493393202
GCN-CfC,Lipophilicity,7,90,0.1359964934764085,0.40952106565237045,0.7866467424943417,0.4124026373028755,0.7787960804857784
GCN-CfC,Lipophilicity,7,91,0.11086569919630333,0.3509715609252453,0.7467986367104402,0.3528243377804756,0.7254353465816284
GCN-CfC,Lipophilicity,7,92,0.12221902553681974,0.3510974273085594,0.7467902961486671,0.3608199581503868,0.7341384100771491
GCN-CfC,Lipophilicity,7,93,0.09595802288364481,0.3830842822790146,0.7826219338181974,0.3394022285938263,0.7212034313565641
GCN-CfC,Lipophilicity,7,94,0.09679693618306408,0.4048197343945503,0.7942923787847932,0.38932403922080994,0.7659162629077013
GCN-CfC,Lipophilicity,7,95,0.0929704396813004,0.3515726439654827,0.7457457125109229,0.3781830817461014,0.744129290957505
GCN-CfC,Lipophilicity,7,96,0.09662136297535014,0.3811023458838463,0.7718008430472398,0.38090869039297104,0.7597111778068639
GCN-CfC,Lipophilicity,7,97,0.0937725633934692,0.3573770597577095,0.744705626490834,0.3801426440477371,0.7497944947663102
GCN-CfC,Lipophilicity,7,98,0.10053436347731838,0.33299852535128593,0.717732164922027,0.34976013004779816,0.7191861529342224
GCN-CfC,Lipophilicity,7,99,0.093210163767691,0.3856852501630783,0.7716321586352213,0.38340140879154205,0.7648248188921727
GCN-CfC,Lipophilicity,7,100,0.08387728808102785,0.341073177754879,0.7298229443069917,0.3394702300429344,0.7110228015741604
GCN-CfC,Lipophilicity,17,1,0.9068986663111934,1.0578254461288452,1.1983844949273126,0.7355876117944717,1.0699396528178573
GCN-CfC,Lipophilicity,17,2,0.6499430283352181,0.7470124363899231,1.0259392133704852,0.6596285551786423,0.9978438616948457
GCN-CfC,Lipophilicity,17,3,0.5413247181309594,0.9757142663002014,1.229726270672777,1.086921364068985,1.2631167293468453
GCN-CfC,Lipophilicity,17,4,0.43342234580605116,0.6043883413076401,0.9523231385201284,0.5629363358020782,0.9025962773481064
GCN-CfC,Lipophilicity,17,5,0.3973358902666304,0.9297888725996017,1.206195974375453,0.9910421222448349,1.1980489685418414
GCN-CfC,Lipophilicity,17,6,0.37145349935249045,0.9523049741983414,1.1801015367303815,0.8947830498218536,1.1573582570271608
GCN-CfC,Lipophilicity,17,7,0.35887796128237687,0.4723080173134804,0.8389850573612887,0.40892550349235535,0.7882677740602991
GCN-CfC,Lipophilicity,17,8,0.3393219532790007,0.5469186380505562,0.9142320915765162,0.48597265779972076,0.8406103849026836
GCN-CfC,Lipophilicity,17,9,0.32011764137833204,0.5830085128545761,0.9305375644659065,0.5781284123659134,0.9261349674305814
GCN-CfC,Lipophilicity,17,10,0.29649299217594993,0.47037287056446075,0.8435247261819107,0.4619006961584091,0.8234762671246498
GCN-CfC,Lipophilicity,17,11,0.2787310911549462,0.480630561709404,0.8576147605463768,0.5053802281618118,0.8442210189616574
GCN-CfC,Lipophilicity,17,12,0.2688824319177204,0.4265364110469818,0.8055248533259008,0.3913961723446846,0.7632891386126184
GCN-CfC,Lipophilicity,17,13,0.2657240182161331,0.4175553098320961,0.8078408168057577,0.4037656709551811,0.7764938155257737
GCN-CfC,Lipophilicity,17,14,0.24354811123123876,0.4877312630414963,0.8625056377171348,0.4378030151128769,0.8188019786962688
GCN-CfC,Lipophilicity,17,15,0.2856461742409953,0.4201935604214668,0.8071735459737607,0.4029788449406624,0.7746154600242035
GCN-CfC,Lipophilicity,17,16,0.2901483271960859,0.5078170523047447,0.8872713224203398,0.5592377260327339,0.8942431189912449
GCN-CfC,Lipophilicity,17,17,0.23955991367499033,0.5558515191078186,0.9216667521984298,0.5604830682277679,0.9083234809784462
GCN-CfC,Lipophilicity,17,18,0.22982457832053857,0.42949942499399185,0.8212832202318029,0.4503609910607338,0.8221315831910736
GCN-CfC,Lipophilicity,17,19,0.23142894936932457,0.4346482530236244,0.8214201941566491,0.46373964101076126,0.8198702392021151
GCN-CfC,Lipophilicity,17,20,0.22933199008305868,0.45630667358636856,0.8292284757174245,0.44616318494081497,0.8154230722855733
GCN-CfC,Lipophilicity,17,21,0.22902434512420936,0.3922695592045784,0.7750220203347671,0.37441644817590714,0.7466328056638888
GCN-CfC,Lipophilicity,17,22,0.22655332971502234,0.5023102834820747,0.8763678281852705,0.5019970834255219,0.8522552332383135
GCN-CfC,Lipophilicity,17,23,0.23495801124307844,0.391837015748024,0.7821862523506752,0.37556565552949905,0.752205665093277
GCN-CfC,Lipophilicity,17,24,0.20843821377665908,0.38876520097255707,0.7764824163947796,0.39937537908554077,0.7678898767926993
GCN-CfC,Lipophilicity,17,25,0.20197322026447015,0.3938388079404831,0.7881726828179016,0.390134759247303,0.7644521722022558
GCN-CfC,Lipophilicity,17,26,0.2045508269910459,0.43481120467185974,0.8217860837348102,0.41369129717350006,0.7900220494271569
GCN-CfC,Lipophilicity,17,27,0.19717054703721293,0.37592361867427826,0.7663298495881202,0.39377762377262115,0.7746807856112974
GCN-CfC,Lipophilicity,17,28,0.20347427052480202,0.46791480481624603,0.8448414983449527,0.4651230275630951,0.8323448915296503
GCN-CfC,Lipophilicity,17,29,0.18755263669623268,0.5522144362330437,0.9185867501887753,0.5025156512856483,0.8780519529756361
GCN-CfC,Lipophilicity,17,30,0.18012519511911604,0.3711113780736923,0.7683474347302417,0.3601268529891968,0.7298822343235518
GCN-CfC,Lipophilicity,17,31,0.18516750247390182,0.43528785556554794,0.8169251394608467,0.448361337184906,0.8113539756362957
GCN-CfC,Lipophilicity,17,32,0.18565626111295488,0.36916613578796387,0.7676039829703439,0.3946997970342636,0.763197300178323
GCN-CfC,Lipophilicity,17,33,0.18318795440373598,0.4263872280716896,0.8013577130859584,0.41579073667526245,0.7855735163484145
GCN-CfC,Lipophilicity,17,34,0.18390612386994892,0.3856528028845787,0.7718007272052132,0.3649009019136429,0.7488914482871308
GCN-CfC,Lipophilicity,17,35,0.17336728506618077,0.4018498957157135,0.7798774870001148,0.395930252969265,0.763731737058963
GCN-CfC,Lipophilicity,17,36,0.16537265093238265,0.38946060091257095,0.7862396357206479,0.35824304074048996,0.7386697221439162
GCN-CfC,Lipophilicity,17,37,0.17733197686848817,0.37618718296289444,0.7554204489446161,0.34750212728977203,0.7306550548235821
GCN-CfC,Lipophilicity,17,38,0.17318084256516564,0.39493032544851303,0.7841445705964081,0.36845584213733673,0.7508001033388615
GCN-CfC,Lipophilicity,17,39,0.16766266993902348,0.3798162341117859,0.7622375677664465,0.409420482814312,0.7782878414258623
GCN-CfC,Lipophilicity,17,40,0.1707646637051194,0.38296910375356674,0.7783881604191059,0.39149701595306396,0.7617754401605777
GCN-CfC,Lipophilicity,17,41,0.16011358107681628,0.3807678818702698,0.7677443617946301,0.38101085275411606,0.7584433928120478
GCN-CfC,Lipophilicity,17,42,0.14994115741164596,0.38936060667037964,0.781597251012745,0.36188169568777084,0.7387935737888026
GCN-CfC,Lipophilicity,17,43,0.16784049267018283,0.4267824664711952,0.822304477815754,0.38157743960618973,0.7673121178254676
GCN-CfC,Lipophilicity,17,44,0.1632209583013146,0.45452597737312317,0.841424386086696,0.4827984645962715,0.8389177051827138
GCN-CfC,Lipophilicity,17,45,0.17314642281443984,0.38070354610681534,0.7667985213617188,0.3889613598585129,0.7611495018378119
GCN-CfC,Lipophilicity,17,46,0.14286885658899942,0.3643176928162575,0.7524872307311817,0.3417169004678726,0.7243876979264599
GCN-CfC,Lipophilicity,17,47,0.14162781558654927,0.3551533669233322,0.7490950529037768,0.36758556962013245,0.7452140935074973
GCN-CfC,Lipophilicity,17,48,0.14110956258243984,0.3909505307674408,0.7771936012829249,0.36165888607501984,0.7419878239313815
GCN-CfC,Lipophilicity,17,49,0.15011925719402455,0.43041399121284485,0.8181774146510601,0.4092988967895508,0.7815959164607456
GCN-CfC,Lipophilicity,17,50,0.1573817437445676,0.35807862505316734,0.7480083485535224,0.3493332415819168,0.7259240986132636
GCN-CfC,Lipophilicity,17,51,0.13990219351318148,0.41951996833086014,0.7998957133865382,0.39826004952192307,0.7869257180228195
GCN-CfC,Lipophilicity,17,52,0.13186494454189582,0.3618117570877075,0.7598220686552033,0.3365596830844879,0.7198776852504157
GCN-CfC,Lipophilicity,17,53,0.14221097722097678,0.4232589453458786,0.8002663422321808,0.4202551692724228,0.7923209264225466
GCN-CfC,Lipophilicity,17,54,0.15026941923079667,0.3576784320175648,0.7491130750354017,0.33820442482829094,0.726365749832622
GCN-CfC,Lipophilicity,17,55,0.14354413830571705,0.3627910166978836,0.7522758286854074,0.4231969565153122,0.7876556242713494
GCN-CfC,Lipophilicity,17,56,0.12833547647352572,0.3584849461913109,0.7464679358891498,0.36036838591098785,0.7439842159868331
GCN-CfC,Lipophilicity,17,57,0.13798304012528173,0.35258862003684044,0.7491392521055465,0.328224316239357,0.7154560072814419
GCN-CfC,Lipophilicity,17,58,0.16478758691637604,0.39351779222488403,0.7813415092280815,0.37733466923236847,0.7538345777211899
GCN-CfC,Lipophilicity,17,59,0.16337334447436863,0.4670853167772293,0.843468513158867,0.3925098106265068,0.7810708794295045
GCN-CfC,Lipophilicity,17,60,0.1367445621225569,0.376986600458622,0.7625849176242487,0.3446722477674484,0.7239137173816489
GCN-CfC,Lipophilicity,17,61,0.11404379788372251,0.34866347908973694,0.7385500463988657,0.37394557893276215,0.7511334596393362
GCN-CfC,Lipophilicity,17,62,0.1318632968597942,0.3644198700785637,0.7492163855999661,0.37714094668626785,0.7559449297763384
GCN-CfC,Lipophilicity,17,63,0.12326275833227017,0.45965476334095,0.8432059476662558,0.41523493081331253,0.7984012125208636
GCN-CfC,Lipophilicity,17,64,0.133525262552279,0.36237818747758865,0.752221235557609,0.355393148958683,0.7328049535301774
GCN-CfC,Lipophilicity,17,65,0.1369038505686654,0.3951199874281883,0.7794661565117412,0.3801124170422554,0.7556224520682138
GCN-CfC,Lipophilicity,17,66,0.14150080719479807,0.5280210450291634,0.894744414538856,0.5794209539890289,0.9234599373765402
GCN-CfC,Lipophilicity,17,67,0.12912474627848025,0.34126346930861473,0.7340920491643202,0.33568019419908524,0.7192900328913078
GCN-CfC,Lipophilicity,17,68,0.11978683510312328,0.34590944647789,0.7359796807578548,0.3344329744577408,0.715100560152573
GCN-CfC,Lipophilicity,17,69,0.12607753332014437,0.3448280543088913,0.7393378714544583,0.3336864858865738,0.7147521914021221
GCN-CfC,Lipophilicity,17,70,0.12460461810783104,0.36451494693756104,0.7613621586199101,0.342392235994339,0.7233700500419118
GCN-CfC,Lipophilicity,17,71,0.11129338570215085,0.35544778034090996,0.7523424998240319,0.3634820878505707,0.7407783381757493
GCN-CfC,Lipophilicity,17,72,0.11645736269376895,0.32831650599837303,0.7113455555019853,0.3271600641310215,0.7116009477590819
GCN-CfC,Lipophilicity,17,73,0.11955227537287606,0.3506390228867531,0.7465995551997284,0.41159023344516754,0.7950736610907263
GCN-CfC,Lipophilicity,17,74,0.11985704247598294,0.4006253555417061,0.7844892107122557,0.37343695014715195,0.7595273308573398
GCN-CfC,Lipophilicity,17,75,0.1127940438411854,0.3339100815355778,0.7287126944466307,0.34912437945604324,0.7301744490383393
GCN-CfC,Lipophilicity,17,76,0.10976151597720606,0.3399129994213581,0.735367489828445,0.34803254157304764,0.7303800069992168
GCN-CfC,Lipophilicity,17,77,0.11421029600832197,0.32438184693455696,0.7100930281258837,0.3396848663687706,0.716954601095525
GCN-CfC,Lipophilicity,17,78,0.10884215986287152,0.37201499193906784,0.7519929949606643,0.3794686496257782,0.7479457936331151
GCN-CfC,Lipophilicity,17,79,0.10535460075846424,0.3571317680180073,0.7470410709018798,0.33278539031744003,0.7143465825099852
GCN-CfC,Lipophilicity,17,80,0.1144238864934003,0.35987792164087296,0.7506808131397091,0.35535480827093124,0.7377087022991778
GCN-CfC,Lipophilicity,17,81,0.10855072874713827,0.48393650352954865,0.854589454564479,0.47533032298088074,0.8487915312054221
GCN-CfC,Lipophilicity,17,82,0.12074195814353449,0.35423270612955093,0.7348896820293951,0.3694506138563156,0.7487701425406338
GCN-CfC,Lipophilicity,17,83,0.1084383761993161,0.3342549242079258,0.7221218298151927,0.3409310504794121,0.7159071969754487
GCN-CfC,Lipophilicity,17,84,0.09536118529461048,0.37126342952251434,0.7552321243923436,0.4150131270289421,0.7902226747484822
GCN-CfC,Lipophilicity,17,85,0.10494860151299724,0.41515908390283585,0.8035175744433161,0.4004553109407425,0.782200883117622
GCN-CfC,Lipophilicity,17,86,0.12439575018706145,0.4284239187836647,0.815124308344374,0.4897110313177109,0.8503856401205384
GCN-CfC,Lipophilicity,17,87,0.10160332918167114,0.37699825316667557,0.7571800581707667,0.3826567977666855,0.7548282105116275
GCN-CfC,Lipophilicity,17,88,0.1238521941834026,0.34803755953907967,0.7391457315237703,0.34602635353803635,0.7282292925754926
GCN-CfC,Lipophilicity,17,89,0.10037886599699657,0.35611648857593536,0.7578858015651905,0.33553920686244965,0.7165872542792349
GCN-CfC,Lipophilicity,17,90,0.10426539734557823,0.3672352135181427,0.75115972500168,0.3381006345152855,0.7237584137633394
GCN-CfC,Lipophilicity,17,91,0.09553761863046223,0.33698152005672455,0.7259683127726047,0.3211766742169857,0.7056647525871613
GCN-CfC,Lipophilicity,17,92,0.09845705882266716,0.33907200396060944,0.723755737242417,0.3467489406466484,0.730599580360102
GCN-CfC,Lipophilicity,17,93,0.10359780766345837,0.37735869362950325,0.7705975421057442,0.3538050428032875,0.7357304421488118
GCN-CfC,Lipophilicity,17,94,0.10319177392456266,0.33694008737802505,0.7285699491726256,0.3436364531517029,0.7294117833450575
GCN-CfC,Lipophilicity,17,95,0.09426043458558896,0.3384813331067562,0.7334038014222123,0.35535892099142075,0.7353005765182453
GCN-CfC,Lipophilicity,17,96,0.0990966475672192,0.32657552883028984,0.7118999547829489,0.33151334524154663,0.7090493164585371
GCN-CfC,Lipophilicity,17,97,0.10897321778315085,0.35733936727046967,0.7382282863773354,0.32115430012345314,0.7051431726265418
GCN-CfC,Lipophilicity,37,1,0.904192156261868,0.9960178434848785,1.1628693988414613,0.7016713172197342,1.0450244318465134
GCN-CfC,Lipophilicity,37,2,0.6483567931033947,0.7052144557237625,1.0278501821623278,0.6069474592804909,0.9721402251012862
GCN-CfC,Lipophilicity,37,3,0.52218406730228,0.5815776735544205,0.920495860513707,0.49080467224121094,0.8648783551936837
GCN-CfC,Lipophilicity,37,4,0.4776016926323926,0.6419402211904526,0.9835115915031366,0.6287166327238083,0.9650176968706001
GCN-CfC,Lipophilicity,37,5,0.42010307643148637,0.4958423525094986,0.8654746933867468,0.5140298008918762,0.8532519948149733
GCN-CfC,Lipophilicity,37,6,0.3898703776024006,0.740571603178978,1.0496676759247598,0.6746721118688583,0.9990320587531997
GCN-CfC,Lipophilicity,37,7,0.3638376554957143,0.5804472118616104,0.9257338306499382,0.5796231031417847,0.9347451424177882
GCN-CfC,Lipophilicity,37,8,0.3671586910883586,0.6947547048330307,1.036402344589202,0.7256714403629303,1.0330943751656778
GCN-CfC,Lipophilicity,37,9,0.32738523295632116,0.4849337711930275,0.850985480282162,0.5274234041571617,0.8646487284061622
GCN-CfC,Lipophilicity,37,10,0.3162449543122892,0.5541185587644577,0.9095151223052169,0.4868737682700157,0.8495321304459856
GCN-CfC,Lipophilicity,37,11,0.2922304774875994,0.4285743311047554,0.8106517310282912,0.46153417974710464,0.8048985769222541
GCN-CfC,Lipophilicity,37,12,0.2979559534125858,0.6423629820346832,0.9848616774493479,0.7298835963010788,1.0137750062316035
GCN-CfC,Lipophilicity,37,13,0.2760781783748556,0.45308469235897064,0.8264941225090979,0.4261561408638954,0.7888467323728311
GCN-CfC,Lipophilicity,37,14,0.27041654840663626,0.49593692272901535,0.871137301463932,0.4408590868115425,0.8054134464610678
GCN-CfC,Lipophilicity,37,15,0.2636659564795317,0.46035515516996384,0.8325463433297011,0.4732900708913803,0.8134802627021376
GCN-CfC,Lipophilicity,37,16,0.25565223175066487,0.48737596720457077,0.8674397144752489,0.4775688126683235,0.8486413812588833
GCN-CfC,Lipophilicity,37,17,0.24887650708357492,0.43736632168293,0.8163296604278958,0.4399349093437195,0.7946955853169791
GCN-CfC,Lipophilicity,37,18,0.25097948947438486,0.4913494661450386,0.8518485192642199,0.5465725809335709,0.875493523517664
GCN-CfC,Lipophilicity,37,19,0.2517528434594472,0.46299707889556885,0.8260971288032909,0.4556393697857857,0.8141039275832439
GCN-CfC,Lipophilicity,37,20,0.24335037889303984,0.5434397161006927,0.9013308169548,0.5753705203533173,0.9024230790049714
GCN-CfC,Lipophilicity,37,21,0.25421887912132124,0.44045139104127884,0.8292175499400816,0.4531307518482208,0.8146071619969776
GCN-CfC,Lipophilicity,37,22,0.22540975665604626,0.4789251983165741,0.8548532998122129,0.490497425198555,0.8358617730466845
GCN-CfC,Lipophilicity,37,23,0.22807724939452279,0.6096176728606224,0.9589301752440854,0.5119690597057343,0.8924335721616948
GCN-CfC,Lipophilicity,37,24,0.24680064728966467,0.42526695877313614,0.8022867704400732,0.4176633208990097,0.7725971550323498
GCN-CfC,Lipophilicity,37,25,0.22299805614683363,0.4305292069911957,0.8061130082014414,0.4089605063199997,0.7649327087102681
GCN-CfC,Lipophilicity,37,26,0.232530923905196,0.4322362616658211,0.8111174631813562,0.4556093215942383,0.7988891205200027
GCN-CfC,Lipophilicity,37,27,0.21174961659643385,0.41304298490285873,0.8002694704284521,0.4133772626519203,0.774789687815149
GCN-CfC,Lipophilicity,37,28,0.2080264941409782,0.5910114198923111,0.9385951321551842,0.5908874720335007,0.9365873344827621
GCN-CfC,Lipophilicity,37,29,0.20574072086148792,0.40586958080530167,0.7864132209285449,0.39904146641492844,0.7680711400491836
GCN-CfC,Lipophilicity,37,30,0.19118909261844777,0.4208596721291542,0.7990381762129678,0.4198633283376694,0.7790081665335743
GCN-CfC,Lipophilicity,37,31,0.1764861405999572,0.611243724822998,0.9584635390409637,0.675218939781189,0.9842935558716994
GCN-CfC,Lipophilicity,37,32,0.20195374499868463,0.6088488027453423,0.9504223323978145,0.6260853856801987,0.9568152982000706
GCN-CfC,Lipophilicity,37,33,0.18620487771652364,0.43708086758852005,0.8138731943215043,0.3965857923030853,0.759061158243048
GCN-CfC,Lipophilicity,37,34,0.1811623716795886,0.4380059838294983,0.811320622666136,0.43342044204473495,0.7900421934690547
GCN-CfC,Lipophilicity,37,35,0.20996886160638598,0.4419959485530853,0.823671710819292,0.42461178451776505,0.7830544042772402
GCN-CfC,Lipophilicity,37,36,0.1876768919604796,0.43224767595529556,0.8079605940755895,0.42708536237478256,0.7831346286872838
GCN-CfC,Lipophilicity,37,37,0.20091405952418293,0.4248174875974655,0.8083844489882446,0.4334334656596184,0.7885044881974752
GCN-CfC,Lipophilicity,37,38,0.17464166603706502,0.36857444047927856,0.7443100543640636,0.3828796148300171,0.7446810144421361
GCN-CfC,Lipophilicity,37,39,0.17619006363330064,0.6040272861719131,0.9515564002231468,0.6324554830789566,0.9504692098455588
GCN-CfC,Lipophilicity,37,40,0.18452355155238398,0.3916166201233864,0.773016921239413,0.36826808005571365,0.736831695216004
GCN-CfC,Lipophilicity,37,41,0.16059182087580362,0.38457367569208145,0.7618999559103296,0.3870820328593254,0.7543078128884954
GCN-CfC,Lipophilicity,37,42,0.16013667070203358,0.39994000643491745,0.7873091905522348,0.4046534225344658,0.7697040344519122
GCN-CfC,Lipophilicity,37,43,0.1646678348382314,0.5680776536464691,0.9179787493222016,0.5865445584058762,0.9286565112863797
GCN-CfC,Lipophilicity,37,44,0.19003987477885353,0.4025789201259613,0.793366130610393,0.45694686472415924,0.8089816872088378
GCN-CfC,Lipophilicity,37,45,0.1687098918137727,0.4401305913925171,0.8197657988626348,0.4490562379360199,0.8182393352444082
GCN-CfC,Lipophilicity,37,46,0.15571772307157516,0.38748977705836296,0.7840788932050482,0.400066576898098,0.7659448617233547
GCN-CfC,Lipophilicity,37,47,0.16635985286147506,0.4290105551481247,0.81874534227051,0.44024714082479477,0.8034175369708523
GCN-CfC,Lipophilicity,37,48,0.15422604812516105,0.3884704038500786,0.767858866439355,0.38685616105794907,0.7445993686508383
GCN-CfC,Lipophilicity,37,49,0.15179648802236276,0.4017965570092201,0.7839671377768418,0.38430535048246384,0.7628310469857807
GCN-CfC,Lipophilicity,37,50,0.14668479672184698,0.4112658351659775,0.7884892940556406,0.36659371852874756,0.7444293645933548
GCN-CfC,Lipophilicity,37,51,0.1611294487008342,0.4398597478866577,0.8316188381166897,0.4445342570543289,0.8036097002755082
GCN-CfC,Lipophilicity,37,52,0.14435235328144497,0.36988164484500885,0.7531335853942052,0.3739718645811081,0.7346534606888431
GCN-CfC,Lipophilicity,37,53,0.15730062816981916,0.3939296528697014,0.7689413142760425,0.39250989258289337,0.7629717571286
GCN-CfC,Lipophilicity,37,54,0.15856816757608344,0.3921973258256912,0.7686656207785835,0.3875925689935684,0.7642225928591158
GCN-CfC,Lipophilicity,37,55,0.14607729017734528,0.450248658657074,0.8293331977411244,0.3941657617688179,0.7756427191739874
GCN-CfC,Lipophilicity,37,56,0.13553994480106565,0.49308817088603973,0.8620031916256121,0.49068833887577057,0.8538784067931724
GCN-CfC,Lipophilicity,37,57,0.13361865282058716,0.4798121079802513,0.8603547147071758,0.48427625000476837,0.8353136176641646
GCN-CfC,Lipophilicity,37,58,0.148697126518797,0.4382394105195999,0.8128917556600851,0.4415837302803993,0.8008822493709564
GCN,Lipophilicity,7,1,0.8672162647600528,1.0915044248104095,1.2164050798649388,0.7383407354354858,1.0734650898459819
GCN,Lipophilicity,7,2,0.6951013869709439,0.8781757801771164,1.1046665907287878,0.6098245605826378,0.978554060556108
GCN,Lipophilicity,7,3,0.6061195455215596,0.6769463568925858,1.001211267262672,0.5817673206329346,0.9424632300026744
GCN,Lipophilicity,7,4,0.5427846511205038,0.7703224122524261,1.0828137924825156,0.7455404549837112,1.0640350360659037
GCN,Lipophilicity,7,5,0.4995994501643711,0.7007020264863968,1.036166177081215,0.652839794754982,0.9911926568511318
GCN,Lipophilicity,7,6,0.45678077914096693,0.5929967164993286,0.9404270889072028,0.5011098608374596,0.8669573848001288
GCN,Lipophilicity,7,7,0.4426675902472602,0.6481746286153793,1.0006327415419405,0.6155562251806259,0.9573126554350164
GCN,Lipophilicity,7,8,0.4051574435498979,0.5936444997787476,0.930398685049799,0.4930487647652626,0.8679397344675156
GCN,Lipophilicity,7,9,0.41495992408858406,0.5307138785719872,0.8887897790518554,0.4956304728984833,0.8600000709156628
GCN,Lipophilicity,7,10,0.40501291884316337,0.5282855704426765,0.907247750452679,0.5071331411600113,0.8714471963828483
GCN,Lipophilicity,7,11,0.36456146946659795,0.5569213256239891,0.9133028639690538,0.4714512452483177,0.8450301313953269
GCN,Lipophilicity,7,12,0.3719311312392906,0.7915977835655212,1.1046322194988336,0.8409216850996017,1.1127782387990934
GCN,Lipophilicity,7,13,0.35994031142305444,0.574604719877243,0.9066873021500618,0.4868812635540962,0.8555592876582743
GCN,Lipophilicity,7,14,0.35872756993329086,0.5545073002576828,0.9096740624166874,0.5576398596167564,0.9034523697285505
GCN,Lipophilicity,7,15,0.34863877958721584,0.46460510045289993,0.8450149661211629,0.43014010041952133,0.8000247638565077
GCN,Lipophilicity,7,16,0.3306421670648787,0.5727720186114311,0.9459804350501229,0.5894036442041397,0.9365341933729652
GCN,Lipophilicity,7,17,0.32161830751984205,0.45043453574180603,0.8396044013043865,0.4265316277742386,0.7983865053498485
GCN,Lipophilicity,7,18,0.3206949730714162,0.48783397674560547,0.8459720668487443,0.47736435383558273,0.8362733041683675
GCN,Lipophilicity,7,19,0.3282618334999791,0.44918131083250046,0.8345980028325567,0.4546998143196106,0.8188721136217836
GCN,Lipophilicity,7,20,0.3192383580737644,0.5130923613905907,0.8736452104766312,0.49660902470350266,0.8603338614298005
GCN,Lipophilicity,7,21,0.31933653906539633,0.5960617735981941,0.9627998727120861,0.6281151920557022,0.9565543407252964
GCN,Lipophilicity,7,22,0.3200109788665065,0.4612450823187828,0.8381708205724391,0.4465328976511955,0.8083748636359163
GCN,Lipophilicity,7,23,0.3035360309812758,0.44602520763874054,0.8224878078936846,0.45070523768663406,0.8083906425400718
GCN,Lipophilicity,7,24,0.2917920262725265,0.4817369058728218,0.8582683026267621,0.48272254317998886,0.8432492430293658
GCN,Lipophilicity,7,25,0.29001747182121984,0.46663501113653183,0.839642061367702,0.4640915095806122,0.8110998634279946
GCN,Lipophilicity,7,26,0.2913936310344272,0.4539509415626526,0.8241242991924271,0.45892471075057983,0.8142141087498039
GCN,Lipophilicity,7,27,0.2882150279151069,0.6099133267998695,0.9740242281295355,0.66343092918396,0.9769774509041625
GCN,Lipophilicity,7,28,0.29557506684903745,0.48119474202394485,0.8389429273596752,0.45246876776218414,0.8122316797737655
GCN,Lipophilicity,7,29,0.284211297278051,0.4522820934653282,0.8263134846269931,0.431117907166481,0.8009867334731657
GCN,Lipophilicity,7,30,0.2857688499821557,0.4676184132695198,0.8525178782134982,0.5069828107953072,0.8548789930879274
GCN,Lipophilicity,7,31,0.2757504124332357,0.4498227834701538,0.8301491022618989,0.4696623235940933,0.8210281157099274
GCN,Lipophilicity,7,32,0.27547636848908885,0.4391237273812294,0.8323066506371827,0.44544629752635956,0.800013327487558
GCN,Lipophilicity,7,33,0.27718258290379133,0.41912633925676346,0.7997686915978393,0.43598228693008423,0.7928487376831691
GCN,Lipophilicity,7,34,0.2782945605339827,0.42828910797834396,0.8211169703255462,0.4496874585747719,0.8093599384335137
GCN,Lipophilicity,7,35,0.2681199571600667,0.4503532946109772,0.8252594872073501,0.46077943593263626,0.8119960836165744
GCN,Lipophilicity,7,36,0.2745631855947,0.4464509040117264,0.8367303671150597,0.4832199439406395,0.8420194256437725
GCN,Lipophilicity,7,37,0.26599422759479946,0.4420854449272156,0.8177302817215523,0.43791771680116653,0.7988664016320596
GCN,Lipophilicity,7,38,0.2636911090877321,0.4452388063073158,0.8502775524490402,0.44995783269405365,0.818758628159116
GCN,Lipophilicity,7,39,0.25951958254531576,0.44428838789463043,0.831336936133235,0.43282223492860794,0.7961082883935499
GCN,Lipophilicity,7,40,0.25435888712052945,0.4349576309323311,0.8294121437982991,0.4613904803991318,0.8205239522972425
GCN,Lipophilicity,7,41,0.2513298105310511,0.4473389536142349,0.8402028225516945,0.5077362135052681,0.8625624067423803
GCN,Lipophilicity,7,42,0.2522139698266983,0.49347609281539917,0.8500573040775584,0.48375020921230316,0.82970055463905
GCN,Lipophilicity,7,43,0.2670683733842991,0.4042181111872196,0.8014010380162485,0.44925442337989807,0.8019295623483974
GCN,Lipophilicity,7,44,0.2555186119344499,0.5088968947529793,0.8799890926075251,0.5261979699134827,0.8730210678075389
GCN,Lipophilicity,7,45,0.26093881604848085,0.43289558589458466,0.8129966391743805,0.4914281889796257,0.8391366510285594
GCN,Lipophilicity,7,46,0.26230970963283823,0.44716816395521164,0.8349732515196678,0.453343503177166,0.811683721585114
GCN,Lipophilicity,7,47,0.253179657790396,0.4020527973771095,0.7897259783833458,0.4303277060389519,0.7944812350064694
GCN,Lipophilicity,7,48,0.24549765608928822,0.5067626386880875,0.8721042126669638,0.47880860418081284,0.8362968599336456
GCN,Lipophilicity,7,49,0.2515148448723334,0.4131948798894882,0.8153207671922241,0.44576699286699295,0.8067059802164592
GCN,Lipophilicity,7,50,0.2442908353275723,0.44696810841560364,0.8413743022779225,0.4926302284002304,0.8422236234883361
GCN,Lipophilicity,7,51,0.2438523863200788,0.495123915374279,0.8580296476083602,0.49200527369976044,0.8438514365928371
GCN,Lipophilicity,7,52,0.2469071497519811,0.4508514851331711,0.8346975524594079,0.4635496512055397,0.8186715561656548
GCN,Lipophilicity,7,53,0.24382850417384394,0.4117359593510628,0.7969870395061309,0.4369427412748337,0.7909063569881658
GCN,Lipophilicity,7,54,0.2431935022274653,0.43966950476169586,0.8323975951987216,0.437420591711998,0.8103586368982936
GCN,Lipophilicity,7,55,0.23444025108107813,0.39905276522040367,0.7952696393348244,0.4117588847875595,0.7818759699265817
GCN,Lipophilicity,7,56,0.23886193335056305,0.4279756620526314,0.8199009544171593,0.46460604667663574,0.8234848081256354
GCN,Lipophilicity,7,57,0.23879910012086233,0.4502750039100647,0.835706054876362,0.43704384565353394,0.8073078194919846
GCN,Lipophilicity,7,58,0.23353221460624976,0.40653252601623535,0.8029825611192368,0.4154764488339424,0.7858952323210757
GCN,Lipophilicity,7,59,0.23531060307114213,0.4080588072538376,0.7983355880763866,0.4253270551562309,0.7820045641939086
GCN,Lipophilicity,7,60,0.2251272659610819,0.4101704880595207,0.8041297683420265,0.44441477954387665,0.8050999741641083
GCN,Lipophilicity,7,61,0.23115952754462207,0.503505066037178,0.8876352824947948,0.5436029508709908,0.8901093311877987
GCN,Lipophilicity,7,62,0.22477357199898473,0.4368012771010399,0.8212910945835443,0.44430674612522125,0.8120978166969618
GCN,Lipophilicity,7,63,0.2273119401048731,0.39584188908338547,0.7874853783718428,0.42003073543310165,0.7815877565789595
GCN,Lipophilicity,7,64,0.21574606001377106,0.4869229719042778,0.8686632881525795,0.5444134473800659,0.8873277832894708
GCN,Lipophilicity,7,65,0.2259839337181162,0.4444958344101906,0.8317631392500292,0.46206967532634735,0.8171312681147072
GCN,Lipophilicity,7,66,0.22732796878726394,0.4545382410287857,0.8292953929627338,0.4824354872107506,0.82703972724737
GCN,Lipophilicity,7,67,0.22249471644560495,0.44067810475826263,0.8376569444297356,0.4966079294681549,0.85215927351454
GCN,Lipophilicity,7,68,0.23163380998152275,0.4381789565086365,0.8318954141979472,0.4752641096711159,0.8441068812893898
GCN,Lipophilicity,7,69,0.23794768253962198,0.37962399050593376,0.774653355691184,0.4288756400346756,0.786721259286434
GCN,Lipophilicity,7,70,0.22359482557685287,0.4383401498198509,0.8200791526599749,0.4861370772123337,0.8307352853069369
GCN,Lipophilicity,7,71,0.21217168315693183,0.39631058275699615,0.784647572791764,0.4297923296689987,0.7901879018335846
GCN,Lipophilicity,7,72,0.21512235866652596,0.3881026431918144,0.7861837619359346,0.42078737169504166,0.780996434070491
GCN,Lipophilicity,7,73,0.22082901773629365,0.46669115871191025,0.8581166851977264,0.5023460686206818,0.8504502968973721
GCN,Lipophilicity,7,74,0.23056821138770492,0.40062232315540314,0.7933967825683715,0.4047311469912529,0.7713952121636477
GCN,Lipophilicity,7,75,0.20901933367605563,0.41490618139505386,0.8007184632040318,0.4495491534471512,0.8119568476485619
GCN,Lipophilicity,7,76,0.20887728035449982,0.44877271726727486,0.854435265961244,0.4986260384321213,0.854257361706592
GCN,Lipophilicity,7,77,0.21732889060620908,0.41461317986249924,0.8066862892359911,0.4263986572623253,0.7868795887735262
GCN,Lipophilicity,7,78,0.21296831137604183,0.45181754976511,0.8343003900437653,0.4844331294298172,0.8384688012034694
GCN,Lipophilicity,7,79,0.21013620109469802,0.38374197483062744,0.7700725916914956,0.44648875296115875,0.8037456815493838
GCN,Lipophilicity,7,80,0.22157497372892168,0.3883534036576748,0.7831383580851841,0.40331271290779114,0.7782966868645088
GCN,Lipophilicity,7,81,0.20687384572294024,0.4813912436366081,0.8678853431820457,0.5132312029600143,0.8715047850157384
GCN,Lipophilicity,7,82,0.2103659063577652,0.4637306183576584,0.8425723440425597,0.4985736981034279,0.8499780315477392
GCN,Lipophilicity,7,83,0.20627589027086893,0.43840398639440536,0.8254175372233864,0.4664367064833641,0.8165949918149119
GCN,Lipophilicity,7,84,0.21130015507892327,0.385987751185894,0.7758498669538109,0.42282217741012573,0.7838950584788245
GCN,Lipophilicity,7,85,0.21422838999165428,0.40062248706817627,0.7937612472698506,0.4272046163678169,0.7963687186016629
GCN,Lipophilicity,7,86,0.20901274074006965,0.4268333539366722,0.8132793650023559,0.4717439264059067,0.8240611210371392
GCN,Lipophilicity,7,87,0.2141820341348648,0.40511298179626465,0.7993239377365472,0.4269954413175583,0.7962106291351073
GCN,Lipophilicity,7,88,0.19880370133452946,0.38205136358737946,0.7756982380535086,0.41488857567310333,0.7814415506140315
GCN,Lipophilicity,7,89,0.2045856374833319,0.3933313675224781,0.792100628485597,0.4341534301638603,0.7932278064324548
GCN,Lipophilicity,7,90,0.2014936054194415,0.38131949305534363,0.7773302546724279,0.40491538494825363,0.7765306216783172
GCN,Lipophilicity,7,91,0.19886896897245337,0.4011831283569336,0.7871994459238467,0.43990088254213333,0.7945205837797874
GCN,Lipophilicity,7,92,0.2042385223839018,0.38460729271173477,0.7787560902658937,0.43609629571437836,0.7939008674521704
GCN,Lipophilicity,7,93,0.20035713248782688,0.42409443110227585,0.8188002316157317,0.4242560938000679,0.7992585754912914
GCN,Lipophilicity,7,94,0.20538896156681907,0.4301508143544197,0.8155702024445897,0.4931279271841049,0.8430823404252807
GCN,Lipophilicity,7,95,0.19863493354232223,0.46093717217445374,0.8434842362233895,0.47261296957731247,0.8210320359692608
GCN,Lipophilicity,7,96,0.1941397421889835,0.3803488090634346,0.772075648618671,0.44157761335372925,0.7982931420901475
GCN,Lipophilicity,7,97,0.1960798513006281,0.4559885114431381,0.8419780845938752,0.4892691299319267,0.8543260162085814
GCN,Lipophilicity,7,98,0.19566543731424543,0.41269955039024353,0.8011353244934623,0.43606334924697876,0.7920240214731591
GCN,Lipophilicity,7,99,0.19454049346623598,0.39393898844718933,0.7782006452934709,0.44523490965366364,0.7965088171246403
GCN,Lipophilicity,17,1,0.8936208464481212,1.02399642765522,1.182156889819419,0.7348166108131409,1.069175338878431
GCN,Lipophilicity,17,2,0.7251130607393053,0.8056395947933197,1.0745331460199108,0.6503181010484695,1.002352510385742
GCN,Lipophilicity,17,3,0.6154890137690084,0.7530138790607452,1.0212870711808553,0.5578985884785652,0.9267256543254911
GCN,Lipophilicity,17,4,0.5519669055938721,0.6722582429647446,0.9896790642193629,0.5360006615519524,0.9072159519129411
GCN,Lipophilicity,17,5,0.5085862654226797,0.6281072795391083,0.9579988220601814,0.49011268466711044,0.8631647644164412
GCN,Lipophilicity,17,6,0.48368452213428637,0.6412473171949387,0.962922008691614,0.49431708455085754,0.8652636520909102
GCN,Lipophilicity,17,7,0.4523589081234402,0.5711550414562225,0.9325140611442382,0.5318393781781197,0.8900855589041987
GCN,Lipophilicity,17,8,0.43625448147455853,0.5426697134971619,0.8861789825027976,0.4475845694541931,0.8229897905205482
GCN,Lipophilicity,17,9,0.40939898954497445,0.5208655297756195,0.8681121913659825,0.4469130337238312,0.8211892664964616
GCN,Lipophilicity,17,10,0.39905150289888736,0.5675065368413925,0.9030022138397352,0.5080042108893394,0.867289631645924
GCN,Lipophilicity,17,11,0.3951348540959535,0.6218647584319115,0.974497205742969,0.6311771422624588,0.9582399170721021
GCN,Lipophilicity,17,12,0.3904127842850155,0.6412084698677063,0.9882681020231506,0.6541920006275177,0.9740116832353601
GCN,Lipophilicity,17,13,0.3821758075996681,0.5304065570235252,0.8754584269584771,0.4542548581957817,0.8307965569182832
GCN,Lipophilicity,17,14,0.35689304934607613,0.4822643995285034,0.8473798942981671,0.47936511784791946,0.8305874327925257
GCN,Lipophilicity,17,15,0.34901412162515855,0.5534339845180511,0.9198859788892885,0.5503605827689171,0.90086034740157
GCN,Lipophilicity,17,16,0.3626578251520793,0.613824263215065,0.9406460743821338,0.4985109493136406,0.8653338786274328
GCN,Lipophilicity,17,17,0.3562503390842014,0.4804600849747658,0.8373896383761913,0.44809918850660324,0.8143035604976001
GCN,Lipophilicity,17,18,0.3451207936913879,0.4841955080628395,0.8448707413422857,0.43516743928194046,0.8074011738655944
GCN,Lipophilicity,17,19,0.32964678826155486,0.5208392068743706,0.8878456718588099,0.5006698668003082,0.8595814543601977
GCN,Lipophilicity,17,20,0.3338088713310383,0.5350163280963898,0.9041282875658406,0.5766327232122421,0.9252884273367279
GCN,Lipophilicity,17,21,0.33223161929183537,0.44656871259212494,0.8214812535813,0.42255885899066925,0.7894361763125296
GCN,Lipophilicity,17,22,0.3211053438760616,0.5209194868803024,0.8573431791370035,0.4888443797826767,0.8513038312385067
GCN,Lipophilicity,17,23,0.3249795387188594,0.44685371220111847,0.8183544222515702,0.4499378055334091,0.8132009050623168
GCN,Lipophilicity,17,24,0.3065914986310182,0.46963074803352356,0.8376883238102659,0.4262390807271004,0.7958688180478766
GCN,Lipophilicity,17,25,0.3002046440486555,0.4670654609799385,0.8319159772655381,0.4544176533818245,0.8046511669659874
GCN,Lipophilicity,17,26,0.3061729437775082,0.4563446491956711,0.8291769723555281,0.4534038081765175,0.8146986556962968
GCN,Lipophilicity,17,27,0.29515460409499983,0.4661787897348404,0.817857356169608,0.4455109089612961,0.7993797505515688
GCN,Lipophilicity,17,28,0.30078428321414524,0.46241047233343124,0.8301862937908719,0.4467957466840744,0.8046936849708264
GCN,Lipophilicity,17,29,0.3056599878602558,0.4804084524512291,0.8481902097569214,0.47302862256765366,0.8340648817740857
GCN,Lipophilicity,17,30,0.29562461541758644,0.463547445833683,0.818486351777916,0.44988124817609787,0.8072490844981276
GCN,Lipophilicity,17,31,0.29256022528365805,0.4427824914455414,0.810796712954708,0.450343020260334,0.8111459379652096
GCN,Lipophilicity,17,32,0.28575010542516355,0.4902137443423271,0.8690958761632451,0.47060269862413406,0.8364579194013649
GCN,Lipophilicity,17,33,0.2805710865391625,0.5049603655934334,0.8635742587821043,0.4639027789235115,0.8223094792575475
GCN,Lipophilicity,17,34,0.27608094171241476,0.5275350734591484,0.873078381953415,0.474972739815712,0.8417833862640116
GCN,Lipophilicity,17,35,0.2802260606377213,0.42537669092416763,0.8062981347197898,0.42441748082637787,0.8011395652948052
GCN,Lipophilicity,17,36,0.28070879148112404,0.4985530525445938,0.8623560094195228,0.4678695574402809,0.8298241080773531
GCN,Lipophilicity,17,37,0.2887252674058632,0.45211149752140045,0.8388555701342864,0.4574440121650696,0.8222891108767373
GCN,Lipophilicity,17,38,0.28170178223539283,0.4261014685034752,0.8074198508271865,0.43944426625967026,0.8038960981701163
GCN,Lipophilicity,17,39,0.272659495472908,0.4199279770255089,0.80111218569074,0.4476795792579651,0.80952157125778
GCN,Lipophilicity,17,40,0.2709486782550812,0.4154549464583397,0.7979004937135628,0.41748467087745667,0.7861689399331616
GCN,Lipophilicity,17,41,0.28757255165665235,0.4695203825831413,0.8429731395419773,0.49337709695100784,0.85443666114233
GCN,Lipophilicity,17,42,0.2892717255486382,0.49033723771572113,0.8321683887059201,0.4940829426050186,0.8450298492531759
GCN,Lipophilicity,17,43,0.26035948704790185,0.4535374641418457,0.8177117309175762,0.4692610576748848,0.8268721478240747
GCN,Lipophilicity,17,44,0.2591905963641626,0.5009797811508179,0.8759864627954852,0.5089850649237633,0.8605661979649587
GCN,Lipophilicity,17,45,0.270057554046313,0.4783722832798958,0.8348441415936114,0.45375946164131165,0.8119897340515511
GCN,Lipophilicity,17,46,0.2701038149771867,0.6399077773094177,0.9787921020007551,0.664083257317543,0.9811982864067893
GCN,Lipophilicity,17,47,0.26751064591937596,0.4333018809556961,0.8088653403200419,0.42763084918260574,0.7914447515222188
GCN,Lipophilicity,17,48,0.2604580703708861,0.4703769385814667,0.8390927882916934,0.5237820446491241,0.8664299689056894
GCN,Lipophilicity,17,49,0.24835608844403867,0.5019238367676735,0.8624169005568353,0.5385717302560806,0.8772782230789025
GCN,Lipophilicity,17,50,0.2607619227082641,0.43261438608169556,0.7995262919069644,0.4564777836203575,0.8174652094539575
GCN,Lipophilicity,17,51,0.25862692020557543,0.4326487258076668,0.7995775433546559,0.42814572900533676,0.790718946039504
GCN,Lipophilicity,17,52,0.2509611850535428,0.4496830478310585,0.834184180452809,0.43235207349061966,0.8017330560799927
GCN,Lipophilicity,17,53,0.24492927723460728,0.42934176325798035,0.8070913907267439,0.44742853194475174,0.8024135421812005
GCN,Lipophilicity,17,54,0.24880657538219733,0.41323767602443695,0.7861546483768641,0.4263479709625244,0.7907653035755284
GCN,Lipophilicity,17,55,0.23956657670162343,0.41654855012893677,0.7932543310797966,0.43618231266736984,0.7948818337293257
GCN,Lipophilicity,17,56,0.25286982732790486,0.4126448333263397,0.7993330350811136,0.4120713993906975,0.7815496632933829
GCN,Lipophilicity,17,57,0.24806139369805655,0.40693535655736923,0.8027309594000479,0.43325789272785187,0.7873215685136897
GCN,Lipophilicity,17,58,0.24005707877653618,0.4333159923553467,0.8110433873190087,0.4124373719096184,0.791115723857963
GCN,Lipophilicity,17,59,0.24389990005228254,0.4120109975337982,0.7867722463744512,0.43587684631347656,0.7956887559899561
GCN,Lipophilicity,17,60,0.2434471387554098,0.4454803913831711,0.8312986847237395,0.4464583396911621,0.8155142551815743
GCN,Lipophilicity,17,61,0.23580098924813447,0.4696507155895233,0.8311453029122345,0.5162565037608147,0.850896452363061
GCN,Lipophilicity,17,62,0.25095950342990736,0.42265506088733673,0.8002781473850625,0.4176748991012573,0.7862543805823627
GCN,Lipophilicity,17,63,0.24083267593825305,0.4491853341460228,0.8171640921571672,0.44604863971471786,0.7984558954378013
GCN,Lipophilicity,17,64,0.23091566452273615,0.39864421635866165,0.7862707929181539,0.43800536543130875,0.8088903205751784
GCN,Lipophilicity,17,65,0.23448498602266665,0.4400978982448578,0.8235604789728196,0.42282040417194366,0.7936371865790129
GCN,Lipophilicity,17,66,0.24003794347798382,0.40159859508275986,0.781255874611702,0.4530933052301407,0.801476116619405
GCN,Lipophilicity,17,67,0.23246567668738188,0.46780791133642197,0.8360828736720087,0.49027277529239655,0.8358559969805166
GCN,Lipophilicity,17,68,0.23988527997776313,0.4290035218000412,0.8030324415017036,0.4574345573782921,0.8164690349474842
GCN,Lipophilicity,17,69,0.2351791113615036,0.4520745053887367,0.8117974251444324,0.4797259420156479,0.8305831270592399
GCN,Lipophilicity,17,70,0.24224838062568946,0.4270580932497978,0.8049647399928045,0.4257897287607193,0.7925084850085691
GCN,Lipophilicity,17,71,0.23200842020688234,0.4025519788265228,0.7792312479709288,0.4351244270801544,0.7937358659702362
GCN,Lipophilicity,17,72,0.22082993829691852,0.44440706074237823,0.810752456515458,0.44339118152856827,0.7980833428966974
GCN,Lipophilicity,17,73,0.22692814745284892,0.40861665457487106,0.7942472777495592,0.44116589426994324,0.8053908006040874
GCN,Lipophilicity,17,74,0.2298220627837711,0.45390646159648895,0.8380978912589159,0.4821731299161911,0.8383609189929419
GCN,Lipophilicity,17,75,0.21718668330598762,0.4176529347896576,0.8022005482687227,0.42160478234291077,0.7810487487979286
GCN,Lipophilicity,17,76,0.21781877566266944,0.43847811222076416,0.8117145997162531,0.4371121674776077,0.7950692005149507
GCN,Lipophilicity,17,77,0.21964482742327232,0.4086515009403229,0.7880346194059584,0.4548703581094742,0.8048811744278936
GCN,Lipophilicity,17,78,0.2127247174028997,0.39811258763074875,0.7810926278875646,0.4255060777068138,0.797320222830818
GCN,Lipophilicity,17,79,0.22119088139798906,0.4018513858318329,0.7889777789570621,0.41767609864473343,0.7794125502166431
GCN,Lipophilicity,17,80,0.22441888517803615,0.44314125180244446,0.8231064581611071,0.5528698787093163,0.8977956054457579
GCN,Lipophilicity,17,81,0.22778283445923417,0.4847835749387741,0.8723399054216914,0.5398499220609665,0.896482313897583
GCN,Lipophilicity,17,82,0.22869306747560147,0.46303751319646835,0.8507309799825818,0.44279368221759796,0.8069497686798826
GCN,Lipophilicity,17,83,0.23043166487305253,0.4218917191028595,0.7931481520187261,0.44220561534166336,0.8006729052682009
GCN,Lipophilicity,17,84,0.22397181115768575,0.39963772892951965,0.7809774304790917,0.41494882851839066,0.777291722689173
GCN,Lipophilicity,17,85,0.21441266216613628,0.46735142171382904,0.8227586151803301,0.46920283883810043,0.8328781832044911
GCN,Lipophilicity,17,86,0.23050527826503472,0.41678449511528015,0.7899141153900104,0.4420539066195488,0.7964200609853361
GCN,Lipophilicity,17,87,0.23075342509481642,0.4324195981025696,0.800303730825384,0.42963801324367523,0.7954647075945245
GCN,Lipophilicity,17,88,0.20680867466661665,0.44172920286655426,0.8228196477235464,0.4417870566248894,0.8071220014568729
GCN,Lipophilicity,17,89,0.2100394406804332,0.42922770977020264,0.8132125957434836,0.45229602605104446,0.8053419914367027
GCN,Lipophilicity,17,90,0.2040744368676786,0.42423323541879654,0.8092167983222167,0.4512432962656021,0.8047519769113984
GCN,Lipophilicity,17,91,0.21881930861208174,0.4005119428038597,0.778186092506259,0.4362523481249809,0.7857967440264154
GCN,Lipophilicity,17,92,0.21203062600559658,0.4394714832305908,0.8109688637021073,0.44650469720363617,0.8094574006307074
GCN,Lipophilicity,17,93,0.21130662052719681,0.4171546548604965,0.8106271359335377,0.4449128657579422,0.80330171978611
GCN,Lipophilicity,17,94,0.20523351430892944,0.4168112054467201,0.8015325975696409,0.43898826837539673,0.7993459352364765
GCN,Lipophilicity,17,95,0.20183617704444462,0.38968953490257263,0.777650705432345,0.45455731451511383,0.810962248849
GCN,Lipophilicity,17,96,0.21134281820721096,0.47614148259162903,0.8482112210440663,0.47553107142448425,0.8332053483592654
GCN,Lipophilicity,17,97,0.20271682463310384,0.4176154360175133,0.8026727805905457,0.4157862141728401,0.7796693451933118
GCN,Lipophilicity,17,98,0.2141030474945351,0.44326208531856537,0.8207407605467129,0.44949571788311005,0.8144870083207759
GCN,Lipophilicity,17,99,0.20453842756924806,0.4580339565873146,0.8341781069580482,0.46360503882169724,0.8184018727195359
GCN,Lipophilicity,17,100,0.19957980623951665,0.40910691022872925,0.8038246194898551,0.4697960466146469,0.8332210504863288
GCN,Lipophilicity,37,1,0.8742715054088168,1.0213380604982376,1.1804197451444414,0.7305150479078293,1.0623869555305896
GCN,Lipophilicity,37,2,0.7197030628169024,0.8152658641338348,1.076520915121046,0.6312482580542564,0.9839317898330491
GCN,Lipophilicity,37,3,0.6238855763717934,0.6953975856304169,1.0111013760173746,0.5785319805145264,0.9326229075311334
GCN,Lipophilicity,37,4,0.5592562280319355,0.6739577502012253,0.9942078333472217,0.5497869104146957,0.9116172688285954
GCN,Lipophilicity,37,5,0.5202450432159282,0.6323119699954987,0.9694516501998413,0.537917323410511,0.8939101215792802
GCN,Lipophilicity,37,6,0.4847682405401159,0.5958356559276581,0.9374371825471421,0.5090240389108658,0.8682350155443253
GCN,Lipophilicity,37,7,0.46433022287156844,0.5628852546215057,0.9112980438251612,0.46999554336071014,0.839096091395433
GCN,Lipophilicity,37,8,0.44505558411280316,0.6098441928625107,0.9333397427974603,0.49561456590890884,0.8625162454816648
GCN,Lipophilicity,37,9,0.42499669392903644,0.5877699553966522,0.9167433330958207,0.4714847430586815,0.8364016590102867
GCN,Lipophilicity,37,10,0.4291002032933412,0.6404180377721786,0.9757191793278761,0.588333398103714,0.9300148331576981
GCN,Lipophilicity,37,11,0.4018777906894684,0.6046968549489975,0.9566158716715074,0.5603285729885101,0.9180548769540695
GCN,Lipophilicity,37,12,0.3901859400448976,0.5615487918257713,0.9203023265541859,0.529113382101059,0.8949485038881644
GCN,Lipophilicity,37,13,0.39119186169571346,0.5149265602231026,0.8758531906703091,0.45658061653375626,0.8300388820572059
GCN,Lipophilicity,37,14,0.3876730501651764,0.5767644047737122,0.9180308544172238,0.49224255234003067,0.8660347640039509
GCN,Lipophilicity,37,15,0.3741190963321262,0.546501412987709,0.8891486597129675,0.49271226674318314,0.8486211532301058
GCN,Lipophilicity,37,16,0.36019963688320583,0.5550718382000923,0.8920427716076236,0.49836088716983795,0.8591119190154323
GCN,Lipophilicity,37,17,0.35560350947909886,0.49216660112142563,0.8575622513198464,0.45855899900197983,0.8238596201592495
GCN,Lipophilicity,37,18,0.34712926767490526,0.517188549041748,0.8717879877458756,0.4798230901360512,0.8448676724624797
GCN,Lipophilicity,37,19,0.33948090451735036,0.544608935713768,0.9064278263706081,0.5339813306927681,0.8899597561234882
GCN,Lipophilicity,37,20,0.3340178573573077,0.5916090756654739,0.9380136672104008,0.5191036462783813,0.8642699849623906
GCN,Lipophilicity,37,21,0.3622170322471195,0.48544294387102127,0.8449109532201056,0.4238225594162941,0.7957747474463162
GCN,Lipophilicity,37,22,0.3350993074752666,0.49052639305591583,0.865457992417984,0.4337780624628067,0.8094270623153927
GCN,Lipophilicity,37,23,0.33131513551429465,0.4862641990184784,0.8531354672974043,0.49966539442539215,0.8537486650783217
GCN,Lipophilicity,37,24,0.34313016136487323,0.6383189857006073,0.9883728889528662,0.6530084162950516,0.9849480671432262
GCN,Lipophilicity,37,25,0.32370191867704745,0.6382920742034912,0.9566956846530418,0.5436139702796936,0.890660000832773
GCN,Lipophilicity,37,26,0.3241124876119472,0.48186763375997543,0.8484356017820365,0.470294751226902,0.8398863315876697
GCN,Lipophilicity,37,27,0.3076933396083337,0.4643202945590019,0.825095049844608,0.452993743121624,0.8120673568299668
GCN,Lipophilicity,37,28,0.3137611542586927,0.48374737054109573,0.8433839569113715,0.44214092940092087,0.802061704038482
GCN,Lipophilicity,37,29,0.3089897599485185,0.49919941276311874,0.867771810993299,0.4911583513021469,0.8446382509495965
GCN,Lipophilicity,37,30,0.30804178063516263,0.4904114753007889,0.8425441885433264,0.4400154948234558,0.8000696509558497
GCN,Lipophilicity,37,31,0.294430841450338,0.5092858597636223,0.8728673012066308,0.4791502207517624,0.850770739726011
GCN,Lipophilicity,37,32,0.30316357204207667,0.5192529931664467,0.8900015137691697,0.46678476780653,0.8251774351451988
GCN,Lipophilicity,37,33,0.28855087690883213,0.4548087567090988,0.8201434733318036,0.4249628037214279,0.7932037982319755
GCN,Lipophilicity,37,34,0.2895449946324031,0.4709603041410446,0.8384747014446029,0.49638188630342484,0.8358244774965088
GCN,Lipophilicity,37,35,0.2804189114658921,0.4552484005689621,0.8258704679540019,0.4505457580089569,0.8050752464809348
GCN,Lipophilicity,37,36,0.2744848358410376,0.4665040895342827,0.829246553249976,0.46200205385684967,0.822328868617522
GCN,Lipophilicity,37,37,0.29424871117980395,0.4460415169596672,0.8225373025453142,0.4120434299111366,0.7744510829394119
GCN,Lipophilicity,37,38,0.27857253010626193,0.4412808194756508,0.8149570945843322,0.4190000370144844,0.780285201383864
GCN,Lipophilicity,37,39,0.2726700272825029,0.5037029087543488,0.8860661125682594,0.4637646973133087,0.830426347283419
GCN,Lipophilicity,37,40,0.2816435562239753,0.49111954867839813,0.8460054628024474,0.46965527534484863,0.818219047660265
GCN,Lipophilicity,37,41,0.2727666557938964,0.452448733150959,0.8198364329606805,0.4583214297890663,0.801791488925239
GCN,Lipophilicity,37,42,0.28053285898985686,0.565715029835701,0.9323785766213835,0.5743272081017494,0.9268522867621006
GCN,Lipophilicity,37,43,0.28251443416983996,0.4633493050932884,0.8478148000076429,0.45649655163288116,0.8143212739988682
GCN,Lipophilicity,37,44,0.272851358961176,0.4694392830133438,0.8433517293155016,0.46096549928188324,0.8027873891880588
GCN,Lipophilicity,37,45,0.2857948331921189,0.51224385201931,0.8676131638583939,0.5060074850916862,0.8596063822585231
GCN,Lipophilicity,37,46,0.2733656741954662,0.5040747672319412,0.8686540934913343,0.5323127284646034,0.8852733982336806
GCN,Lipophilicity,37,47,0.2615746397663046,0.4559725970029831,0.8267419890600177,0.43033211678266525,0.7928903851051581
GCN,Lipophilicity,37,48,0.25812089498396273,0.5507448986172676,0.915657738110098,0.5525138229131699,0.8960165827017045
GCN,Lipophilicity,37,49,0.2499338029711335,0.4769624099135399,0.8537184345559377,0.5097174122929573,0.8572945467659895
GCN,Lipophilicity,37,50,0.25978713896539474,0.49647752195596695,0.871615095606641,0.5017634183168411,0.8471030966246288
GCN,Lipophilicity,37,51,0.26263247043998156,0.4317954182624817,0.8099228628540196,0.4531205967068672,0.8086279894080212
GCN,Lipophilicity,37,52,0.26271302501360577,0.5376347973942757,0.8962205486167163,0.5042364075779915,0.8528372646159421
GCN,Lipophilicity,37,53,0.25895882535863807,0.4294857233762741,0.8041245797036257,0.4534100517630577,0.80523966390661
GCN,Lipophilicity,37,54,0.2616652073683562,0.47173548489809036,0.8408361205277562,0.4457041248679161,0.8013199645634135
GCN,Lipophilicity,37,55,0.26199916501839954,0.4272747114300728,0.8093732310979064,0.41782379150390625,0.7801374906625824
GCN,Lipophilicity,37,56,0.24589235915078056,0.46171748638153076,0.8442995612881036,0.43058546632528305,0.7979183472565033
GCN,Lipophilicity,37,57,0.24393636098614446,1.0565762966871262,1.232027743473034,0.9748593866825104,1.183974906558818
GCN,Lipophilicity,37,58,0.2491367624865638,0.4664257913827896,0.8530744376936504,0.4715186432003975,0.8170663090951704
GCN,Lipophilicity,37,59,0.24921464257770115,0.4398292452096939,0.806522129767433,0.44912414252758026,0.8010108804594801
GCN,Lipophilicity,37,60,0.24977514589274372,0.4135570824146271,0.7955143475656299,0.4259045273065567,0.7754472764697091
GCN,Lipophilicity,37,61,0.24023815603167922,0.41558967530727386,0.7995984157301345,0.4166191667318344,0.7823312905982056
GCN,Lipophilicity,37,62,0.2448555788508168,0.4570085033774376,0.8412074528062438,0.4677935764193535,0.8252706820586921
GCN,Lipophilicity,37,63,0.2523827624541742,0.4469044730067253,0.8055392451845731,0.4923136234283447,0.8320073227285038
GCN,Lipophilicity,37,64,0.23595945923416703,0.44355326890945435,0.8084803331232545,0.4603293687105179,0.8016833178984425
GCN,Lipophilicity,37,65,0.2366298613724885,0.6777371913194656,0.9993888358279073,0.6086746752262115,0.9367360817369268
GCN,Lipophilicity,37,66,0.23558126665927745,0.48958904296159744,0.8551953719376963,0.5199884921312332,0.8618316562589303
GCN,Lipophilicity,37,67,0.23716558681594002,0.4558151289820671,0.8341372704891771,0.42959849536418915,0.7912502741398871
GCN,Lipophilicity,37,68,0.23353907024418866,0.45472636818885803,0.8244460818379272,0.4516969919204712,0.8095261362720892
GCN,Lipophilicity,37,69,0.22805811409597043,0.4051077887415886,0.7819133231378735,0.4589478373527527,0.8059360484316868
GCN,Lipophilicity,37,70,0.24072931155010505,0.4313526600599289,0.8104778949845992,0.4488990008831024,0.8065590805696575
GCN,Lipophilicity,37,71,0.23437560818813466,0.4163699746131897,0.8010862560453689,0.43444009125232697,0.7840371578373629
GCN,Lipophilicity,37,72,0.23615262740188175,0.4350666403770447,0.8174406735302989,0.4173465967178345,0.7822095700060161
GCN,Lipophilicity,37,73,0.23456260672322027,0.43366118520498276,0.8206378836393967,0.4103258475661278,0.7751745888728893
GCN,Lipophilicity,37,74,0.23468690834663533,0.41445644944906235,0.8016248399908923,0.4372076392173767,0.8045621607671654
GCN,Lipophilicity,37,75,0.22767618629667494,0.5000761449337006,0.8705709282596271,0.5433808341622353,0.8801066699184114
GCN,Lipophilicity,37,76,0.21980449005409522,0.5141009762883186,0.8902787656542184,0.5253123864531517,0.8676351817887938
GCN,Lipophilicity,37,77,0.22294813449735995,0.4153073728084564,0.804977068604065,0.44623352587223053,0.793456430288234
GCN,Lipophilicity,37,78,0.2241160163172969,0.4175204187631607,0.8022078669258111,0.41956140100955963,0.7729887382925641
GCN,Lipophilicity,37,79,0.22174154497958995,0.4743778258562088,0.8495999741308204,0.4726228266954422,0.8262282548429336
GCN,Lipophilicity,37,80,0.22266477346420288,0.44249439239501953,0.8173067884742261,0.45668667554855347,0.8113954812724921
GCN,Lipophilicity,37,81,0.2247563832336002,0.43926291167736053,0.810657907257733,0.43717312812805176,0.7870605302142462
GCN,Lipophilicity,37,82,0.21972144864223622,0.43116573989391327,0.818949593538048,0.43203793466091156,0.7909644969852822
GCN,Lipophilicity,37,83,0.22148632948045377,0.48937610536813736,0.8570475532420702,0.5095056593418121,0.8502066781712518
GCN,Lipophilicity,37,84,0.22447703116469914,0.4019017964601517,0.7960762808158679,0.422793410718441,0.7762481406246405
GCN,Lipophilicity,37,85,0.2247358168716784,0.4383944645524025,0.8217427455534304,0.4596020355820656,0.823821889782277
GCN,Lipophilicity,37,86,0.22613237577456016,0.43523047119379044,0.8154416386076867,0.4536655470728874,0.7913698133420074
GCN,Lipophilicity,37,87,0.22203479762430545,0.4821174666285515,0.8492370842127532,0.48318861424922943,0.8325385754328386
GCN,Lipophilicity,37,88,0.23227519348815637,0.46181870251893997,0.8361696295328044,0.4909406453371048,0.8459752021789535
GCN,Lipophilicity,37,89,0.23026107472402077,0.46119800955057144,0.8423030243236092,0.4474934786558151,0.7968702503137594
GIN,Lipophilicity,7,1,0.8495345093585827,1.238491490483284,1.2845033419080407,0.7918167859315872,1.1162700487239463
GIN,Lipophilicity,7,2,0.6275589675815018,0.9198205471038818,1.1190634496152716,0.6233749464154243,0.9794173663724942
GIN,Lipophilicity,7,3,0.5047737039901592,1.3253085017204285,1.351536921441035,0.9914565235376358,1.2246861289275355
GIN,Lipophilicity,7,4,0.44938197842350713,0.6356788203120232,0.9871462308994785,0.5409837812185287,0.9069118713623213
GIN,Lipophilicity,7,5,0.4075208747828448,0.8268540054559708,1.1074240279134717,0.6011151596903801,0.9632075718580498
GIN,Lipophilicity,7,6,0.40163589627654467,0.7644467651844025,1.0700227665484539,0.8838720917701721,1.1195762012984718
GIN,Lipophilicity,7,7,0.3700061484619423,0.5770622193813324,0.9092583873216147,0.5048508793115616,0.8583350391432716
GIN,Lipophilicity,7,8,0.3423621273703045,0.6309517323970795,0.9369690981301518,0.535880334675312,0.8864630443897569
GIN,Lipophilicity,7,9,0.3341179214141987,0.5000690445303917,0.8629111622982171,0.4776294231414795,0.8279982055907225
GIN,Lipophilicity,7,10,0.34164299346782545,0.5660985633730888,0.9243846289782516,0.591238223016262,0.9084316499388527
GIN,Lipophilicity,7,11,0.3213410300237161,0.46540001779794693,0.8424667206935086,0.5274462401866913,0.8635465119474812
GIN,Lipophilicity,7,12,0.2993861817651325,0.5423175916075706,0.9052801203969718,0.4865070804953575,0.8363694474311475
GIN,Lipophilicity,7,13,0.30002770600495515,0.5049973055720329,0.8870549845850509,0.46871303766965866,0.8313539999244051
GIN,Lipophilicity,7,14,0.2738735813785482,0.5221044719219208,0.8709562047640889,0.4935242757201195,0.8456287659690211
GIN,Lipophilicity,7,15,0.27335635600266633,0.8431545794010162,1.1367410349545852,0.9455469697713852,1.1696530958370244
GIN,Lipophilicity,7,16,0.2676190217887914,0.5389810875058174,0.9120716683478441,0.6786686331033707,0.9771237705921307
GIN,Lipophilicity,7,17,0.258124934302436,0.50450649112463,0.867006918860859,0.48774364590644836,0.8527043587630603
GIN,Lipophilicity,7,18,0.2548674659596549,0.4377271831035614,0.8066289868565885,0.4644988179206848,0.8165062291012251
GIN,Lipophilicity,7,19,0.25522724235499344,1.2477268874645233,1.3047466607300509,0.9860927164554596,1.2233743721958512
GIN,Lipophilicity,7,20,0.25985926886399585,0.4532003253698349,0.8306962169143648,0.4676752910017967,0.8296669334262017
GIN,Lipophilicity,7,21,0.2448016013260241,0.5021991431713104,0.8667744176773933,0.4669302627444267,0.8191259612961613
GIN,Lipophilicity,7,22,0.23130424541455727,0.46667394042015076,0.8376503624377403,0.4541123956441879,0.8106223197663291
GIN,Lipophilicity,7,23,0.23273688002868934,0.5277432650327682,0.8844998867968568,0.5618744790554047,0.8931921051314543
GIN,Lipophilicity,7,24,0.25754179446785536,0.7943105250597,1.1072171137997573,0.9421450793743134,1.1654486371918378
GIN,Lipophilicity,7,25,0.2312100617973893,0.4245758503675461,0.8160927275465554,0.475510373711586,0.8195877143020044
GIN,Lipophilicity,7,26,0.22604578954202156,0.445251002907753,0.830901153044957,0.40107640624046326,0.7724740163513318
GIN,Lipophilicity,7,27,0.21924624509281582,0.4913131818175316,0.8630000903703061,0.5159153044223785,0.8705446710929233
GIN,Lipophilicity,7,28,0.2196053989507534,0.4800324812531471,0.8575809131405665,0.5679717361927032,0.9011002927608436
GIN,Lipophilicity,7,29,0.20286092272511236,0.44993956387043,0.8356697509355185,0.4589208588004112,0.813075008864107
GIN,Lipophilicity,7,30,0.21645944317181906,0.42900048196315765,0.80837921392529,0.44191282242536545,0.7985277054028426
GIN,Lipophilicity,7,31,0.21173480870547118,0.3944219872355461,0.7763709877928805,0.4105100780725479,0.7574585943582697
GIN,Lipophilicity,7,32,0.19723285679463987,0.3872488886117935,0.7764834910674725,0.4533638283610344,0.7911939631863398
GIN,Lipophilicity,7,33,0.1990422954161962,0.4069231003522873,0.790048870313426,0.4661222845315933,0.8109368179112618
GIN,Lipophilicity,7,34,0.1899734983841578,0.4642940014600754,0.8437527550546383,0.47032489627599716,0.8371975751258482
GIN,Lipophilicity,7,35,0.20024371147155762,0.3900044709444046,0.7716869619418145,0.43572167307138443,0.7816653482701205
GIN,Lipophilicity,7,36,0.17855380254763145,0.6516016721725464,0.9918622963277495,0.6764454245567322,0.973567214332378
GIN,Lipophilicity,7,37,0.19627526292094477,0.45424721390008926,0.8225455996734621,0.47394851595163345,0.8401323754024186
GIN,Lipophilicity,7,38,0.19146266634817477,0.40921974927186966,0.7932832967849363,0.40439458191394806,0.7558485321134635
GIN,Lipophilicity,7,39,0.180413207522145,0.4705475643277168,0.8489721254191857,0.45606736093759537,0.8208640651145924
GIN,Lipophilicity,7,40,0.18232798907491896,0.40169239044189453,0.7898335230737821,0.40303587168455124,0.7678054977551053
GIN,Lipophilicity,7,41,0.17898225453164843,0.6859597563743591,0.9991008471258087,0.6216826289892197,0.9526386583583214
GIN,Lipophilicity,7,42,0.18886301114603324,0.4264932870864868,0.8249000878956332,0.43470118194818497,0.7956010695916798
GIN,Lipophilicity,7,43,0.18870711381788607,0.4226941168308258,0.8140807546959459,0.4439024031162262,0.7881830432158745
GIN,Lipophilicity,7,44,0.19073644225244168,0.4596070125699043,0.8378168175830453,0.48881714046001434,0.833675103834161
GIN,Lipophilicity,7,45,0.17618384184660735,0.39830948412418365,0.7907391477063872,0.4363515079021454,0.7880137054732823
GIN,Lipophilicity,7,46,0.16886184557720466,0.39505236595869064,0.7893362797824965,0.40654759854078293,0.767392512197304
GIN,Lipophilicity,7,47,0.17433977789349026,0.43365808576345444,0.8199078242900425,0.4057494178414345,0.7673678898883518
GIN,Lipophilicity,7,48,0.17799535835230793,0.4041570760309696,0.805603690919878,0.38618430495262146,0.7546849947743665
GIN,Lipophilicity,7,49,0.16854009363386366,0.36883872002363205,0.7572082391371245,0.3756287097930908,0.739791133504074
GIN,Lipophilicity,7,50,0.1726879471981967,0.5791017860174179,0.9529448479667902,0.6363100707530975,0.9847833301203976
GIN,Lipophilicity,7,51,0.18297543900984306,0.43552644550800323,0.8293436189074488,0.3968159258365631,0.7710226874569673
GIN,Lipophilicity,7,52,0.17170137360140128,0.49996601790189743,0.8735481546969069,0.5024856328964233,0.8677513420250663
GIN,Lipophilicity,7,53,0.16320029894510904,0.4016989469528198,0.7909123482806494,0.4334549456834793,0.7844254618062859
GIN,Lipophilicity,7,54,0.15929666216726657,0.40252629667520523,0.7972306224684667,0.39582330733537674,0.7630233547616033
GIN,Lipophilicity,7,55,0.16046584287175425,0.5296648070216179,0.9028249011008334,0.5755007117986679,0.9190734384787922
GIN,Lipophilicity,7,56,0.1624580329215085,0.3904901593923569,0.7903626937885521,0.3548377901315689,0.7325175311884232
GIN,Lipophilicity,7,57,0.15860843879205208,0.5041649714112282,0.8797450831049034,0.5182669311761856,0.8692161612958141
GIN,Lipophilicity,7,58,0.1446856497614472,0.4859088510274887,0.8556936308125896,0.4897232800722122,0.8457575685803489
GIN,Lipophilicity,7,59,0.15519131278550183,0.3627474829554558,0.7650396094321467,0.4038659855723381,0.7828795794530152
GIN,Lipophilicity,7,60,0.1350569967870359,0.38326507434248924,0.7928043439338075,0.40325288474559784,0.7621097441515475
GIN,Lipophilicity,7,61,0.13553916083441842,0.39723700284957886,0.7973960220333368,0.3991643264889717,0.7684609963143512
GIN,Lipophilicity,7,62,0.1357559614159443,0.4954220801591873,0.8747151796813823,0.4424777776002884,0.8045788293439488
GIN,Lipophilicity,7,63,0.13845490112348838,0.3714139349758625,0.7761321089780402,0.4386976510286331,0.8068153986351667
GIN,Lipophilicity,7,64,0.13475738327812264,0.39532069489359856,0.8005145117154979,0.39896179735660553,0.7698923803028463
GIN,Lipophilicity,7,65,0.1409829352740888,0.5099981501698494,0.8886797894135899,0.48665397614240646,0.8415151952345111
GIN,Lipophilicity,7,66,0.1532225172828745,0.411993183195591,0.8106771709092033,0.4274216443300247,0.798311024183562
GIN,Lipophilicity,7,67,0.14081389015471493,0.36615943536162376,0.7639597474573961,0.4161824658513069,0.7745312365173499
GIN,Lipophilicity,7,68,0.14276509428465808,0.3693665452301502,0.7663609218122532,0.3548140376806259,0.7291740734995716
GIN,Lipophilicity,7,69,0.13130035196189527,0.4458818808197975,0.8308365890900831,0.44309795647859573,0.8041779840163831
GIN,Lipophilicity,17,1,0.8365481120568735,1.0663083791732788,1.200797964065371,0.7677945643663406,1.0919371158288473
GIN,Lipophilicity,17,2,0.644474897119734,0.8176828175783157,1.083392007168079,0.6205750927329063,0.9858735500579925
GIN,Lipophilicity,17,3,0.5399954208621273,0.7894134968519211,1.0809859863064564,0.7633689492940903,1.059995560636761
GIN,Lipophilicity,17,4,0.47040452118273135,0.5994298756122589,0.9381155854018971,0.5019104704260826,0.8748308767634406
GIN,Lipophilicity,17,5,0.43664785005428175,0.5727373510599136,0.9276795059843481,0.5116086155176163,0.8843963728300237
GIN,Lipophilicity,17,6,0.40022865158540233,0.6969654262065887,1.0329700344056358,0.7091187387704849,1.0323315353213665
GIN,Lipophilicity,17,7,0.3680123057630327,0.5136676803231239,0.8894567691425095,0.4915635511279106,0.8658616524019058
GIN,Lipophilicity,17,8,0.36259356141090393,0.6107463240623474,0.9326770703328775,0.5262564718723297,0.8814492291279592
GIN,Lipophilicity,17,9,0.33779757000781874,0.5293890982866287,0.8969478364935909,0.6099343597888947,0.9303059164012263
GIN,Lipophilicity,17,10,0.3532408967062279,0.571383610367775,0.9209646805919305,0.4803749918937683,0.8506981899326073
GIN,Lipophilicity,17,11,0.3286184756844132,0.5330662429332733,0.8940402686652803,0.5666600316762924,0.9091709025908153
GIN,Lipophilicity,17,12,0.33308190217724554,0.5346174463629723,0.8840095034343072,0.5109764784574509,0.8774174605781508
GIN,Lipophilicity,17,13,0.30726878731339063,0.45169636607170105,0.8349663628295961,0.462802492082119,0.8235993430755204
GIN,Lipophilicity,17,14,0.2864665703641044,0.7868418395519257,1.0693396163250075,0.6801601946353912,0.9960704127551112
GIN,Lipophilicity,17,15,0.2901543014579349,0.7242611795663834,1.0411466762939419,0.6956169009208679,1.0192816417798716
GIN,Lipophilicity,17,16,0.2891353854426631,0.49745267629623413,0.872912095694459,0.5160688534379005,0.8721437156345422
GIN,Lipophilicity,17,17,0.28352316055032944,0.4552697166800499,0.8289752769671997,0.47955573350191116,0.831270398341413
GIN,Lipophilicity,17,18,0.2869722053960518,0.48296985775232315,0.8530021886495617,0.5513751953840256,0.8934445172541658
GIN,Lipophilicity,17,19,0.2718362846860179,0.469051793217659,0.8376305805721175,0.5067567676305771,0.8541325973291211
GIN,Lipophilicity,17,20,0.254439154708827,0.4936279207468033,0.8829746603780603,0.5592063963413239,0.9020006592699504
GIN,Lipophilicity,17,21,0.2602841583666978,0.43964143842458725,0.8087054557855887,0.438042551279068,0.8049781422579697
GIN,Lipophilicity,17,22,0.25827054403446337,0.5491955727338791,0.9012504328437009,0.5795236453413963,0.8962375741626619
GIN,Lipophilicity,17,23,0.2455859057329319,0.45703280717134476,0.8302692507447809,0.4480731412768364,0.8077534903070431
GIN,Lipophilicity,17,24,0.2336720719381615,0.49571219831705093,0.882840316469261,0.545839786529541,0.896671416938943
GIN,Lipophilicity,17,25,0.23787415965839667,0.43966513872146606,0.8185291705913591,0.42507145553827286,0.7954785321693882
GIN,Lipophilicity,17,26,0.2323984040154351,0.38465219736099243,0.7712224201730415,0.40568555146455765,0.7743786951674261
GIN,Lipophilicity,17,27,0.23233273459805381,0.46901291608810425,0.8407345328177267,0.49488916993141174,0.8473245349627828
GIN,Lipophilicity,17,28,0.23235265965814944,0.5361450687050819,0.9088088118085665,0.5135039538145065,0.8634206736937738
GIN,Lipophilicity,17,29,0.23110201954841614,0.4914540499448776,0.847944465543927,0.4592335671186447,0.8164428264692681
GIN,Lipophilicity,17,30,0.22045826028894494,0.4381386339664459,0.8253074073273277,0.40454040467739105,0.7925255951222965
GIN,Lipophilicity,17,31,0.22003244636235414,0.4739554151892662,0.8512445258638145,0.5231749042868614,0.8534822784823245
GIN,Lipophilicity,17,32,0.22512066143530388,0.4063767269253731,0.786526788591209,0.38958732783794403,0.7524879040173629
GIN,Lipophilicity,17,33,0.21137935585445827,0.4657542482018471,0.849600219677234,0.46179450303316116,0.8387784722238382
GIN,Lipophilicity,17,34,0.2216261906756295,0.4503643587231636,0.8211026337321771,0.5816178545355797,0.882242440686117
GIN,Lipophilicity,17,35,0.20812765536484895,0.4513864889740944,0.8306712107437147,0.4937920719385147,0.8360056270040387
GIN,Lipophilicity,17,36,0.20759775075647566,0.4317706599831581,0.8081796663916665,0.4530020207166672,0.8124742870663738
GIN,Lipophilicity,17,37,0.21644990035781153,0.46069371700286865,0.8425887912292651,0.4607952609658241,0.8236118993349755
GIN,Lipophilicity,17,38,0.22088170382711622,0.756139874458313,1.0793640645969165,0.9570440798997879,1.1693413365553076
GIN,Lipophilicity,17,39,0.22185362213187748,0.5098300278186798,0.864762636152474,0.545825719833374,0.8690067145238538
GIN,Lipophilicity,17,40,0.18679316010740069,0.3939000889658928,0.7656249221490314,0.4542083814740181,0.8030583454184635
GIN,Lipophilicity,17,41,0.17974941542855016,0.549165815114975,0.899026727266361,0.5139844864606857,0.8541926790944147
GIN,Lipophilicity,17,42,0.1975522350381922,0.436918668448925,0.8224392161765602,0.43344663083553314,0.7998688128315987
GIN,Lipophilicity,17,43,0.1893955518802007,0.5096567720174789,0.8685697931237527,0.4901183396577835,0.8596563398897885
GIN,Lipophilicity,17,44,0.1846197239226765,0.4203474074602127,0.8042778157388646,0.40560802817344666,0.7818210803375387
GIN,Lipophilicity,17,45,0.1760357356181851,0.6751019209623337,1.0158962767776016,0.7169201225042343,1.0147300885623067
GIN,Lipophilicity,17,46,0.1787947201066547,0.4135259762406349,0.8026988074969003,0.41686344891786575,0.7929313913950284
GIN,Lipophilicity,17,47,0.18241866815973212,0.46294350922107697,0.8549460638891652,0.4352269843220711,0.7946411686935979
GIN,Lipophilicity,17,48,0.18615148354459693,0.3699357807636261,0.7594082734781248,0.3769882023334503,0.7448071075830682
GIN,Lipophilicity,17,49,0.1716793524446311,0.3820633068680763,0.7717348102721973,0.43079857528209686,0.7776920171034879
GIN,Lipophilicity,17,50,0.17292039813818755,0.38734667748212814,0.7731495330791375,0.3888310045003891,0.7530080554120938
GIN,Lipophilicity,17,51,0.1800549262099796,0.4317919462919235,0.8092663312742487,0.461472786962986,0.8046708707109671
GIN,Lipophilicity,17,52,0.17367396531281648,0.46622367948293686,0.8486649097829985,0.4915318638086319,0.857101206675797
GIN,Lipophilicity,17,53,0.16252743673545342,0.40621744096279144,0.7921134206832386,0.4830198884010315,0.8179150378819431
GIN,Lipophilicity,17,54,0.1601755458999563,0.41179510951042175,0.8003631616872994,0.41483259946107864,0.7800853058432441
GIN,Lipophilicity,17,55,0.1570287788355792,0.41097018867731094,0.7947238984887152,0.4992816373705864,0.8455653970468419
GIN,Lipophilicity,17,56,0.1751534715294838,0.3961954228579998,0.793900642217551,0.49677884578704834,0.8621432713843863
GIN,Lipophilicity,17,57,0.16330411091998773,0.383273109793663,0.7615028662298893,0.4162100702524185,0.7800937870690214
GIN,Lipophilicity,17,58,0.15788156870338652,0.35224495083093643,0.7349087824627997,0.39053825289011,0.7494820952385863
GIN,Lipophilicity,17,59,0.1670495867729187,0.41230810433626175,0.8093504014566894,0.4606398791074753,0.7961899673971077
GIN,Lipophilicity,17,60,0.15951941327916253,0.40218213200569153,0.7946401185773805,0.41590413451194763,0.7801208728888323
GIN,Lipophilicity,17,61,0.15908532230942338,0.45807120203971863,0.8354560677868,0.4489058330655098,0.8026944264219493
GIN,Lipophilicity,17,62,0.14701780566462763,0.44837119430303574,0.8365153160653984,0.42547059804201126,0.8039217147600113
GIN,Lipophilicity,17,63,0.15648371477921805,0.39274556934833527,0.7858760438101808,0.42133473604917526,0.7823951720443719
GIN,Lipophilicity,17,64,0.15509593928301776,0.39594997465610504,0.7790594671491033,0.4045728072524071,0.7702288878214739
GIN,Lipophilicity,17,65,0.15007411605781978,0.48067763447761536,0.8647441982461757,0.4719400182366371,0.8139604866995901
GIN,Lipophilicity,17,66,0.1502290039702698,0.45529139786958694,0.8456879013136126,0.45492228865623474,0.82297885434459
GIN,Lipophilicity,17,67,0.15212770413469384,0.4210878610610962,0.8066614254539504,0.41538679599761963,0.7911540722663887
GIN,Lipophilicity,17,68,0.14944282422463098,0.37694650888442993,0.7694188147184727,0.38357626646757126,0.7403489479635068
GIN,Lipophilicity,17,69,0.14437876145044962,0.3698039762675762,0.7646674181846622,0.39681726694107056,0.7547497946734811
GIN,Lipophilicity,17,70,0.15039527333445019,0.38555818796157837,0.7672237131308542,0.40935128927230835,0.7785450456556314
GIN,Lipophilicity,17,71,0.1394408447323022,0.3707929663360119,0.7658397217761859,0.41066624224185944,0.7779729012744211
GIN,Lipophilicity,17,72,0.15049046415973594,0.4794057384133339,0.8569768911003584,0.4823114350438118,0.8553542317421395
GIN,Lipophilicity,17,73,0.14503973280941998,0.36783818155527115,0.7619650809254406,0.37435851991176605,0.7355487857901155
GIN,Lipophilicity,17,74,0.13897573396011634,0.41648923605680466,0.8120338496566067,0.3843401297926903,0.7536341121652294
GIN,Lipophilicity,17,75,0.13146785701866504,0.38690362870693207,0.7789926341373339,0.37632572650909424,0.7436376759315523
GIN,Lipophilicity,17,76,0.13097663582475097,0.38988738507032394,0.7755878495534068,0.3767509162425995,0.7516119244794376
GIN,Lipophilicity,17,77,0.13163309075214244,0.44951131939888,0.8304848067417132,0.44519028812646866,0.8108978982123618
GIN,Lipophilicity,17,78,0.13757035163817583,0.36661214381456375,0.7656325125812263,0.44611629098653793,0.8067987762662224
GIN,Lipophilicity,37,1,0.7889256742265489,1.1733008921146393,1.2497900309644447,0.7586435228586197,1.0934292459190003
GIN,Lipophilicity,37,2,0.592722726088983,0.7728154957294464,1.053394400892701,0.6073410287499428,0.9724663238774619
GIN,Lipophilicity,37,3,0.5092802334714819,0.7563253045082092,1.0503644719384422,0.5949148312211037,0.9529190153574776
GIN,Lipophilicity,37,4,0.4485057305406641,0.6233225166797638,0.9774291503576941,0.692069798707962,0.9904998784515291
GIN,Lipophilicity,37,5,0.41574477156003314,0.5404891818761826,0.8942614485807918,0.5054494440555573,0.8636784394979636
GIN,Lipophilicity,37,6,0.39009878591254904,0.8474018722772598,1.1269251457985545,0.7098133265972137,1.0347999391378084
GIN,Lipophilicity,37,7,0.38757217703042207,0.6806136518716812,1.0019079127530668,0.7235134094953537,1.0149296654446358
GIN,Lipophilicity,37,8,0.3572642825267933,0.5548873543739319,0.8753843144704702,0.49857430160045624,0.8520035957453075
GIN,Lipophilicity,37,9,0.3566805013903865,0.5083487778902054,0.8585391054128352,0.4769110307097435,0.8388177681733248
GIN,Lipophilicity,37,10,0.33470589143258556,0.5222313776612282,0.8652420904706788,0.47870205342769623,0.837222813526809
GIN,Lipophilicity,37,11,0.3376283182038201,0.5002893507480621,0.846370512975659,0.5054314061999321,0.8523756222312168
GIN,Lipophilicity,37,12,0.32092191058176534,0.591330498456955,0.945185629157402,0.5930201858282089,0.9393915802589469
GIN,Lipophilicity,37,13,0.29774422557265673,0.519850879907608,0.8733255509097719,0.5272363722324371,0.8771263240387246
GIN,Lipophilicity,37,14,0.2845919993188646,0.44895582646131516,0.823994285066008,0.48257584124803543,0.8447797284456717
GIN,Lipophilicity,37,15,0.2787421174623348,0.5705752521753311,0.9076902192270805,0.5465225726366043,0.8866777116462845
GIN,Lipophilicity,37,16,0.26730004228927473,0.5205098986625671,0.8713859102373007,0.5636035203933716,0.9061430506245636
GIN,Lipophilicity,37,17,0.28077864039827277,0.49480488896369934,0.8547153726388087,0.4883074164390564,0.8387458189449336
GIN,Lipophilicity,37,18,0.27183464059123286,0.5723834037780762,0.9254411161085049,0.583954431116581,0.905581918643422
GIN,Lipophilicity,37,19,0.26349942993234704,0.5387488454580307,0.8953799090881274,0.5087098479270935,0.8768536823533633
GIN,Lipophilicity,37,20,0.25184898961473395,0.5010338053107262,0.8698896288194654,0.5431941598653793,0.880635302817056
GIN,Lipophilicity,37,21,0.2429598569869995,0.5648393332958221,0.913318951092087,0.5016722083091736,0.863684064001841
GIN,Lipophilicity,37,22,0.2619746034895932,0.5344711020588875,0.8992719672634953,0.5261113792657852,0.8938622117459387
GIN,Lipophilicity,37,23,0.24665080231648903,0.4347962886095047,0.8220242759990279,0.44625458121299744,0.8127780218559322
GIN,Lipophilicity,37,24,0.25211435832359175,0.5630243569612503,0.9190487615913293,0.5534449070692062,0.8853050086730859
GIN,Lipophilicity,37,25,0.24597564174069297,0.4644506126642227,0.8300148973506838,0.5225976780056953,0.8612877453531791
GIN,Lipophilicity,37,26,0.2472822583383984,0.46724695712327957,0.835991046652237,0.5295624136924744,0.8765785079827112
GIN,Lipophilicity,37,27,0.22884121923534959,0.5370217189192772,0.9024150209230162,0.5483681634068489,0.8899180300072521
GIN,Lipophilicity,37,28,0.21978815782953193,0.4210660979151726,0.7926879911949816,0.4349871054291725,0.7927681805496744
GIN,Lipophilicity,37,29,0.21346667574511635,0.4722890108823776,0.8422590434131548,0.46239733695983887,0.8280940859800521
GIN,Lipophilicity,37,30,0.20850297146373326,0.4402551129460335,0.8087660748683961,0.47322557121515274,0.8219169185377231
GIN,Lipophilicity,37,31,0.21078006481682812,0.4443616569042206,0.8189341272545091,0.43132319301366806,0.8083198193931265
GIN,Lipophilicity,37,32,0.2053287586680165,0.410421259701252,0.7803887006396226,0.4325643628835678,0.796252362713385
GIN,Lipophilicity,37,33,0.2116489311059316,0.4384578689932823,0.823219489059577,0.4796792045235634,0.8373230120836217
GIN,Lipophilicity,37,34,0.2100870316779172,0.44228852540254593,0.8115500251830652,0.5315113663673401,0.8715171298271149
GIN,Lipophilicity,37,35,0.211138681129173,0.45831897109746933,0.8270312950297145,0.5528800264000893,0.87660727021094
GIN,Lipophilicity,37,36,0.20538650397901181,0.5346400439739227,0.8743548398969253,0.4485398456454277,0.8267274976724283
GIN,Lipophilicity,37,37,0.20083887212806278,0.388010635972023,0.7687561469103682,0.41586266458034515,0.7952851536214408
GIN,Lipophilicity,37,38,0.1920615572620321,0.4667070582509041,0.8342325881979169,0.5205102115869522,0.8564013966835389
GIN,Lipophilicity,37,39,0.1999187171459198,0.5089689940214157,0.857604891420229,0.5725597888231277,0.9153797407057461
GIN,Lipophilicity,37,40,0.19997125698460472,0.4309997111558914,0.8040540850273505,0.4643464833498001,0.8089075999758035
GIN,Lipophilicity,37,41,0.18840938751344327,0.4647756367921829,0.858325942171242,0.5425819680094719,0.8830050030692941
GIN,Lipophilicity,37,42,0.18133988314204746,0.40365317463874817,0.7922616446142755,0.45506954938173294,0.8057057502827355
GIN,Lipophilicity,37,43,0.17673011317297263,0.38194044679403305,0.7572646372788762,0.44239771366119385,0.7979329136587939
GIN,Lipophilicity,37,44,0.17187425604573003,0.46804384887218475,0.8303612439395635,0.42944464087486267,0.7878181919738138
GIN,Lipophilicity,37,45,0.17547651297516292,0.4384489431977272,0.8069132420395845,0.4408663287758827,0.8011907879379325
GIN,Lipophilicity,37,46,0.1715733833886959,0.4384661540389061,0.818451541635983,0.4694298654794693,0.8297977826806686
GIN,Lipophilicity,37,47,0.18463404255884666,0.43461620807647705,0.8141201811580057,0.4493422508239746,0.824023472220164
GIN,Lipophilicity,37,48,0.19375423093636832,0.4347057193517685,0.821480128938927,0.4802505001425743,0.8455409011129293
GIN,Lipophilicity,37,49,0.18550107600512328,0.450582392513752,0.8277936308435804,0.4658185541629791,0.813194198420142
GIN,Lipophilicity,37,50,0.18483116505322633,0.42772822827100754,0.8139684685052577,0.4449806436896324,0.7971228419826967
GIN,Lipophilicity,37,51,0.17097436829849524,0.4780280366539955,0.8412159909180041,0.432859867811203,0.8028056908924189
GIN,Lipophilicity,37,52,0.16738348150694812,0.3826090544462204,0.7587518670626298,0.48707011342048645,0.8376924151394723
GIN,Lipophilicity,37,53,0.16531719515721002,0.4380863606929779,0.8155589109808521,0.43554653227329254,0.8095577593337484
GIN,Lipophilicity,37,54,0.15534191992547777,0.42160942405462265,0.8067431811885906,0.44154705107212067,0.7995410899350178
GIN,Lipophilicity,37,55,0.14934985643183743,0.5383687391877174,0.9119210875945872,0.6543699353933334,0.9725008920895915
GIN,Lipophilicity,37,56,0.17152117247934695,0.49277737736701965,0.8685968648295747,0.47859883308410645,0.8488975963435822
GIN,Lipophilicity,37,57,0.15450364958356927,0.37288327515125275,0.752970772301372,0.4010300263762474,0.7623521176750937
GIN,Lipophilicity,37,58,0.14732208047752027,0.43152661621570587,0.8208187539279145,0.4250633344054222,0.7922136817834112
GIN,Lipophilicity,37,59,0.14609242092680047,0.3994145691394806,0.7930112554874638,0.4774985834956169,0.8402751080984646
GIN,Lipophilicity,37,60,0.14752360157392644,0.4253074899315834,0.8054764962771991,0.4330960735678673,0.7913979442345114
GIN,Lipophilicity,37,61,0.14584780346464227,0.4255168288946152,0.8112683497794372,0.41660307347774506,0.7913630346641825
GIN,Lipophilicity,37,62,0.15252046066301841,0.42532675713300705,0.7976007709395184,0.43147046864032745,0.7907588212217403
GIN,Lipophilicity,37,63,0.16864009146337156,0.3967980444431305,0.7735817514628232,0.4114011451601982,0.7803112493527145
GIN,Lipophilicity,37,64,0.15250582192783002,0.41212642937898636,0.7865506595876764,0.4311792925000191,0.7927525794120504
GIN,Lipophilicity,37,65,0.16212572902441025,0.6115371808409691,0.9687260655553585,0.6101538985967636,0.9523664801922848
GIN,Lipophilicity,37,66,0.16464669312591906,0.3967885375022888,0.7869585900906063,0.46967413276433945,0.8277606882518813
GIN,Lipophilicity,37,67,0.15871605083898263,0.5250015556812286,0.9020103069697706,0.5361307710409164,0.8742009328981623
GIN,Lipophilicity,37,68,0.1445789717965656,0.478739969432354,0.846912215706639,0.48412319272756577,0.8351409182733661
GIN,Lipophilicity,37,69,0.14157885947713145,0.39795374870300293,0.775324552012589,0.3993418365716934,0.7719214637764055
GIN,Lipophilicity,37,70,0.13702520314190123,0.4356899783015251,0.8143211276078749,0.4322560280561447,0.7953422990473732
GIN,Lipophilicity,37,71,0.13446351320103364,0.4491721913218498,0.8164881249946588,0.5394066721200943,0.8585817317104153
GIN,Lipophilicity,37,72,0.13421923612002973,0.45236119627952576,0.8337083131814721,0.41469113528728485,0.7833461868638419
GIN,Lipophilicity,37,73,0.13759228890692746,0.3930508568882942,0.7766278674976675,0.4188384339213371,0.7709638940369782
GIN,Lipophilicity,37,74,0.13164993265160807,0.45715533941984177,0.8294577760072872,0.5394917577505112,0.8690775987725684
GIN,Lipophilicity,37,75,0.1454997890525394,0.4354572743177414,0.8135196449988606,0.4343981146812439,0.7909368028340005
GIN,Lipophilicity,37,76,0.12749519889001493,0.4371844679117203,0.8161225624556386,0.4461309611797333,0.8215871444610142
GIN,Lipophilicity,37,77,0.12631506252068062,0.42841367423534393,0.7933213150158579,0.416682668030262,0.7799157001717492
GAT,Lipophilicity,7,1,0.9216211725164343,1.0188129097223282,1.1900435361992525,0.772082731127739,1.0887598917147163
GAT,Lipophilicity,7,2,0.7711800049852442,0.8327117562294006,1.1022468226891637,0.692827045917511,1.0341675841404003
GAT,Lipophilicity,7,3,0.6555780426219657,0.7348409742116928,1.045549778031041,0.6239781379699707,0.9838123227145883
GAT,Lipophilicity,7,4,0.581003029037405,0.6549237072467804,0.9764388349433978,0.5154913142323494,0.892192598719149
GAT,Lipophilicity,7,5,0.5517547814934342,0.7074848413467407,1.0107156501271697,0.5297924056649208,0.9011104792667038
GAT,Lipophilicity,7,6,0.5080106677832427,0.6277032941579819,0.960988888490727,0.4837214723229408,0.8565719667431366
GAT,Lipophilicity,7,7,0.48441363705529106,0.5882175117731094,0.9262366804331272,0.4681047573685646,0.8345961102748558
GAT,Lipophilicity,7,8,0.487835454720038,0.5499661192297935,0.9073601861446824,0.4492206424474716,0.8191847906180645
GAT,Lipophilicity,7,9,0.45017197176262186,0.5623360127210617,0.9139147908122602,0.46060968935489655,0.824666990637298
GAT,Lipophilicity,7,10,0.44222991444446424,0.5488163828849792,0.90238288695438,0.4640669822692871,0.8261547763218415
GAT,Lipophilicity,7,11,0.43671531037048056,0.7701075226068497,1.0608561084297266,0.6222961246967316,0.9653591678955603
GAT,Lipophilicity,7,12,0.43011446793874103,0.56613989174366,0.9092579940033335,0.4476792588829994,0.8152807408058208
GAT,Lipophilicity,7,13,0.41553445546715345,0.5040651336312294,0.867866319162699,0.4354967251420021,0.7989119133691656
GAT,Lipophilicity,7,14,0.41637867137237833,0.7302975952625275,1.0326497952511602,0.5588896721601486,0.9155195312166664
GAT,Lipophilicity,7,15,0.4057602772006282,0.5876715630292892,0.9190137393783614,0.47010478377342224,0.8331350964952479
GAT,Lipophilicity,7,16,0.4015918020848875,0.5754955112934113,0.9218076907655836,0.46633947640657425,0.8240659671575975
GAT,Lipophilicity,7,17,0.39151831136809456,0.5011871084570885,0.8691491287329781,0.43303022533655167,0.7944720821048903
GAT,Lipophilicity,7,18,0.3860061643300233,0.5565560460090637,0.8975430223784616,0.45381709933280945,0.8113963627851024
GAT,Lipophilicity,7,19,0.3783976711608745,0.6207164078950882,0.9537760902725919,0.519334502518177,0.8711480778059295
GAT,Lipophilicity,7,20,0.37668041277814795,0.4774009883403778,0.8471518215432515,0.419841006398201,0.7810633245602523
GAT,Lipophilicity,7,21,0.37558052164536937,0.6226417124271393,0.9538475799638627,0.5197883918881416,0.8662716952823186
GAT,Lipophilicity,7,22,0.3698324632865411,0.4693372994661331,0.8381654515414692,0.43188728392124176,0.7782070407744022
GAT,Lipophilicity,7,23,0.3602128525575002,0.5909205973148346,0.9335148989525915,0.4841041937470436,0.838457569304395
GAT,Lipophilicity,7,24,0.35118747861297045,0.49105969816446304,0.853631751499242,0.42177631705999374,0.7822154374111342
GAT,Lipophilicity,7,25,0.3558865388234456,0.5084973648190498,0.8578588115371442,0.4093836024403572,0.774165687320885
GAT,Lipophilicity,7,26,0.3539542163963671,0.6101319640874863,0.9464666713644291,0.5129960551857948,0.85915014619851
GAT,Lipophilicity,7,27,0.3528310811078107,0.46202388405799866,0.830453119283373,0.3940810114145279,0.7556759712816997
GAT,Lipophilicity,7,28,0.34748795959684586,0.8797463178634644,1.1123639527190352,0.7361781299114227,1.0325187623210452
GAT,Lipophilicity,7,29,0.3550293119969191,0.5366718471050262,0.9046967448287629,0.4365309029817581,0.8096776138815176
GAT,Lipophilicity,7,30,0.35234091127360306,0.46647778898477554,0.8368470778304907,0.4148208722472191,0.7716423162720064
GAT,Lipophilicity,7,31,0.33085090197898726,0.46652770042419434,0.826761202373805,0.4157789424061775,0.7692891626018894
GAT,Lipophilicity,7,32,0.3469251206627599,0.5609605461359024,0.9036362214177294,0.47073590755462646,0.8314718954161794
GAT,Lipophilicity,7,33,0.346754159088488,0.5044792518019676,0.8565034574738402,0.4358515068888664,0.7925343568616965
GAT,Lipophilicity,7,34,0.3299910845579924,0.49041102826595306,0.8578485283294877,0.416455402970314,0.7817396155589604
GAT,Lipophilicity,7,35,0.3291836894220776,0.8339931219816208,1.0961134307247296,0.6807167083024979,1.0046115876228405
GAT,Lipophilicity,7,36,0.3178614267596492,0.47265738993883133,0.8427041601039189,0.410113625228405,0.774309302769039
GAT,Lipophilicity,7,37,0.3350017810309375,0.5419541746377945,0.8883122649267985,0.4928944408893585,0.8403596579816471
GAT,Lipophilicity,7,38,0.3229988349808587,0.5282755643129349,0.8798136117631018,0.4658380523324013,0.8096256766352521
GAT,Lipophilicity,7,39,0.3385214237151323,0.5406492874026299,0.8969534517328647,0.4574390649795532,0.819133092348085
GAT,Lipophilicity,7,40,0.32530540062321556,0.5069711655378342,0.8650488385431659,0.4259800687432289,0.788122126659507
GAT,Lipophilicity,7,41,0.3268536870126371,0.8129259794950485,1.0822251900067152,0.6583119630813599,0.9822576245220506
GAT,Lipophilicity,7,42,0.3115793565909068,0.5148702710866928,0.8723905344939745,0.4254191741347313,0.781516945055437
GAT,Lipophilicity,7,43,0.3230698925477487,0.5816783756017685,0.9240486252858667,0.4760492518544197,0.8301699957776695
GAT,Lipophilicity,7,44,0.3235882669687271,0.4635038450360298,0.8252590538552129,0.40744081139564514,0.7622767825227381
GAT,Lipophilicity,7,45,0.3144342021809684,0.45241647958755493,0.819984443098293,0.41224075853824615,0.7658831102910877
GAT,Lipophilicity,7,46,0.31480221505518313,0.5662985295057297,0.9176632311877113,0.4592156782746315,0.8219484999829038
GAT,Lipophilicity,7,47,0.32795826428466374,0.6958035379648209,1.0023680305662046,0.5686089247465134,0.9098892475159869
GAT,Lipophilicity,7,48,0.3101041046557603,0.5198333337903023,0.878945243818154,0.45101290941238403,0.8093920098362106
GAT,Lipophilicity,7,49,0.3000416882612087,0.45563553273677826,0.8207519807213579,0.3914651423692703,0.7510446981367992
GAT,Lipophilicity,7,50,0.3026144355535507,0.4851491376757622,0.8440324875581261,0.3991819769144058,0.7551480674813389
GAT,Lipophilicity,7,51,0.2931055492824978,0.47577817738056183,0.8300752886555401,0.4355541989207268,0.7833609100993291
GAT,Lipophilicity,7,52,0.29906222389803994,0.4806790128350258,0.8410485076500085,0.4130702540278435,0.7680916657753415
GAT,Lipophilicity,7,53,0.305653092485887,0.6915265470743179,1.0058229902779148,0.5940147042274475,0.9276092444910413
GAT,Lipophilicity,7,54,0.3120719282715409,0.611782468855381,0.9347961854382679,0.511672243475914,0.8689223111744516
GAT,Lipophilicity,7,55,0.3149141862436577,0.5028657913208008,0.8562688352086433,0.42591292411088943,0.7793209674524189
GAT,Lipophilicity,7,56,0.3067460225688087,0.6158362627029419,0.9568927586836711,0.5101635977625847,0.8649630497884806
GAT,Lipophilicity,7,57,0.2938180571352994,0.46435754746198654,0.8398621668016133,0.40441134572029114,0.7642522689341419
GAT,Lipophilicity,7,58,0.28358848172205464,0.4733538180589676,0.8304844120016511,0.414496086537838,0.770815943616312
GAT,Lipophilicity,7,59,0.2878458439200013,0.7251041531562805,1.0278838735812326,0.630203127861023,0.9570448271119198
GAT,Lipophilicity,7,60,0.30475936002201504,0.4530835896730423,0.8268876818825497,0.38285788148641586,0.754261269264888
GAT,Lipophilicity,7,61,0.2942687537935045,0.5087869688868523,0.8649255274537971,0.4239942207932472,0.7790284806041283
GAT,Lipophilicity,7,62,0.289484942400897,0.5363598838448524,0.8894450418928423,0.450607493519783,0.8106157020853255
GAT,Lipophilicity,7,63,0.2772066560056474,1.0317577719688416,1.213565460539381,0.8963663130998611,1.147025973078317
GAT,Lipophilicity,7,64,0.2894114526333632,0.47643376141786575,0.8413224797533669,0.4277452751994133,0.7839482822292585
GAT,Lipophilicity,7,65,0.2881263108165176,0.44990046322345734,0.8196970856397309,0.38421599566936493,0.7501807392416066
GAT,Lipophilicity,7,66,0.2890787323315938,0.4310682564973831,0.8024622694991501,0.441847525537014,0.7919355906103053
GAT,Lipophilicity,7,67,0.2754861243345119,0.8106151074171066,1.0829504632513545,0.6849303990602493,0.9968642302980713
GAT,Lipophilicity,7,68,0.2847562332948049,0.5833207070827484,0.9228480101824819,0.4905177429318428,0.8533021498423806
GAT,Lipophilicity,7,69,0.2777792485775771,0.46094856411218643,0.8336490787924513,0.4239018186926842,0.7749119585542844
GAT,Lipophilicity,7,70,0.28009665233117564,0.4677709490060806,0.8357007769947244,0.394748330116272,0.7568184536790997
GAT,Lipophilicity,7,71,0.27382174410201887,0.5340279340744019,0.8788666440729019,0.47629236429929733,0.8321244809924251
GAT,Lipophilicity,7,72,0.2806058846138142,0.5061668455600739,0.8651641748336488,0.4259246662259102,0.7804609510244017
GAT,Lipophilicity,7,73,0.27389250806084386,0.53416408598423,0.8868803305596774,0.4381566494703293,0.7943291856353575
GAT,Lipophilicity,7,74,0.27611390749613446,0.5233270078897476,0.8859942328909045,0.4352981224656105,0.7886876641743477
GAT,Lipophilicity,7,75,0.27594636877377826,0.5986481532454491,0.9181118468088365,0.5256045013666153,0.8725991007534223
GAT,Lipophilicity,7,76,0.28100164896912044,0.48024673014879227,0.8355627913561914,0.40876640379428864,0.7697328797134159
GAT,Lipophilicity,7,77,0.2699616369273927,0.5065584033727646,0.8697156739683047,0.4326236918568611,0.7951475755604793
GAT,Lipophilicity,7,78,0.27319509839570083,0.4735906794667244,0.8374817034872118,0.41430116444826126,0.770170188587289
GAT,Lipophilicity,7,79,0.27296168936623466,0.8359947800636292,1.0994066827404043,0.6941935569047928,1.0016783101319657
GAT,Lipophilicity,7,80,0.2729788069371824,0.49803315848112106,0.8604423483709689,0.404919758439064,0.7655554370029556
GAT,Lipophilicity,7,81,0.2612702642326002,0.5850959792733192,0.9190068969197952,0.48802199214696884,0.8389532646807276
GAT,Lipophilicity,7,82,0.27538392278883195,0.5917495787143707,0.9275343508670011,0.5105201154947281,0.8579432959281255
GAT,Lipophilicity,7,83,0.28109860530606023,0.4690351262688637,0.829321662435358,0.39360683411359787,0.7547938601652978
GAT,Lipophilicity,7,84,0.2617971830897861,0.5009782388806343,0.8597241126042955,0.42646364122629166,0.7852883299004773
GAT,Lipophilicity,7,85,0.26371301655416135,0.5529081225395203,0.8894672230175777,0.4622297137975693,0.8149159532049693
GAT,Lipophilicity,7,86,0.26728372827724173,0.6146013885736465,0.9509016275800944,0.519822858273983,0.8677739402877721
GAT,Lipophilicity,17,1,0.9241664564168012,1.08279687166214,1.2123318919415453,0.7480220645666122,1.0794409308870174
GAT,Lipophilicity,17,2,0.7834403029194584,0.8702680468559265,1.1063217807908705,0.6465243101119995,1.0012849658285046
GAT,Lipophilicity,17,3,0.6829917916545162,0.7675153315067291,1.0587237514047918,0.6339555308222771,0.9874763679091034
GAT,Lipophilicity,17,4,0.6248102916611565,0.7343755960464478,1.0253673732482764,0.544865570962429,0.9219295356266314
GAT,Lipophilicity,17,5,0.5897020609290512,0.6907884329557419,0.9922939153359196,0.5318823531270027,0.9034996720689729
GAT,Lipophilicity,17,6,0.5217266060687877,0.6803469210863113,0.9877067977119829,0.5196003243327141,0.8926652327422272
GAT,Lipophilicity,17,7,0.5267678256388064,0.650646761059761,0.9643624220971629,0.49998871982097626,0.866722360221423
GAT,Lipophilicity,17,8,0.49300579340369616,0.6281564682722092,0.9624136464903416,0.5537389889359474,0.9151286241146712
GAT,Lipophilicity,17,9,0.47403843976833204,0.5722812563180923,0.9183022400587864,0.4894474819302559,0.8581107116309833
GAT,Lipophilicity,17,10,0.4621280762884352,1.0683352202177048,1.2389404275225784,0.8670492023229599,1.1467709028934876
GAT,Lipophilicity,17,11,0.44311756005993597,0.6841803789138794,1.013959428577499,0.640008345246315,0.9808294537050779
GAT,Lipophilicity,17,12,0.43835996477692213,0.666506439447403,0.975991013202176,0.5405167192220688,0.8941787291640769
GAT,Lipophilicity,17,13,0.41515613926781547,0.5903358161449432,0.9239246406705385,0.5003923699259758,0.8632495235637341
GAT,Lipophilicity,17,14,0.4144818297138921,0.5228317677974701,0.878070315087096,0.45859774947166443,0.8274350801224041
GAT,Lipophilicity,17,15,0.39763170259970204,0.5817786753177643,0.9194882741785108,0.4755012169480324,0.854782107624626
GAT,Lipophilicity,17,16,0.3996847293995045,0.5298529043793678,0.8895056198504391,0.5041391551494598,0.8670835003049935
GAT,Lipophilicity,17,17,0.39210529239089403,0.5312719866633415,0.8855731638812111,0.4578632190823555,0.8212533550687449
GAT,Lipophilicity,17,18,0.3785858949025472,0.4847784787416458,0.8517044718974439,0.4475729912519455,0.8124885558276068
GAT,Lipophilicity,17,19,0.38205021730175726,0.5144483968615532,0.8846808386591974,0.473876528441906,0.8305752331569096
GAT,Lipophilicity,17,20,0.3809023477413036,0.56185232847929,0.9188330619270048,0.5931125730276108,0.9395169813378567
GAT,Lipophilicity,17,21,0.36816583739386666,0.5963435173034668,0.940117805079107,0.551700621843338,0.8977254948746578
GAT,Lipophilicity,17,22,0.3735537010210532,0.530726283788681,0.8836626331249761,0.4579179510474205,0.8204954760703947
GAT,Lipophilicity,17,23,0.358114688484757,0.5305109918117523,0.888951988927675,0.475663922727108,0.8420907058720255
GAT,Lipophilicity,17,24,0.36479181161633245,1.0655793398618698,1.2500975570756152,0.9675019383430481,1.195589968322167
GAT,Lipophilicity,17,25,0.3582471421471349,0.5845652967691422,0.9320838561644187,0.5913703441619873,0.9347121749880833
GAT,Lipophilicity,17,26,0.365652021434572,0.4502923786640167,0.8235474153011325,0.4630357101559639,0.8285378920293521
GAT,Lipophilicity,17,27,0.3507240491884726,0.49144577234983444,0.8515233372073524,0.45589617639780045,0.8206893418619464
GAT,Lipophilicity,17,28,0.3603870294712208,0.45218709856271744,0.8195587328147373,0.4439401552081108,0.8133408157272839
GAT,Lipophilicity,17,29,0.35029698301244666,0.544133722782135,0.8970840210534728,0.4962548390030861,0.8547020180426326
GAT,Lipophilicity,17,30,0.3375341185817012,0.4980473145842552,0.8722973364648865,0.4719305634498596,0.8290451623719234
GAT,Lipophilicity,17,31,0.3270341058572133,0.4467785507440567,0.8122710125366484,0.4347071871161461,0.7882483786467366
GAT,Lipophilicity,17,32,0.342537616138105,0.6102562546730042,0.9492510880350262,0.5683629214763641,0.9073174865295525
GAT,Lipophilicity,17,33,0.3336512159418177,0.6262044459581375,0.9653199908557725,0.5660683959722519,0.9101724909696355
GAT,Lipophilicity,17,34,0.3361719366576936,0.4609207734465599,0.8336182623765547,0.4384647309780121,0.8107435975858575
GAT,Lipophilicity,17,35,0.35205082098642987,0.43683306127786636,0.8059343104393668,0.4378054738044739,0.7899292066699983
GAT,Lipophilicity,17,36,0.32769373059272766,0.4491230323910713,0.819834033755087,0.4345664381980896,0.7971682289512851
GAT,Lipophilicity,17,37,0.32452693305633684,0.5352331548929214,0.8844251166926999,0.49711018055677414,0.8519317106540406
GAT,Lipophilicity,17,38,0.33541469938225216,0.48508258163928986,0.8554621308649818,0.46814604848623276,0.8176557479439887
GAT,Lipophilicity,17,39,0.32789983020888436,0.5684996098279953,0.9208782756131487,0.5342849940061569,0.8861248026925781
GAT,Lipophilicity,17,40,0.32057113062452386,0.47888844460248947,0.8488945420214551,0.4575013890862465,0.8187131276454704
GAT,Lipophilicity,17,41,0.3240325461935114,0.5042107328772545,0.8643655655925959,0.4666493088006973,0.8182407192982468
GAT,Lipophilicity,17,42,0.3203191117004112,0.7766526639461517,1.0585941441383895,0.7046741396188736,1.019334269820291
GAT,Lipophilicity,17,43,0.3152349177334044,0.7254365235567093,1.0355303969883516,0.6508635580539703,0.9722623218864956
GAT,Lipophilicity,17,44,0.30316867927710217,0.5415372550487518,0.8899474327229117,0.5002853721380234,0.8527308856719723
GAT,Lipophilicity,17,45,0.305806678754312,0.4698164686560631,0.8342504501250106,0.47898631542921066,0.8366061237234197
GAT,Lipophilicity,17,46,0.3186240593592326,0.45388343930244446,0.8152469635865659,0.447200283408165,0.8065880857634335
GAT,Lipophilicity,17,47,0.31294542495851163,0.6849194765090942,0.9920999683607366,0.633610412478447,0.9577635474087034
GAT,Lipophilicity,17,48,0.3055727294197789,0.40601592510938644,0.7870182334818656,0.4229390323162079,0.7800557736483567
GAT,Lipophilicity,17,49,0.30904242893060047,0.4335712715983391,0.810439615161707,0.4182083010673523,0.7843243951165247
GAT,Lipophilicity,17,50,0.3208572549952401,0.47556333243846893,0.8473151087435514,0.44371291249990463,0.7951800702650491
GAT,Lipophilicity,17,51,0.31235201436060445,0.42798464000225067,0.7906511008436201,0.4375692158937454,0.7993179349238017
GAT,Lipophilicity,17,52,0.28986751978044156,0.58099265396595,0.9137917794253375,0.5283118337392807,0.8817248100141463
GAT,Lipophilicity,17,53,0.31359988340625056,0.502133198082447,0.8623188229327862,0.4689222425222397,0.8157450722777332
GAT,Lipophilicity,17,54,0.3131049264360357,0.42322179675102234,0.7948129190292508,0.43105752021074295,0.797610411041422
GAT,Lipophilicity,17,55,0.3048251447854219,0.5148730799555779,0.8732862379088975,0.4547542780637741,0.8198568259247534
GAT,Lipophilicity,17,56,0.3010638886027866,0.6481825858354568,0.9781859369765733,0.608745276927948,0.9340627920559337
GAT,Lipophilicity,17,57,0.2931227225948263,0.5201580673456192,0.8777295522043773,0.5023560225963593,0.8438895074871252
GAT,Lipophilicity,17,58,0.29439494179354775,0.5394246727228165,0.8809258209677643,0.510965958237648,0.8703220524426326
GAT,Lipophilicity,17,59,0.3024937157277708,0.408697284758091,0.7842867007461526,0.4252805709838867,0.7835031824077737
GAT,Lipophilicity,17,60,0.28433482072971483,0.416347399353981,0.795653510290824,0.4238482192158699,0.7759084821937271
GAT,Lipophilicity,17,61,0.2920356619137305,0.6641276180744171,0.9792214168635833,0.6000950038433075,0.9375033696431956
GAT,Lipophilicity,17,62,0.2845182060091584,0.4662325382232666,0.838119440024735,0.4321274235844612,0.7922514127873409
GAT,Lipophilicity,17,63,0.28589847683906555,0.609392449259758,0.959196016844162,0.5610348433256149,0.899816731495919
GAT,Lipophilicity,17,64,0.2793050894030818,0.6362004727125168,0.9617961056027384,0.5731781125068665,0.9167724931202933
GAT,Lipophilicity,17,65,0.2913841552756451,0.4184855595231056,0.790464685040903,0.3966953530907631,0.7705886469648484
GAT,Lipophilicity,17,66,0.2836149064479051,0.49634241312742233,0.8536617756243806,0.4731120318174362,0.8271019932702229
GAT,Lipophilicity,17,67,0.28882363880122147,0.4243348240852356,0.7996524204730581,0.40497206151485443,0.7660413894327751
GAT,Lipophilicity,17,68,0.28165789665999236,0.4250858277082443,0.7944056078688881,0.4179738163948059,0.7813014585714032
GAT,Lipophilicity,17,69,0.27950334714518654,0.7890145480632782,1.0812258149898606,0.693559929728508,1.0072926208007669
GAT,Lipophilicity,17,70,0.2825097209877438,0.44318316876888275,0.8079141903295498,0.47929100692272186,0.8285558767221617
GAT,Lipophilicity,17,71,0.2743046995666292,0.5927428156137466,0.9381123450313278,0.5449048578739166,0.8826430841788583
GAT,Lipophilicity,17,72,0.26699979824048503,0.5893759578466415,0.9323196016243069,0.5292063429951668,0.8703226688140224
GAT,Lipophilicity,17,73,0.2719016014425843,0.6697069257497787,0.983819108253902,0.595920741558075,0.9289070187141183
GAT,Lipophilicity,17,74,0.2677030596468184,0.4226006790995598,0.7955134109910721,0.40646181255578995,0.7710095066790654
GAT,Lipophilicity,17,75,0.2708492797833902,0.4734017476439476,0.844247106414436,0.4179386496543884,0.7776209658021561
GAT,Lipophilicity,17,76,0.2678645341484635,0.5263063088059425,0.889330575815994,0.4719936102628708,0.8248826015634905
GAT,Lipophilicity,17,77,0.27273331692925207,0.48066359013319016,0.8460766890083422,0.45093172788619995,0.7992715887089914
GAT,Lipophilicity,17,78,0.2653555218820219,0.4845395013689995,0.8534201562069674,0.45766645669937134,0.8151483290208669
GAT,Lipophilicity,17,79,0.2648707744148042,0.42080871760845184,0.7961093740081233,0.3817368522286415,0.7482673977334187
GAT,Lipophilicity,37,1,0.9910037517547607,1.0550439953804016,1.2057244099577418,0.7777288258075714,1.0931069254703172
GAT,Lipophilicity,37,2,0.8349211745791965,0.9158381223678589,1.1361183075079748,0.71090167760849,1.048503520041011
GAT,Lipophilicity,37,3,0.7362535904954981,0.8074079304933548,1.087583323827232,0.7078528851270676,1.0390303757369663
GAT,Lipophilicity,37,4,0.6282861906069296,0.6803307682275772,0.9956514461091703,0.5847149640321732,0.9347842299526377
GAT,Lipophilicity,37,5,0.5819341772132449,0.6606921851634979,0.9799203440835121,0.5160215720534325,0.8859076129911323
GAT,Lipophilicity,37,6,0.5731784955218986,0.7008472830057144,0.9990419924924911,0.5260504558682442,0.8851730048806778
GAT,Lipophilicity,37,7,0.5098537228725575,0.6656762063503265,0.9815734779596582,0.49525561183691025,0.873444229946243
GAT,Lipophilicity,37,8,0.5058595460874064,0.589752122759819,0.9241069993781801,0.4777662977576256,0.8464645939704271
GAT,Lipophilicity,37,9,0.4804643591245015,0.5511254668235779,0.9056560938033957,0.489394411444664,0.8572830400616139
GAT,Lipophilicity,37,10,0.46267197915801295,0.6376093327999115,0.9560913452976021,0.48925550282001495,0.8581660697205433
GAT,Lipophilicity,37,11,0.44403265361432676,0.5982578247785568,0.9342850874696231,0.47828590124845505,0.842556603961092
GAT,Lipophilicity,37,12,0.44831848365289195,0.5803008824586868,0.9151847340711925,0.4588484615087509,0.8217549675146353
GAT,Lipophilicity,37,13,0.4394493103027344,0.594999760389328,0.9282298481605918,0.4782847389578819,0.8416132892704375
GAT,Lipophilicity,37,14,0.4304836215796294,0.5908573865890503,0.9296803834787039,0.47896744310855865,0.8286511890774579
GAT,Lipophilicity,37,15,0.4260824973936434,0.5063504874706268,0.8628669193270203,0.4269213527441025,0.7937037627202216
GAT,Lipophilicity,37,16,0.41480010747909546,0.518318347632885,0.8869906777340363,0.47295357286930084,0.8404572486125947
GAT,Lipophilicity,37,17,0.4009111302870291,0.4871751666069031,0.8575186707379701,0.4093148857355118,0.7743307407960859
GAT,Lipophilicity,37,18,0.39645178340099474,0.5958738625049591,0.9321009620246551,0.4902909845113754,0.839280866910392
GAT,Lipophilicity,37,19,0.4049268740194815,0.5345933735370636,0.8917509958610824,0.4509899914264679,0.8016474063513224
GAT,Lipophilicity,37,20,0.39372087518374127,0.5079565271735191,0.8671640272658158,0.42180129140615463,0.7804830983230088
GAT,Lipophilicity,37,21,0.3887125077071013,0.5350732728838921,0.8811535058726786,0.4608261287212372,0.819943481276945
GAT,Lipophilicity,37,22,0.37771223871796217,0.5136917904019356,0.8688742240075806,0.42842984944581985,0.7844848799017312
GAT,Lipophilicity,37,23,0.3779131019556964,0.5395641252398491,0.8968166824148651,0.4538245052099228,0.8072476815987543
GAT,Lipophilicity,37,24,0.3767000127721716,0.4749993681907654,0.8419710054434272,0.4498853534460068,0.7998396012321015
GAT,Lipophilicity,37,25,0.3554397898691672,0.544671043753624,0.8973769853280096,0.4426175132393837,0.7928981279767467
GAT,Lipophilicity,37,26,0.35051127716347025,0.4614870026707649,0.8399156406594519,0.4053959846496582,0.7605715598247731
GAT,Lipophilicity,37,27,0.36354486147562665,0.492920845746994,0.8511917987258093,0.43597591668367386,0.781303022492706
GAT,Lipophilicity,37,28,0.3514853870427167,0.4908066764473915,0.8584787029630742,0.4087664633989334,0.7633275184937375
GAT,Lipophilicity,37,29,0.3426060693131553,0.537629023194313,0.8989827699017884,0.43745218217372894,0.7881147528276404
GAT,Lipophilicity,37,30,0.3570885757605235,0.6284825950860977,0.9644621739324158,0.509562537074089,0.853552985519382
GAT,Lipophilicity,37,31,0.3371982055681723,0.5061877891421318,0.8783567957546329,0.45869798958301544,0.805452927175928
GAT,Lipophilicity,37,32,0.33940525628902296,0.5165406540036201,0.8692702978889427,0.4569735676050186,0.7973315109399023
GAT,Lipophilicity,37,33,0.31886492393634935,0.5408638045191765,0.900570700422856,0.4636748284101486,0.8166213413882372
GAT,Lipophilicity,37,34,0.3400525925336061,0.45723166316747665,0.8320735866897152,0.41799481213092804,0.7576811765164454
GAT,Lipophilicity,37,35,0.33558686905437046,0.4847166910767555,0.8479832664471676,0.39966490119695663,0.7525921372944928
GAT,Lipophilicity,37,36,0.3327854871749878,0.43315134197473526,0.824495458933931,0.40849317610263824,0.7598823516535255
GAT,Lipophilicity,37,37,0.33213700630046705,0.5236233472824097,0.8898480355793387,0.4174308031797409,0.7721715643121082
GAT,Lipophilicity,37,38,0.32150900143164174,0.45086347311735153,0.83204346410535,0.3817008435726166,0.7395314525263041
GAT,Lipophilicity,37,39,0.32196482408929755,0.5123432949185371,0.8779259194705882,0.41238462179899216,0.7654464279878869
GAT,Lipophilicity,37,40,0.3238250734629454,0.5136020481586456,0.8768757401542775,0.41892461478710175,0.7809290798995734
GAT,Lipophilicity,37,41,0.32176954050858814,0.5434268414974213,0.9072143422464781,0.4621836468577385,0.8085053252738947
GAT,Lipophilicity,37,42,0.31373452698742904,0.5096253901720047,0.8763439552011159,0.4321786239743233,0.7832167474413422
GAT,Lipophilicity,37,43,0.3185198378783685,0.6052042841911316,0.9494234657096605,0.5179289728403091,0.854204820540645
GAT,Lipophilicity,37,44,0.31375926953774913,0.4461480528116226,0.8239138432454337,0.39426591992378235,0.7512413322088333
GAT,Lipophilicity,37,45,0.31232263754915307,0.4788000285625458,0.8504096110112139,0.42661290615797043,0.7731143006407032
GAT,Lipophilicity,37,46,0.309565849326275,0.4453919008374214,0.8320702915255223,0.4168139100074768,0.7726606455678852
GAT,Lipophilicity,37,47,0.3025115331013997,0.5520168393850327,0.9080789132444882,0.4548249915242195,0.8107864944897094
GAT,Lipophilicity,37,48,0.30993870783735206,0.5015470758080482,0.8640534412536913,0.4129278436303139,0.7683744691841026
GAT,Lipophilicity,37,49,0.30366719486536803,0.48833876103162766,0.8530382091264762,0.456593818962574,0.7975372106068477
GAT,Lipophilicity,37,50,0.3045167674620946,0.45644812285900116,0.8304244093303519,0.41046133637428284,0.7507725948346914
GAT,Lipophilicity,37,51,0.3071453560281683,0.46283743530511856,0.8304672944566633,0.42279019951820374,0.7608297784839937
GAT,Lipophilicity,37,52,0.2965977004280797,0.5288570523262024,0.8965873576002813,0.45534835010766983,0.7942145947834163
GAT,Lipophilicity,37,53,0.2979777791985759,0.46755019575357437,0.8521638899002579,0.4748915731906891,0.8121692277614961
GAT,Lipophilicity,37,54,0.2969779355658425,0.7513854950666428,1.0593758259547792,0.6195681840181351,0.9405437966714701
GAT,Lipophilicity,37,55,0.31015648334114637,0.5130492076277733,0.8804198731308219,0.4450552687048912,0.7914691519711182
GAT,Lipophilicity,37,56,0.297403484582901,0.4951621890068054,0.8577583017928688,0.45619088411331177,0.8019595525440332
GAT,Lipophilicity,37,57,0.3126908110247718,0.5071189552545547,0.887214589231102,0.4389822781085968,0.7844053254971398
GAT,Lipophilicity,37,58,0.2910712703510567,0.52593894302845,0.8717733563203449,0.43205055594444275,0.7896192493842257
GAT,Lipophilicity,37,59,0.29302775031990475,0.6438432335853577,0.9819997862856413,0.5300035998225212,0.8685854049202135
GAT,Lipophilicity,37,60,0.29445418936234935,0.4420827850699425,0.8146546112316825,0.4034484699368477,0.7520329024365878
GAT,Lipophilicity,37,61,0.2845206448325404,0.43788623809814453,0.8162495951045435,0.39871884137392044,0.7445976475892881
GAT,Lipophilicity,37,62,0.2810097579602842,0.48506173491477966,0.850168154015655,0.42357291281223297,0.7721905144540387
GAT,Lipophilicity,37,63,0.29103367527325946,0.4473409503698349,0.8249572771743412,0.3923358991742134,0.7408890056467311
GAT,Lipophilicity,37,64,0.27668695317374337,0.4730316624045372,0.8490432782571977,0.43121305108070374,0.7714010072885019
GAT,Lipophilicity,37,65,0.2939891290885431,0.4474581927061081,0.8206669359612145,0.4404793530702591,0.7775542391168118
GAT,Lipophilicity,37,66,0.28795336297264806,0.6001213490962982,0.9419272472974518,0.49078328907489777,0.8285425321174638
GAT,Lipophilicity,37,67,0.28267238206333584,0.47276732325553894,0.8442298796077391,0.4055001884698868,0.7503962662031538
GAT,Lipophilicity,37,68,0.2780997372335858,0.5054561868309975,0.8655586065727733,0.429588682949543,0.7825976002552802
GAT,Lipophilicity,37,69,0.29054222173160976,0.4442116692662239,0.8257398625651543,0.3959665074944496,0.7438802989654958
GAT,Lipophilicity,37,70,0.2860621683023594,0.4066802188754082,0.7884831709604898,0.4023953750729561,0.7563157785986253
GAT,Lipophilicity,37,71,0.2793370772291113,0.671511247754097,0.9928155548269638,0.5404346138238907,0.8772803292998497
GAT,Lipophilicity,37,72,0.2930096045688347,0.4179754853248596,0.7980337133456588,0.374722495675087,0.7296085290427021
GAT,Lipophilicity,37,73,0.2805417709880405,0.509513258934021,0.8818628723154127,0.4316687807440758,0.7796906358430293
GAT,Lipophilicity,37,74,0.2722186440670932,0.41764968633651733,0.8042678850015579,0.3954249396920204,0.7498467209270847
GAT,Lipophilicity,37,75,0.2801203672532682,0.563090905547142,0.9056777462759518,0.47816143184900284,0.8215432516449912
GAT,Lipophilicity,37,76,0.28605767201494287,0.4516414925456047,0.8326451360641198,0.4411076381802559,0.7707500197948511
GAT,Lipophilicity,37,77,0.2860249258853771,0.768839493393898,1.0679903107750097,0.6691291332244873,0.9737512330915408
GAT,Lipophilicity,37,78,0.267173261002258,0.4383790120482445,0.8130018078477754,0.3860301524400711,0.7347132127189817
GAT,Lipophilicity,37,79,0.2814540410483325,0.4780750200152397,0.8509661134748558,0.43348416686058044,0.7784581463195623
GAT,Lipophilicity,37,80,0.2693571939512535,0.6172467023134232,0.9604802167861741,0.5032042562961578,0.8497353295981515
GAT,Lipophilicity,37,81,0.27279030835186996,0.4334709718823433,0.820179665119144,0.41260331869125366,0.760195260061387
GAT,Lipophilicity,37,82,0.2723190497469019,0.47999802976846695,0.8506507191914573,0.44876333326101303,0.7862077949731393
GAT,Lipophilicity,37,83,0.2696690294477675,0.5225028023123741,0.8814812133699906,0.4571072831749916,0.7918196747804293
GAT,Lipophilicity,37,84,0.2629849563042323,0.5131610035896301,0.8711152694165257,0.43377210944890976,0.7834846960762848
GAT,Lipophilicity,37,85,0.26459601190355087,0.4529084786772728,0.831504762659982,0.40447966754436493,0.7464094842046534
GAT,Lipophilicity,37,86,0.2779461807674832,0.42295829206705093,0.79733132405198,0.4087635427713394,0.7500294043816774
GAT,Lipophilicity,37,87,0.26823958975297435,0.5207515433430672,0.8798756657351439,0.4590250700712204,0.8065298526250309
GAT,Lipophilicity,37,88,0.2637817876206504,0.532931961119175,0.893049954304022,0.46518395096063614,0.8050519617855572
GAT,Lipophilicity,37,89,0.25966757922260847,0.4636518508195877,0.8489390919070907,0.4305458888411522,0.7765986259546535
GAT,Lipophilicity,37,90,0.26054231270595835,0.4215678423643112,0.802297840086402,0.40395157039165497,0.7549212644586993
GraphSAGE,Lipophilicity,7,1,0.8526664817774737,1.0566219240427017,1.1973795751015726,0.7195238173007965,1.0609373494346186
GraphSAGE,Lipophilicity,7,2,0.6870952005739566,0.7700546234846115,1.0429248014755896,0.6181807518005371,0.9829227391748454
GraphSAGE,Lipophilicity,7,3,0.5732907619741228,0.791875883936882,1.066339623462393,0.6224543377757072,0.9846101510271034
GraphSAGE,Lipophilicity,7,4,0.5318551030423906,0.6428997367620468,0.9619278495303996,0.5265082344412804,0.9001370153505889
GraphSAGE,Lipophilicity,7,5,0.4710771761558674,0.5637761056423187,0.905213190438102,0.47512800246477127,0.8533174821628144
GraphSAGE,Lipophilicity,7,6,0.4313845490967786,0.7105656564235687,1.0084209527548587,0.5933707728981972,0.947956957676926
GraphSAGE,Lipophilicity,7,7,0.41110511620839435,0.64979687333107,0.9978730709186779,0.6281468868255615,0.9721964166637586
GraphSAGE,Lipophilicity,7,8,0.37473145458433366,0.5270174890756607,0.8738733599656531,0.4602556750178337,0.8381111903976629
GraphSAGE,Lipophilicity,7,9,0.36742895400082626,0.4830144792795181,0.8401363129367045,0.44216474145650864,0.8146016376581924
GraphSAGE,Lipophilicity,7,10,0.36227263123900805,0.5087885335087776,0.8634441791597778,0.4650340899825096,0.8424277718369548
GraphSAGE,Lipophilicity,7,11,0.3345988933686857,0.47765233367681503,0.8478427453275731,0.47914954274892807,0.8440776118281904
GraphSAGE,Lipophilicity,7,12,0.31801671120855546,0.4932301938533783,0.859266274250089,0.48268619924783707,0.8412836196212523
GraphSAGE,Lipophilicity,7,13,0.3056747924398493,0.46963806450366974,0.8391665545112764,0.43530117720365524,0.8074804556994041
GraphSAGE,Lipophilicity,7,14,0.31021599581948034,0.5090476423501968,0.8516523331321229,0.4733927324414253,0.8347732779223918
GraphSAGE,Lipophilicity,7,15,0.3158531431798582,0.43877025693655014,0.8131027920011759,0.4508998394012451,0.8218090030875146
GraphSAGE,Lipophilicity,7,16,0.29599659476015305,0.47141581028699875,0.8377763007716216,0.41739650815725327,0.7993593944252116
GraphSAGE,Lipophilicity,7,17,0.302869564405194,0.5008832439780235,0.8694904780532812,0.4854699522256851,0.8437667421163408
GraphSAGE,Lipophilicity,7,18,0.29077478249867755,0.43332207202911377,0.8123621823728495,0.4279593899846077,0.7997288930003089
GraphSAGE,Lipophilicity,7,19,0.2676800815043626,0.4654591530561447,0.8418022208696807,0.41874680668115616,0.801968657152258
GraphSAGE,Lipophilicity,7,20,0.2773263382690924,0.5485968887805939,0.9065971696096251,0.4581732377409935,0.8417834216678011
GraphSAGE,Lipophilicity,7,21,0.291096156945935,0.5342972055077553,0.8976616536401931,0.46224718540906906,0.8378425708853657
GraphSAGE,Lipophilicity,7,22,0.28982892963621354,0.5156962871551514,0.866360897600535,0.48246533423662186,0.8453982819133851
GraphSAGE,Lipophilicity,7,23,0.27308781169078966,0.5104817822575569,0.8690685456637312,0.46759501844644547,0.8282255435583368
GraphSAGE,Lipophilicity,7,24,0.25477188108143983,0.46609602868556976,0.8341882175160377,0.4179958775639534,0.7902208267687276
GraphSAGE,Lipophilicity,7,25,0.2608502142959171,0.4265563264489174,0.8072051873597117,0.4183591902256012,0.7918645000890697
GraphSAGE,Lipophilicity,7,26,0.25629370797563483,0.4254041835665703,0.8006961312064403,0.46744534373283386,0.825558879148069
GraphSAGE,Lipophilicity,7,27,0.2467623468902376,0.4501737877726555,0.8267358969404603,0.4247266501188278,0.8044974834196513
GraphSAGE,Lipophilicity,7,28,0.26183423013598833,0.40133585780858994,0.7869485544090729,0.4289355203509331,0.7948174185391079
GraphSAGE,Lipophilicity,7,29,0.2447011630844187,0.4037463814020157,0.7931919253635172,0.41721757501363754,0.787060719540973
GraphSAGE,Lipophilicity,7,30,0.2386245087341026,0.41830118745565414,0.7921868213297026,0.41234196722507477,0.7817568851237285
GraphSAGE,Lipophilicity,7,31,0.2441280953310154,0.4166134372353554,0.8002144272848729,0.43064257502555847,0.7994057728300076
GraphSAGE,Lipophilicity,7,32,0.24023651469636847,0.40782739967107773,0.7929742371317618,0.3967014402151108,0.7741229170258899
GraphSAGE,Lipophilicity,7,33,0.24121777768488284,0.41840939968824387,0.7961620806867467,0.38745810091495514,0.7636856897377783
GraphSAGE,Lipophilicity,7,34,0.23205015394422743,0.46685890853405,0.8283322992516656,0.4466201514005661,0.8194867655678689
GraphSAGE,Lipophilicity,7,35,0.2508961017485018,0.5306161567568779,0.886342880644014,0.49562498927116394,0.862754108479969
GraphSAGE,Lipophilicity,7,36,0.23886814603099116,0.4291578680276871,0.8156910734343156,0.4492982476949692,0.8193018182099956
GraphSAGE,Lipophilicity,7,37,0.2196624047226376,0.3909536078572273,0.7759318732780872,0.40369366109371185,0.7781560286497889
GraphSAGE,Lipophilicity,7,38,0.22430057382142102,0.4169716089963913,0.8004632085652666,0.4245560094714165,0.7898634065772415
GraphSAGE,Lipophilicity,7,39,0.2314499357232341,0.5000643879175186,0.8764019361781884,0.44914398342370987,0.8251024543838511
GraphSAGE,Lipophilicity,7,40,0.2339332672180953,0.5852537229657173,0.9427015645045843,0.5684679597616196,0.91633945101304
GraphSAGE,Lipophilicity,7,41,0.23638424001358174,0.4196193069219589,0.7861318647485552,0.4488646760582924,0.7998131459293081
GraphSAGE,Lipophilicity,7,42,0.21102470380288582,0.4096416011452675,0.795339301356584,0.40132901817560196,0.7812042222916294
GraphSAGE,Lipophilicity,7,43,0.20998967080204575,0.3990720137953758,0.7857333287804784,0.40835628658533096,0.7810156661500393
GraphSAGE,Lipophilicity,7,44,0.20577425923612383,0.4173804000020027,0.796999902847265,0.44090571999549866,0.8093869653944065
GraphSAGE,Lipophilicity,7,45,0.2031027647080245,0.4220295622944832,0.8083355256342573,0.4112672358751297,0.7811555042338826
GraphSAGE,Lipophilicity,7,46,0.2009622691958039,0.39676807820796967,0.7856012478244567,0.3885146602988243,0.7588511948449864
GraphSAGE,Lipophilicity,7,47,0.19274478709256207,0.3897755965590477,0.7757609753682095,0.43819399923086166,0.798840473704504
GraphSAGE,Lipophilicity,7,48,0.19676308195900033,0.40140237659215927,0.7901482618613443,0.43752479553222656,0.8047275348074354
GraphSAGE,Lipophilicity,7,49,0.19312487101113354,0.38610656931996346,0.7841452547069523,0.421488918364048,0.7923980312752373
GraphSAGE,Lipophilicity,7,50,0.19422519041432273,0.4215296022593975,0.81987947206227,0.4104311540722847,0.7877555069363185
GraphSAGE,Lipophilicity,7,51,0.20779332739335518,0.3983606621623039,0.7819178206490732,0.4265443757176399,0.794302246639893
GraphSAGE,Lipophilicity,7,52,0.2138726904436394,0.3940216153860092,0.7821579425636014,0.4221578314900398,0.7859221182013796
GraphSAGE,Lipophilicity,7,53,0.1960782516333792,0.42063698917627335,0.8081226542970581,0.42505186796188354,0.7964495102612121
GraphSAGE,Lipophilicity,7,54,0.1937626247052793,0.4313124790787697,0.8053062060357764,0.4382767304778099,0.8016165493891944
GraphSAGE,Lipophilicity,7,55,0.19203386869695452,0.4038175716996193,0.7789472594030475,0.4474067986011505,0.8079522209416937
GraphSAGE,Lipophilicity,7,56,0.18616328084910358,0.385442778468132,0.7711999682825129,0.4119349420070648,0.7785452753326539
GraphSAGE,Lipophilicity,7,57,0.18320849593038913,0.44823143631219864,0.8285280362521077,0.4362155944108963,0.8139808804237195
GraphSAGE,Lipophilicity,7,58,0.18836469727533836,0.41754887998104095,0.8040230980302355,0.39742661267518997,0.7783280854453263
GraphSAGE,Lipophilicity,7,59,0.19410042078406722,0.44481292366981506,0.8401326591892905,0.39756281673908234,0.7859384995562224
GraphSAGE,Lipophilicity,7,60,0.18021478559131976,0.38948648422956467,0.7830168771349918,0.40681448578834534,0.783212181286286
GraphSAGE,Lipophilicity,7,61,0.18545192204139851,0.39017900824546814,0.774019927547023,0.4315781742334366,0.7880099991488337
GraphSAGE,Lipophilicity,7,62,0.1850618173678716,0.40468929708004,0.796792568356354,0.48218563944101334,0.8388871178352181
GraphSAGE,Lipophilicity,7,63,0.1745980829000473,0.4025895297527313,0.7931590486136466,0.45357900112867355,0.8176062129372512
GraphSAGE,Lipophilicity,7,64,0.17915628519323137,0.3961363695561886,0.7924045754392531,0.39369645714759827,0.7743340507437768
GraphSAGE,Lipophilicity,7,65,0.1737926232594031,0.39387260749936104,0.7900177112235751,0.4069255292415619,0.7860684765381298
GraphSAGE,Lipophilicity,7,66,0.1733108968646438,0.39208922535181046,0.7809854440981134,0.39483898133039474,0.7687428109677988
GraphSAGE,Lipophilicity,7,67,0.1711482372548845,0.3726757988333702,0.7689093385885152,0.4260472282767296,0.7868646662535763
GraphSAGE,Lipophilicity,7,68,0.18570918451856683,0.4032234027981758,0.7998711228870606,0.39105357974767685,0.7651885209260969
GraphSAGE,Lipophilicity,7,69,0.1784824397828844,0.4545926973223686,0.8359497639834901,0.4418071284890175,0.8093500332313928
GraphSAGE,Lipophilicity,7,70,0.18410991960101658,0.38923389464616776,0.786424286633801,0.4168659448623657,0.7835223529575119
GraphSAGE,Lipophilicity,7,71,0.17551650989938666,0.3788241110742092,0.7729152881647723,0.3949553817510605,0.7683647725740409
GraphSAGE,Lipophilicity,7,72,0.17452482658403892,0.3876832127571106,0.7820133294825627,0.4068954810500145,0.7772620843516626
GraphSAGE,Lipophilicity,7,73,0.17369679941071403,0.3914601281285286,0.7818469246657647,0.3928730934858322,0.7671464089384714
GraphSAGE,Lipophilicity,7,74,0.1744936919874615,0.4346958249807358,0.8243622496734527,0.4235337823629379,0.7994326516866975
GraphSAGE,Lipophilicity,7,75,0.17327585209299018,0.41259464621543884,0.8046306478916396,0.4077039435505867,0.7708171808423436
GraphSAGE,Lipophilicity,7,76,0.16846717066235012,0.4386749491095543,0.8248304293944886,0.41846273839473724,0.7954662062050364
GraphSAGE,Lipophilicity,7,77,0.17335896304360143,0.4167387932538986,0.8135675239768324,0.3912050500512123,0.773429562306372
GraphSAGE,Lipophilicity,7,78,0.1643266964841772,0.44096098095178604,0.8290976085051844,0.37978295981884,0.7723207213873425
GraphSAGE,Lipophilicity,7,79,0.16858439533798783,0.4828687980771065,0.8630982632262986,0.4800569415092468,0.8542899802600825
GraphSAGE,Lipophilicity,7,80,0.16624653725712388,0.4061140790581703,0.7960903568214227,0.4157160669565201,0.7831570428623768
GraphSAGE,Lipophilicity,7,81,0.16089766555362278,0.38043176382780075,0.7786721232557279,0.3977144956588745,0.7726271651823511
GraphSAGE,Lipophilicity,7,82,0.16069346721525546,0.37059831991791725,0.762970624363222,0.4195880964398384,0.7848674565691051
GraphSAGE,Lipophilicity,7,83,0.169312936840234,0.3749735802412033,0.76302327664519,0.4079046919941902,0.7673367030853842
GraphSAGE,Lipophilicity,7,84,0.15837079258980574,0.40697208791971207,0.7990545124584164,0.47885002940893173,0.8299301554121263
GraphSAGE,Lipophilicity,7,85,0.1630924677959195,0.38672618567943573,0.7815894343186204,0.398391917347908,0.766580919121436
GraphSAGE,Lipophilicity,7,86,0.15852205510492678,0.37749017030000687,0.7702196014903532,0.387953519821167,0.7588731088327272
GraphSAGE,Lipophilicity,7,87,0.15619957585025718,0.39179572835564613,0.7889984407010643,0.4177304431796074,0.780470764646326
GraphSAGE,Lipophilicity,7,88,0.15405322280195025,0.3989609554409981,0.7947370609575332,0.38407962769269943,0.7642809300151966
GraphSAGE,Lipophilicity,7,89,0.1499457867057235,0.40695933997631073,0.8007197286652482,0.40429894626140594,0.7852423701336154
GraphSAGE,Lipophilicity,7,90,0.15249811306043906,0.38571498543024063,0.7874121828918124,0.4030122011899948,0.776839586403683
GraphSAGE,Lipophilicity,7,91,0.149174306679655,0.3947829306125641,0.7776233802733165,0.3821856528520584,0.756510412289504
GraphSAGE,Lipophilicity,7,92,0.15404341342272582,0.3938971757888794,0.7804359009085505,0.41010867804288864,0.7770533186883212
GraphSAGE,Lipophilicity,7,93,0.1614135710729493,0.38346655666828156,0.7799741244914803,0.3845435157418251,0.7594309954935677
GraphSAGE,Lipophilicity,7,94,0.1484999411084034,0.40126486122608185,0.7989550725148357,0.4062337428331375,0.7816884145849533
GraphSAGE,Lipophilicity,7,95,0.14981075348677458,0.41765084862709045,0.8067893198323907,0.37805792689323425,0.755223955891697
GraphSAGE,Lipophilicity,7,96,0.17665673626793754,0.3781873248517513,0.7747064065107229,0.3754153251647949,0.753018266387911
GraphSAGE,Lipophilicity,7,97,0.14616840387935992,0.429977148771286,0.8178208065230618,0.4573230892419815,0.8223488736088168
GraphSAGE,Lipophilicity,7,98,0.1461636655860477,0.41115984320640564,0.8007144062707664,0.403398260474205,0.7798412209685524
GraphSAGE,Lipophilicity,7,99,0.14359260184897316,0.42129741609096527,0.8073317774170431,0.39206671714782715,0.7657330495145789
GraphSAGE,Lipophilicity,7,100,0.1441521492821199,0.3679557256400585,0.7656006711870199,0.3986761271953583,0.7693087648317629
GraphSAGE,Lipophilicity,17,1,0.8530141313870748,1.089405119419098,1.212897062668478,0.7273400202393532,1.0674140276449757
GraphSAGE,Lipophilicity,17,2,0.677483038769828,0.7408078163862228,1.026267528686254,0.5664226859807968,0.9457917377943518
GraphSAGE,Lipophilicity,17,3,0.5817655501542268,0.6897911578416824,0.9999187555688424,0.5357808843255043,0.9177674093005865
GraphSAGE,Lipophilicity,17,4,0.5202997426191965,0.6119734048843384,0.9569494095667194,0.5364707484841347,0.9077175688228157
GraphSAGE,Lipophilicity,17,5,0.47307156964584635,0.5624866187572479,0.9152052818946209,0.4842480570077896,0.8646988427700691
GraphSAGE,Lipophilicity,17,6,0.4486747648980882,0.6020397543907166,0.9436853765631411,0.5234603434801102,0.8902543618476448
GraphSAGE,Lipophilicity,17,7,0.42437517311837936,0.5266330614686012,0.8861386590486886,0.4784734770655632,0.8572205326670475
GraphSAGE,Lipophilicity,17,8,0.39199738259668704,0.5171063840389252,0.873685667100852,0.4594372734427452,0.8389948613415239
GraphSAGE,Lipophilicity,17,9,0.3667194876405928,0.5309448689222336,0.8872220127854179,0.4861704558134079,0.8554684016257496
GraphSAGE,Lipophilicity,17,10,0.3595400827902335,0.4886115863919258,0.8491426435547141,0.45970750600099564,0.8224350852046685
GraphSAGE,Lipophilicity,17,11,0.35256968935330707,0.49549081176519394,0.8561071861509105,0.46324698626995087,0.8289867811426028
GraphSAGE,Lipophilicity,17,12,0.33299798766771954,0.5361637622117996,0.8891807692022254,0.48908140510320663,0.8624793077833941
GraphSAGE,Lipophilicity,17,13,0.3188438007125148,0.4898955300450325,0.8669763943891665,0.42725223302841187,0.8064365082526035
GraphSAGE,Lipophilicity,17,14,0.31608825314927985,0.509919784963131,0.8752942612261914,0.4589645490050316,0.8327711155898996
GraphSAGE,Lipophilicity,17,15,0.32386097422352544,0.42183680087327957,0.804752013944326,0.43844815343618393,0.8014213422847983
GraphSAGE,Lipophilicity,17,16,0.29695878315854957,0.4317948818206787,0.8095515378976883,0.4051080271601677,0.7808417970435451
GraphSAGE,Lipophilicity,17,17,0.2975625550305402,0.5846717655658722,0.9348465880845511,0.5807577520608902,0.931132371885318
GraphSAGE,Lipophilicity,17,18,0.2905160790240323,0.44939984381198883,0.8228035659971467,0.5236476510763168,0.8613270177855695
GraphSAGE,Lipophilicity,17,19,0.2908563967104311,0.4159620925784111,0.7996026274112664,0.40775222331285477,0.7841904806912118
GraphSAGE,Lipophilicity,17,20,0.2737626902483128,0.4234340786933899,0.803524806925711,0.47586751729249954,0.8300556134930005
GraphSAGE,Lipophilicity,17,21,0.2788489814157839,0.5044138580560684,0.8714137494559839,0.44922714680433273,0.8228933516149095
GraphSAGE,Lipophilicity,17,22,0.27001768516169655,0.4026601165533066,0.7834842396181374,0.43482399731874466,0.7975993137046746
GraphSAGE,Lipophilicity,17,23,0.26053707743132554,0.4470088258385658,0.8327793107567572,0.43578531593084335,0.813507702289828
GraphSAGE,Lipophilicity,17,24,0.24721598018098762,0.4396190568804741,0.8140573248817705,0.4195890724658966,0.8010086108969992
GraphSAGE,Lipophilicity,17,25,0.25747335067501775,0.4093571603298187,0.7839430740646102,0.41341160982847214,0.788136231284164
GraphSAGE,Lipophilicity,17,26,0.2663781615319075,0.4734225571155548,0.8499404788214379,0.46438273787498474,0.8311632670421032
GraphSAGE,Lipophilicity,17,27,0.25301606401249216,0.4253566563129425,0.7991121342191817,0.42910996824502945,0.7983298391479393
GraphSAGE,Lipophilicity,17,28,0.24110522866249084,0.475362665951252,0.842859504698707,0.5014849677681923,0.851813078243981
GraphSAGE,Lipophilicity,17,29,0.23891581098238626,0.42389099299907684,0.7987602596788158,0.43827245384454727,0.8118001785042231
GraphSAGE,Lipophilicity,17,30,0.2342887763623838,0.4137188047170639,0.790390181820813,0.44755226373672485,0.809074185413358
GraphSAGE,Lipophilicity,17,31,0.23987199697229597,0.4067981317639351,0.7887746833650953,0.4232809916138649,0.7908201376400615
GraphSAGE,Lipophilicity,17,32,0.23642915432099942,0.42415954917669296,0.8004412790022943,0.4151354134082794,0.7890327372461595
GraphSAGE,Lipophilicity,17,33,0.23978607522116768,0.45519546419382095,0.8366247542839881,0.4695999398827553,0.8389961756345136
GraphSAGE,Lipophilicity,17,34,0.23427206608984205,0.41109953820705414,0.7926622747473913,0.4391993135213852,0.8011400488935325
GraphSAGE,Lipophilicity,17,35,0.22869945013964618,0.43710825592279434,0.8118352371357436,0.4956461191177368,0.8420944926865613
GraphSAGE,Lipophilicity,17,36,0.2283329373156583,0.3884165734052658,0.7722941337884258,0.43520672619342804,0.7892863267761794
GraphSAGE,Lipophilicity,17,37,0.22813411112184878,0.5534229204058647,0.935278230772811,0.5086487531661987,0.8750818078081332
GraphSAGE,Lipophilicity,17,38,0.2188376596680394,0.39807653427124023,0.7886489313122118,0.3930070772767067,0.7709732100585932
GraphSAGE,Lipophilicity,17,39,0.20736080021769912,0.3831138461828232,0.7733353441379428,0.4312865138053894,0.7949804710892586
GraphSAGE,Lipophilicity,17,40,0.2144448392921024,0.4603584557771683,0.8318081408888118,0.4280528053641319,0.80311089291781
GraphSAGE,Lipophilicity,17,41,0.2179984105405984,0.3906671777367592,0.7739206596710465,0.43440528213977814,0.8041545621590143
GraphSAGE,Lipophilicity,17,42,0.21084077269942672,0.4130186438560486,0.7934284099405218,0.4121806025505066,0.7892070297975085
GraphSAGE,Lipophilicity,17,43,0.21412397976274844,0.4096517041325569,0.7931804656225637,0.39888332039117813,0.7796940759293591
GraphSAGE,Lipophilicity,17,44,0.20230157562979945,0.3957378417253494,0.7828136817177022,0.4504932761192322,0.8113862987925203
GraphSAGE,Lipophilicity,17,45,0.20665864260108383,0.39103884249925613,0.7879489557464223,0.3879769295454025,0.7666720801314366
GraphSAGE,Lipophilicity,17,46,0.20994029056142877,0.4737078845500946,0.8628790077957477,0.4243236854672432,0.7961737595353289
GraphSAGE,Lipophilicity,17,47,0.20336032741599613,0.4024619236588478,0.7905852100476968,0.455464169383049,0.8227351064826366
GraphSAGE,Lipophilicity,17,48,0.20301950695338072,0.3936796933412552,0.7829528180299742,0.4093344807624817,0.7778146745429901
GraphSAGE,Lipophilicity,17,49,0.19797884810853889,0.38541537150740623,0.780966821847431,0.3796670138835907,0.7577732508612086
GraphSAGE,Lipophilicity,17,50,0.19929268017963128,0.4158690944314003,0.811437792797575,0.39114824682474136,0.776452248190114
GraphSAGE,Lipophilicity,17,51,0.20055847752977302,0.42418766766786575,0.8241759013387273,0.4083412438631058,0.7933209769170906
GraphSAGE,Lipophilicity,17,52,0.20312078683464616,0.37806471064686775,0.7734385018390371,0.3995972201228142,0.7745789091473971
GraphSAGE,Lipophilicity,17,53,0.19487957104488654,0.4369486942887306,0.8241165242371873,0.44068586081266403,0.820307886019855
GraphSAGE,Lipophilicity,17,54,0.18941671263288568,0.3919841945171356,0.7865827137862164,0.420628197491169,0.7948629371482411
GraphSAGE,Lipophilicity,17,55,0.18179659435042628,0.38259025663137436,0.7674730534746829,0.4058070108294487,0.7793963376009836
GraphSAGE,Lipophilicity,17,56,0.17784836501986892,0.3993449807167053,0.7905907514188001,0.4193556308746338,0.783971623505658
GraphSAGE,Lipophilicity,17,57,0.1850967393429191,0.39121758937835693,0.7788441425688768,0.4123195931315422,0.7826824788370619
GraphSAGE,Lipophilicity,17,58,0.18272218384124614,0.41279394924640656,0.8019993890869401,0.3852556645870209,0.7618618561735132
GraphSAGE,Lipophilicity,17,59,0.17717198806780357,0.4128557965159416,0.805510239221717,0.42360102385282516,0.7888863999666283
GraphSAGE,Lipophilicity,17,60,0.181061252951622,0.4126087725162506,0.8112463081992953,0.387534037232399,0.7715234674134374
GraphSAGE,Lipophilicity,17,61,0.1827829447057512,0.3749601021409035,0.7676143880339502,0.3972446098923683,0.7719966684427666
GraphSAGE,Lipophilicity,17,62,0.18629901663020806,0.40072106570005417,0.7989608169444117,0.4612487107515335,0.8187157121423818
GraphSAGE,Lipophilicity,17,63,0.17769670486450195,0.368407242000103,0.7649195009151284,0.3920680359005928,0.7637443800749099
GraphSAGE,Lipophilicity,17,64,0.17427910919542666,0.3961864672601223,0.7927080674908293,0.42461372911930084,0.7992008524183744
GraphSAGE,Lipophilicity,17,65,0.18360688730522437,0.39737391471862793,0.7957438874700536,0.3926375210285187,0.7665324380409682
GraphSAGE,Lipophilicity,17,66,0.17528327250922168,0.3819391205906868,0.7677120256960588,0.3954911604523659,0.7600645443211508
GraphSAGE,Lipophilicity,17,67,0.1668388862852697,0.39330992102622986,0.782931501895283,0.4054284542798996,0.7754317880461473
GraphSAGE,Lipophilicity,17,68,0.17006816770191546,0.39471540600061417,0.7891736471625392,0.3945445492863655,0.7699412691333891
GraphSAGE,Lipophilicity,17,69,0.17619847975395345,0.4039664566516876,0.7845278070553202,0.40571120381355286,0.785684967422925
GraphSAGE,Lipophilicity,17,70,0.16988541296234838,0.4296431168913841,0.8185128589265528,0.431659571826458,0.8025624260434111
GraphSAGE,Lipophilicity,17,71,0.16047156188223097,0.3983578458428383,0.7899225288141665,0.42569495737552643,0.7962525872827771
GraphSAGE,Lipophilicity,17,72,0.1669120060073005,0.38672078400850296,0.772967494379847,0.4454613998532295,0.8010816429358709
GraphSAGE,Lipophilicity,17,73,0.16783214305286054,0.4062403365969658,0.798848755810245,0.4225103035569191,0.7991228003159097
GraphSAGE,Lipophilicity,17,74,0.17065331284646634,0.3829764984548092,0.7822941859205159,0.39992762356996536,0.7686077715173847
GraphSAGE,Lipophilicity,17,75,0.16068207996862907,0.39933031052351,0.7867762236829489,0.42546260356903076,0.7876570242295473
GraphSAGE,Lipophilicity,17,76,0.17039241062270272,0.39791298657655716,0.7833178429052688,0.3974005728960037,0.7691187261173332
GraphSAGE,Lipophilicity,17,77,0.17531056922894936,0.41687843203544617,0.7973271003732558,0.38860832154750824,0.7747791867859335
GraphSAGE,Lipophilicity,17,78,0.16361858005876895,0.3727071098983288,0.7686204894227101,0.40323586761951447,0.7751108813181893
GraphSAGE,Lipophilicity,17,79,0.15757409152057436,0.3771926909685135,0.7757551743964552,0.38795600831508636,0.7591364199255046
GraphSAGE,Lipophilicity,17,80,0.15933067241200694,0.44032546877861023,0.8340795672583176,0.4734563082456589,0.8367834356470124
GraphSAGE,Lipophilicity,17,81,0.16392258996212924,0.3984883278608322,0.7862018436427736,0.42153914272785187,0.7872222365120068
GraphSAGE,Lipophilicity,17,82,0.16364906038399096,0.41747358441352844,0.8121038351379184,0.3977150619029999,0.7787473265845393
GraphSAGE,Lipophilicity,17,83,0.16300089629711928,0.3853183537721634,0.7797191880997636,0.4168863222002983,0.7870096375385451
GraphSAGE,Lipophilicity,37,1,0.8702982752411453,1.0877853333950043,1.2123179780856275,0.7319859564304352,1.0694734389157712
GraphSAGE,Lipophilicity,37,2,0.7149367950580738,0.8615200519561768,1.1028254958803358,0.6324416399002075,1.0001201557451656
GraphSAGE,Lipophilicity,37,3,0.604894980236336,0.6770085394382477,0.9925341563749291,0.5604257211089134,0.9315406537749533
GraphSAGE,Lipophilicity,37,4,0.5229960525477374,0.6992757618427277,1.0028492747666946,0.5304847210645676,0.9100959004707918
GraphSAGE,Lipophilicity,37,5,0.49992221704235784,0.6715723127126694,0.9917290296633338,0.4973965585231781,0.8795372965149607
GraphSAGE,Lipophilicity,37,6,0.46211865544319153,0.5827779620885849,0.9203416065218175,0.49429233372211456,0.8591843133391257
GraphSAGE,Lipophilicity,37,7,0.41338521904415554,0.5589432716369629,0.9074484365962753,0.509972371160984,0.8786112989789346
GraphSAGE,Lipophilicity,37,8,0.39418064223395455,0.483804851770401,0.8472287554740885,0.46322037279605865,0.8244040041456565
GraphSAGE,Lipophilicity,37,9,0.3788457093415437,0.5674333870410919,0.9252843690336682,0.5466921553015709,0.9094750798267968
GraphSAGE,Lipophilicity,37,10,0.3549093372291989,0.6171023547649384,0.964739743700395,0.6464134901762009,0.9797422597569163
GraphSAGE,Lipophilicity,37,11,0.3555048880753694,0.6873942613601685,1.0129876151763513,0.6561768800020218,0.9939704554520952
GraphSAGE,Lipophilicity,37,12,0.3399111567823975,0.4513786807656288,0.8234320406940892,0.4352324903011322,0.8102864410058743
GraphSAGE,Lipophilicity,37,13,0.3239773357356036,0.46884312480688095,0.8347171896135556,0.4560057148337364,0.8229650933869062
GraphSAGE,Lipophilicity,37,14,0.3337401140619207,0.5784627571702003,0.9358379890640862,0.5239561721682549,0.9099810517612519
GraphSAGE,Lipophilicity,37,15,0.3354617445557206,0.48045290261507034,0.848241472167105,0.42713911086320877,0.8061430276093287
GraphSAGE,Lipophilicity,37,16,0.29881138878839986,0.42668744176626205,0.7948026450529275,0.4106551930308342,0.7775655842071315
GraphSAGE,Lipophilicity,37,17,0.2899094257089827,0.5623313263058662,0.9323345295236128,0.5589945390820503,0.9227829034685779
GraphSAGE,Lipophilicity,37,18,0.2980940960071705,0.47106312960386276,0.8381992651958698,0.4177926033735275,0.7853129595851198
GraphSAGE,Lipophilicity,37,19,0.2941574586762322,0.588053360581398,0.9315576096502022,0.5648236721754074,0.9214245940541872
GraphSAGE,Lipophilicity,37,20,0.2954048481252458,0.47172947227954865,0.8373119071860968,0.4036424979567528,0.795005475271312
GraphSAGE,Lipophilicity,37,21,0.28700813044000556,0.42400961369276047,0.7978282911065491,0.4299560934305191,0.7950113981857362
GraphSAGE,Lipophilicity,37,22,0.2760377178589503,0.49629977345466614,0.8657504710351211,0.48566754162311554,0.8442923957068397
GraphSAGE,Lipophilicity,37,23,0.26985101732942796,0.418070949614048,0.7929451849682223,0.4499601051211357,0.8139596445779138
GraphSAGE,Lipophilicity,37,24,0.2779567031948655,0.4715643972158432,0.8509004451600359,0.3980797603726387,0.783433875435782
GraphSAGE,Lipophilicity,37,25,0.2682739628685845,0.4007474482059479,0.7801049424147768,0.4110347777605057,0.77869516341874
GraphSAGE,Lipophilicity,37,26,0.2607589176407567,0.47833558917045593,0.8439998256854921,0.49393273144960403,0.8590897520203388
GraphSAGE,Lipophilicity,37,27,0.2527255217234294,0.4101325795054436,0.7945409513498264,0.4112712889909744,0.788931391937369
GraphSAGE,Lipophilicity,37,28,0.25539170647108994,0.44517403841018677,0.8239350033884073,0.4288816824555397,0.8087645640528499
GraphSAGE,Lipophilicity,37,29,0.24984812239805856,0.4284413605928421,0.8016572208469297,0.4405897408723831,0.8139004009620324
GraphSAGE,Lipophilicity,37,30,0.2521469769654451,0.525530993938446,0.8788188636570544,0.46139657497406006,0.8260210409070763
GraphSAGE,Lipophilicity,37,31,0.2520820399125417,0.39979492872953415,0.7770049924113208,0.3893599659204483,0.7676599279401377
GraphSAGE,Lipophilicity,37,32,0.24365741124859563,0.4376562759280205,0.8182402458064076,0.3974936753511429,0.7720040804157241
GraphSAGE,Lipophilicity,37,33,0.2536034992447606,0.46260572224855423,0.8432315010351079,0.4118856191635132,0.7990726385864544
GraphSAGE,Lipophilicity,37,34,0.2517594457776458,0.46582674235105515,0.8367610333014164,0.4332299754023552,0.7977573894826752
GraphSAGE,Lipophilicity,37,35,0.22655126176498555,0.42699234187602997,0.8029749526040211,0.4069073796272278,0.7796567692940506
GraphSAGE,Lipophilicity,37,36,0.22675181207833467,0.40137287974357605,0.7832747733432232,0.39381998777389526,0.7723939193801335
GraphSAGE,Lipophilicity,37,37,0.2235302754022457,0.41222285479307175,0.7911292853936251,0.41044171154499054,0.7772987774438739
GraphSAGE,Lipophilicity,37,38,0.2285307154611305,0.434551440179348,0.8159452898346911,0.46401454508304596,0.8177748893978185
GraphSAGE,Lipophilicity,37,39,0.23217880725860596,0.4411500319838524,0.8199516592663438,0.48425788432359695,0.8480490552258327
GraphSAGE,Lipophilicity,37,40,0.21916825131133752,0.42673856019973755,0.8072994026715826,0.4297853335738182,0.8010621113311546
GraphSAGE,Lipophilicity,37,41,0.22251587499071052,0.452535942196846,0.8275556226400933,0.44938603788614273,0.8193264802698387
GraphSAGE,Lipophilicity,37,42,0.2231228401263555,0.41412658989429474,0.7958877656373293,0.4201272577047348,0.7868829216834826
GraphSAGE,Lipophilicity,37,43,0.21521881167535428,0.41926032304763794,0.7941798840757482,0.4391298145055771,0.7941788333495896
GraphSAGE,Lipophilicity,37,44,0.2153245950186694,0.42736659944057465,0.8097898694028179,0.4098083972930908,0.7847839535613576
GraphSAGE,Lipophilicity,37,45,0.22561186165721328,0.43654561787843704,0.8154586330004789,0.44593027979135513,0.7953261488547092
GraphSAGE,Lipophilicity,37,46,0.2286560662366726,0.41655734181404114,0.8020624471810216,0.44604872167110443,0.8007064040026901
GraphSAGE,Lipophilicity,37,47,0.24123531690350286,0.4071319177746773,0.7773592386667516,0.41543328016996384,0.777085879699244
GraphSAGE,Lipophilicity,37,48,0.2152642011642456,0.4100993201136589,0.7933982099591259,0.42204756289720535,0.7931387207070915
GraphSAGE,Lipophilicity,37,49,0.2151624102283407,0.3990030437707901,0.7815223219228586,0.43031177669763565,0.78246144781724
GraphSAGE,Lipophilicity,37,50,0.2172458933459388,0.41828467696905136,0.809443483437909,0.4275169372558594,0.7868094428934299
GraphSAGE,Lipophilicity,37,51,0.23092009016761073,0.39240942150354385,0.7730505775027594,0.38230033963918686,0.7549080788947529
GraphSAGE,Lipophilicity,37,52,0.2033565397615786,0.42012541741132736,0.8003346011660044,0.4578663781285286,0.8179722054453152
GraphSAGE,Lipophilicity,37,53,0.20661276744471657,0.4180178642272949,0.8101384984042418,0.4122875928878784,0.7915908040958728
GraphSAGE,Lipophilicity,37,54,0.2051272960724654,0.39074814319610596,0.7648722003325077,0.430450439453125,0.7820735405491919
GraphSAGE,Lipophilicity,37,55,0.20199730937127713,0.4054297059774399,0.7819912255226612,0.41387105733156204,0.7790191078878661
GraphSAGE,Lipophilicity,37,56,0.1987324815105509,0.41363927721977234,0.8011172822368327,0.41824183613061905,0.7773019213900172
GraphSAGE,Lipophilicity,37,57,0.18912777249459867,0.4140988364815712,0.7980074595960767,0.40957702696323395,0.7811963253656542
GraphSAGE,Lipophilicity,37,58,0.18741018187116693,0.39151643216609955,0.7769559726883459,0.40779580920934677,0.7714434649086889
GraphSAGE,Lipophilicity,37,59,0.18299858934349483,0.4083898887038231,0.7909834867000367,0.39963769912719727,0.7666942370336338
GraphSAGE,Lipophilicity,37,60,0.19704794276643683,0.3683984950184822,0.7566482803516764,0.39626990258693695,0.7652333483998226
GraphSAGE,Lipophilicity,37,61,0.20018331927281838,0.4539458230137825,0.8356900071598703,0.41479168832302094,0.7889843137170504
GraphSAGE,Lipophilicity,37,62,0.19564732743634117,0.3813375309109688,0.7687950291665427,0.3959551826119423,0.7670452024799793
GraphSAGE,Lipophilicity,37,63,0.18532435320041798,0.38642651587724686,0.7725167622028463,0.4068126678466797,0.7696924960446264
GraphSAGE,Lipophilicity,37,64,0.18701096017051627,0.49896373599767685,0.8803182830458093,0.4362163543701172,0.8079477945803444
GraphSAGE,Lipophilicity,37,65,0.1915564156240887,0.40703508257865906,0.7791389936405011,0.4194060415029526,0.77495553135194
GraphSAGE,Lipophilicity,37,66,0.1885869640994955,0.443020336329937,0.8257315253495998,0.3898027241230011,0.7601201032177516
GraphSAGE,Lipophilicity,37,67,0.18829537596967486,0.41519930213689804,0.8017519765959766,0.40013645589351654,0.775911209269432
GraphSAGE,Lipophilicity,37,68,0.1880794460022891,0.44955162703990936,0.8286290703945571,0.4773862734436989,0.8361227240306909
GraphSAGE,Lipophilicity,37,69,0.18367122500031083,0.3960408866405487,0.7796112420778121,0.4145312085747719,0.7746261171656369
GraphSAGE,Lipophilicity,37,70,0.1865648395485348,0.407900407910347,0.7913743324282995,0.3876299038529396,0.7549703727365876
GraphSAGE,Lipophilicity,37,71,0.1937725833720631,0.3798869773745537,0.7657937233747096,0.3942113295197487,0.7647635615612566
GraphSAGE,Lipophilicity,37,72,0.1784072192730727,0.3897600993514061,0.7810993049242441,0.3811973109841347,0.7523058175638491
GraphSAGE,Lipophilicity,37,73,0.16996003687381744,0.3807147145271301,0.7702294295206665,0.4144514501094818,0.7727367424767138
GraphSAGE,Lipophilicity,37,74,0.18098271914102412,0.3881460949778557,0.7678230030923525,0.4537152722477913,0.7980923050148483
GraphSAGE,Lipophilicity,37,75,0.177028714230767,0.41410885751247406,0.7933823582650739,0.39156486093997955,0.7559690568384104
GraphSAGE,Lipophilicity,37,76,0.18255752049110555,0.3974425569176674,0.780774124171009,0.4251559004187584,0.7838358618203203
GraphSAGE,Lipophilicity,37,77,0.1796701470458949,0.4159194976091385,0.8038228398565576,0.41295912116765976,0.7750686630472792
GraphSAGE,Lipophilicity,37,78,0.17711355619960362,0.42529701441526413,0.8207280877378147,0.4245796874165535,0.7900959838430044
GraphSAGE,Lipophilicity,37,79,0.1704964593604759,0.4170396327972412,0.8034587849275786,0.43929844349622726,0.7910605335438704
GraphSAGE,Lipophilicity,37,80,0.1715596599711312,0.3774265646934509,0.7676440494560902,0.41082099825143814,0.7703621343441739
