model,depth_or_time,sample_index,smiles,label,num_nodes,mean_node_cosine,node_dispersion
Plain-GCN,3,0,O=C1CSC(=Nc2cccc(Cl)c2Cl)N1,0,15,0.4932025969028473,0.5067974030971527
Plain-GCN,3,1,Cc1sc2c3ccsc3ccc2[n+]1C.[I-],0,15,0.6035487651824951,0.3964512348175049
Plain-GCN,3,2,CCc1cc(=O)oc2c(C)c(OC(C)C(=O)N3CCC[C@@H]3C(=O)O)ccc12,0,27,0.46761807799339294,0.5323819220066071
Plain-GCN,3,3,Cc1ccc(OCC(=O)N2CCN(S(=O)(=O)c3ccccc3[N+](=O)[O-])CC2)cc1,0,29,0.4994986355304718,0.5005013644695282
Plain-GCN,3,4,CCc1cc(NC(C)=O)ccc1-c1ccc2cc(-c3nc4cc(C(=O)N5CC6CCC5[C@@H]6N)cc(OC)c4n3C)n(CC3CC3)c2n1,1,47,0.41539105772972107,0.5846089422702789
Plain-GCN,3,5,COc1cc(-c2ccc3cc(-c4nc5cc(C(=O)N6CC7CCC6[C@@H]7N)cc(OC)c5n4C)n(CC4CC4)c3n2)ccc1CC(N)=O,1,47,0.42566272616386414,0.5743372738361359
Plain-GCN,3,6,C/C(=N\NS(C)(=O)=O)c1ccccc1,0,14,0.40614110231399536,0.5938588976860046
Plain-GCN,3,7,Cc1nn2c(N3CCN(C)CC3)c3c(nc2c1-c1ccccc1)CCCC3,0,27,0.4608614146709442,0.5391385853290558
Plain-GCN,3,8,Cc1ccc([C@@H]2C3COCC=C3C(C#N)=C(N)C2(C#N)C#N)o1,0,23,0.5225152373313904,0.4774847626686096
Plain-GCN,3,9,CCN(c1ccccc1)S(=O)(=O)c1ccc(F)c(C(=O)O)c1,0,22,0.4371190369129181,0.5628809630870819
Plain-GCN,3,10,COc1cc(C(=O)N2C[C@H](N)C[C@@H](F)C2)cc2nc(-c3cc4ccc(-c5ccc(C(N)=O)cc5C(F)(F)F)nc4n3CC3CC3)n(C)c12,1,48,0.41077134013175964,0.5892286598682404
Plain-GCN,3,11,O=C(CCNC(=O)C1CCN(S(=O)(=O)c2ccc(F)cc2)CC1)NCc1ccccc1Cl,0,32,0.432463675737381,0.567536324262619
Plain-GCN,3,12,Cn1nnnc1SCc1ccccc1F,0,15,0.5098507404327393,0.49014925956726074
Plain-GCN,3,13,C/C(N)=C(/C#N)C(=O)COC(=O)C(NS(=O)(=O)c1ccc(Cl)cc1)C(C)O,0,27,0.42316585779190063,0.5768341422080994
Plain-GCN,3,14,C=CCOC(=O)C1=C(C)NC(C)=C(C(=O)OCC=C)C1c1ccc(C)o1,0,26,0.4150286316871643,0.5849713683128357
Plain-GCN,3,15,Cc1ccc(-n2ncc3c2CCCC3NC(=O)c2ccoc2)cc1C,0,25,0.4019331932067871,0.5980668067932129
Plain-GCN,3,16,CCCN1CCN(S(=O)(=O)c2ccc3c(c2)CC(C)N3C(=O)C2CC2)CC1,0,27,0.47544220089912415,0.5245577991008759
Plain-GCN,3,17,CCN1CCN(Cc2c(O)c(Cl)cc3c(C)cc(=O)oc23)CC1,0,23,0.49945756793022156,0.5005424320697784
Plain-GCN,3,18,COc1cc(C(=O)N2[C@H]3CC[C@@H]2[C@H](N)C3)cc2nc(-c3cc4ccc([C@@H](C)NC(=O)CCC(=O)O)nc4n3CC3CC3)c(C)n12,1,45,0.3735891878604889,0.6264108121395111
Plain-GCN,3,19,COc1cc(C(=O)N2C[C@H](N)C[C@@H](F)C2)cc2nc(-c3cc4ccc(C5=CC(F)C=C6N=C(C)C(=O)N=C65)nc4n3CC3CC3)n(C)c12,1,48,0.4140053987503052,0.5859946012496948
Plain-GCN,3,20,Cc1cc(C(C)(C)C)ccc1OCCN1CCCC1,0,19,0.4883069097995758,0.5116930902004242
Plain-GCN,3,21,CC1(C)CC(=O)c2cc(C(=O)NC3CCSC3=O)c(=O)n(-c3ccc(Cl)cc3)c2C1,0,30,0.38466235995292664,0.6153376400470734
Plain-GCN,3,22,COc1cccc(CN2CCN(C(=O)Nc3ccc([N+](=O)[O-])cc3)CC2)c1,0,27,0.4542393684387207,0.5457606315612793
Plain-GCN,3,23,CCCCn1nc2cc(C(=O)NCC34CC5CC(CC(C5)C3)C4)ccc2c1OCC,0,30,0.3920781910419464,0.6079218089580536
Plain-GCN,3,24,CCCCCCn1c(=O)[nH]c2nc3cc(N)ccc3nc2c1=O,0,23,0.4407406747341156,0.5592593252658844
Plain-GCN,3,25,Cn1cccc1/C=C1\SC(=S)N(NC(=O)c2ccc(F)cc2)C1=O,0,24,0.4319976568222046,0.5680023431777954
Plain-GCN,3,26,O=C(CSc1nc2ccccc2s1)NC1CCCC1,0,19,0.4428771734237671,0.5571228265762329
Plain-GCN,3,27,COc1cc(C(=O)N2CC3CCC2[C@@H]3N)cc2nc(-c3cc4ccc(-c5cc(O)ccc5F)cc4n3CC3CC3)n(C)c12,1,43,0.4631182551383972,0.5368817448616028
Plain-GCN,3,28,COc1ccccc1N1CCN(C(=O)C(=O)c2cn(CC(=O)N3CCOCC3)c3ccccc23)CC1,0,36,0.4227689206600189,0.5772310793399811
Plain-GCN,3,29,O=C(COC(=O)c1cccnc1Cl)c1ccc(OC(F)F)cc1,0,23,0.461450457572937,0.538549542427063
Plain-GCN,3,30,COc1cc(C(=O)N2C[C@H](N)C[C@@H](F)C2)cc2nc(-c3cc4ccc(-c5ccc6[nH]c(=O)cc(O)c6c5)nc4n3CC3CC3)n(C)c12,1,47,0.4147855043411255,0.5852144956588745
Plain-GCN,3,31,CCCN=C1N(C)C[C@@H]2[C@@H]3C(=O)N(Cc4ccccc4)C(=O)[C@@H]3[C@](Cc3ccccc3)(C(=O)OC)N12.O=C(O)C(F)(F)F,0,43,0.3706974387168884,0.6293025612831116
Plain-GCN,3,32,CCCc1nc([N+](=O)[O-])c(S(=O)(=O)c2ccccc2)n1CC(C)C,0,24,0.45763835310935974,0.5423616468906403
Plain-GCN,3,33,Cc1ccc2c(c1)N(C(C)C(=O)NCc1ccccn1)C(=O)CO2,0,24,0.4384763538837433,0.5615236461162567
Plain-GCN,3,34,CCOC(=O)C1CCCN(C(=S)Nc2cc(C)cc(C)c2)C1,0,22,0.4557391107082367,0.5442608892917633
Plain-GCN,3,35,OCCC1CN(CCCc2ccccc2)CCN1Cc1ccccc1,0,25,0.4709010422229767,0.5290989577770233
Plain-GCN,3,36,COc1cc(C(=O)N2CC3CCC2[C@@H]3N)cc2nc(-c3cc4ccc(Nc5cncnc5)cc4n3CC3CC3)n(C)c12,1,42,0.4254245162010193,0.5745754837989807
Plain-GCN,3,37,CN1C2C=C3C(C#N)=C(N)C(C#N)(C#N)[C@@H](c4cccs4)C3C1CC2,0,25,0.485268771648407,0.514731228351593
Plain-GCN,3,38,CCOc1ccccc1NC(=S)NCc1ccccc1,0,20,0.5407183170318604,0.45928168296813965
Plain-GCN,3,39,CCCCNC(=O)CCC(=O)Nc1ccc2nc(N3CCN(C)CC3)cc(C)c2c1,0,30,0.3886958360671997,0.6113041639328003
Plain-GCN,3,40,COc1cc(C(=O)N2C[C@H](N)C[C@@H](F)C2)cc2nc(-c3cc4ccc(C(=O)NC5CCC(=O)NC5=O)nc4n3CC3CC3)n(C)c12,1,46,0.4044983983039856,0.5955016016960144
Plain-GCN,3,41,CC(C)=N/N=C(/c1ccc([N+](=O)[O-])cc1)C12CN3CN(CN(C3)C1)C2,0,25,0.4609715938568115,0.5390284061431885
Plain-GCN,3,42,CNC(=O)Nc1ccccc1NC(=O)NC,0,16,0.5406157374382019,0.4593842625617981
Plain-GCN,3,43,Cc1c(NC(=O)CN2CCCc3ccccc32)c(=O)n(-c2ccccc2)n1C,0,28,0.4421599805355072,0.5578400194644928
Plain-GCN,3,44,COc1ccc(C2CC(c3ccc(C)cc3)Nc3ncnn32)cc1,0,24,0.46443167328834534,0.5355683267116547
Plain-GCN,3,45,COc1cc(C(=O)N2CC3CCC2[C@@H]3N)cc2nc(-c3cc4ccc(C5C=CC6=NC(=O)NC6=C5)nc4n3CC3CC3)n(C)c12,1,45,0.4440472424030304,0.5559527575969696
Plain-GCN,3,46,Nn1c(SCC(=O)Nc2cc(C(F)(F)F)ccc2Cl)nncc1=O,0,24,0.4812883138656616,0.5187116861343384
Plain-GCN,3,47,COc1ccc(C2CC(c3ccc(Br)cc3)=NN2C(=O)c2cccnc2)cc1,0,28,0.4968964755535126,0.5031035244464874
Plain-GCN,3,48,Cc1cc(N/N=C/c2ccc(O)cc2O)nc(-c2ccccc2O)n1,0,25,0.5243183970451355,0.4756816029548645
Plain-GCN,3,49,COc1cc(-c2ccc3cc(-c4nc5cc(C(=O)N6CC7CCC6[C@@H]7N)cc(OC)c5n4C)n(CC4CC4)c3c2)c(F)cc1O,1,45,0.463399201631546,0.536600798368454
Plain-GCN,3,50,Cc1ccc(NC2=C/C(=N/S(=O)(=O)c3cccs3)c3ccccc3C2=O)cc1,0,28,0.41386133432388306,0.5861386656761169
Plain-GCN,3,51,COc1cc(C(=O)N2CC3CCC2[C@@H]3N)cc2nc(-c3cc4ccc(-c5ccc6c(c5)C(=O)CS(=O)(=O)N6C)cc4n3CC3CC3)n(C)c12,1,49,0.4272196590900421,0.5727803409099579
Plain-GCN,3,52,COc1cc(C(=O)N2CC3CCC2[C@@H]3N)cc2nc(-c3cc4ccc(Nc5cnc(C#N)nc5)nc4n3CC3CC3)n(C)c12,1,44,0.4093712568283081,0.5906287431716919
Plain-GCN,3,53,C=CCn1c(SCC(=O)N2CCOCC2)nc2sc3c(c2c1=O)CCCC3,0,27,0.5175065994262695,0.48249340057373047
Plain-GCN,3,54,COc1cc(C(=O)N2C[C@H](N)C[C@@H](F)C2)cc2nc(-c3cc4ccc(C5=CC6=NC(=O)NC6N=C5)cc4n3CC3CC3)n(C)c12,1,45,0.4298815429210663,0.5701184570789337
Plain-GCN,3,55,O=C(Nc1ccc(F)cc1F)c1c(C(F)(F)F)ccnc1Oc1ccccc1,0,28,0.4621283710002899,0.5378716289997101
Plain-GCN,3,56,CCC1CCCCN1C(=O)CCNS(=O)(=O)c1ccc2c(c1)oc(=O)n2C,0,27,0.42746415734291077,0.5725358426570892
Plain-GCN,3,57,S=c1nccc(-c2ccc3c(c2)CCO3)[nH]1,0,16,0.44440895318984985,0.5555910468101501
Plain-GCN,3,58,COc1cc(C(=O)N2C[C@H](N)CC[C@@H]2C)cc2nc(-c3cc4ccc(-c5ccc(C(N)=O)c(F)c5)nc4n3CC3CC3)n(C)c12,1,45,0.4028851389884949,0.5971148610115051
Plain-GCN,3,59,Cc1ccc(Nc2ncccc2C(N)=O)cc1,0,17,0.5238043665885925,0.47619563341140747
Plain-GCN,3,60,CCOc1ccccc1NC(=O)CSc1nc(=O)n(Cc2ccncc2)c2c1CCC2,0,31,0.4567691385746002,0.5432308614253998
Plain-GCN,3,61,COc1ccc(NC2=NC(=S)N(c3ccc(C)cc3)C23CCCCC3)cc1,0,27,0.4380575716495514,0.5619424283504486
Plain-GCN,3,62,COc1ccc(-n2ncc3c2CC(C)(C)CC3NC(=O)C2CCN(C(C)=O)CC2)cc1,0,31,0.39637064933776855,0.6036293506622314
Plain-GCN,3,63,Cc1ccc(/C=N/c2sc3c(c2C(N)=O)CCCC3)o1,0,20,0.464283287525177,0.535716712474823
Plain-GCN,3,64,COc1cc(C(=O)N2CC3CCC2[C@@H]3N)cc2nc(-c3cc4ccc(N5CCC6(CC5)CNC6=O)nc4n3CC3CC3)n(C)c12,1,45,0.4026280641555786,0.5973719358444214
Plain-GCN,3,65,CC1N=C2c3ccccc3N=C(SCc3cc(=O)n4cc(Cl)ccc4n3)N2C1=O,0,29,0.4281393587589264,0.5718606412410736
Plain-GCN,3,66,COc1cc(C(=O)N2CC3CCC2[C@@H]3N)cc2nc(-c3cc4ccc(-c5cnc6[nH]c(=O)ccc6c5)cc4n3CC3CC3)n(C)c12,1,46,0.4477103054523468,0.5522896945476532
Plain-GCN,3,67,Cc1ccc(C(=O)NCC(=O)OCC(=O)c2c(N)n(C)c(=O)n(C)c2=O)s1,0,27,0.4648143947124481,0.5351856052875519
Plain-GCN,3,68,COc1cc(C(=O)N2CC3CCC2[C@@H]3N)cc2nc(-c3cc4ccc(Nc5ccnc(C#N)c5)nc4n3CC3CC3)n(C)c12,1,44,0.41077595949172974,0.5892240405082703
Plain-GCN,3,69,O=C(O)CSCC(=O)N1CCN(c2nc3cc(Cl)ccc3s2)CC1,0,24,0.5080274343490601,0.49197256565093994
Plain-GCN,3,70,COc1cc(C(=O)N2CC3CCC2[C@@H]3N)cc2nc(-c3cc4ccc(-c5ccc(C(=O)Nc6ccncc6)cc5)cc4n3CC3CC3)n(C)c12,1,50,0.4022437036037445,0.5977562963962555
Plain-GCN,3,71,O=C(Oc1ccc(Br)cc1)c1cccnc1,0,16,0.6152702569961548,0.3847297430038452
Plain-GCN,3,72,COc1cc(C(=O)N2C[C@H](N)C[C@@H](F)C2)cc2nc(-c3cc4ccc(-c5ccn(C)c(=O)c5)nc4n3CC3CC3)n(C)c12,1,43,0.41724032163619995,0.5827596783638
Plain-GCN,3,73,COc1ccc(C2C3=C(N=C4SCC(=O)N42)c2ccccc2CC3)cc1OC,0,28,0.4509178698062897,0.5490821301937103
Plain-GCN,3,74,Fc1ccc(-c2ccc(Nc3cccc(F)c3)nn2)cc1,0,21,0.5636909604072571,0.4363090395927429
Plain-GCN,3,75,S=c1[nH]nc(-c2ccc3ccccc3n2)n1-c1ccc2c(c1)OCCO2,0,26,0.5156182646751404,0.4843817353248596
Plain-GCN,3,76,CC1(C)CC(NC(=O)N2c3ccccc3Sc3ccccc32)CC(C)(C)N1,0,27,0.43354836106300354,0.5664516389369965
Plain-GCN,3,77,Cc1c(-c2cc3ccccc3n2Cc2ccoc2)nc2cc(C(=O)N3CCC[C@@H](N)C3)ccn12,1,34,0.3517357409000397,0.6482642590999603
Plain-GCN,3,78,Cc1cccc(C)c1NC(=O)CSc1nnc(C2CCCCC2)o1,0,24,0.5115889310836792,0.4884110689163208
Plain-GCN,3,79,COc1cc(C(=O)N2CC3CCC2[C@@H]3N)cc2nc(-c3cc4ccc(-c5[nH]ccc(=O)c5F)nc4n3CC3CC3)n(C)c12,1,43,0.42038407921791077,0.5796159207820892
Plain-GCN,3,80,COc1cc(C(=O)N2CC3CCC2[C@@H]3N)cc2nc(-c3cc4ccc(-c5ccc(N6CCCC(O)C6=O)c(F)c5)nc4n3CC3CC3)n(C)c12,1,50,0.43032345175743103,0.569676548242569
Plain-GCN,3,81,COc1ccc(N)cc1-n1c(C)ccc1C,0,16,0.47554850578308105,0.524451494216919
Plain-GCN,3,82,Cc1cc(C)n(/N=C/c2cccs2)c(=O)c1C#N,0,18,0.45364710688591003,0.54635289311409
Plain-GCN,3,83,COc1ccc(C(=O)CSC#N)cc1OC,0,16,0.4552806317806244,0.5447193682193756
Plain-GCN,3,84,O=C1OCCN1C(=O)[C@H]1[C@H](c2ccc(Cl)cc2)C(c2ccc(F)cc2)=NN1c1ccccc1,0,33,0.4645480811595917,0.5354519188404083
Plain-GCN,3,85,CCOC(=O)c1[nH]c2c(c1-c1ccccc1)C(=O)CC(c1ccc(Cl)cc1)C2,0,28,0.43482768535614014,0.5651723146438599
Plain-GCN,3,86,COc1cc(C(=O)N2CCC[C@@H](N)C2)cc2nc(-c3ccc(C(=O)N(Cc4ccccc4)c4ccccc4)n3CC3CC3)n(C)c12,0,46,0.3475041091442108,0.6524958908557892
Plain-GCN,3,87,CC(=O)Nc1cccc(-c2nnc(-c3ccccc3)o2)c1,0,21,0.5346288084983826,0.46537119150161743
Plain-GCN,3,88,O=C1CCC(C(=O)OC(C(=O)c2c[nH]c3ccccc23)c2ccccc2)=NN1,0,28,0.4310474693775177,0.5689525306224823
Plain-GCN,3,89,O=C(CSS(=O)(=O)[O-])N1CCN(C(=O)c2ccoc2)CC1.[Na+],0,22,0.5100502967834473,0.48994970321655273
Plain-GCN,3,90,O=C(COc1ccc(F)cc1)N/N=C/c1cccc2cccnc12,0,24,0.4614225924015045,0.5385774075984955
Plain-GCN,3,91,COc1cc(C(=O)N2CC3CCC2[C@@H]3N)cc2nc(-c3cc4ccc(-c5ccc(CC(N)=O)cc5)nc4n3CC3CC3)n(C)c12,1,45,0.4191349744796753,0.5808650255203247
Plain-GCN,3,92,COc1ccc(CN2CC[C@H]3C=CCc4cccc(c43)C2)cc1,0,23,0.4048958420753479,0.5951041579246521
Plain-GCN,3,93,COc1ccc(/C=N\N=C(N)N)cc1.O=[N+]([O-])O,0,18,0.42751801013946533,0.5724819898605347
Plain-GCN,3,94,COc1cccc(/C=N/NC(=O)c2cnn(-c3ccccc3)c2N)c1,0,25,0.43895936012268066,0.5610406398773193
Plain-GCN,3,95,COc1cc(C(=O)N2CC3CCC2[C@@H]3N)cc2nc(-c3cc4ccc(-c5cnc(C(N)=O)c(F)c5)nc4n3CC3CC3)n(C)c12,1,45,0.4517742395401001,0.5482257604598999
Plain-GCN,3,96,COc1cccc(Cn2c(-c3nc4cc(C(=O)N5CCC[C@@H](N)C5)ccn4c3C)cc3cc(F)ccc32)c1,1,38,0.37108805775642395,0.628911942243576
Plain-GCN,3,97,Cc1noc(NC(=O)c2ccc(Cl)cc2)c1Cl,0,17,0.5539681911468506,0.4460318088531494
Plain-GCN,3,98,CCOC(=O)CSC1=NC(=O)/C(=C\c2ccc(OC(C)=O)cc2)S1,0,24,0.47859370708465576,0.5214062929153442
Plain-GCN,3,99,C=CCn1sc(N)c(C(=O)OCC)c1=S,0,15,0.5124895572662354,0.48751044273376465
Plain-GCN,3,100,CC(c1nc2ccccc2s1)N(C)C(=O)c1ccccc1F,0,22,0.5368760824203491,0.4631239175796509
Plain-GCN,3,101,COCCn1c(C)cc(C(=O)COC(=O)c2ccc(N3CCCC3=O)cc2)c1C,0,29,0.43815165758132935,0.5618483424186707
Plain-GCN,3,102,CC1CCC2(CC1)SCC(=O)N2c1ccc(F)cc1,0,19,0.46941202878952026,0.5305879712104797
Plain-GCN,3,103,O=C1C(Cl)=C(N2CCOCC2)C(=O)N1c1cccc(C(F)(F)F)c1,0,24,0.4237387776374817,0.5762612223625183
Plain-GCN,3,104,COc1ncc(-c2ccc3cc(-c4nc5cc(C(=O)N6CC7CCC6[C@@H]7N)cc(OC)c5n4C)n(CC4CC4)c3n2)cc1O,1,44,0.42438143491744995,0.57561856508255
Plain-GCN,3,105,COc1cc(C(=O)N2C[C@H](N)C[C@@H](F)C2)cc2nc(-c3cc4ccc(-c5cccc(O)c5F)nc4n3CC3CC3)n(C)c12,1,43,0.41708120703697205,0.582918792963028
Plain-GCN,3,106,CC(C)c1nccn1CCN1C(=O)NC(C)(C)C1=O,0,19,0.3501907289028168,0.6498092710971832
Plain-GCN,3,107,CC(C)C(=O)N(c1cc2sc(=O)oc2c2ccccc12)S(=O)(=O)c1cccs1,0,28,0.46740445494651794,0.5325955450534821
Plain-GCN,3,108,Cc1oc2c(c1C(=O)NCc1cccnc1)C(=O)c1ccccc1C2=O,0,26,0.41049203276634216,0.5895079672336578
Plain-GCN,3,109,COc1cc(C(=O)N2C[C@H](N)C[C@@H](F)C2)cc2nc(-c3cc4ccc(-c5cc(Cl)c(O)cc5C)nc4n3CC3CC3)n(C)c12,1,44,0.41871798038482666,0.5812820196151733
Plain-GCN,3,110,Cc1cccc(NC(=S)N2CCCCCC2)c1,0,17,0.43879979848861694,0.5612002015113831
Plain-GCN,3,111,CCC1c2ccc(C)n2CCN1C(=O)Nc1cc(Cl)ccc1OC,0,24,0.46105167269706726,0.5389483273029327
Plain-GCN,3,112,CC1CC(C)(C)NC(=S)N1CC(=O)N1CCN(Cc2ccccc2)CC1,0,26,0.3782487213611603,0.6217512786388397
Plain-GCN,3,113,COc1cc(C(=O)N2C[C@H](N)C[C@@H](F)C2)cc2nc(-c3cc4ccc(-c5ccc(N6CCCC(O)C6=O)cc5)nc4n3CC3CC3)n(C)c12,1,49,0.38315290212631226,0.6168470978736877
Plain-GCN,3,114,Cc1cccc(-n2cc[nH]c2=S)c1,0,13,0.6007283926010132,0.3992716073989868
Plain-GCN,3,115,CC(C)(C)NC(=O)/C(=C/c1ccccc1F)NC(=O)c1ccc([N+](=O)[O-])cc1,0,28,0.417131245136261,0.582868754863739
Plain-GCN,3,116,COc1cccc(C2CC(c3cccs3)=NN2C(=O)CSC2=NCCS2)c1OC,0,29,0.4845104515552521,0.5154895484447479
Plain-GCN,3,117,O=C(O)c1ccc(Cl)c2c1C1C=CCC1C(c1ccccn1)N2,0,23,0.42035970091819763,0.5796402990818024
Plain-GCN,3,118,CCOC(=O)Cn1c(=NC(=O)CSC(C)=O)sc2ccccc21,0,23,0.49967825412750244,0.5003217458724976
Plain-GCN,3,119,O=[N+]([O-])c1ccc(Sc2nccn2Cc2ccccc2)c([N+](=O)[O-])c1,0,25,0.5312749147415161,0.4687250852584839
Plain-GCN,3,120,CCCN(Cc1nnc(-c2ccccc2Cl)o1)C(=O)c1cccc(S(=O)(=O)N2CCOCC2)c1,0,34,0.4345323443412781,0.5654676556587219
Plain-GCN,3,121,COc1ccc2cc(-c3nc4cc(C(=O)N5CCC[C@@H](N)C5)ccn4c3C)n(Cc3ccc(F)cc3)c2c1,1,38,0.3620215654373169,0.6379784345626831
Plain-GCN,3,122,CCN(CC)c1ccc(N=Cc2cc(Br)ccc2O)cc1,0,21,0.5225979685783386,0.4774020314216614
Plain-GCN,3,123,N#Cc1ccc(C23CC4(C2)[C@H](CN(P(=O)(c2ccccc2)c2ccccc2)[C@@H]4c2ccccc2)C3c2ccc(Cl)nc2)cc1,0,44,0.5125954747200012,0.4874045252799988
Plain-GCN,3,124,COc1ccc(-c2nc3ccccc3n2OC(=O)N(C)C)cc1,0,23,0.5245091319084167,0.47549086809158325
Plain-GCN,3,125,N=C(CCl)NCCCc1cn(Cc2ccccc2)c2ccccc12,1,24,0.35276785492897034,0.6472321450710297
Plain-GCN,3,126,O=c1c2ccccc2nc(/C=C/c2ccc(Br)cc2)n1CCO,0,23,0.46138128638267517,0.5386187136173248
Plain-GCN,3,127,COc1cc(C(=O)N2C[C@H]3CC[C@@H]2[C@@H]3N)cc2nc(-c3cc4ccc(C5COC5)nc4n3CC3CC3)n(C)c12,1,39,0.39885395765304565,0.6011460423469543
Plain-GCN,3,128,CC(=O)Oc1ccc(N(C(C)=O)S(=O)(=O)c2ccc(C)c([N+](=O)[O-])c2)cc1,0,27,0.49100592732429504,0.508994072675705
Plain-GCN,3,129,COc1cc(C(=O)N2CC3CCC2[C@@H]3N)cc2nc(-c3cc4ccc(-c5cccc(S(N)(=O)=O)c5)nc4n3CC3CC3)n(C)c12,1,45,0.4069347083568573,0.5930652916431427
Plain-GCN,3,130,COc1cc(C(=O)N2C[C@H](N)C[C@@H](F)C2)cc2nc(-c3cc4ccc(-c5ccc(C6CNC(=O)N6)cc5)nc4n3CC3CC3)n(C)c12,1,47,0.41787824034690857,0.5821217596530914
Plain-GCN,3,131,CCn1c(-c2cnn(-c3ccccc3)c2C2CC2)nc2cc(C(=O)N3CCC[C@@H](N)C3)ccc21,0,34,0.35764506459236145,0.6423549354076385
Plain-GCN,3,132,Cn1c(=O)c(C(=O)Nc2ccccc2S(N)(=O)=O)c(O)c2ccccc21,0,26,0.42802315950393677,0.5719768404960632
Plain-GCN,3,133,CC(=O)Nc1cccc(NC=C(C#N)C#N)c1,0,17,0.3927549719810486,0.6072450280189514
Plain-GCN,3,134,Cc1nn(CC(=O)N2CCOCC2)c(=O)c2ccccc12,0,21,0.45846953988075256,0.5415304601192474
Plain-GCN,3,135,CCOC(=O)c1c2c3c(cccc3n(C)c1=O)C(=O)c1ccccc1-2,0,25,0.49818432331085205,0.501815676689148
Plain-GCN,3,136,O=C(NCc1cccnc1)c1ccc(Cl)cc1[N+](=O)[O-],0,20,0.4651992917060852,0.5348007082939148
Plain-GCN,3,137,CCOc1ccc(-c2cc(C(=O)NCCCN3CCN(CC)CC3)c3ccccc3n2)cc1,0,33,0.3982178866863251,0.6017821133136749
Plain-GCN,3,138,COc1cc(C(=O)N2C[C@H](N)C[C@@H](F)C2)cc2nc(-c3cc4ccc(-c5c(F)ccc(O)c5Cl)nc4n3CC3CC3)n(C)c12,1,44,0.4355637729167938,0.5644362270832062
Plain-GCN,3,139,COC(=O)Nc1ccc(-c2ccc3cc(-c4nc5cc(C(=O)N6CC7CCC6[C@@H]7N)cc(OC)c5n4C)n(CC4CC4)c3c2)cc1,1,46,0.4062398076057434,0.5937601923942566
Plain-GCN,3,140,CCOc1ccc(S(=O)(=O)Nc2nc3ccccc3nc2Nc2ccc(N3CCOCC3)cc2)cc1,0,36,0.48286136984825134,0.5171386301517487
Plain-GCN,3,141,COc1ccccc1NC(=S)N1CCN(c2ccccn2)CC1,0,23,0.4661922752857208,0.5338077247142792
Plain-GCN,3,142,CCOC(=O)c1sc(-c2ccccc2)cc1NC(=O)c1ccc(S(=O)(=O)N(CCOC)CCOC)cc1,0,37,0.42606425285339355,0.5739357471466064
Plain-GCN,3,143,Cn1c(-c2ccc(Cc3ccccc3)n2CC2CC2)nc2cc(C(=O)N3CCC[C@@H](N)C3)cnc21,1,35,0.333231657743454,0.666768342256546
Plain-GCN,3,144,CC1=C(C(=O)OC2CCCCC2)C(c2ccc(C)o2)C2=C(CC(C)(C)CC2=O)N1,0,29,0.4895026981830597,0.5104973018169403
Plain-GCN,3,145,CC(C)N1OC2CC1c1nc3ccccc3n1C2,0,18,0.42487889528274536,0.5751211047172546
Plain-GCN,3,146,Cl.O=C(NC1CCN(Cc2ccccc2)CC1)c1cccc(S(=O)(=O)Nc2ccc(SC(F)F)cc2)c1,0,37,0.39862483739852905,0.601375162601471
Plain-GCN,3,147,N#Cc1cccc(CS(=O)(=O)c2ccc(Cl)cc2)c1,0,19,0.4167327582836151,0.5832672417163849
Plain-GCN,3,148,CCOc1cc2c(cc1/C=C/c1noc(C)c1[N+](=O)[O-])OC(C)C2,0,24,0.4606654942035675,0.5393345057964325
Plain-GCN,3,149,O=C(O)c1ccccc1CSc1nc2ccccc2s1,0,20,0.5493403077125549,0.45065969228744507
Plain-GCN,3,150,CCC(C)N=CC1=C(O)CC(c2ccccc2)CC1=O,0,20,0.4504183828830719,0.5495816171169281
Plain-GCN,3,151,O=C(CSc1nc2ccccc2[nH]1)NCCN1CCCCC1,0,22,0.43499547243118286,0.5650045275688171
Plain-GCN,3,152,COc1cc(C(=O)N2CC3CCC2[C@@H]3N)cc2nc(-c3cc4ccc(C5=CC6NC(=O)N=C6N=C5)cc4n3CC3CC3)n(C)c12,1,45,0.46385976672172546,0.5361402332782745
Plain-GCN,3,153,CCn1ncc(Br)c1C(=O)Nc1ccc(C(C)C)cc1,0,20,0.4999576508998871,0.5000423491001129
Plain-GCN,3,154,CC(=O)Nc1ccc(SCC(=O)NC(=O)c2ccc(S(=O)(=O)N(C)C)cc2)cc1,0,29,0.46137645840644836,0.5386235415935516
Plain-GCN,3,155,COc1cc(C(=O)N2C[C@H](N)C[C@@H](F)C2)cc2nc(-c3cc4ccc(N5CCC6(CC5)CN(C)C(=O)O6)cc4n3CC3CC3)n(C)c12,1,47,0.3867376744747162,0.6132623255252838
Plain-GCN,3,156,Cc1c(-c2cc3ccccc3n2Cc2ccc(F)cn2)nc2cc(C(=O)N3CCC[C@@H](N)C3)ccn12,1,36,0.3561359643936157,0.6438640356063843
Plain-GCN,3,157,Cc1cccc(CN2CCN(Cc3cnn(-c4ccccc4F)c3)CC2CCO)n1,0,30,0.44005322456359863,0.5599467754364014
Plain-GCN,3,158,COc1ccc2[nH]cc(CCNC(=O)Nc3ccccc3)c2c1,0,23,0.4117392599582672,0.5882607400417328
Plain-GCN,3,159,CCn1c(-c2cnc(-c3ccccc3)n2CC2CC2)nc2cc(C(=O)N3CCC[C@@H](N)C3)ccc21,1,35,0.353336364030838,0.646663635969162
Plain-GCN,3,160,Cc1ccccc1C(=O)NCC(=O)Nc1ccccc1C(F)(F)F,0,24,0.4328044056892395,0.5671955943107605
Plain-GCN,3,161,O=C1CN(C(=O)COc2ccc([N+](=O)[O-])cc2Cl)c2ccccc2N1,0,25,0.488538920879364,0.511461079120636
Plain-GCN,3,162,COC(=O)C1=CC(=O)N=C2C=CC(c3ccc4cc(-c5nc6cc(C(=O)N7CC8CCC7[C@@H]8N)cc(OC)c6n5C)n(CC5CC5)c4c3)C=C12,1,50,0.4406134784221649,0.5593865215778351
Plain-GCN,3,163,COC(=O)c1cn(-c2ccccc2)c(C)c1C(=O)OC,0,20,0.4128991961479187,0.5871008038520813
Plain-GCN,3,164,CCN(CC(=O)Nc1c(F)cccc1F)C(=O)Cc1ccc(OC)c(S(=O)(=O)N2CCOCC2)c1,0,35,0.42762935161590576,0.5723706483840942
Plain-GCN,3,165,COc1cc(C(=O)N2C[C@H](N)C[C@@H](F)C2)cc2nc(-c3cc4ccc(-c5c(C)ccc(O)c5C)nc4n3CC3CC3)n(C)c12,1,44,0.43107208609580994,0.5689279139041901
Plain-GCN,3,166,Cc1ccc(-n2ncc(C#N)c2/N=C/N2CCN(C)CC2)cc1,0,23,0.43024638295173645,0.5697536170482635
Plain-GCN,3,167,O=C(COC(=O)c1ccccc1SCC(=O)N1CCCC1)Nc1ccc(OC(F)F)cc1,0,32,0.4543972611427307,0.5456027388572693
Plain-GCN,3,168,CC1CCN(c2nc3c(=O)[nH]c(N)nc3n2[C@@H]2O[C@H](CO)[C@@H](O)[C@H]2O)CC1,0,27,0.40936335921287537,0.5906366407871246
Plain-GCN,3,169,CN(c1ccc(C(=O)NCCCn2ccnc2)cc1)S(C)(=O)=O,0,23,0.3616982400417328,0.6383017599582672
Plain-GCN,3,170,Cn1c(-c2cc3ccc(-c4ccc5[nH]c(=O)[nH]c(=O)c5c4)cc3n2CC2CC2)nc2cc(C(=O)N3C[C@H](N)C[C@@H](F)C3)cc(F)c21,1,46,0.43721121549606323,0.5627887845039368
Plain-GCN,3,171,COc1cc(C(=O)N2CC3CCC2[C@@H]3N)cc2nc(-c3cc4ccc(-c5cccc(C(N)=O)c5F)nc4n3CC3CC3)n(C)c12,1,45,0.4193814992904663,0.5806185007095337
Plain-GCN,3,172,Cc1cc(C(=O)Nc2ccc3c(c2)CCC3)ccc1[N+](=O)[O-],0,22,0.42438313364982605,0.575616866350174
Plain-GCN,3,173,CCCCOc1ccc(CSc2nc(C)[nH]c2[N+](=O)[O-])cc1[N+](=O)[O-],0,25,0.5286122560501099,0.47138774394989014
Plain-GCN,3,174,CC(C)c1oc(=O)cc2c1[C@@H](O)[C@H]1OC(=O)[C@@]3(C)CC[C@@H](O)[C@@]2(C)C13,0,25,0.5043658018112183,0.49563419818878174
Plain-GCN,3,175,CCc1cc2c(SCC(=O)Nc3cc(C)on3)ncnc2s1,0,22,0.5103954076766968,0.4896045923233032
Plain-GCN,3,176,COc1cc(C(=O)N2CC3CCC2[C@@H]3N)cc2nc(-c3cc4ccc(Nc5ccc(N)cc5)nc4n3CC3CC3)n(C)c12,1,43,0.40906673669815063,0.5909332633018494
Plain-GCN,3,177,C=CCn1c(SCC(=O)Nc2nc3ccccc3s2)nc(O)c(CC)c1=O,0,27,0.4690874218940735,0.5309125781059265
Plain-GCN,3,178,COc1cc(C(=O)N2CC3CCC2[C@@H]3N)cc2nc(-c3cc4ccc(CCN5CCOC5=O)cc4n3CC3CC3)n(C)c12,1,43,0.42001840472221375,0.5799815952777863
Plain-GCN,3,179,COc1cc(-c2ccc3cc(-c4nc5cc(C(=O)N6C[C@H](N)C[C@@H](F)C6)cc(OC)c5n4C)n(CC4CC4)c3n2)c(F)cc1CO,1,46,0.43510863184928894,0.5648913681507111
Plain-GCN,3,180,Cn1c(-c2ccc(-c3ccccc3)n2CC2CC2)nc2cc(C(=O)N3CC[C@@H]4CCN[C@@H]4C3)ccc21,1,36,0.3619098663330078,0.6380901336669922
Plain-GCN,3,181,O=C1NC(=O)/C(=C/c2ccc(OS(=O)(=O)c3ccc(F)cc3F)cc2)N1,0,26,0.4026937186717987,0.5973062813282013
Plain-GCN,3,182,COc1cc(C(=O)N2CC3CCC2[C@@H]3N)cc2nc(-c3cc4ccc(Nc5ccc6c(c5)CCC(=O)N6)nc4n3CC3CC3)n(C)c12,1,47,0.3940567374229431,0.6059432625770569
Plain-GCN,3,183,Cc1ccc(CN2CCc3c(OCc4ccc(F)cc4)cccc3C2=O)cc1,0,28,0.4531308114528656,0.5468691885471344
Plain-GCN,3,184,COc1ccc(C(=O)C[n+]2ccc3c(c2)nc(-c2ccccc2)n3C)cc1.[Br-],0,28,0.46055495738983154,0.5394450426101685
Plain-GCN,3,185,CCCOC(=O)C(C)n1cnc2scc(-c3ccc(C)cc3)c2c1=O,0,25,0.4405781030654907,0.5594218969345093
Plain-GCN,3,186,Cc1ccc(-c2nn(-c3ccccn3)c(=O)c3ccccc23)cc1C,0,25,0.5606544017791748,0.4393455982208252
Plain-GCN,3,187,COc1cc(C(=O)N2C[C@H](N)C[C@@H](F)C2)cc2nc(-c3cc4ccc(N5CCC6(CC5)CNC(=O)O6)cc4n3CC3CC3)n(C)c12,1,46,0.3856150209903717,0.6143849790096283
Plain-GCN,3,188,COc1cc(C(=O)N2CC3CCC2[C@@H]3N)cc2nc(-c3cc4ccc(C5C=CC6=NC(=O)C=C(CO)C6=C5)nc4n3CC3CC3)n(C)c12,1,48,0.43143460154533386,0.5685653984546661
Plain-GCN,3,189,Brc1ccc(-c2csc3[n+]2CCCCC3)cc1.[Br-],0,18,0.42938467860221863,0.5706153213977814
Plain-GCN,3,190,CCCCCn1c(=O)c2ccccc2n2c(=S)[nH]nc12,0,20,0.469910204410553,0.530089795589447
Plain-GCN,3,191,CN(C)c1ccc2cc(C(=O)N[C@@H](CCCN=C(N)CCl)C(=O)NCc3ccccc3)ccc2c1,1,35,0.34058114886283875,0.6594188511371613
Plain-GCN,3,192,CNc1ccccc(-c2ccc3cc4c(cc3n2)OCO4)c1=O,0,23,0.5037596225738525,0.49624037742614746
Plain-GCN,3,193,CC(C)NC(=O)CSc1c2c(nc3ccccc13)CCCC2,0,22,0.416121244430542,0.583878755569458
Plain-GCN,3,194,COc1cc(C(=O)N2CC3CCC2[C@@H]3N)cc2nc(-c3cc4ccc(-c5ccc(C(N)=O)c(F)c5)nc4n3CC3CC3)n(C)c12,1,45,0.4505199193954468,0.5494800806045532
Plain-GCN,3,195,COC(=O)c1cc(-c2ccc3cc(-c4nc5cc(C(=O)N6C[C@H](N)C[C@@H](F)C6)cc(OC)c5n4C)n(CC4CC4)c3n2)n(C)n1,1,45,0.3968059718608856,0.6031940281391144
Plain-GCN,3,196,CCn1c(C(=O)NCc2cccnc2)cc2sc(Cl)cc21,0,21,0.41104069352149963,0.5889593064785004
Plain-GCN,3,197,CC(/C=C/c1ccc(N(C)C)cc1)=N/N=C1/NC(=O)CC(C(=O)Nc2ccc(Cl)cc2)S1,0,32,0.44557681679725647,0.5544231832027435
Plain-GCN,3,198,COC(=O)Cc1cnc(NC(=O)CSc2nc(C(C)C)cc(=O)[nH]2)s1,0,25,0.5059713125228882,0.4940286874771118
Plain-GCN,3,199,O=C(Cc1cccs1)NNC(=S)NC(=O)c1ccc(F)c(F)c1,0,23,0.41804754734039307,0.5819524526596069
Plain-GCN,3,200,COc1cc(C(=O)N2CC3CCC2[C@@H]3N)cc2nc(-c3cc4ccc(-c5ccc6c(c5)C(=O)NCC6)nc4n3CC3CC3)n(C)c12,1,46,0.45942389965057373,0.5405761003494263
Plain-GCN,3,201,COc1cc(C(=O)N2CC3CCC2[C@@H]3N)cc2nc(-c3cc4ccc(C(C)O)cc4n3CC3CC3)n(Cc3cnn(C)c3)c12,1,44,0.42380663752555847,0.5761933624744415
Plain-GCN,3,202,Cc1cc(C)c(Nc2cc(S(=O)(=O)[O-])c(N)c3c2C(=O)c2ccccc2C3=O)c(C)c1.[Na+],0,32,0.42707717418670654,0.5729228258132935
Plain-GCN,3,203,CCCc1c(-c2nc3cc(C(=O)N4CCC[C@@H](N)C4)ccc3n2C)cnn1-c1ccccc1,0,33,0.3487815856933594,0.6512184143066406
Plain-GCN,3,204,Cc1ccc(OCCC(=O)NNC(=O)c2cc(C)oc2C)cc1,0,23,0.4865812659263611,0.5134187340736389
Plain-GCN,3,205,CC1(C)NC(=O)N(CCc2nn[nH]n2)C1=O,1,16,0.371867835521698,0.628132164478302
Plain-GCN,3,206,CCOC(=O)c1sc(NC(=O)CSc2nc(O)c(Cc3ccccc3)c(=O)[nH]2)nc1C,0,31,0.4868840277194977,0.5131159722805023
Plain-GCN,3,207,NS(=O)(=O)c1ccc(S(=O)(=O)c2ccccc2)nc1,0,19,0.5270094871520996,0.4729905128479004
Plain-GCN,3,208,Nc1nnc2c(n1)CCCC2,0,11,0.6272753477096558,0.37272465229034424
Plain-GCN,3,209,O=C(COc1ccccc1)Nc1nc(-c2ccc(S(=O)(=O)N3CCOCC3)cc2)cs1,0,31,0.4516493082046509,0.5483506917953491
Plain-GCN,3,210,CN1CN(C)c2ccc([N+](=O)[O-])c3cccc1c23,0,18,0.4547683596611023,0.5452316403388977
Plain-GCN,3,211,COc1cc(C(=O)N2C[C@H](N)C[C@@H](F)C2)cc2nc(-c3cc4ccc(-c5ccc6c(c5)C(=O)NCC(=O)N6)nc4n3CC3CC3)n(C)c12,1,48,0.41013920307159424,0.5898607969284058
Plain-GCN,3,212,CCOC(=O)CSc1cc(C)nc2ccc(OC)cc12,0,20,0.4948815405368805,0.5051184594631195
Plain-GCN,3,213,CCc1cc(NC(C)=O)ncc1-c1ccc2cc(-c3nc4cc(C(=O)N5C[C@H](N)C[C@@H](F)C5)cc(OC)c4n3C)n(CC3CC3)c2n1,1,47,0.38978007435798645,0.6102199256420135
Plain-GCN,3,214,O=C(NCc1ccccc1)C(c1ccccc1)N(Cc1cccs1)C(=O)c1cnccn1,0,32,0.4967567026615143,0.5032432973384857
Plain-GCN,3,215,COc1cc(C(=O)N2CC3CCC2[C@@H]3N)cc2nc(-c3cc4ccc(Oc5cc(C)nc(C)c5)nc4n3CC3CC3)n(C)c12,1,44,0.3847073018550873,0.6152926981449127
Plain-GCN,3,216,CC(=O)OCc1nc2ccccc2s1,0,14,0.5210839509963989,0.4789160490036011
Plain-GCN,3,217,COc1cc(C(=O)N2CC3CCC2[C@@H]3N)cc2nc(-c3cc4ccc(-c5cn(C)nc5-c5ccc(F)cc5)nc4n3CC3CC3)n(C)c12,1,48,0.42825815081596375,0.5717418491840363
Plain-GCN,3,218,COc1cc(/C=N/NC(=O)C(=O)/C=C2\NC(C)(C)Cc3ccccc32)ccc1O,0,29,0.3732566237449646,0.6267433762550354
Plain-GCN,3,219,Cc1cc(C)nc(/N=C(\N)Nc2ccc3c(c2)OCCO3)n1,0,22,0.4352997839450836,0.5647002160549164
Plain-GCN,3,220,CCN1CCN(c2ccc(N3CCN(C(=O)c4ccc(Br)o4)CC3)nn2)CC1,0,28,0.5604404211044312,0.43955957889556885
Plain-GCN,3,221,O=C(C1=C[C@H](C2CC2)C[C@H](OCCCCO)O1)N1CCN(Cc2ccc3c(c2)OCO3)CC1,0,33,0.43969786167144775,0.5603021383285522
Plain-GCN,3,222,COc1cc(C(=O)N2C[C@H]3CC[C@@H]2[C@@H]3N)cc2nc(-c3ccc(C#N)n3CC3CC3)n([C@@H](C)c3ccccn3)c12,0,40,0.3750138282775879,0.6249861717224121
Plain-GCN,3,223,COc1cccc(CNS(=O)(=O)c2c(C)[nH]c(C)c2C(=O)N2CCCCC2)c1,0,28,0.3908084034919739,0.6091915965080261
Plain-GCN,3,224,COc1cc(-c2ccc3cc(-c4nc5cc(C(=O)N6C[C@H]7CC[C@@H]6[C@@H]7N)cc(OC)c5n4C)n(CC4CC4)c3n2)ccc1F,1,44,0.39557722210884094,0.6044227778911591
Plain-GCN,3,225,COc1cc(C(=O)N2CC3CCC2[C@@H]3N)cc2nc(-c3cc4ccc(N5CC6(CCS6(=O)=O)C5)cc4n3CC3CC3)n(C)c12,1,44,0.4245729148387909,0.5754270851612091
Plain-GCN,3,226,COc1cc(C(=O)N2C[C@H](N)C[C@@H](F)C2)cc2nc(-c3cc4ccc(-c5ccn6nc(C)cc6n5)nc4n3CC3CC3)n(C)c12,1,45,0.39545345306396484,0.6045465469360352
Plain-GCN,3,227,CC1CCN(C(=O)C2CCN(S(=O)(=O)c3cccc4nonc34)CC2)CC1,0,27,0.43906164169311523,0.5609383583068848
Plain-GCN,3,228,COc1cc(C(=O)N2CC3CCC2[C@@H]3N)cc2nc(-c3cc4ccc(N5CCNCC5=O)cc4n3CC3CC3)n(C)c12,1,42,0.4430294632911682,0.5569705367088318
Plain-GCN,3,229,COc1ccc(-n2c(CNC(=O)c3ccc(S(=O)(=O)N4CCCC4)cc3)n[nH]c2=S)cc1,0,32,0.42188963294029236,0.5781103670597076
Plain-GCN,3,230,CC(=O)c1ccccc1NC(=O)CC1(CC(=O)O)CCCCC1,0,23,0.44485804438591003,0.55514195561409
Plain-GCN,3,231,COc1cc(C(=O)NC(C)C2CC3CCC2C3)cc(OC)c1OC,0,24,0.40084442496299744,0.5991555750370026
Plain-GCN,3,232,COc1cc(C(=O)N2CC3CCC2[C@@H]3N)cc2nc(-c3cc4ccc(Nc5cc(=O)[nH]cn5)nc4n3CC3CC3)n(C)c12,1,43,0.3938049376010895,0.6061950623989105
Plain-GCN,3,233,O=C(N/C(=C/c1ccccc1F)C(=O)N1CCCCC1)c1ccccc1,0,26,0.3750429153442383,0.6249570846557617
Plain-GCN,3,234,O=C(COC(=O)c1ccc([N+](=O)[O-])s1)NNC(=O)c1ccccc1,0,24,0.5100985765457153,0.48990142345428467
Plain-GCN,3,235,Cn1c2c(c(=O)n(C)c1=O)C(CC(=O)Nc1ccccc1F)C(=O)N2,0,25,0.4563550055027008,0.5436449944972992
Plain-GCN,3,236,O=C(COc1ccccc1)N/N=C/c1sc(=O)n(Cc2cccc(C(=O)O)c2)c1Cl,0,30,0.45750612020492554,0.5424938797950745
Plain-GCN,3,237,CCN(CC)C(=S)SCC(=O)c1ccc(F)cc1,0,18,0.4562768340110779,0.5437231659889221
Plain-GCN,3,238,O=C(NC(=S)NNC(=O)c1ccccc1[N+](=O)[O-])c1ccc(Br)cc1,0,25,0.49157512187957764,0.5084248781204224
Plain-GCN,3,239,CCn1c(SCC(=O)NC2=NCCS2)nnc1C(C)NC(=O)c1ccccc1F,0,29,0.4269154965877533,0.5730845034122467
Plain-GCN,3,240,COc1cc(C(=O)N2CC3CCC2[C@@H]3N)cc2nc(-c3cc4ccc(-c5cnc(NC(C)=O)cc5Cl)nc4n3CC3CC3)n(C)c12,1,46,0.3956146240234375,0.6043853759765625
Plain-GCN,3,241,COc1cc(C(=O)N2C[C@H](N)C[C@@H](F)C2)cc2nc(-c3cc4ccc(C5=CC(C(F)(F)F)=CC6=NC(=O)NC56)nc4n3CC3CC3)n(C)c12,1,49,0.41596195101737976,0.5840380489826202
Plain-GCN,3,242,CCCc1cc2c(=O)c(-c3ccccn3)c(C)oc2cc1O,0,22,0.4450221061706543,0.5549778938293457
Plain-GCN,3,243,O=C(NCc1csc(-c2cccs2)n1)C1CCC1,0,18,0.4757620692253113,0.5242379307746887
Plain-GCN,3,244,Cc1cc(/C=C(\C#N)c2nnc(N3CCOCC3)n2-c2ccccc2)c(C)n1-c1ccccc1,0,34,0.39454174041748047,0.6054582595825195
Plain-GCN,3,245,COC1=CC(=O)c2ccccc2C1=O,0,14,0.4854826033115387,0.5145173966884613
Plain-GCN,3,246,COC(=O)c1ccc(NC(=O)CSc2nc3cccnc3n2C)cc1,0,25,0.4514124095439911,0.5485875904560089
Plain-GCN,3,247,COC(=O)CNC(=O)COc1ccc(-c2ccc3cc(-c4nc5cc(C(=O)N6CC7CCC6[C@@H]7N)cc(OC)c5n4C)n(CC4CC4)c3n2)cc1,1,51,0.3700074255466461,0.6299925744533539
Plain-GCN,3,248,O=C1CCN2C=Nc3cccc4ccc1c2c34,0,17,0.4207141101360321,0.5792858898639679
Plain-GCN,3,249,O=C(O)CCSc1ccc([N+](=O)[O-])cc1[N+](=O)[O-],0,18,0.5864765644073486,0.41352343559265137
Plain-GCN,3,250,COc1cc(C(=O)N2C[C@H](N)C[C@@H](F)C2)cc2nc(-c3cc4ccc(-c5ccc(N6CCCC6=O)cc5)nc4n3CC3CC3)n(C)c12,1,47,0.3851928114891052,0.6148071885108948
Plain-GCN,3,251,Cc1cc(OCC(=O)N2CCOCC2)ccc1NC(=O)c1ccccc1C,0,27,0.46622103452682495,0.533778965473175
Plain-GCN,3,252,CCc1c(O)nc(SCc2nc3ccccc3c(=O)[nH]2)[nH]c1=O,0,23,0.5523035526275635,0.4476964473724365
Plain-GCN,3,253,COC(=O)C1=C(N)Oc2cc(N(C)C)ccc2C1c1ccccc1OC,0,26,0.43446290493011475,0.5655370950698853
Plain-GCN,3,254,Cc1ccc(C2CC(=O)Oc3cc(O)ccc32)cc1,0,19,0.5116923451423645,0.4883076548576355
Plain-GCN,3,255,Cc1ccc(C)c(-n2nnnc2SCC(=O)Nc2cccc(-c3nnc4n3CCCCC4)c2)c1,0,34,0.43837711215019226,0.5616228878498077
Plain-GCN,3,256,Cc1csc(CNc2ncnc3ccc(-c4ccc5c(c4)OCO5)cc23)c1,0,27,0.4381018280982971,0.5618981719017029
Plain-GCN,3,257,COc1cc(C(=O)N2C[C@H](N)C[C@@H](F)C2)cc2nc(-c3cc4ccc(-c5cnc(C#N)nc5)nc4n3CC3CC3)n(C)c12,1,43,0.43035396933555603,0.569646030664444
Plain-GCN,3,258,COC(=O)C(Cc1csc2ccc(Cl)cc12)NC(=O)c1ccc(Cl)cc1,0,26,0.462575227022171,0.537424772977829
Plain-GCN,3,259,CCN1C(=NCc2ccco2)N[C@@H](c2cccc(F)c2)C(C(=O)OC)=C1C,0,27,0.3799401521682739,0.6200598478317261
Plain-GCN,3,260,CC1(C)CC(=O)c2c(O)cc(OCC(=O)Nc3ccc(S(N)(=O)=O)cc3)cc2O1,0,29,0.4182029664516449,0.5817970335483551
Plain-GCN,3,261,Cc1c(C(c2cccs2)c2c(C)n(C)n(-c3ccccc3)c2=O)c(=O)n(-c2ccccc2)n1C,0,34,0.5645919442176819,0.4354080557823181
Plain-GCN,3,262,Cn1c(-n2nccc2-c2ccccc2)nc2cc(C(=O)N3CCC[C@@H](N)C3)ccc21,0,30,0.3742550313472748,0.6257449686527252
Plain-GCN,3,263,Cc1ccc(C(C)NC(=O)Cc2cccs2)cc1C,0,19,0.5181871652603149,0.48181283473968506
Plain-GCN,3,264,COc1ccccc1CCC(=O)Nc1cc(S(=O)(=O)N2CCCCC2)ccc1N1CCN(C)CC1,0,35,0.4348483681678772,0.5651516318321228
Plain-GCN,3,265,CC(C)CN1Cc2ccccc2Oc2cc(Br)ccc2S1(=O)=O,0,23,0.496028870344162,0.503971129655838
Plain-GCN,3,266,CCN(CC)S(=O)(=O)c1cc(C(=O)Oc2cccc(-c3cnc4ccccc4n3)c2)ccc1OC,0,35,0.4749288260936737,0.5250711739063263
Plain-GCN,3,267,CCOc1ccc(C(=O)N/N=C/c2cccc3cccnc23)cc1,0,24,0.4818612337112427,0.5181387662887573
Plain-GCN,3,268,CC1(c2nnc(-c3cccc(Cl)c3)o2)CC(c2ccc(C#N)cc2)=NO1,0,26,0.4308639168739319,0.5691360831260681
Plain-GCN,3,269,O=C(NC(=S)N(Cc1ccccc1)c1ccccn1)C1CC1,0,22,0.44913250207901,0.55086749792099
Plain-GCN,3,270,O=C(Nc1ccc(S(=O)(=O)Nc2nccs2)cc1)C1CC(=O)N(c2ccc(Cl)cc2)C1,0,31,0.45848697423934937,0.5415130257606506
Plain-GCN,3,271,CCCCN(Cc1ccco1)C(=O)Cn1ncc2c(=O)oc3ccc(C)cc3c21,0,29,0.47122251987457275,0.5287774801254272
Plain-GCN,3,272,COc1cc(C(=O)N2C[C@H](N)C[C@@H](F)C2)cc2nc(-c3cc4ccc(-c5ccc(C(N)=O)nc5C)nc4n3CC3CC3)n(C)c12,1,45,0.3990713059902191,0.6009286940097809
Plain-GCN,3,273,Cc1sc2nc(SCc3nc(-c4cccs4)no3)n(-c3ccccc3)c(=O)c2c1C,0,30,0.5225288271903992,0.47747117280960083
Plain-GCN,3,274,COC(=O)C1=C(C(=O)OC)C(c2ccc(OC)c(OC)c2)c2sc(=O)[nH]c2S1,0,28,0.43859753012657166,0.5614024698734283
Plain-GCN,3,275,COc1cc(C(=O)N2C[C@H](N)C[C@@H](F)C2)cc2nc(-c3cc4ccc(-c5cccc(O)c5Cl)nc4n3CC3CC3)n(C)c12,1,43,0.41045209765434265,0.5895479023456573
Plain-GCN,3,276,Cc1c(-c2cc3cccc(Cl)c3n2Cc2ccc(F)cc2)nc2cc(C(=O)N3CCC[C@@H](N)C3)ccn12,1,37,0.36704105138778687,0.6329589486122131
Plain-GCN,3,277,CCOc1c(Br)cc(CNc2ccc(N3CCOCC3)cc2)cc1OC,0,26,0.4406035840511322,0.5593964159488678
Plain-GCN,3,278,CC(C)(C)OC(=O)NCCC(=O)N/N=C/c1cccc2nccnc12,0,25,0.37079817056655884,0.6292018294334412
Plain-GCN,3,279,CC(CNC(=O)C1CCCCC1C(=O)O)c1ccccc1,0,21,0.45435619354248047,0.5456438064575195
Plain-GCN,3,280,COC(=O)c1cc(C(=O)OCC(=O)NCc2cccs2)cc([N+](=O)[O-])c1,0,26,0.4710386395454407,0.5289613604545593
Plain-GCN,3,281,CCCCCCCCCCCCN1[C@@H](CC(=O)O)c2cc(C(F)(F)F)ccc2S1(=O)=O,0,31,0.48110833764076233,0.5188916623592377
Plain-GCN,3,282,CCOC(=O)N1CCN(C(=O)c2c(-c3ccccc3)noc2C)CC1,0,25,0.4647359251976013,0.5352640748023987
Plain-GCN,3,283,CCn1c(N)[n+](CC(=O)Nc2ccc(SC(F)F)cc2)c2ccccc21.[Cl-],0,27,0.402826189994812,0.597173810005188
Plain-GCN,3,284,CC1=CC(=O)C2=C(C)CC[C@@H]3[C@H](OC(=O)[C@H]3C)[C@@H]12,0,18,0.6067702770233154,0.39322972297668457
Plain-GCN,3,285,CC(C)CCOc1cccc(OCC(=O)NC2CCS(=O)(=O)C2)c1,0,24,0.4371102452278137,0.5628897547721863
Plain-GCN,3,286,NNC(=O)c1ccc(N2CCc3ccccc32)c([N+](=O)[O-])c1,0,22,0.38411781191825867,0.6158821880817413
Plain-GCN,3,287,COc1cc(C(=O)N2CC3CCC2[C@@H]3N)cc2nc(-c3cc4ccc(C5CNNC5OC)nc4n3CC3CC3)n(C)c12,1,42,0.4499233365058899,0.5500766634941101
Plain-GCN,3,288,CCOc1ccc(N2C(=O)/C(=C/c3cc(OC)c(OC)c(OC)c3)N(CC(=O)OC)C2=S)cc1,0,34,0.41891759634017944,0.5810824036598206
Plain-GCN,3,289,CN(C)S(=O)(=O)c1cc(NC(=O)CN2CCN(c3ccccc3O)CC2)ccc1Cl,0,30,0.4519319236278534,0.5480680763721466
Plain-GCN,3,290,CNC(=O)NC1CCCCc2sccc21,0,15,0.3949306011199951,0.6050693988800049
Plain-GCN,3,291,CC1(OC(=O)C2CCCC2)C(=O)C=C2C=C(c3ccsc3)N(CC3CC3)C=C2C1=O,0,30,0.4125504493713379,0.5874495506286621
Plain-GCN,3,292,COc1ccc(Oc2nnnn2-c2ccccc2)cc1,0,20,0.6206295490264893,0.37937045097351074
Plain-GCN,3,293,COc1cc(C(=O)N2CC3CCC2[C@@H]3N)cc2nc(-c3cc4ccc(-c5cnn(C)c5-c5ccc(F)cc5)nc4n3CC3CC3)n(C)c12,1,48,0.43631553649902344,0.5636844635009766
Plain-GCN,3,294,CC(C)OCCCNC(=O)C1CC(=O)N(C2CCCCCCC2)C1,0,24,0.5252904295921326,0.47470957040786743
Plain-GCN,3,295,COc1ccc(-n2c(C)n[nH]c2=O)cc1OC,0,17,0.49046674370765686,0.5095332562923431
Plain-GCN,3,296,COc1cc(C(=O)N2CC3CCC2[C@@H]3N)cc2nc(-c3cc4ccc(C5CNC(=O)NC5=O)nc4n3CC3CC3)n(C)c12,1,43,0.4426392614841461,0.5573607385158539
Plain-GCN,3,297,Cc1ccc(CC(CC(=O)NCCc2ccc3c(c2)OCO3)C(=O)O)cc1,0,27,0.474420964717865,0.525579035282135
Plain-GCN,3,298,O=C(CSc1nnc(CNc2ccc(Cl)cc2)n1Cc1ccccc1)NCc1ccco1,0,32,0.4930938482284546,0.5069061517715454
Plain-GCN,3,299,Cc1ccc(S(=O)(=O)NNC(=O)C(=O)NNc2ccccn2)cc1,0,24,0.4946696162223816,0.5053303837776184
Plain-GCN,3,300,CCOC(=O)c1[nH]c2ccc(F)cc2c1NC(=O)c1cc(OC)c(OC)c(OC)c1,0,30,0.4402989149093628,0.5597010850906372
Plain-GCN,3,301,COc1cc(C(=O)N2CC3CCC2C3)cc2nc(-c3cc4ccc(N(C)C)cc4n3CC3CC3)n(C)c12,1,37,0.41610750555992126,0.5838924944400787
Plain-GCN,3,302,CCOc1ccc2nc(N/C(N)=N/C(=S)Nc3ccc(C)c(C)c3)nc(C)c2c1,0,29,0.4187403917312622,0.5812596082687378
Plain-GCN,3,303,CCOc1cc(/C=C\c2[nH]c(=O)[nH]c(=O)c2[N+](=O)[O-])ccc1OC(C)CC,0,27,0.492023766040802,0.507976233959198
Plain-GCN,3,304,Cc1nc(SCC(=O)N(C)C2(C#N)CCCCC2)c2ccccc2n1,0,25,0.43698152899742126,0.5630184710025787
Plain-GCN,3,305,Cc1noc(C(F)(F)F)c1C(=O)NNC(=O)c1ccccc1,0,22,0.404220849275589,0.595779150724411
Plain-GCN,3,306,COc1cc(C(=O)N2C[C@H](N)C[C@@H](F)C2)cc2nc(-c3cc4ccc(-c5ccc(C(N)=O)cc5Cl)nc4n3CC3CC3)n(C)c12,1,45,0.406772643327713,0.593227356672287
Plain-GCN,3,307,COC(=O)c1cc(-c2ccc3cc(-c4nc5cc(C(=O)N6CC7CCC6[C@@H]7N)cc(OC)c5n4C)n(CC4CC4)c3n2)n(C)n1,1,45,0.40957877039909363,0.5904212296009064
Plain-GCN,3,308,Cc1cc2cc(CNC(=O)c3cccs3)ccc2n1C,0,20,0.43965232372283936,0.5603476762771606
Plain-GCN,3,309,C=CCSc1nnc(CNC(=O)c2ccc(Cl)cc2)n1CC,0,22,0.4309433698654175,0.5690566301345825
Plain-GCN,3,310,O=C(NC1CCCC1)NS(=O)(=O)c1ccccc1Cl,0,19,0.40883439779281616,0.5911656022071838
Plain-GCN,3,311,CC(=O)Nc1ccc2c(c1)CCCC2,0,14,0.4670914113521576,0.5329085886478424
Plain-GCN,3,312,Cc1ccc2c(CN3CCOCC3)cc(=O)oc2c1C,0,20,0.4714396893978119,0.5285603106021881
Plain-GCN,3,313,CC(=O)NCCNC(=O)CCNC(=O)c1ccc(Cl)cc1,0,21,0.41228631138801575,0.5877136886119843
Plain-GCN,3,314,COc1cc(C(=O)N2CC3CCC2[C@@H]3N)cc2nc(-c3cc4ccc(C5=CC=CC6=NC(=O)C=CC56)nc4n3CC3CC3)n(C)c12,1,46,0.4582394063472748,0.5417605936527252
Plain-GCN,3,315,Cn1ccnc1C(=O)c1ccccc1Cl,0,15,0.5662050247192383,0.4337949752807617
Plain-GCN,3,316,COc1ccc(-c2cc(=O)[nH][nH]2)cc1,0,14,0.6282272338867188,0.37177276611328125
Plain-GCN,3,317,O=C(C1=C[C@@H](c2ccc(C(F)(F)F)cc2)C[C@@H](OCc2ccc(CO)cc2)O1)N1CCN(Cc2ccc3c(c2)OCO3)CC1,0,44,0.4154322147369385,0.5845677852630615
Plain-GCN,3,318,COc1cc(/C=N/Nc2ccccc2[N+](=O)[O-])ccc1OC(=O)c1ccccc1F,0,30,0.5085198879241943,0.49148011207580566
Plain-GCN,3,319,Cc1ccccc1Cn1ccc(NC(=O)c2onc(C)c2Cl)n1,0,23,0.4839579164981842,0.5160420835018158
Plain-GCN,3,320,CCOc1ccc(N(C(=O)c2cnsn2)C(C(=O)NC2CCCCC2)c2ccncc2)cc1,0,33,0.4170375466346741,0.5829624533653259
Plain-GCN,3,321,COc1ccc(-c2nn(-c3ccccc3)cc2C(=O)NC(=S)NNC(=O)c2ccncc2)cc1,0,34,0.4672746956348419,0.5327253043651581
Plain-GCN,3,322,COc1cc(C(=O)N2CC3CCC2[C@@H]3N)cc2nc(-c3cc4ccc(-c5cnc(C#N)cc5C)nc4n3CC3CC3)n(C)c12,1,44,0.44856441020965576,0.5514355897903442
Plain-GCN,3,323,COc1cc([N+](=O)[O-])c(OC)cc1SCc1n[nH]c(=S)n1-c1ccc(F)cc1,0,28,0.49705758690834045,0.5029424130916595
Plain-GCN,3,324,Cc1sc2ncn(CC(=O)NCC(=O)N3CCN(c4ccccc4F)CC3)c(=O)c2c1C,0,32,0.4495273530483246,0.5504726469516754
Plain-GCN,3,325,CCCC[n+]1c(C)sc2cc(OC)ccc21.[I-],0,17,0.43523576855659485,0.5647642314434052
Plain-GCN,3,326,COc1cc(C(=O)N2CC3CCC2[C@@H]3N)cc2nc(-c3cc4ccc(N5CCC(O)(c6ccccc6)C5)nc4n3CC3CC3)n(C)c12,1,47,0.3807113468647003,0.6192886531352997
Plain-GCN,3,327,COc1cc(C(=O)N2CC3CCC2[C@@H]3N)cc2nc(-c3cc4ccc(-c5ccc6c(c5)CCNC6=O)nc4n3CC3CC3)n(C)c12,1,46,0.4546428322792053,0.5453571677207947
Plain-GCN,3,328,NS(=O)(=O)c1cc(C(=O)NNC(=O)c2ccc3c(c2)OCO3)ccc1Cl,0,26,0.477006733417511,0.522993266582489
Plain-GCN,3,329,Fc1ccc(OCc2nnc(-c3ccccc3Br)o2)c(Cl)c1,0,22,0.5859953761100769,0.4140046238899231
Plain-GCN,3,330,COc1cc(C(=O)N2C[C@H](N)C[C@@H](F)C2)cc2nc(-c3cc4ccc(-c5cnc6c(c5)C(=O)NC6)nc4n3CC3CC3)n(C)c12,1,45,0.4357171356678009,0.5642828643321991
Plain-GCN,3,331,COc1cc(C(=O)N2C[C@H](N)C[C@@H](F)C2)cc2nc(-c3cc4ccc(-c5ccc(N6CCC(O)C6=O)c(C)n5)nc4n3CC3CC3)n(C)c12,1,49,0.38379886746406555,0.6162011325359344
Plain-GCN,3,332,CCc1ccc(S(=O)(=O)Nc2ccc(O)c3ccccc23)cc1,0,23,0.5143734216690063,0.48562657833099365
Plain-GCN,3,333,COC(=O)c1sc2ccccc2c1NC(=O)c1ccc(S(=O)(=O)N2CC(C)CC(C)C2)cc1,0,33,0.3943663239479065,0.6056336760520935
Plain-GCN,3,334,CCCS(=O)(=O)c1csc(C(=O)OC)c1N,0,16,0.49968475103378296,0.500315248966217
Plain-GCN,3,335,O=c1[nH]c(Nc2ccccn2)cc2ccccc12,0,18,0.5958544015884399,0.40414559841156006
Plain-GCN,3,336,CS(=O)(=O)N(CC(=O)N1CCOCC1)Cc1ccc(Cl)cc1,0,22,0.4388657212257385,0.5611342787742615
Plain-GCN,3,337,COc1ccc(OCC(=O)Nc2ccccc2C(=O)Nc2ccc(C(=O)O)cc2)cc1,0,31,0.5430907011032104,0.45690929889678955
Plain-GCN,3,338,COc1cc(C(=O)N2CC3CCC2[C@@H]3N)cc2nc(-c3cc4ccc(-c5cn[nH]c5C)cc4n3CC3CC3)n(C)c12,1,41,0.45299065113067627,0.5470093488693237
Plain-GCN,3,339,Cc1ccccc1OC(C)C(=O)NCCC1=CCCCC1,0,21,0.43406251072883606,0.5659374892711639
Plain-GCN,3,340,CCOc1ccc(N(CC(=O)N/N=C/c2cc([N+](=O)[O-])ccc2Cl)S(C)(=O)=O)cc1,0,30,0.4263385236263275,0.5736614763736725
Plain-GCN,3,341,COc1cc(C(=O)N2CC3CCC2[C@@H]3N)cc2nc(-c3cc4ccc(-c5ccc(S(C)(=O)=O)nc5)nc4n3CC3CC3)n(C)c12,1,45,0.4066029191017151,0.5933970808982849
Plain-GCN,3,342,O=C1CN(S(=O)(=O)c2cc(C(=O)O)ccc2Cl)c2ccccc2N1,0,24,0.4510321319103241,0.5489678680896759
Plain-GCN,3,343,CC(=O)c1ccc(OCc2cc(C(=O)NCCN3CCCC(O)C3)no2)cc1,0,28,0.4368525445461273,0.5631474554538727
Plain-GCN,3,344,CSC1=NC(C)(C)CC2(C)Nc3ccccc3N12,0,18,0.3745024502277374,0.6254975497722626
Plain-GCN,3,345,S=c1[nH]nc(-c2c[nH]c3ccccc23)o1,0,15,0.6251962780952454,0.37480372190475464
Plain-GCN,3,346,CC(C)c1nc(SCC(=O)N2CC(=O)Nc3ccccc32)c2ccccc2n1,0,28,0.4610484540462494,0.5389515459537506
Plain-GCN,3,347,COc1cc(C(=O)N2CC3CCC2[C@@H]3N)cc2nc(-c3cc4ccc(N5CCC(S(C)(=O)=O)CC5)cc4n3CC3CC3)n(C)c12,1,45,0.4289979338645935,0.5710020661354065
Plain-GCN,3,348,COc1cc(C(=O)N2C[C@H](N)C[C@@H](F)C2)cc2nc(-c3cc4ccc(CCN5CCOC5=O)nc4n3CC3CC3)n(C)c12,1,43,0.3988574743270874,0.6011425256729126
Plain-GCN,3,349,Cc1cccc(-c2nc3ccccc3c(=O)n2NC(=O)c2ccc([N+](=O)[O-])c(C)c2)c1,0,31,0.5062994956970215,0.4937005043029785
Plain-GCN,3,350,CN(C)C(CNC(=O)C1CCN(S(=O)(=O)c2cccc(Cl)c2Cl)CC1)c1ccccc1,0,31,0.46195968985557556,0.5380403101444244
Plain-GCN,3,351,Cn1sc(=O)c2cc(S(=O)(=O)NC3CC3)ccc21,0,18,0.41491779685020447,0.5850822031497955
Plain-GCN,3,352,CCCc1c(C(=O)N/N=C/c2ccc(OC)c(OCc3ccccc3)c2)nnn1-c1nonc1N,0,35,0.43597567081451416,0.5640243291854858
Plain-GCN,3,353,CCNC(=O)c1c(NC(=O)C2COc3ccccc3O2)sc2c1CCCC2,0,27,0.44705426692962646,0.5529457330703735
Plain-GCN,3,354,COc1cc2nc(N(CCCN(C)C)C(=O)c3ccc(S(=O)(=O)N4CCc5ccccc54)cc3)sc2cc1OC.Cl,0,41,0.3934599459171295,0.6065400540828705
Plain-GCN,3,355,COc1cc(C(=O)N2CC3CCC2[C@@H]3N)cc2nc(-c3cc4ccc(-c5ccc6nnnn6c5)nc4n3CC3CC3)n(C)c12,1,44,0.42578014731407166,0.5742198526859283
Plain-GCN,3,356,CNC(=O)n1ccc(C(=O)N2CCCCC2)n1,0,17,0.4764329195022583,0.5235670804977417
Plain-GCN,3,357,CC(NC(=O)c1ccccc1)C(=O)OCC(=O)c1ccc(Br)cc1,0,24,0.4725489020347595,0.5274510979652405
Plain-GCN,3,358,CCOC(=O)c1ccc(NC(=O)CSc2nc3cccnc3n2C)cc1,0,26,0.4692930281162262,0.5307069718837738
Plain-GCN,3,359,O=C(COc1ccc(S(=O)(=O)N2CCCC2)cc1)NCc1cccnc1,0,26,0.44251352548599243,0.5574864745140076
Plain-GCN,3,360,COC(=O)C1=C(C(=O)OC)SC2(S1)C(C(=O)OC)=C(C(=O)OC)SC1=C2c2cc(C)cc(C)c2NC1(C)C,0,38,0.4620712101459503,0.5379287898540497
Plain-GCN,3,361,COC(=O)c1cn(C(=O)c2cc(OC)cc(OC)c2)c2ccccc12,0,25,0.43259406089782715,0.5674059391021729
Plain-GCN,3,362,COc1ccc(Cn2c(-c3nc4cc(C(=O)N5CCC[C@@H](N)C5)ccn4c3C)cc3ccccc32)nc1,1,37,0.34612369537353516,0.6538763046264648
Plain-GCN,3,363,COc1ccc(/C=N/n2c(=O)c(C(C)(C)C)nn3cnnc23)cc1,0,24,0.4661490023136139,0.5338509976863861
Plain-GCN,3,364,COc1cccc2cc(C(=O)NC3CC(C)(C)NC(C)(C)C3)c(=O)oc12,0,26,0.3984895348548889,0.6015104651451111
Plain-GCN,3,365,COc1ccc(C(=O)NCCc2ccc(C(F)(F)F)cc2)cc1S(=O)(=O)N1CCOCC1,0,32,0.3795934319496155,0.6204065680503845
Plain-GCN,3,366,O=C(O)CN1C(=O)/C(=C\c2ccccc2OCc2ccc(Cl)cc2Cl)SC1=S,0,28,0.44122159481048584,0.5587784051895142
Plain-GCN,3,367,Cc1cc(C)cc(-n2ccnc2SCC(=O)Nc2cccc(S(=O)(=O)NC3=NCCC3)c2)c1,0,33,0.39100411534309387,0.6089958846569061
Plain-GCN,3,368,O=C(NNC(=O)c1cccc(C(F)(F)F)c1)c1ccc(-n2cnnn2)cc1,0,27,0.4214126169681549,0.5785873830318451
Plain-GCN,3,369,Cc1c(-c2cc3ccccc3n2CC2CC2)nc2cc(C(=O)N3CCC4OCCNC4C3)ccn12,1,35,0.3603980839252472,0.6396019160747528
Plain-GCN,3,370,COc1cc(C(=O)N2CC3CCC2[C@@H]3N)cc2nc(-c3cc4ccc(-c5nnnn5C)nc4n3CC3CC3)n(C)c12,1,41,0.4306676387786865,0.5693323612213135
Plain-GCN,3,371,Cc1sc2nc(-c3ccco3)oc(=O)c2c1C,0,17,0.5642701983451843,0.4357298016548157
Plain-GCN,3,372,Cc1cc(C(C#N)c2ccccc2)n2ncnc2n1,0,19,0.4027698338031769,0.5972301661968231
Plain-GCN,3,373,O=C(C1CCCO1)N1CCN(S(=O)(=O)c2ccc(Cl)cc2)CC1,0,23,0.5113530158996582,0.4886469841003418
Plain-GCN,3,374,Cn1c(-c2cncn2CC2CC2)nc2cc(C(=O)N3CCC[C@@H](N)C3)ccc21,0,28,0.35711470246315,0.64288529753685
Plain-GCN,3,375,COc1cc(C(=O)N2CC3CCC2[C@@H]3N)cc2nc(-c3cc4ccc(-c5ccnc(F)c5C)nc4n3CC3CC3)n(C)c12,1,43,0.4464714527130127,0.5535285472869873
Plain-GCN,3,376,O=C(Oc1cccc([N+](=O)[O-])c1)c1ccc2c(=O)n3c(nc2c1)CCC3,0,26,0.45287930965423584,0.5471206903457642
Plain-GCN,3,377,COCCn1nnnc1SCC(=O)N1CCCCC1,0,19,0.6340009570121765,0.3659990429878235
Plain-GCN,3,378,Cc1ccc([N+](=O)[O-])c(C(=O)N/N=C/c2cccnc2)c1,0,21,0.44617608189582825,0.5538239181041718
Plain-GCN,3,379,c1ccc2c(CNC3CCCCC3)c[nH]c2c1,0,17,0.4301610291004181,0.5698389708995819
Plain-GCN,3,380,COC(=O)c1ccc(-c2ncc[nH]2)cc1,0,15,0.5361359715461731,0.4638640284538269
Plain-GCN,3,381,O=S(=O)(/C=C/c1ccccc1)N1CCN(Cc2ccc3c(c2)OCO3)CC1,0,27,0.4242318868637085,0.5757681131362915
Plain-GCN,3,382,COc1ccc(Cl)cc1NC(=O)c1[nH]c(C)c(C(C)=O)c1C,0,22,0.4729366898536682,0.5270633101463318
Plain-GCN,3,383,COc1cccc(NC(=O)Nc2cccs2)c1,0,17,0.5597574710845947,0.4402425289154053
Plain-GCN,3,384,Cn1cnc([N+](=O)[O-])c1Sc1ccc(C(C)(C)C)cc1,0,20,0.5055091381072998,0.4944908618927002
Plain-GCN,3,385,CC(=O)Nc1c(O)nc(SCC(=O)Nc2sc3c(c2C#N)CCCCCC3)[nH]c1=O,0,30,0.4929415285587311,0.5070584714412689
Plain-GCN,3,386,COc1cc(C(=O)N2C[C@H](N)C[C@@H](F)C2)cc2nc(-c3cc4ccc(-c5cccc(F)c5C(=O)O)nc4n3CC3CC3)n(C)c12,1,45,0.4033798575401306,0.5966201424598694
Plain-GCN,3,387,COc1cc(C(=O)N2CC3CCC2[C@@H]3N)cc2nc(-c3cc4ccc(-c5cc(O)ccc5Cl)nc4n3CC3CC3)n(C)c12,1,43,0.42652779817581177,0.5734722018241882
Plain-GCN,3,388,CC(=O)Nc1ccc(NC(=O)C(C)OC(=O)CC2CCCCC2)cc1,0,25,0.4761032164096832,0.5238967835903168
Plain-GCN,3,389,N#Cc1ccc(N2Cc3ccccc3C2=NC(=O)c2cccs2)cc1,0,25,0.4331238865852356,0.5668761134147644
Plain-GCN,3,390,COc1cc(C(=O)N2CC3CCC2[C@@H]3N)cc2nc(-c3cc4ccc(-c5ccc(Cl)c(C(N)=O)c5)nc4n3CC3CC3)n(C)c12,1,45,0.4296155571937561,0.5703844428062439
Plain-GCN,3,391,Cc1[nH]n2c(=O)c3c(nc2c1-c1ccccc1)CCCC3,0,21,0.448088139295578,0.551911860704422
Plain-GCN,3,392,COc1ccc(N(C(=O)c2cccnc2)S(=O)(=O)c2cccc([N+](=O)[O-])c2)cc1,0,29,0.4905024468898773,0.5094975531101227
Plain-GCN,3,393,Cc1ccc(S(=O)(=O)NCCC(=O)Nc2ccc(S(=O)(=O)NC(C)C)cc2)cc1,0,29,0.46811601519584656,0.5318839848041534
Plain-GCN,3,394,O=S(=O)(c1ccc2ccccc2c1)N1CCN(S(=O)(=O)N2CCCCC2)CC1,0,28,0.4612884521484375,0.5387115478515625
Plain-GCN,3,395,O=c1cc(-c2ccc(Cl)cc2)[nH][nH]1,0,13,0.6593779921531677,0.3406220078468323
Plain-GCN,3,396,Cc1sc2ccccc2[n+]1CC(=O)O.[Br-],0,15,0.45445138216018677,0.5455486178398132
Plain-GCN,3,397,Cc1ccc(N(C(=O)c2cccs2)C2C=CS(=O)(=O)C2)cc1,0,22,0.4166451692581177,0.5833548307418823
Plain-GCN,3,398,CC(C)c1ccc(NC2CCCN(C(=O)CCN3CCOCC3)C2)cc1,0,26,0.46123206615448,0.53876793384552
Plain-GCN,3,399,COC1CCCN(C(=O)c2cccc(OC3CCN(S(=O)(=O)N(C)C)CC3)c2)C1,0,29,0.45023733377456665,0.5497626662254333
Plain-GCN,3,400,COc1cc(C(=O)N2C[C@H](N)C[C@@H](F)C2)cc2nc(-c3cc4ccc(-c5ccc(OCC(N)=O)cc5)nc4n3CC3CC3)n(C)c12,1,46,0.3804992735385895,0.6195007264614105
Plain-GCN,3,401,COc1ccc(CCNS(=O)(=O)c2cccc(C(=O)O)c2)cc1OC,0,25,0.45261555910110474,0.5473844408988953
Plain-GCN,3,402,COc1cc(C(=O)N2CC3CCC2[C@@H]3N)cc2nc(-c3cc4ccc(-c5cc(F)c6c(c5)CCC(=O)N6)cc4n3CC3CC3)n(C)c12,1,47,0.48942121863365173,0.5105787813663483
Plain-GCN,3,403,COc1cc(OC)cc(C2C(C#N)=C(N)Oc3n[nH]c(-c4cccnc4)c32)c1,0,28,0.390267938375473,0.609732061624527
Plain-GCN,3,404,Cc1sc2ccccc2[n+]1CCC(C)S(=O)(=O)[O-],0,18,0.40942832827568054,0.5905716717243195
Plain-GCN,3,405,Cc1cccc2sc(N(CCCN(C)C)C(=O)c3ccc4ncsc4c3)nc12,0,28,0.42220252752304077,0.5777974724769592
Plain-GCN,3,406,CN(C)CCCn1c(SCC(=O)N2c3ccccc3Sc3ccccc32)nc2ccccc2c1=O,0,35,0.48207545280456543,0.5179245471954346
Plain-GCN,3,407,C[C@H](CO)N1C[C@H](C)[C@@H](CN(C)Cc2ccc(C(=O)O)cc2)Oc2ccc(NS(=O)(=O)c3cn(C)cn3)cc2C1=O,0,41,0.36301717162132263,0.6369828283786774
Plain-GCN,3,408,O=C(Cc1cc(=O)[nH][nH]1)N/N=C/c1cccc(Cl)c1Cl,0,20,0.44712698459625244,0.5528730154037476
Plain-GCN,3,409,CN1CCc2c(sc3nc(SCC(N)=O)n(-c4ccccc4)c(=O)c23)C1,0,26,0.42248356342315674,0.5775164365768433
Plain-GCN,3,410,COc1ccc(OC)c(S(=O)(=O)Nc2ccccc2C(=O)O)c1,0,23,0.498656690120697,0.501343309879303
Plain-GCN,3,411,CCc1ccccc1N(CC)C(=O)c1cn(C)c(=O)c2cc(OC)c(OC)cc12,0,29,0.4438234567642212,0.5561765432357788
Plain-GCN,3,412,NC(=O)COC(=O)c1ccccc1Nc1ccc(SC(F)F)cc1,0,24,0.4538838565349579,0.5461161434650421
Plain-GCN,3,413,CCOC(=O)N1CCN(c2c(N3CCN(c4cccc(C(F)(F)F)c4)CC3)c(=O)c2=O)CC1,0,33,0.4818524718284607,0.5181475281715393
Plain-GCN,3,414,CCOC(=O)c1[nH]c(=O)c2ccccc2c1O,0,17,0.5241186618804932,0.47588133811950684
Plain-GCN,3,415,COc1cc(C(=O)N2CC3CCC2[C@@H]3N)cc2nc(-c3cc4ccc(-c5ccc(CS(C)(=O)=O)cc5F)nc4n3CC3CC3)n(C)c12,1,47,0.4275374412536621,0.5724625587463379
Plain-GCN,3,416,COc1ccc([N+](=O)[O-])cc1NC(=O)CCS(=O)(=O)c1ccc(Br)cc1,0,26,0.4820971190929413,0.5179028809070587
Plain-GCN,3,417,COc1cc(C(=O)N2[C@H]3CC[C@@H]2[C@H](N)C3)cc2nc(-c3cc4ccc([C@@H](C)NC(=O)N5CCO[C@@H](C)C5)nc4n3CC3CC3)c(C)n12,1,47,0.3648436665534973,0.6351563334465027
Plain-GCN,3,418,Cc1nn(Cc2c(F)c(F)c(F)c(F)c2F)c(C)c1NC(=O)c1c([N+](=O)[O-])c(C)nn1C,0,32,0.5301572680473328,0.46984273195266724
Plain-GCN,3,419,CCC(C)c1ccccc1NC(=O)CN1CCN(C/C=C/c2ccccc2)CC1,0,29,0.4369857907295227,0.5630142092704773
Plain-GCN,3,420,COc1cc(C(=O)N2C[C@H](N)C[C@@H](F)C2)cc2nc(-c3cc4ccc(-c5ccc6c(c5)CCC(=O)N6)nc4n3CC3CC3)n(C)c12,1,46,0.4291277527809143,0.5708722472190857
Plain-GCN,3,421,COc1cc(C(=O)N2C[C@H](N)C[C@@H](F)C2)cc2nc(-c3cc4ccc(-c5ccc(CS(C)(=O)=O)cc5)cc4n3CC3CC3)n(C)c12,1,46,0.4077620804309845,0.5922379195690155
Plain-GCN,3,422,COc1cc(C(=O)N2C[C@H](N)C[C@@H](F)C2)cc2nc(-c3cc4ccc(C5CCNC(=O)C5)nc4n3CC3CC3)n(C)c12,1,42,0.45541301369667053,0.5445869863033295
Plain-GCN,3,423,O=C1Nc2ccc(Br)cc2/C1=C/C(=O)c1ccc2c(c1)OCO2,0,23,0.43967387080192566,0.5603261291980743
Plain-GCN,3,424,COc1ccc(CCN(Cc2ccccn2)C(=S)Nc2ccccc2F)cc1OC,0,30,0.4641970694065094,0.5358029305934906
Plain-GCN,3,425,CCc1c(C)nc2c(C)cccc2c1SCCC#N,0,19,0.4302266538143158,0.5697733461856842
Plain-GCN,3,426,Cn1nc(C(F)(F)F)cc1-c1ccc(S(N)(=O)=O)s1,0,19,0.43488723039627075,0.5651127696037292
Plain-GCN,3,427,CC(=O)Nc1ccc(OC(=O)c2ccco2)cc1,0,18,0.6413176655769348,0.3586823344230652
Plain-GCN,3,428,Cc1cccc(NS(=O)(=O)c2ccc(OCC(=O)N3CCCC3)cc2)c1,0,26,0.44872575998306274,0.5512742400169373
Plain-GCN,3,429,Cc1ccc(C)c(OCCCC(C)(C)C(=O)O)c1,0,18,0.5120048522949219,0.4879951477050781
Plain-GCN,3,430,COC(=O)c1ccc(=O)c2nc3/c(=C/O)c(O)cc(=O)c3[nH]c12,0,23,0.4867307245731354,0.5132692754268646
Plain-GCN,3,431,O=C(NCc1ccccn1)c1ccc2nc(-c3ccco3)c(-c3ccco3)nc2c1,0,30,0.5561708211898804,0.44382917881011963
Plain-GCN,3,432,COc1cc(C(=O)N2CC3CCC2[C@@H]3N)cc2nc(-c3cc4ccc(-c5ccc(C(N)=O)cn5)nc4n3CC3CC3)n(C)c12,1,44,0.40934330224990845,0.5906566977500916
Plain-GCN,3,433,CC12CCC(C(=O)Nc3ccc(SC(F)F)cc3)(CC1=O)C2(C)C,0,24,0.4956299662590027,0.5043700337409973
Plain-GCN,3,434,O=C(Nc1ccc2ccccc2n1)C1CCCCC1,0,19,0.45284172892570496,0.547158271074295
Plain-GCN,3,435,COc1cc(C(=O)N2CC3CCC2[C@@H]3N)cc2nc(-c3cc4ccc(-c5ccc(O)c(-c6ccno6)c5)nc4n3CC3CC3)n(C)c12,1,47,0.41818752884864807,0.5818124711513519
Plain-GCN,3,436,CCCOc1cccc(OCC(=O)Nc2nc3ccccc3[nH]2)c1,0,24,0.5155118703842163,0.4844881296157837
Plain-GCN,3,437,Cc1ccc(/C=N/n2c(-c3cccnc3)n[nH]c2=S)o1,0,20,0.5639755129814148,0.4360244870185852
Plain-GCN,3,438,COc1cc(C(=O)N2C[C@H](N)C[C@@H](F)C2)cc2nc(-c3cc4ccc(-c5cnc6c(c5)OCC(=O)N6)cc4n3CC3CC3)n(C)c12,1,46,0.40509527921676636,0.5949047207832336
Plain-GCN,3,439,CCOC(=O)N1CCN(C(=O)c2cn(CC)c3cc(N4CCN(C)CC4)c(F)cc3c2=O)CC1.Cl,0,35,0.48229268193244934,0.5177073180675507
Plain-GCN,3,440,COc1cc(C(=O)N2C[C@H]3CC[C@@H]2[C@@H]3N)cc2nc(-c3ccc(F)nc3CC3CC3)n(C)c12,1,33,0.3765427768230438,0.6234572231769562
Plain-GCN,3,441,COc1cc(C(=O)N2CC3CCC2[C@@H]3N)cc2nc(-c3cc4ccc(-c5cccc(NS(C)(=O)=O)c5)nc4n3CC3CC3)n(C)c12,1,46,0.41411739587783813,0.5858826041221619
Plain-GCN,3,442,COc1cc(C2OC(=O)c3ccccc3S2)cc(OC)c1OC,0,23,0.516599178314209,0.483400821685791
Plain-GCN,3,443,O=C(c1cc(N2CCOCC2)c(F)cc1[N+](=O)[O-])N1CCOCC1,0,24,0.5025633573532104,0.49743664264678955
Plain-GCN,3,444,O=C(COC(=O)CCCc1c[nH]c2ccccc12)Nc1ccc2c(c1)OCO2,0,28,0.4641984701156616,0.5358015298843384
Plain-GCN,3,445,CC(C)c1ccccc1NC(=S)NC1CCN(Cc2ccccc2)CC1,0,26,0.4337608814239502,0.5662391185760498
Plain-GCN,3,446,CCOc1ccc2c(c1)-c1c(ssc1=S)C(C)(C)N2C(=O)CSC1=NCCS1,0,28,0.4256824851036072,0.5743175148963928
Plain-GCN,3,447,O=C(CSc1n[nH]c(-c2ccccc2)n1)N1CCCC1,0,20,0.4699177145957947,0.5300822854042053
Plain-GCN,3,448,O=C(NNC(=S)NC(=O)c1cn(-c2ccccc2)nc1-c1ccccc1)c1ccncc1,0,32,0.4857512414455414,0.5142487585544586
Plain-GCN,3,449,O=C(COC(=O)c1ccc(Br)o1)NCc1ccc(Cl)cc1,0,21,0.55353182554245,0.44646817445755005
Plain-GCN,3,450,CCCOC(=S)NC(=O)c1sc2ccccc2c1Cl,0,19,0.4394311010837555,0.5605688989162445
Plain-GCN,3,451,CN(C(=O)COC(=O)c1cccc(S(=O)(=O)N2CCOCC2)c1)C1CCS(=O)(=O)C1,0,30,0.45627424120903015,0.5437257587909698
Plain-GCN,3,452,O=C(NCc1cccs1)c1ccc2c(c1)ncn2C1CCCC1,0,23,0.3823096454143524,0.6176903545856476
Plain-GCN,3,453,COc1cc2oc3ccccc3c(=O)c2cc1OC,0,19,0.5540364384651184,0.4459635615348816
Plain-GCN,3,454,O=C1c2ccccc2C(=O)N1CCCc1cn(C[C@H]2CC[C@@H]([C@@H]3CC[C@H](Cn4cc(CCCN5C(=O)c6ccccc6C5=O)nn4)O3)O2)nn1,0,50,0.39272645115852356,0.6072735488414764
Plain-GCN,3,455,N#C/C(=C\C=C\c1ccccc1)C(=O)NCc1cccnc1,0,22,0.38381314277648926,0.6161868572235107
Plain-GCN,3,456,COCCN(CCOC)C(=O)c1ccc(CSc2nc3ccccc3s2)cc1,0,28,0.4288240373134613,0.5711759626865387
Plain-GCN,3,457,C=CCN(Cc1ccc(Cl)s1)C(=O)c1cc(S(=O)(=O)N2CCOCC2)ccc1F,0,29,0.40365126729011536,0.5963487327098846
Plain-GCN,3,458,COc1cc(C(=O)N2C[C@H](N)C[C@@H](F)C2)cc2nc(-c3cc4ccc(-c5ccc(CC(N)=O)nc5)nc4n3CC3CC3)n(C)c12,1,45,0.4067789316177368,0.5932210683822632
Plain-GCN,3,459,COc1ccc(OC)c(N2Cc3cc(C)c(C)cc3C2)c1,0,21,0.4717666208744049,0.5282333791255951
Plain-GCN,3,460,COc1ccccc1-c1nnc(NC(=O)c2ccc3ncsc3c2)o1,0,25,0.5290394425392151,0.4709605574607849
Plain-GCN,3,461,O=C(C1CCCC1)N1CCC(CC2CC(c3ccc(Cl)cc3)=NO2)(C(=O)NCC2CCCCC2)CC1,0,36,0.49476298689842224,0.5052370131015778
Plain-GCN,3,462,C=CC(COCc1ccccc1)N(Cc1ccccc1)S(=O)(=O)c1ccccc1Br,0,30,0.48930495977401733,0.5106950402259827
Plain-GCN,3,463,CN(C)C(=O)c1ccc(NC(=O)c2cccc(S(=O)(=O)N3CCCc4ccccc43)c2)cc1,0,33,0.41672369837760925,0.5832763016223907
Plain-GCN,3,464,O=C1c2ccccc2-c2onc3c(N4CCN(CCO)CC4)cc(N4CCN(C(=O)c5ccco5)CC4)c1c23,0,39,0.4364282190799713,0.5635717809200287
Plain-GCN,3,465,COc1ccc(Cl)cc1C(=O)NNC(=O)c1cccs1,0,20,0.5108774900436401,0.48912250995635986
Plain-GCN,3,466,COC(=O)c1ccc(-c2ccc3cc(-c4nc5cc(C(=O)N6CC7CCC6[C@@H]7N)cc(OC)c5n4C)n(CC4CC4)c3n2)cc1O,1,46,0.4188617765903473,0.5811382234096527
Plain-GCN,3,467,Cc1nc(Cl)c2c(n1)NC1=C(O2)C(=O)CCC1,0,17,0.4981437027454376,0.5018562972545624
Plain-GCN,3,468,CC1Cc2ccccc2N1C(=O)CSc1nnc(CSc2ncccn2)n1C,0,28,0.456453412771225,0.543546587228775
Plain-GCN,3,469,CCCCn1c(=O)c(C(=O)Nc2ccccc2F)c(O)c2ccccc21,0,26,0.42932406067848206,0.5706759393215179
Plain-GCN,3,470,CCN(c1ccccc1)S(=O)(=O)c1ccc(Cl)c(C(=O)O)c1,0,22,0.45813053846359253,0.5418694615364075
Plain-GCN,3,471,COc1cc(C(=O)N2CC3CCC2[C@@H]3N)cc2nc(-c3cc4ccc(Nc5cccc(C(N)=O)c5)nc4n3CC3CC3)n(C)c12,1,45,0.3924442231655121,0.6075557768344879
Plain-GCN,3,472,COc1cc(C(=O)N2C[C@H](N)CC[C@@H]2C)cc2nc(-c3cc4ccc(-c5ccc6c(c5)CC(=O)N6)nc4n3CC3CC3)n(C)c12,1,45,0.4040311574935913,0.5959688425064087
Plain-GCN,3,473,COc1cc(C(=O)N2CC3CCC2[C@@H]3N)cc2nc(-c3cc4ccc(-c5ccc(NC(C)=O)c(C(=O)O)c5)nc4n3CC3CC3)n(C)c12,1,48,0.40909019112586975,0.5909098088741302
Plain-GCN,3,474,O=C(N1CCOCC1)N1CCN(c2ccccc2F)CC1,0,21,0.5117232203483582,0.48827677965164185
Plain-GCN,3,475,CC1(OC(=O)c2ccc(Cl)nc2)C(=O)C=C2C=C(C3CC3)OC=C2C1=O,0,26,0.4179379642009735,0.5820620357990265
Plain-GCN,3,476,CCCNC(=S)Nc1ccc(CC(=O)OC)cc1,0,18,0.4205135405063629,0.5794864594936371
Plain-GCN,3,477,COc1ccc(OC)c(NC(=S)NCc2cccs2)c1,0,20,0.5222638845443726,0.47773611545562744
Plain-GCN,3,478,CCCN(CCC)S(=O)(=O)c1ccc(NC(=O)c2cc(C(=O)OC)cc([N+](=O)[O-])c2)cc1,0,32,0.4241054654121399,0.5758945345878601
Plain-GCN,3,479,COc1ccc(C2CC(c3cccs3)=NN2C(=O)CSC2=NCCS2)cc1,0,27,0.4912729263305664,0.5087270736694336
Plain-GCN,3,480,O=C1C2CCCCC2C(=O)N1c1ccc(NC2CCCCC2)c([N+](=O)[O-])c1,0,27,0.4827885925769806,0.5172114074230194
Plain-GCN,3,481,COc1ccc(N(CC(O)CN2C(=O)NC(C)(C)C2=O)S(=O)(=O)c2ccc(C)cc2)cc1,0,32,0.3717096447944641,0.6282903552055359
Plain-GCN,3,482,CCOc1ccc(OCC(=O)Nc2ccc(OC)cc2)cc1,0,22,0.613767683506012,0.38623231649398804
Plain-GCN,3,483,Cc1ccc(N(NC(=O)C(O)(c2ccccc2)c2ccccc2)C(=O)CCl)cc1,0,29,0.4875461757183075,0.5124538242816925
Plain-GCN,3,484,O=C(Oc1ccccc1C(=O)Nc1ccccc1)c1ccc(Br)c([N+](=O)[O-])c1,0,28,0.5478245615959167,0.45217543840408325
Plain-GCN,3,485,CC(C)Cc1nn2c(=O)cc(O)nc2s1,0,15,0.5657538771629333,0.43424612283706665
Plain-GCN,3,486,COc1ccc(C(=O)C2CCCN(C(=O)c3ccc4nccnc4c3)C2)c(C)c1,0,29,0.41853249073028564,0.5814675092697144
Plain-GCN,3,487,COc1cc(C(=O)N2C[C@H](N)C[C@@H](F)C2)cc2nc(-c3cc4ccc(C(=O)Nc5ccc(S(N)(=O)=O)cc5)nc4n3CC3CC3)n(C)c12,1,48,0.36658117175102234,0.6334188282489777
Plain-GCN,3,488,COc1ccc(OC(C)C(=O)N(C)Cc2nc(-c3ccccc3)no2)cc1,0,27,0.5072442889213562,0.4927557110786438
Plain-GCN,3,489,COc1cc(C(=O)N2CC3CCC2[C@@H]3N)cc2nc(-c3cc4ccc(Nc5ccncc5CO)nc4n3CC3CC3)n(C)c12,1,44,0.3928968012332916,0.6071031987667084
Plain-GCN,3,490,CN(C)/C=C(\C#N)S(=O)(=O)c1ccccc1,0,16,0.38745981454849243,0.6125401854515076
Plain-GCN,3,491,CC(=O)N1CCC(=NNc2nc3ccccc3[nH]2)CC1.O=C(O)C(=O)O,0,26,0.43615174293518066,0.5638482570648193
Plain-GCN,3,492,COc1cc(C(=O)N2CC3CCC2[C@@H]3N)cc2nc(-c3cc4ccc(-c5cc(F)c6c(c5)CCN(C(C)=O)C6)nc4n3CC3CC3)n(C)c12,1,49,0.4706495404243469,0.5293504595756531
Plain-GCN,3,493,CCc1ncc(/C=C2\C(=O)Nc3ccccc32)[nH]1,0,18,0.37299811840057373,0.6270018815994263
Plain-GCN,3,494,COc1cc(C(=O)N2CC3CCC2[C@@H]3N)cc2nc(-c3cc4ccc(-c5ccc6oc(=O)[nH]c6c5)cc4n3CC3CC3)n(C)c12,1,45,0.43512290716171265,0.5648770928382874
Plain-GCN,3,495,C/C(CC(=O)Nc1ccc(Cl)c(C(F)(F)F)c1)=N\NC(=O)c1cnccn1,0,27,0.4129086434841156,0.5870913565158844
Plain-GCN,3,496,COc1ccc(-c2ccc3cc(-c4nc5cc(C(=O)N6C[C@H]7CC[C@@H]6[C@@H]7N)cc(OC)c5n4C)n(CC4CC4)c3c2)c(F)c1,1,44,0.40943753719329834,0.5905624628067017
Plain-GCN,3,497,COc1ccccc1-c1oc2ccccc2c1-c1ccccc1OC,0,25,0.6154136061668396,0.3845863938331604
Plain-GCN,3,498,CCC1(C)Cc2c(sc(NC(=O)CCC(=O)O)c2C#N)CO1,0,22,0.44113191962242126,0.5588680803775787
Plain-GCN,3,499,C=CCn1c(Cc2csc(N)n2)nnc1SCC(=O)OCC,0,22,0.4542976915836334,0.5457023084163666
Plain-GCN,3,500,C=CCOc1ccccc1CNCCCN1CCOCC1.Cl,0,22,0.409612774848938,0.590387225151062
Plain-GCN,3,501,COc1ccc(CCNC(=O)c2c(-c3ccccc3)noc2C)cc1OC,0,27,0.4182484447956085,0.5817515552043915
Plain-GCN,3,502,Cn1nccc1NC(=O)c1nccnc1C(=O)O,0,18,0.5238735675811768,0.47612643241882324
Plain-GCN,3,503,C/C(=N\Nc1nc2c(s1)CCCC2)c1ccc(Cl)cc1.Cl,0,21,0.4485975205898285,0.5514024794101715
Plain-GCN,3,504,Oc1ccc(-c2cnc3ccccc3n2)cc1,0,17,0.6878949403762817,0.31210505962371826
Plain-GCN,3,505,COc1cc(C(=O)N2CCC[C@@H](N)C2)cc2nc(-c3ccc(C#N)n3CC3CCOCC3)n(C)c12,0,35,0.38329508900642395,0.616704910993576
Plain-GCN,3,506,COc1cc(C(=O)OCC(=O)Nc2ccc(S(=O)(=O)N3CCCC3)cc2)cc(OC)c1OC,0,33,0.43943071365356445,0.5605692863464355
Plain-GCN,3,0,O=C1CSC(=Nc2cccc(Cl)c2Cl)N1,0,15,0.494630366563797,0.505369633436203
Plain-GCN,3,1,Cc1sc2c3ccsc3ccc2[n+]1C.[I-],0,15,0.5042917132377625,0.49570828676223755
Plain-GCN,3,2,CCc1cc(=O)oc2c(C)c(OC(C)C(=O)N3CCC[C@@H]3C(=O)O)ccc12,0,27,0.42134642601013184,0.5786535739898682
Plain-GCN,3,3,Cc1ccc(OCC(=O)N2CCN(S(=O)(=O)c3ccccc3[N+](=O)[O-])CC2)cc1,0,29,0.4755813777446747,0.5244186222553253
Plain-GCN,3,4,CCc1cc(NC(C)=O)ccc1-c1ccc2cc(-c3nc4cc(C(=O)N5CC6CCC5[C@@H]6N)cc(OC)c4n3C)n(CC3CC3)c2n1,1,47,0.4170190393924713,0.5829809606075287
Plain-GCN,3,5,COc1cc(-c2ccc3cc(-c4nc5cc(C(=O)N6CC7CCC6[C@@H]7N)cc(OC)c5n4C)n(CC4CC4)c3n2)ccc1CC(N)=O,1,47,0.4433113634586334,0.5566886365413666
Plain-GCN,3,6,C/C(=N\NS(C)(=O)=O)c1ccccc1,0,14,0.45053210854530334,0.5494678914546967
Plain-GCN,3,7,Cc1nn2c(N3CCN(C)CC3)c3c(nc2c1-c1ccccc1)CCCC3,0,27,0.4338439702987671,0.5661560297012329
Plain-GCN,3,8,Cc1ccc([C@@H]2C3COCC=C3C(C#N)=C(N)C2(C#N)C#N)o1,0,23,0.5033175349235535,0.49668246507644653
Plain-GCN,3,9,CCN(c1ccccc1)S(=O)(=O)c1ccc(F)c(C(=O)O)c1,0,22,0.39538171887397766,0.6046182811260223
Plain-GCN,3,10,COc1cc(C(=O)N2C[C@H](N)C[C@@H](F)C2)cc2nc(-c3cc4ccc(-c5ccc(C(N)=O)cc5C(F)(F)F)nc4n3CC3CC3)n(C)c12,1,48,0.3913680613040924,0.6086319386959076
Plain-GCN,3,11,O=C(CCNC(=O)C1CCN(S(=O)(=O)c2ccc(F)cc2)CC1)NCc1ccccc1Cl,0,32,0.40069711208343506,0.5993028879165649
Plain-GCN,3,12,Cn1nnnc1SCc1ccccc1F,0,15,0.4284062087535858,0.5715937912464142
Plain-GCN,3,13,C/C(N)=C(/C#N)C(=O)COC(=O)C(NS(=O)(=O)c1ccc(Cl)cc1)C(C)O,0,27,0.4615393280982971,0.5384606719017029
Plain-GCN,3,14,C=CCOC(=O)C1=C(C)NC(C)=C(C(=O)OCC=C)C1c1ccc(C)o1,0,26,0.4601745009422302,0.5398254990577698
Plain-GCN,3,15,Cc1ccc(-n2ncc3c2CCCC3NC(=O)c2ccoc2)cc1C,0,25,0.37839701771736145,0.6216029822826385
Plain-GCN,3,16,CCCN1CCN(S(=O)(=O)c2ccc3c(c2)CC(C)N3C(=O)C2CC2)CC1,0,27,0.4382770359516144,0.5617229640483856
Plain-GCN,3,17,CCN1CCN(Cc2c(O)c(Cl)cc3c(C)cc(=O)oc23)CC1,0,23,0.47486692667007446,0.5251330733299255
Plain-GCN,3,18,COc1cc(C(=O)N2[C@H]3CC[C@@H]2[C@H](N)C3)cc2nc(-c3cc4ccc([C@@H](C)NC(=O)CCC(=O)O)nc4n3CC3CC3)c(C)n12,1,45,0.4174574017524719,0.5825425982475281
Plain-GCN,3,19,COc1cc(C(=O)N2C[C@H](N)C[C@@H](F)C2)cc2nc(-c3cc4ccc(C5=CC(F)C=C6N=C(C)C(=O)N=C65)nc4n3CC3CC3)n(C)c12,1,48,0.40909022092819214,0.5909097790718079
Plain-GCN,3,20,Cc1cc(C(C)(C)C)ccc1OCCN1CCCC1,0,19,0.5337092280387878,0.46629077196121216
Plain-GCN,3,21,CC1(C)CC(=O)c2cc(C(=O)NC3CCSC3=O)c(=O)n(-c3ccc(Cl)cc3)c2C1,0,30,0.3608403205871582,0.6391596794128418
Plain-GCN,3,22,COc1cccc(CN2CCN(C(=O)Nc3ccc([N+](=O)[O-])cc3)CC2)c1,0,27,0.4520072042942047,0.5479927957057953
Plain-GCN,3,23,CCCCn1nc2cc(C(=O)NCC34CC5CC(CC(C5)C3)C4)ccc2c1OCC,0,30,0.3931538164615631,0.6068461835384369
Plain-GCN,3,24,CCCCCCn1c(=O)[nH]c2nc3cc(N)ccc3nc2c1=O,0,23,0.4380814731121063,0.5619185268878937
Plain-GCN,3,25,Cn1cccc1/C=C1\SC(=S)N(NC(=O)c2ccc(F)cc2)C1=O,0,24,0.4632236659526825,0.5367763340473175
Plain-GCN,3,26,O=C(CSc1nc2ccccc2s1)NC1CCCC1,0,19,0.42240333557128906,0.5775966644287109
Plain-GCN,3,27,COc1cc(C(=O)N2CC3CCC2[C@@H]3N)cc2nc(-c3cc4ccc(-c5cc(O)ccc5F)cc4n3CC3CC3)n(C)c12,1,43,0.46419215202331543,0.5358078479766846
Plain-GCN,3,28,COc1ccccc1N1CCN(C(=O)C(=O)c2cn(CC(=O)N3CCOCC3)c3ccccc23)CC1,0,36,0.3813566565513611,0.6186433434486389
Plain-GCN,3,29,O=C(COC(=O)c1cccnc1Cl)c1ccc(OC(F)F)cc1,0,23,0.41795021295547485,0.5820497870445251
Plain-GCN,3,30,COc1cc(C(=O)N2C[C@H](N)C[C@@H](F)C2)cc2nc(-c3cc4ccc(-c5ccc6[nH]c(=O)cc(O)c6c5)nc4n3CC3CC3)n(C)c12,1,47,0.3977995812892914,0.6022004187107086
Plain-GCN,3,31,CCCN=C1N(C)C[C@@H]2[C@@H]3C(=O)N(Cc4ccccc4)C(=O)[C@@H]3[C@](Cc3ccccc3)(C(=O)OC)N12.O=C(O)C(F)(F)F,0,43,0.4005541205406189,0.5994458794593811
Plain-GCN,3,32,CCCc1nc([N+](=O)[O-])c(S(=O)(=O)c2ccccc2)n1CC(C)C,0,24,0.4059123396873474,0.5940876603126526
Plain-GCN,3,33,Cc1ccc2c(c1)N(C(C)C(=O)NCc1ccccn1)C(=O)CO2,0,24,0.4329599142074585,0.5670400857925415
Plain-GCN,3,34,CCOC(=O)C1CCCN(C(=S)Nc2cc(C)cc(C)c2)C1,0,22,0.44710245728492737,0.5528975427150726
Plain-GCN,3,35,OCCC1CN(CCCc2ccccc2)CCN1Cc1ccccc1,0,25,0.5104806423187256,0.4895193576812744
Plain-GCN,3,36,COc1cc(C(=O)N2CC3CCC2[C@@H]3N)cc2nc(-c3cc4ccc(Nc5cncnc5)cc4n3CC3CC3)n(C)c12,1,42,0.45218372344970703,0.547816276550293
Plain-GCN,3,37,CN1C2C=C3C(C#N)=C(N)C(C#N)(C#N)[C@@H](c4cccs4)C3C1CC2,0,25,0.46149954199790955,0.5385004580020905
Plain-GCN,3,38,CCOc1ccccc1NC(=S)NCc1ccccc1,0,20,0.5124103426933289,0.48758965730667114
Plain-GCN,3,39,CCCCNC(=O)CCC(=O)Nc1ccc2nc(N3CCN(C)CC3)cc(C)c2c1,0,30,0.3966345191001892,0.6033654808998108
Plain-GCN,3,40,COc1cc(C(=O)N2C[C@H](N)C[C@@H](F)C2)cc2nc(-c3cc4ccc(C(=O)NC5CCC(=O)NC5=O)nc4n3CC3CC3)n(C)c12,1,46,0.43304872512817383,0.5669512748718262
Plain-GCN,3,41,CC(C)=N/N=C(/c1ccc([N+](=O)[O-])cc1)C12CN3CN(CN(C3)C1)C2,0,25,0.4236796200275421,0.5763203799724579
Plain-GCN,3,42,CNC(=O)Nc1ccccc1NC(=O)NC,0,16,0.5159317255020142,0.48406827449798584
Plain-GCN,3,43,Cc1c(NC(=O)CN2CCCc3ccccc32)c(=O)n(-c2ccccc2)n1C,0,28,0.4468510150909424,0.5531489849090576
Plain-GCN,3,44,COc1ccc(C2CC(c3ccc(C)cc3)Nc3ncnn32)cc1,0,24,0.4325333833694458,0.5674666166305542
Plain-GCN,3,45,COc1cc(C(=O)N2CC3CCC2[C@@H]3N)cc2nc(-c3cc4ccc(C5C=CC6=NC(=O)NC6=C5)nc4n3CC3CC3)n(C)c12,1,45,0.45218679308891296,0.547813206911087
Plain-GCN,3,46,Nn1c(SCC(=O)Nc2cc(C(F)(F)F)ccc2Cl)nncc1=O,0,24,0.45835214853286743,0.5416478514671326
Plain-GCN,3,47,COc1ccc(C2CC(c3ccc(Br)cc3)=NN2C(=O)c2cccnc2)cc1,0,28,0.4335157573223114,0.5664842426776886
Plain-GCN,3,48,Cc1cc(N/N=C/c2ccc(O)cc2O)nc(-c2ccccc2O)n1,0,25,0.48932120203971863,0.5106787979602814
Plain-GCN,3,49,COc1cc(-c2ccc3cc(-c4nc5cc(C(=O)N6CC7CCC6[C@@H]7N)cc(OC)c5n4C)n(CC4CC4)c3c2)c(F)cc1O,1,45,0.46793314814567566,0.5320668518543243
Plain-GCN,3,50,Cc1ccc(NC2=C/C(=N/S(=O)(=O)c3cccs3)c3ccccc3C2=O)cc1,0,28,0.43215319514274597,0.567846804857254
Plain-GCN,3,51,COc1cc(C(=O)N2CC3CCC2[C@@H]3N)cc2nc(-c3cc4ccc(-c5ccc6c(c5)C(=O)CS(=O)(=O)N6C)cc4n3CC3CC3)n(C)c12,1,49,0.42097699642181396,0.579023003578186
Plain-GCN,3,52,COc1cc(C(=O)N2CC3CCC2[C@@H]3N)cc2nc(-c3cc4ccc(Nc5cnc(C#N)nc5)nc4n3CC3CC3)n(C)c12,1,44,0.4571397006511688,0.5428602993488312
Plain-GCN,3,53,C=CCn1c(SCC(=O)N2CCOCC2)nc2sc3c(c2c1=O)CCCC3,0,27,0.4834834635257721,0.5165165364742279
Plain-GCN,3,54,COc1cc(C(=O)N2C[C@H](N)C[C@@H](F)C2)cc2nc(-c3cc4ccc(C5=CC6=NC(=O)NC6N=C5)cc4n3CC3CC3)n(C)c12,1,45,0.453528493642807,0.546471506357193
Plain-GCN,3,55,O=C(Nc1ccc(F)cc1F)c1c(C(F)(F)F)ccnc1Oc1ccccc1,0,28,0.4241894781589508,0.5758105218410492
Plain-GCN,3,56,CCC1CCCCN1C(=O)CCNS(=O)(=O)c1ccc2c(c1)oc(=O)n2C,0,27,0.4014270007610321,0.5985729992389679
Plain-GCN,3,57,S=c1nccc(-c2ccc3c(c2)CCO3)[nH]1,0,16,0.44427353143692017,0.5557264685630798
Plain-GCN,3,58,COc1cc(C(=O)N2C[C@H](N)CC[C@@H]2C)cc2nc(-c3cc4ccc(-c5ccc(C(N)=O)c(F)c5)nc4n3CC3CC3)n(C)c12,1,45,0.40569472312927246,0.5943052768707275
Plain-GCN,3,59,Cc1ccc(Nc2ncccc2C(N)=O)cc1,0,17,0.49201226234436035,0.5079877376556396
Plain-GCN,3,60,CCOc1ccccc1NC(=O)CSc1nc(=O)n(Cc2ccncc2)c2c1CCC2,0,31,0.43738800287246704,0.562611997127533
Plain-GCN,3,61,COc1ccc(NC2=NC(=S)N(c3ccc(C)cc3)C23CCCCC3)cc1,0,27,0.43319961428642273,0.5668003857135773
Plain-GCN,3,62,COc1ccc(-n2ncc3c2CC(C)(C)CC3NC(=O)C2CCN(C(C)=O)CC2)cc1,0,31,0.3775748014450073,0.6224251985549927
Plain-GCN,3,63,Cc1ccc(/C=N/c2sc3c(c2C(N)=O)CCCC3)o1,0,20,0.4803699851036072,0.5196300148963928
Plain-GCN,3,64,COc1cc(C(=O)N2CC3CCC2[C@@H]3N)cc2nc(-c3cc4ccc(N5CCC6(CC5)CNC6=O)nc4n3CC3CC3)n(C)c12,1,45,0.4273326098918915,0.5726673901081085
Plain-GCN,3,65,CC1N=C2c3ccccc3N=C(SCc3cc(=O)n4cc(Cl)ccc4n3)N2C1=O,0,29,0.4456058442592621,0.5543941557407379
Plain-GCN,3,66,COc1cc(C(=O)N2CC3CCC2[C@@H]3N)cc2nc(-c3cc4ccc(-c5cnc6[nH]c(=O)ccc6c5)cc4n3CC3CC3)n(C)c12,1,46,0.4509996175765991,0.5490003824234009
Plain-GCN,3,67,Cc1ccc(C(=O)NCC(=O)OCC(=O)c2c(N)n(C)c(=O)n(C)c2=O)s1,0,27,0.4796893894672394,0.5203106105327606
Plain-GCN,3,68,COc1cc(C(=O)N2CC3CCC2[C@@H]3N)cc2nc(-c3cc4ccc(Nc5ccnc(C#N)c5)nc4n3CC3CC3)n(C)c12,1,44,0.44535499811172485,0.5546450018882751
Plain-GCN,3,69,O=C(O)CSCC(=O)N1CCN(c2nc3cc(Cl)ccc3s2)CC1,0,24,0.5399174690246582,0.4600825309753418
Plain-GCN,3,70,COc1cc(C(=O)N2CC3CCC2[C@@H]3N)cc2nc(-c3cc4ccc(-c5ccc(C(=O)Nc6ccncc6)cc5)cc4n3CC3CC3)n(C)c12,1,50,0.39488500356674194,0.6051149964332581
Plain-GCN,3,71,O=C(Oc1ccc(Br)cc1)c1cccnc1,0,16,0.5657938718795776,0.43420612812042236
Plain-GCN,3,72,COc1cc(C(=O)N2C[C@H](N)C[C@@H](F)C2)cc2nc(-c3cc4ccc(-c5ccn(C)c(=O)c5)nc4n3CC3CC3)n(C)c12,1,43,0.40778568387031555,0.5922143161296844
Plain-GCN,3,73,COc1ccc(C2C3=C(N=C4SCC(=O)N42)c2ccccc2CC3)cc1OC,0,28,0.3767806589603424,0.6232193410396576
Plain-GCN,3,74,Fc1ccc(-c2ccc(Nc3cccc(F)c3)nn2)cc1,0,21,0.5342822074890137,0.46571779251098633
Plain-GCN,3,75,S=c1[nH]nc(-c2ccc3ccccc3n2)n1-c1ccc2c(c1)OCCO2,0,26,0.49722298979759216,0.5027770102024078
Plain-GCN,3,76,CC1(C)CC(NC(=O)N2c3ccccc3Sc3ccccc32)CC(C)(C)N1,0,27,0.4018014669418335,0.5981985330581665
Plain-GCN,3,77,Cc1c(-c2cc3ccccc3n2Cc2ccoc2)nc2cc(C(=O)N3CCC[C@@H](N)C3)ccn12,1,34,0.34933656454086304,0.650663435459137
Plain-GCN,3,78,Cc1cccc(C)c1NC(=O)CSc1nnc(C2CCCCC2)o1,0,24,0.4666123390197754,0.5333876609802246
Plain-GCN,3,79,COc1cc(C(=O)N2CC3CCC2[C@@H]3N)cc2nc(-c3cc4ccc(-c5[nH]ccc(=O)c5F)nc4n3CC3CC3)n(C)c12,1,43,0.4279940724372864,0.5720059275627136
Plain-GCN,3,80,COc1cc(C(=O)N2CC3CCC2[C@@H]3N)cc2nc(-c3cc4ccc(-c5ccc(N6CCCC(O)C6=O)c(F)c5)nc4n3CC3CC3)n(C)c12,1,50,0.4349452555179596,0.5650547444820404
Plain-GCN,3,81,COc1ccc(N)cc1-n1c(C)ccc1C,0,16,0.4477820098400116,0.5522179901599884
Plain-GCN,3,82,Cc1cc(C)n(/N=C/c2cccs2)c(=O)c1C#N,0,18,0.4671621024608612,0.5328378975391388
Plain-GCN,3,83,COc1ccc(C(=O)CSC#N)cc1OC,0,16,0.4440787136554718,0.5559212863445282
Plain-GCN,3,84,O=C1OCCN1C(=O)[C@H]1[C@H](c2ccc(Cl)cc2)C(c2ccc(F)cc2)=NN1c1ccccc1,0,33,0.47296473383903503,0.527035266160965
Plain-GCN,3,85,CCOC(=O)c1[nH]c2c(c1-c1ccccc1)C(=O)CC(c1ccc(Cl)cc1)C2,0,28,0.41447529196739197,0.585524708032608
Plain-GCN,3,86,COc1cc(C(=O)N2CCC[C@@H](N)C2)cc2nc(-c3ccc(C(=O)N(Cc4ccccc4)c4ccccc4)n3CC3CC3)n(C)c12,0,46,0.3408818244934082,0.6591181755065918
Plain-GCN,3,87,CC(=O)Nc1cccc(-c2nnc(-c3ccccc3)o2)c1,0,21,0.4806981682777405,0.5193018317222595
Plain-GCN,3,88,O=C1CCC(C(=O)OC(C(=O)c2c[nH]c3ccccc23)c2ccccc2)=NN1,0,28,0.41608044505119324,0.5839195549488068
Plain-GCN,3,89,O=C(CSS(=O)(=O)[O-])N1CCN(C(=O)c2ccoc2)CC1.[Na+],0,22,0.5302653908729553,0.4697346091270447
Plain-GCN,3,90,O=C(COc1ccc(F)cc1)N/N=C/c1cccc2cccnc12,0,24,0.4348960220813751,0.5651039779186249
Plain-GCN,3,91,COc1cc(C(=O)N2CC3CCC2[C@@H]3N)cc2nc(-c3cc4ccc(-c5ccc(CC(N)=O)cc5)nc4n3CC3CC3)n(C)c12,1,45,0.41488248109817505,0.585117518901825
Plain-GCN,3,92,COc1ccc(CN2CC[C@H]3C=CCc4cccc(c43)C2)cc1,0,23,0.41112422943115234,0.5888757705688477
Plain-GCN,3,93,COc1ccc(/C=N\N=C(N)N)cc1.O=[N+]([O-])O,0,18,0.42915794253349304,0.570842057466507
Plain-GCN,3,94,COc1cccc(/C=N/NC(=O)c2cnn(-c3ccccc3)c2N)c1,0,25,0.4196716547012329,0.5803283452987671
Plain-GCN,3,95,COc1cc(C(=O)N2CC3CCC2[C@@H]3N)cc2nc(-c3cc4ccc(-c5cnc(C(N)=O)c(F)c5)nc4n3CC3CC3)n(C)c12,1,45,0.46095824241638184,0.5390417575836182
Plain-GCN,3,96,COc1cccc(Cn2c(-c3nc4cc(C(=O)N5CCC[C@@H](N)C5)ccn4c3C)cc3cc(F)ccc32)c1,1,38,0.36302563548088074,0.6369743645191193
Plain-GCN,3,97,Cc1noc(NC(=O)c2ccc(Cl)cc2)c1Cl,0,17,0.5199485421180725,0.4800514578819275
Plain-GCN,3,98,CCOC(=O)CSC1=NC(=O)/C(=C\c2ccc(OC(C)=O)cc2)S1,0,24,0.5162106156349182,0.4837893843650818
Plain-GCN,3,99,C=CCn1sc(N)c(C(=O)OCC)c1=S,0,15,0.49726274609565735,0.5027372539043427
Plain-GCN,3,100,CC(c1nc2ccccc2s1)N(C)C(=O)c1ccccc1F,0,22,0.5228366851806641,0.47716331481933594
Plain-GCN,3,101,COCCn1c(C)cc(C(=O)COC(=O)c2ccc(N3CCCC3=O)cc2)c1C,0,29,0.44748303294181824,0.5525169670581818
Plain-GCN,3,102,CC1CCC2(CC1)SCC(=O)N2c1ccc(F)cc1,0,19,0.4787202477455139,0.5212797522544861
Plain-GCN,3,103,O=C1C(Cl)=C(N2CCOCC2)C(=O)N1c1cccc(C(F)(F)F)c1,0,24,0.4155956208705902,0.5844043791294098
Plain-GCN,3,104,COc1ncc(-c2ccc3cc(-c4nc5cc(C(=O)N6CC7CCC6[C@@H]7N)cc(OC)c5n4C)n(CC4CC4)c3n2)cc1O,1,44,0.44760778546333313,0.5523922145366669
Plain-GCN,3,105,COc1cc(C(=O)N2C[C@H](N)C[C@@H](F)C2)cc2nc(-c3cc4ccc(-c5cccc(O)c5F)nc4n3CC3CC3)n(C)c12,1,43,0.40989482402801514,0.5901051759719849
Plain-GCN,3,106,CC(C)c1nccn1CCN1C(=O)NC(C)(C)C1=O,0,19,0.3805256485939026,0.6194743514060974
Plain-GCN,3,107,CC(C)C(=O)N(c1cc2sc(=O)oc2c2ccccc12)S(=O)(=O)c1cccs1,0,28,0.4713025689125061,0.5286974310874939
Plain-GCN,3,108,Cc1oc2c(c1C(=O)NCc1cccnc1)C(=O)c1ccccc1C2=O,0,26,0.3778393566608429,0.6221606433391571
Plain-GCN,3,109,COc1cc(C(=O)N2C[C@H](N)C[C@@H](F)C2)cc2nc(-c3cc4ccc(-c5cc(Cl)c(O)cc5C)nc4n3CC3CC3)n(C)c12,1,44,0.41087499260902405,0.589125007390976
Plain-GCN,3,110,Cc1cccc(NC(=S)N2CCCCCC2)c1,0,17,0.45191332697868347,0.5480866730213165
Plain-GCN,3,111,CCC1c2ccc(C)n2CCN1C(=O)Nc1cc(Cl)ccc1OC,0,24,0.43285635113716125,0.5671436488628387
Plain-GCN,3,112,CC1CC(C)(C)NC(=S)N1CC(=O)N1CCN(Cc2ccccc2)CC1,0,26,0.3861258625984192,0.6138741374015808
Plain-GCN,3,113,COc1cc(C(=O)N2C[C@H](N)C[C@@H](F)C2)cc2nc(-c3cc4ccc(-c5ccc(N6CCCC(O)C6=O)cc5)nc4n3CC3CC3)n(C)c12,1,49,0.37857785820961,0.62142214179039
Plain-GCN,3,114,Cc1cccc(-n2cc[nH]c2=S)c1,0,13,0.565359354019165,0.43464064598083496
Plain-GCN,3,115,CC(C)(C)NC(=O)/C(=C/c1ccccc1F)NC(=O)c1ccc([N+](=O)[O-])cc1,0,28,0.376759797334671,0.623240202665329
Plain-GCN,3,116,COc1cccc(C2CC(c3cccs3)=NN2C(=O)CSC2=NCCS2)c1OC,0,29,0.4487193822860718,0.5512806177139282
Plain-GCN,3,117,O=C(O)c1ccc(Cl)c2c1C1C=CCC1C(c1ccccn1)N2,0,23,0.3596513271331787,0.6403486728668213
Plain-GCN,3,118,CCOC(=O)Cn1c(=NC(=O)CSC(C)=O)sc2ccccc21,0,23,0.4621872901916504,0.5378127098083496
Plain-GCN,3,119,O=[N+]([O-])c1ccc(Sc2nccn2Cc2ccccc2)c([N+](=O)[O-])c1,0,25,0.4782138168811798,0.5217861831188202
Plain-GCN,3,120,CCCN(Cc1nnc(-c2ccccc2Cl)o1)C(=O)c1cccc(S(=O)(=O)N2CCOCC2)c1,0,34,0.4072203040122986,0.5927796959877014
Plain-GCN,3,121,COc1ccc2cc(-c3nc4cc(C(=O)N5CCC[C@@H](N)C5)ccn4c3C)n(Cc3ccc(F)cc3)c2c1,1,38,0.3501656651496887,0.6498343348503113
Plain-GCN,3,122,CCN(CC)c1ccc(N=Cc2cc(Br)ccc2O)cc1,0,21,0.54046231508255,0.45953768491744995
Plain-GCN,3,123,N#Cc1ccc(C23CC4(C2)[C@H](CN(P(=O)(c2ccccc2)c2ccccc2)[C@@H]4c2ccccc2)C3c2ccc(Cl)nc2)cc1,0,44,0.4511054754257202,0.5488945245742798
Plain-GCN,3,124,COc1ccc(-c2nc3ccccc3n2OC(=O)N(C)C)cc1,0,23,0.4822880029678345,0.5177119970321655
Plain-GCN,3,125,N=C(CCl)NCCCc1cn(Cc2ccccc2)c2ccccc12,1,24,0.3600853383541107,0.6399146616458893
Plain-GCN,3,126,O=c1c2ccccc2nc(/C=C/c2ccc(Br)cc2)n1CCO,0,23,0.40408453345298767,0.5959154665470123
Plain-GCN,3,127,COc1cc(C(=O)N2C[C@H]3CC[C@@H]2[C@@H]3N)cc2nc(-c3cc4ccc(C5COC5)nc4n3CC3CC3)n(C)c12,1,39,0.42778006196022034,0.5722199380397797
Plain-GCN,3,128,CC(=O)Oc1ccc(N(C(C)=O)S(=O)(=O)c2ccc(C)c([N+](=O)[O-])c2)cc1,0,27,0.4462478458881378,0.5537521541118622
Plain-GCN,3,129,COc1cc(C(=O)N2CC3CCC2[C@@H]3N)cc2nc(-c3cc4ccc(-c5cccc(S(N)(=O)=O)c5)nc4n3CC3CC3)n(C)c12,1,45,0.4158613383769989,0.5841386616230011
Plain-GCN,3,130,COc1cc(C(=O)N2C[C@H](N)C[C@@H](F)C2)cc2nc(-c3cc4ccc(-c5ccc(C6CNC(=O)N6)cc5)nc4n3CC3CC3)n(C)c12,1,47,0.4379146993160248,0.5620853006839752
Plain-GCN,3,131,CCn1c(-c2cnn(-c3ccccc3)c2C2CC2)nc2cc(C(=O)N3CCC[C@@H](N)C3)ccc21,0,34,0.3526911437511444,0.6473088562488556
Plain-GCN,3,132,Cn1c(=O)c(C(=O)Nc2ccccc2S(N)(=O)=O)c(O)c2ccccc21,0,26,0.4234670400619507,0.5765329599380493
Plain-GCN,3,133,CC(=O)Nc1cccc(NC=C(C#N)C#N)c1,0,17,0.37777456641197205,0.622225433588028
Plain-GCN,3,134,Cc1nn(CC(=O)N2CCOCC2)c(=O)c2ccccc12,0,21,0.4308857023715973,0.5691142976284027
Plain-GCN,3,135,CCOC(=O)c1c2c3c(cccc3n(C)c1=O)C(=O)c1ccccc1-2,0,25,0.46212315559387207,0.5378768444061279
Plain-GCN,3,136,O=C(NCc1cccnc1)c1ccc(Cl)cc1[N+](=O)[O-],0,20,0.4116534888744354,0.5883465111255646
Plain-GCN,3,137,CCOc1ccc(-c2cc(C(=O)NCCCN3CCN(CC)CC3)c3ccccc3n2)cc1,0,33,0.40949746966362,0.59050253033638
Plain-GCN,3,138,COc1cc(C(=O)N2C[C@H](N)C[C@@H](F)C2)cc2nc(-c3cc4ccc(-c5c(F)ccc(O)c5Cl)nc4n3CC3CC3)n(C)c12,1,44,0.41426312923431396,0.585736870765686
Plain-GCN,3,139,COC(=O)Nc1ccc(-c2ccc3cc(-c4nc5cc(C(=O)N6CC7CCC6[C@@H]7N)cc(OC)c5n4C)n(CC4CC4)c3c2)cc1,1,46,0.4259020686149597,0.5740979313850403
Plain-GCN,3,140,CCOc1ccc(S(=O)(=O)Nc2nc3ccccc3nc2Nc2ccc(N3CCOCC3)cc2)cc1,0,36,0.4372468590736389,0.5627531409263611
Plain-GCN,3,141,COc1ccccc1NC(=S)N1CCN(c2ccccn2)CC1,0,23,0.4529821574687958,0.5470178425312042
Plain-GCN,3,142,CCOC(=O)c1sc(-c2ccccc2)cc1NC(=O)c1ccc(S(=O)(=O)N(CCOC)CCOC)cc1,0,37,0.376309335231781,0.623690664768219
Plain-GCN,3,143,Cn1c(-c2ccc(Cc3ccccc3)n2CC2CC2)nc2cc(C(=O)N3CCC[C@@H](N)C3)cnc21,1,35,0.36391857266426086,0.6360814273357391
Plain-GCN,3,144,CC1=C(C(=O)OC2CCCCC2)C(c2ccc(C)o2)C2=C(CC(C)(C)CC2=O)N1,0,29,0.4376128911972046,0.5623871088027954
Plain-GCN,3,145,CC(C)N1OC2CC1c1nc3ccccc3n1C2,0,18,0.4838794469833374,0.5161205530166626
Plain-GCN,3,146,Cl.O=C(NC1CCN(Cc2ccccc2)CC1)c1cccc(S(=O)(=O)Nc2ccc(SC(F)F)cc2)c1,0,37,0.383357971906662,0.616642028093338
Plain-GCN,3,147,N#Cc1cccc(CS(=O)(=O)c2ccc(Cl)cc2)c1,0,19,0.4294767677783966,0.5705232322216034
Plain-GCN,3,148,CCOc1cc2c(cc1/C=C/c1noc(C)c1[N+](=O)[O-])OC(C)C2,0,24,0.4125329852104187,0.5874670147895813
Plain-GCN,3,149,O=C(O)c1ccccc1CSc1nc2ccccc2s1,0,20,0.5092350244522095,0.4907649755477905
Plain-GCN,3,150,CCC(C)N=CC1=C(O)CC(c2ccccc2)CC1=O,0,20,0.4616807699203491,0.5383192300796509
Plain-GCN,3,151,O=C(CSc1nc2ccccc2[nH]1)NCCN1CCCCC1,0,22,0.44387441873550415,0.5561255812644958
Plain-GCN,3,152,COc1cc(C(=O)N2CC3CCC2[C@@H]3N)cc2nc(-c3cc4ccc(C5=CC6NC(=O)N=C6N=C5)cc4n3CC3CC3)n(C)c12,1,45,0.4698806405067444,0.5301193594932556
Plain-GCN,3,153,CCn1ncc(Br)c1C(=O)Nc1ccc(C(C)C)cc1,0,20,0.5369595289230347,0.46304047107696533
Plain-GCN,3,154,CC(=O)Nc1ccc(SCC(=O)NC(=O)c2ccc(S(=O)(=O)N(C)C)cc2)cc1,0,29,0.44730305671691895,0.552696943283081
Plain-GCN,3,155,COc1cc(C(=O)N2C[C@H](N)C[C@@H](F)C2)cc2nc(-c3cc4ccc(N5CCC6(CC5)CN(C)C(=O)O6)cc4n3CC3CC3)n(C)c12,1,47,0.3784489631652832,0.6215510368347168
Plain-GCN,3,156,Cc1c(-c2cc3ccccc3n2Cc2ccc(F)cn2)nc2cc(C(=O)N3CCC[C@@H](N)C3)ccn12,1,36,0.34800100326538086,0.6519989967346191
Plain-GCN,3,157,Cc1cccc(CN2CCN(Cc3cnn(-c4ccccc4F)c3)CC2CCO)n1,0,30,0.4551701545715332,0.5448298454284668
Plain-GCN,3,158,COc1ccc2[nH]cc(CCNC(=O)Nc3ccccc3)c2c1,0,23,0.41248270869255066,0.5875172913074493
Plain-GCN,3,159,CCn1c(-c2cnc(-c3ccccc3)n2CC2CC2)nc2cc(C(=O)N3CCC[C@@H](N)C3)ccc21,1,35,0.3655448853969574,0.6344551146030426
Plain-GCN,3,160,Cc1ccccc1C(=O)NCC(=O)Nc1ccccc1C(F)(F)F,0,24,0.4550718367099762,0.5449281632900238
Plain-GCN,3,161,O=C1CN(C(=O)COc2ccc([N+](=O)[O-])cc2Cl)c2ccccc2N1,0,25,0.47537922859191895,0.524620771408081
Plain-GCN,3,162,COC(=O)C1=CC(=O)N=C2C=CC(c3ccc4cc(-c5nc6cc(C(=O)N7CC8CCC7[C@@H]8N)cc(OC)c6n5C)n(CC5CC5)c4c3)C=C12,1,50,0.4354647696018219,0.5645352303981781
Plain-GCN,3,163,COC(=O)c1cn(-c2ccccc2)c(C)c1C(=O)OC,0,20,0.37905097007751465,0.6209490299224854
Plain-GCN,3,164,CCN(CC(=O)Nc1c(F)cccc1F)C(=O)Cc1ccc(OC)c(S(=O)(=O)N2CCOCC2)c1,0,35,0.3942035734653473,0.6057964265346527
Plain-GCN,3,165,COc1cc(C(=O)N2C[C@H](N)C[C@@H](F)C2)cc2nc(-c3cc4ccc(-c5c(C)ccc(O)c5C)nc4n3CC3CC3)n(C)c12,1,44,0.40560221672058105,0.594397783279419
Plain-GCN,3,166,Cc1ccc(-n2ncc(C#N)c2/N=C/N2CCN(C)CC2)cc1,0,23,0.4386243224143982,0.5613756775856018
Plain-GCN,3,167,O=C(COC(=O)c1ccccc1SCC(=O)N1CCCC1)Nc1ccc(OC(F)F)cc1,0,32,0.44011539220809937,0.5598846077919006
Plain-GCN,3,168,CC1CCN(c2nc3c(=O)[nH]c(N)nc3n2[C@@H]2O[C@H](CO)[C@@H](O)[C@H]2O)CC1,0,27,0.48247408866882324,0.5175259113311768
Plain-GCN,3,169,CN(c1ccc(C(=O)NCCCn2ccnc2)cc1)S(C)(=O)=O,0,23,0.36315569281578064,0.6368443071842194
Plain-GCN,3,170,Cn1c(-c2cc3ccc(-c4ccc5[nH]c(=O)[nH]c(=O)c5c4)cc3n2CC2CC2)nc2cc(C(=O)N3C[C@H](N)C[C@@H](F)C3)cc(F)c21,1,46,0.41180771589279175,0.5881922841072083
Plain-GCN,3,171,COc1cc(C(=O)N2CC3CCC2[C@@H]3N)cc2nc(-c3cc4ccc(-c5cccc(C(N)=O)c5F)nc4n3CC3CC3)n(C)c12,1,45,0.41566532850265503,0.584334671497345
Plain-GCN,3,172,Cc1cc(C(=O)Nc2ccc3c(c2)CCC3)ccc1[N+](=O)[O-],0,22,0.38694775104522705,0.613052248954773
Plain-GCN,3,173,CCCCOc1ccc(CSc2nc(C)[nH]c2[N+](=O)[O-])cc1[N+](=O)[O-],0,25,0.48991119861602783,0.5100888013839722
Plain-GCN,3,174,CC(C)c1oc(=O)cc2c1[C@@H](O)[C@H]1OC(=O)[C@@]3(C)CC[C@@H](O)[C@@]2(C)C13,0,25,0.5130658149719238,0.48693418502807617
Plain-GCN,3,175,CCc1cc2c(SCC(=O)Nc3cc(C)on3)ncnc2s1,0,22,0.5463258028030396,0.45367419719696045
Plain-GCN,3,176,COc1cc(C(=O)N2CC3CCC2[C@@H]3N)cc2nc(-c3cc4ccc(Nc5ccc(N)cc5)nc4n3CC3CC3)n(C)c12,1,43,0.42906734347343445,0.5709326565265656
Plain-GCN,3,177,C=CCn1c(SCC(=O)Nc2nc3ccccc3s2)nc(O)c(CC)c1=O,0,27,0.438125878572464,0.561874121427536
Plain-GCN,3,178,COc1cc(C(=O)N2CC3CCC2[C@@H]3N)cc2nc(-c3cc4ccc(CCN5CCOC5=O)cc4n3CC3CC3)n(C)c12,1,43,0.4227098226547241,0.5772901773452759
Plain-GCN,3,179,COc1cc(-c2ccc3cc(-c4nc5cc(C(=O)N6C[C@H](N)C[C@@H](F)C6)cc(OC)c5n4C)n(CC4CC4)c3n2)c(F)cc1CO,1,46,0.44158950448036194,0.5584104955196381
Plain-GCN,3,180,Cn1c(-c2ccc(-c3ccccc3)n2CC2CC2)nc2cc(C(=O)N3CC[C@@H]4CCN[C@@H]4C3)ccc21,1,36,0.35075581073760986,0.6492441892623901
Plain-GCN,3,181,O=C1NC(=O)/C(=C/c2ccc(OS(=O)(=O)c3ccc(F)cc3F)cc2)N1,0,26,0.3958703577518463,0.6041296422481537
Plain-GCN,3,182,COc1cc(C(=O)N2CC3CCC2[C@@H]3N)cc2nc(-c3cc4ccc(Nc5ccc6c(c5)CCC(=O)N6)nc4n3CC3CC3)n(C)c12,1,47,0.41042208671569824,0.5895779132843018
Plain-GCN,3,183,Cc1ccc(CN2CCc3c(OCc4ccc(F)cc4)cccc3C2=O)cc1,0,28,0.4432350993156433,0.5567649006843567
Plain-GCN,3,184,COc1ccc(C(=O)C[n+]2ccc3c(c2)nc(-c2ccccc2)n3C)cc1.[Br-],0,28,0.4370749592781067,0.5629250407218933
Plain-GCN,3,185,CCCOC(=O)C(C)n1cnc2scc(-c3ccc(C)cc3)c2c1=O,0,25,0.3911115527153015,0.6088884472846985
Plain-GCN,3,186,Cc1ccc(-c2nn(-c3ccccn3)c(=O)c3ccccc23)cc1C,0,25,0.49121299386024475,0.5087870061397552
Plain-GCN,3,187,COc1cc(C(=O)N2C[C@H](N)C[C@@H](F)C2)cc2nc(-c3cc4ccc(N5CCC6(CC5)CNC(=O)O6)cc4n3CC3CC3)n(C)c12,1,46,0.38567376136779785,0.6143262386322021
Plain-GCN,3,188,COc1cc(C(=O)N2CC3CCC2[C@@H]3N)cc2nc(-c3cc4ccc(C5C=CC6=NC(=O)C=C(CO)C6=C5)nc4n3CC3CC3)n(C)c12,1,48,0.41581496596336365,0.5841850340366364
Plain-GCN,3,189,Brc1ccc(-c2csc3[n+]2CCCCC3)cc1.[Br-],0,18,0.4408966898918152,0.5591033101081848
Plain-GCN,3,190,CCCCCn1c(=O)c2ccccc2n2c(=S)[nH]nc12,0,20,0.4182538688182831,0.5817461311817169
Plain-GCN,3,191,CN(C)c1ccc2cc(C(=O)N[C@@H](CCCN=C(N)CCl)C(=O)NCc3ccccc3)ccc2c1,1,35,0.36324939131736755,0.6367506086826324
Plain-GCN,3,192,CNc1ccccc(-c2ccc3cc4c(cc3n2)OCO4)c1=O,0,23,0.449655681848526,0.550344318151474
Plain-GCN,3,193,CC(C)NC(=O)CSc1c2c(nc3ccccc13)CCCC2,0,22,0.42058491706848145,0.5794150829315186
Plain-GCN,3,194,COc1cc(C(=O)N2CC3CCC2[C@@H]3N)cc2nc(-c3cc4ccc(-c5ccc(C(N)=O)c(F)c5)nc4n3CC3CC3)n(C)c12,1,45,0.4396221935749054,0.5603778064250946
Plain-GCN,3,195,COC(=O)c1cc(-c2ccc3cc(-c4nc5cc(C(=O)N6C[C@H](N)C[C@@H](F)C6)cc(OC)c5n4C)n(CC4CC4)c3n2)n(C)n1,1,45,0.3959760069847107,0.6040239930152893
Plain-GCN,3,196,CCn1c(C(=O)NCc2cccnc2)cc2sc(Cl)cc21,0,21,0.38153570890426636,0.6184642910957336
Plain-GCN,3,197,CC(/C=C/c1ccc(N(C)C)cc1)=N/N=C1/NC(=O)CC(C(=O)Nc2ccc(Cl)cc2)S1,0,32,0.43154147267341614,0.5684585273265839
Plain-GCN,3,198,COC(=O)Cc1cnc(NC(=O)CSc2nc(C(C)C)cc(=O)[nH]2)s1,0,25,0.5513308644294739,0.4486691355705261
Plain-GCN,3,199,O=C(Cc1cccs1)NNC(=S)NC(=O)c1ccc(F)c(F)c1,0,23,0.3814457654953003,0.6185542345046997
Plain-GCN,3,200,COc1cc(C(=O)N2CC3CCC2[C@@H]3N)cc2nc(-c3cc4ccc(-c5ccc6c(c5)C(=O)NCC6)nc4n3CC3CC3)n(C)c12,1,46,0.46256014704704285,0.5374398529529572
Plain-GCN,3,201,COc1cc(C(=O)N2CC3CCC2[C@@H]3N)cc2nc(-c3cc4ccc(C(C)O)cc4n3CC3CC3)n(Cc3cnn(C)c3)c12,1,44,0.4256332516670227,0.5743667483329773
Plain-GCN,3,202,Cc1cc(C)c(Nc2cc(S(=O)(=O)[O-])c(N)c3c2C(=O)c2ccccc2C3=O)c(C)c1.[Na+],0,32,0.38016417622566223,0.6198358237743378
Plain-GCN,3,203,CCCc1c(-c2nc3cc(C(=O)N4CCC[C@@H](N)C4)ccc3n2C)cnn1-c1ccccc1,0,33,0.3383587896823883,0.6616412103176117
Plain-GCN,3,204,Cc1ccc(OCCC(=O)NNC(=O)c2cc(C)oc2C)cc1,0,23,0.5269994139671326,0.47300058603286743
Plain-GCN,3,205,CC1(C)NC(=O)N(CCc2nn[nH]n2)C1=O,1,16,0.483005553483963,0.516994446516037
Plain-GCN,3,206,CCOC(=O)c1sc(NC(=O)CSc2nc(O)c(Cc3ccccc3)c(=O)[nH]2)nc1C,0,31,0.4639456272125244,0.5360543727874756
Plain-GCN,3,207,NS(=O)(=O)c1ccc(S(=O)(=O)c2ccccc2)nc1,0,19,0.41686609387397766,0.5831339061260223
Plain-GCN,3,208,Nc1nnc2c(n1)CCCC2,0,11,0.6219341158866882,0.37806588411331177
Plain-GCN,3,209,O=C(COc1ccccc1)Nc1nc(-c2ccc(S(=O)(=O)N3CCOCC3)cc2)cs1,0,31,0.42577865719795227,0.5742213428020477
Plain-GCN,3,210,CN1CN(C)c2ccc([N+](=O)[O-])c3cccc1c23,0,18,0.4545937478542328,0.5454062521457672
Plain-GCN,3,211,COc1cc(C(=O)N2C[C@H](N)C[C@@H](F)C2)cc2nc(-c3cc4ccc(-c5ccc6c(c5)C(=O)NCC(=O)N6)nc4n3CC3CC3)n(C)c12,1,48,0.39271676540374756,0.6072832345962524
Plain-GCN,3,212,CCOC(=O)CSc1cc(C)nc2ccc(OC)cc12,0,20,0.5015451908111572,0.4984548091888428
Plain-GCN,3,213,CCc1cc(NC(C)=O)ncc1-c1ccc2cc(-c3nc4cc(C(=O)N5C[C@H](N)C[C@@H](F)C5)cc(OC)c4n3C)n(CC3CC3)c2n1,1,47,0.40335559844970703,0.596644401550293
Plain-GCN,3,214,O=C(NCc1ccccc1)C(c1ccccc1)N(Cc1cccs1)C(=O)c1cnccn1,0,32,0.46945372223854065,0.5305462777614594
Plain-GCN,3,215,COc1cc(C(=O)N2CC3CCC2[C@@H]3N)cc2nc(-c3cc4ccc(Oc5cc(C)nc(C)c5)nc4n3CC3CC3)n(C)c12,1,44,0.40778839588165283,0.5922116041183472
Plain-GCN,3,216,CC(=O)OCc1nc2ccccc2s1,0,14,0.5001007318496704,0.4998992681503296
Plain-GCN,3,217,COc1cc(C(=O)N2CC3CCC2[C@@H]3N)cc2nc(-c3cc4ccc(-c5cn(C)nc5-c5ccc(F)cc5)nc4n3CC3CC3)n(C)c12,1,48,0.4172132611274719,0.5827867388725281
Plain-GCN,3,218,COc1cc(/C=N/NC(=O)C(=O)/C=C2\NC(C)(C)Cc3ccccc32)ccc1O,0,29,0.3510875403881073,0.6489124596118927
Plain-GCN,3,219,Cc1cc(C)nc(/N=C(\N)Nc2ccc3c(c2)OCCO3)n1,0,22,0.42965924739837646,0.5703407526016235
Plain-GCN,3,220,CCN1CCN(c2ccc(N3CCN(C(=O)c4ccc(Br)o4)CC3)nn2)CC1,0,28,0.5377354621887207,0.4622645378112793
Plain-GCN,3,221,O=C(C1=C[C@H](C2CC2)C[C@H](OCCCCO)O1)N1CCN(Cc2ccc3c(c2)OCO3)CC1,0,33,0.46963202953338623,0.5303679704666138
Plain-GCN,3,222,COc1cc(C(=O)N2C[C@H]3CC[C@@H]2[C@@H]3N)cc2nc(-c3ccc(C#N)n3CC3CC3)n([C@@H](C)c3ccccn3)c12,0,40,0.38264161348342896,0.617358386516571
Plain-GCN,3,223,COc1cccc(CNS(=O)(=O)c2c(C)[nH]c(C)c2C(=O)N2CCCCC2)c1,0,28,0.4225195348262787,0.5774804651737213
Plain-GCN,3,224,COc1cc(-c2ccc3cc(-c4nc5cc(C(=O)N6C[C@H]7CC[C@@H]6[C@@H]7N)cc(OC)c5n4C)n(CC4CC4)c3n2)ccc1F,1,44,0.4094763696193695,0.5905236303806305
Plain-GCN,3,225,COc1cc(C(=O)N2CC3CCC2[C@@H]3N)cc2nc(-c3cc4ccc(N5CC6(CCS6(=O)=O)C5)cc4n3CC3CC3)n(C)c12,1,44,0.4341588020324707,0.5658411979675293
Plain-GCN,3,226,COc1cc(C(=O)N2C[C@H](N)C[C@@H](F)C2)cc2nc(-c3cc4ccc(-c5ccn6nc(C)cc6n5)nc4n3CC3CC3)n(C)c12,1,45,0.3964928388595581,0.6035071611404419
Plain-GCN,3,227,CC1CCN(C(=O)C2CCN(S(=O)(=O)c3cccc4nonc34)CC2)CC1,0,27,0.4172704815864563,0.5827295184135437
Plain-GCN,3,228,COc1cc(C(=O)N2CC3CCC2[C@@H]3N)cc2nc(-c3cc4ccc(N5CCNCC5=O)cc4n3CC3CC3)n(C)c12,1,42,0.46000054478645325,0.5399994552135468
Plain-GCN,3,229,COc1ccc(-n2c(CNC(=O)c3ccc(S(=O)(=O)N4CCCC4)cc3)n[nH]c2=S)cc1,0,32,0.3886137306690216,0.6113862693309784
Plain-GCN,3,230,CC(=O)c1ccccc1NC(=O)CC1(CC(=O)O)CCCCC1,0,23,0.42637190222740173,0.5736280977725983
Plain-GCN,3,231,COc1cc(C(=O)NC(C)C2CC3CCC2C3)cc(OC)c1OC,0,24,0.4070335328578949,0.5929664671421051
Plain-GCN,3,232,COc1cc(C(=O)N2CC3CCC2[C@@H]3N)cc2nc(-c3cc4ccc(Nc5cc(=O)[nH]cn5)nc4n3CC3CC3)n(C)c12,1,43,0.43035072088241577,0.5696492791175842
Plain-GCN,3,233,O=C(N/C(=C/c1ccccc1F)C(=O)N1CCCCC1)c1ccccc1,0,26,0.3902660310268402,0.6097339689731598
Plain-GCN,3,234,O=C(COC(=O)c1ccc([N+](=O)[O-])s1)NNC(=O)c1ccccc1,0,24,0.43451106548309326,0.5654889345169067
Plain-GCN,3,235,Cn1c2c(c(=O)n(C)c1=O)C(CC(=O)Nc1ccccc1F)C(=O)N2,0,25,0.41794514656066895,0.582054853439331
Plain-GCN,3,236,O=C(COc1ccccc1)N/N=C/c1sc(=O)n(Cc2cccc(C(=O)O)c2)c1Cl,0,30,0.4145315885543823,0.5854684114456177
Plain-GCN,3,237,CCN(CC)C(=S)SCC(=O)c1ccc(F)cc1,0,18,0.5252004861831665,0.4747995138168335
Plain-GCN,3,238,O=C(NC(=S)NNC(=O)c1ccccc1[N+](=O)[O-])c1ccc(Br)cc1,0,25,0.44113868474960327,0.5588613152503967
Plain-GCN,3,239,CCn1c(SCC(=O)NC2=NCCS2)nnc1C(C)NC(=O)c1ccccc1F,0,29,0.4047904908657074,0.5952095091342926
Plain-GCN,3,240,COc1cc(C(=O)N2CC3CCC2[C@@H]3N)cc2nc(-c3cc4ccc(-c5cnc(NC(C)=O)cc5Cl)nc4n3CC3CC3)n(C)c12,1,46,0.4186170697212219,0.5813829302787781
Plain-GCN,3,241,COc1cc(C(=O)N2C[C@H](N)C[C@@H](F)C2)cc2nc(-c3cc4ccc(C5=CC(C(F)(F)F)=CC6=NC(=O)NC56)nc4n3CC3CC3)n(C)c12,1,49,0.4362033009529114,0.5637966990470886
Plain-GCN,3,242,CCCc1cc2c(=O)c(-c3ccccn3)c(C)oc2cc1O,0,22,0.44013792276382446,0.5598620772361755
Plain-GCN,3,243,O=C(NCc1csc(-c2cccs2)n1)C1CCC1,0,18,0.41155877709388733,0.5884412229061127
Plain-GCN,3,244,Cc1cc(/C=C(\C#N)c2nnc(N3CCOCC3)n2-c2ccccc2)c(C)n1-c1ccccc1,0,34,0.39004531502723694,0.6099546849727631
Plain-GCN,3,245,COC1=CC(=O)c2ccccc2C1=O,0,14,0.41506046056747437,0.5849395394325256
Plain-GCN,3,246,COC(=O)c1ccc(NC(=O)CSc2nc3cccnc3n2C)cc1,0,25,0.4259706139564514,0.5740293860435486
Plain-GCN,3,247,COC(=O)CNC(=O)COc1ccc(-c2ccc3cc(-c4nc5cc(C(=O)N6CC7CCC6[C@@H]7N)cc(OC)c5n4C)n(CC4CC4)c3n2)cc1,1,51,0.38185253739356995,0.61814746260643
Plain-GCN,3,248,O=C1CCN2C=Nc3cccc4ccc1c2c34,0,17,0.3641151785850525,0.6358848214149475
Plain-GCN,3,249,O=C(O)CCSc1ccc([N+](=O)[O-])cc1[N+](=O)[O-],0,18,0.5655155181884766,0.43448448181152344
Plain-GCN,3,250,COc1cc(C(=O)N2C[C@H](N)C[C@@H](F)C2)cc2nc(-c3cc4ccc(-c5ccc(N6CCCC6=O)cc5)nc4n3CC3CC3)n(C)c12,1,47,0.37456920742988586,0.6254307925701141
Plain-GCN,3,251,Cc1cc(OCC(=O)N2CCOCC2)ccc1NC(=O)c1ccccc1C,0,27,0.4643133878707886,0.5356866121292114
Plain-GCN,3,252,CCc1c(O)nc(SCc2nc3ccccc3c(=O)[nH]2)[nH]c1=O,0,23,0.46322789788246155,0.5367721021175385
Plain-GCN,3,253,COC(=O)C1=C(N)Oc2cc(N(C)C)ccc2C1c1ccccc1OC,0,26,0.39305174350738525,0.6069482564926147
Plain-GCN,3,254,Cc1ccc(C2CC(=O)Oc3cc(O)ccc32)cc1,0,19,0.46540725231170654,0.5345927476882935
Plain-GCN,3,255,Cc1ccc(C)c(-n2nnnc2SCC(=O)Nc2cccc(-c3nnc4n3CCCCC4)c2)c1,0,34,0.41080141067504883,0.5891985893249512
Plain-GCN,3,256,Cc1csc(CNc2ncnc3ccc(-c4ccc5c(c4)OCO5)cc23)c1,0,27,0.3693040907382965,0.6306959092617035
Plain-GCN,3,257,COc1cc(C(=O)N2C[C@H](N)C[C@@H](F)C2)cc2nc(-c3cc4ccc(-c5cnc(C#N)nc5)nc4n3CC3CC3)n(C)c12,1,43,0.4480455815792084,0.5519544184207916
Plain-GCN,3,258,COC(=O)C(Cc1csc2ccc(Cl)cc12)NC(=O)c1ccc(Cl)cc1,0,26,0.4037065804004669,0.5962934195995331
Plain-GCN,3,259,CCN1C(=NCc2ccco2)N[C@@H](c2cccc(F)c2)C(C(=O)OC)=C1C,0,27,0.3805433213710785,0.6194566786289215
Plain-GCN,3,260,CC1(C)CC(=O)c2c(O)cc(OCC(=O)Nc3ccc(S(N)(=O)=O)cc3)cc2O1,0,29,0.4053083062171936,0.5946916937828064
Plain-GCN,3,261,Cc1c(C(c2cccs2)c2c(C)n(C)n(-c3ccccc3)c2=O)c(=O)n(-c2ccccc2)n1C,0,34,0.5504963994026184,0.4495036005973816
Plain-GCN,3,262,Cn1c(-n2nccc2-c2ccccc2)nc2cc(C(=O)N3CCC[C@@H](N)C3)ccc21,0,30,0.35381823778152466,0.6461817622184753
Plain-GCN,3,263,Cc1ccc(C(C)NC(=O)Cc2cccs2)cc1C,0,19,0.46749770641326904,0.532502293586731
Plain-GCN,3,264,COc1ccccc1CCC(=O)Nc1cc(S(=O)(=O)N2CCCCC2)ccc1N1CCN(C)CC1,0,35,0.4322308897972107,0.5677691102027893
Plain-GCN,3,265,CC(C)CN1Cc2ccccc2Oc2cc(Br)ccc2S1(=O)=O,0,23,0.47560784220695496,0.524392157793045
Plain-GCN,3,266,CCN(CC)S(=O)(=O)c1cc(C(=O)Oc2cccc(-c3cnc4ccccc4n3)c2)ccc1OC,0,35,0.43830782175064087,0.5616921782493591
Plain-GCN,3,267,CCOc1ccc(C(=O)N/N=C/c2cccc3cccnc23)cc1,0,24,0.4456210434436798,0.5543789565563202
Plain-GCN,3,268,CC1(c2nnc(-c3cccc(Cl)c3)o2)CC(c2ccc(C#N)cc2)=NO1,0,26,0.404909610748291,0.595090389251709
Plain-GCN,3,269,O=C(NC(=S)N(Cc1ccccc1)c1ccccn1)C1CC1,0,22,0.4013610780239105,0.5986389219760895
Plain-GCN,3,270,O=C(Nc1ccc(S(=O)(=O)Nc2nccs2)cc1)C1CC(=O)N(c2ccc(Cl)cc2)C1,0,31,0.406318336725235,0.593681663274765
Plain-GCN,3,271,CCCCN(Cc1ccco1)C(=O)Cn1ncc2c(=O)oc3ccc(C)cc3c21,0,29,0.46424999833106995,0.53575000166893
Plain-GCN,3,272,COc1cc(C(=O)N2C[C@H](N)C[C@@H](F)C2)cc2nc(-c3cc4ccc(-c5ccc(C(N)=O)nc5C)nc4n3CC3CC3)n(C)c12,1,45,0.3866046369075775,0.6133953630924225
Plain-GCN,3,273,Cc1sc2nc(SCc3nc(-c4cccs4)no3)n(-c3ccccc3)c(=O)c2c1C,0,30,0.46803998947143555,0.5319600105285645
Plain-GCN,3,274,COC(=O)C1=C(C(=O)OC)C(c2ccc(OC)c(OC)c2)c2sc(=O)[nH]c2S1,0,28,0.42651790380477905,0.573482096195221
Plain-GCN,3,275,COc1cc(C(=O)N2C[C@H](N)C[C@@H](F)C2)cc2nc(-c3cc4ccc(-c5cccc(O)c5Cl)nc4n3CC3CC3)n(C)c12,1,43,0.4056977927684784,0.5943022072315216
Plain-GCN,3,276,Cc1c(-c2cc3cccc(Cl)c3n2Cc2ccc(F)cc2)nc2cc(C(=O)N3CCC[C@@H](N)C3)ccn12,1,37,0.3482682406902313,0.6517317593097687
Plain-GCN,3,277,CCOc1c(Br)cc(CNc2ccc(N3CCOCC3)cc2)cc1OC,0,26,0.43126657605171204,0.568733423948288
Plain-GCN,3,278,CC(C)(C)OC(=O)NCCC(=O)N/N=C/c1cccc2nccnc12,0,25,0.37064966559410095,0.629350334405899
Plain-GCN,3,279,CC(CNC(=O)C1CCCCC1C(=O)O)c1ccccc1,0,21,0.43531984090805054,0.5646801590919495
Plain-GCN,3,280,COC(=O)c1cc(C(=O)OCC(=O)NCc2cccs2)cc([N+](=O)[O-])c1,0,26,0.409219890832901,0.590780109167099
Plain-GCN,3,281,CCCCCCCCCCCCN1[C@@H](CC(=O)O)c2cc(C(F)(F)F)ccc2S1(=O)=O,0,31,0.4497603178024292,0.5502396821975708
Plain-GCN,3,282,CCOC(=O)N1CCN(C(=O)c2c(-c3ccccc3)noc2C)CC1,0,25,0.4321884214878082,0.5678115785121918
Plain-GCN,3,283,CCn1c(N)[n+](CC(=O)Nc2ccc(SC(F)F)cc2)c2ccccc21.[Cl-],0,27,0.39577263593673706,0.6042273640632629
Plain-GCN,3,284,CC1=CC(=O)C2=C(C)CC[C@@H]3[C@H](OC(=O)[C@H]3C)[C@@H]12,0,18,0.5754930377006531,0.4245069622993469
Plain-GCN,3,285,CC(C)CCOc1cccc(OCC(=O)NC2CCS(=O)(=O)C2)c1,0,24,0.4632323980331421,0.5367676019668579
Plain-GCN,3,286,NNC(=O)c1ccc(N2CCc3ccccc32)c([N+](=O)[O-])c1,0,22,0.33004915714263916,0.6699508428573608
Plain-GCN,3,287,COc1cc(C(=O)N2CC3CCC2[C@@H]3N)cc2nc(-c3cc4ccc(C5CNNC5OC)nc4n3CC3CC3)n(C)c12,1,42,0.47527363896369934,0.5247263610363007
Plain-GCN,3,288,CCOc1ccc(N2C(=O)/C(=C/c3cc(OC)c(OC)c(OC)c3)N(CC(=O)OC)C2=S)cc1,0,34,0.4098750948905945,0.5901249051094055
Plain-GCN,3,289,CN(C)S(=O)(=O)c1cc(NC(=O)CN2CCN(c3ccccc3O)CC2)ccc1Cl,0,30,0.4573196470737457,0.5426803529262543
Plain-GCN,3,290,CNC(=O)NC1CCCCc2sccc21,0,15,0.413230836391449,0.586769163608551
Plain-GCN,3,291,CC1(OC(=O)C2CCCC2)C(=O)C=C2C=C(c3ccsc3)N(CC3CC3)C=C2C1=O,0,30,0.39359843730926514,0.6064015626907349
Plain-GCN,3,292,COc1ccc(Oc2nnnn2-c2ccccc2)cc1,0,20,0.524124026298523,0.47587597370147705
Plain-GCN,3,293,COc1cc(C(=O)N2CC3CCC2[C@@H]3N)cc2nc(-c3cc4ccc(-c5cnn(C)c5-c5ccc(F)cc5)nc4n3CC3CC3)n(C)c12,1,48,0.41539713740348816,0.5846028625965118
Plain-GCN,3,294,CC(C)OCCCNC(=O)C1CC(=O)N(C2CCCCCCC2)C1,0,24,0.5162363648414612,0.4837636351585388
Plain-GCN,3,295,COc1ccc(-n2c(C)n[nH]c2=O)cc1OC,0,17,0.4654181897640228,0.5345818102359772
Plain-GCN,3,296,COc1cc(C(=O)N2CC3CCC2[C@@H]3N)cc2nc(-c3cc4ccc(C5CNC(=O)NC5=O)nc4n3CC3CC3)n(C)c12,1,43,0.4996581971645355,0.5003418028354645
Plain-GCN,3,297,Cc1ccc(CC(CC(=O)NCCc2ccc3c(c2)OCO3)C(=O)O)cc1,0,27,0.42314308881759644,0.5768569111824036
Plain-GCN,3,298,O=C(CSc1nnc(CNc2ccc(Cl)cc2)n1Cc1ccccc1)NCc1ccco1,0,32,0.5011261105537415,0.49887388944625854
Plain-GCN,3,299,Cc1ccc(S(=O)(=O)NNC(=O)C(=O)NNc2ccccn2)cc1,0,24,0.4348992705345154,0.5651007294654846
Plain-GCN,3,300,CCOC(=O)c1[nH]c2ccc(F)cc2c1NC(=O)c1cc(OC)c(OC)c(OC)c1,0,30,0.4030308425426483,0.5969691574573517
Plain-GCN,3,301,COc1cc(C(=O)N2CC3CCC2C3)cc2nc(-c3cc4ccc(N(C)C)cc4n3CC3CC3)n(C)c12,1,37,0.4303504526615143,0.5696495473384857
Plain-GCN,3,302,CCOc1ccc2nc(N/C(N)=N/C(=S)Nc3ccc(C)c(C)c3)nc(C)c2c1,0,29,0.43037232756614685,0.5696276724338531
Plain-GCN,3,303,CCOc1cc(/C=C\c2[nH]c(=O)[nH]c(=O)c2[N+](=O)[O-])ccc1OC(C)CC,0,27,0.44875267148017883,0.5512473285198212
Plain-GCN,3,304,Cc1nc(SCC(=O)N(C)C2(C#N)CCCCC2)c2ccccc2n1,0,25,0.43213263154029846,0.5678673684597015
Plain-GCN,3,305,Cc1noc(C(F)(F)F)c1C(=O)NNC(=O)c1ccccc1,0,22,0.4186399281024933,0.5813600718975067
Plain-GCN,3,306,COc1cc(C(=O)N2C[C@H](N)C[C@@H](F)C2)cc2nc(-c3cc4ccc(-c5ccc(C(N)=O)cc5Cl)nc4n3CC3CC3)n(C)c12,1,45,0.39326804876327515,0.6067319512367249
Plain-GCN,3,307,COC(=O)c1cc(-c2ccc3cc(-c4nc5cc(C(=O)N6CC7CCC6[C@@H]7N)cc(OC)c5n4C)n(CC4CC4)c3n2)n(C)n1,1,45,0.41637539863586426,0.5836246013641357
Plain-GCN,3,308,Cc1cc2cc(CNC(=O)c3cccs3)ccc2n1C,0,20,0.40630385279655457,0.5936961472034454
Plain-GCN,3,309,C=CCSc1nnc(CNC(=O)c2ccc(Cl)cc2)n1CC,0,22,0.444707453250885,0.555292546749115
Plain-GCN,3,310,O=C(NC1CCCC1)NS(=O)(=O)c1ccccc1Cl,0,19,0.36144688725471497,0.638553112745285
Plain-GCN,3,311,CC(=O)Nc1ccc2c(c1)CCCC2,0,14,0.4424203038215637,0.5575796961784363
Plain-GCN,3,312,Cc1ccc2c(CN3CCOCC3)cc(=O)oc2c1C,0,20,0.43079647421836853,0.5692035257816315
Plain-GCN,3,313,CC(=O)NCCNC(=O)CCNC(=O)c1ccc(Cl)cc1,0,21,0.40208539366722107,0.5979146063327789
Plain-GCN,3,314,COc1cc(C(=O)N2CC3CCC2[C@@H]3N)cc2nc(-c3cc4ccc(C5=CC=CC6=NC(=O)C=CC56)nc4n3CC3CC3)n(C)c12,1,46,0.47700199484825134,0.5229980051517487
Plain-GCN,3,315,Cn1ccnc1C(=O)c1ccccc1Cl,0,15,0.476357102394104,0.523642897605896
Plain-GCN,3,316,COc1ccc(-c2cc(=O)[nH][nH]2)cc1,0,14,0.5820726156234741,0.4179273843765259
Plain-GCN,3,317,O=C(C1=C[C@@H](c2ccc(C(F)(F)F)cc2)C[C@@H](OCc2ccc(CO)cc2)O1)N1CCN(Cc2ccc3c(c2)OCO3)CC1,0,44,0.3996243178844452,0.6003756821155548
Plain-GCN,3,318,COc1cc(/C=N/Nc2ccccc2[N+](=O)[O-])ccc1OC(=O)c1ccccc1F,0,30,0.43729180097579956,0.5627081990242004
Plain-GCN,3,319,Cc1ccccc1Cn1ccc(NC(=O)c2onc(C)c2Cl)n1,0,23,0.4631211459636688,0.5368788540363312
Plain-GCN,3,320,CCOc1ccc(N(C(=O)c2cnsn2)C(C(=O)NC2CCCCC2)c2ccncc2)cc1,0,33,0.3796500265598297,0.6203499734401703
Plain-GCN,3,321,COc1ccc(-c2nn(-c3ccccc3)cc2C(=O)NC(=S)NNC(=O)c2ccncc2)cc1,0,34,0.42933911085128784,0.5706608891487122
Plain-GCN,3,322,COc1cc(C(=O)N2CC3CCC2[C@@H]3N)cc2nc(-c3cc4ccc(-c5cnc(C#N)cc5C)nc4n3CC3CC3)n(C)c12,1,44,0.4553554654121399,0.5446445345878601
Plain-GCN,3,323,COc1cc([N+](=O)[O-])c(OC)cc1SCc1n[nH]c(=S)n1-c1ccc(F)cc1,0,28,0.44742611050605774,0.5525738894939423
Plain-GCN,3,324,Cc1sc2ncn(CC(=O)NCC(=O)N3CCN(c4ccccc4F)CC3)c(=O)c2c1C,0,32,0.41120484471321106,0.5887951552867889
Plain-GCN,3,325,CCCC[n+]1c(C)sc2cc(OC)ccc21.[I-],0,17,0.44753018021583557,0.5524698197841644
Plain-GCN,3,326,COc1cc(C(=O)N2CC3CCC2[C@@H]3N)cc2nc(-c3cc4ccc(N5CCC(O)(c6ccccc6)C5)nc4n3CC3CC3)n(C)c12,1,47,0.3909859359264374,0.6090140640735626
Plain-GCN,3,327,COc1cc(C(=O)N2CC3CCC2[C@@H]3N)cc2nc(-c3cc4ccc(-c5ccc6c(c5)CCNC6=O)nc4n3CC3CC3)n(C)c12,1,46,0.4584280848503113,0.5415719151496887
Plain-GCN,3,328,NS(=O)(=O)c1cc(C(=O)NNC(=O)c2ccc3c(c2)OCO3)ccc1Cl,0,26,0.37448129057884216,0.6255187094211578
Plain-GCN,3,329,Fc1ccc(OCc2nnc(-c3ccccc3Br)o2)c(Cl)c1,0,22,0.5140156149864197,0.4859843850135803
Plain-GCN,3,330,COc1cc(C(=O)N2C[C@H](N)C[C@@H](F)C2)cc2nc(-c3cc4ccc(-c5cnc6c(c5)C(=O)NC6)nc4n3CC3CC3)n(C)c12,1,45,0.434846967458725,0.565153032541275
Plain-GCN,3,331,COc1cc(C(=O)N2C[C@H](N)C[C@@H](F)C2)cc2nc(-c3cc4ccc(-c5ccc(N6CCC(O)C6=O)c(C)n5)nc4n3CC3CC3)n(C)c12,1,49,0.37102532386779785,0.6289746761322021
Plain-GCN,3,332,CCc1ccc(S(=O)(=O)Nc2ccc(O)c3ccccc23)cc1,0,23,0.4721753001213074,0.5278246998786926
Plain-GCN,3,333,COC(=O)c1sc2ccccc2c1NC(=O)c1ccc(S(=O)(=O)N2CC(C)CC(C)C2)cc1,0,33,0.34686094522476196,0.653139054775238
Plain-GCN,3,334,CCCS(=O)(=O)c1csc(C(=O)OC)c1N,0,16,0.40670281648635864,0.5932971835136414
Plain-GCN,3,335,O=c1[nH]c(Nc2ccccn2)cc2ccccc12,0,18,0.5238463282585144,0.4761536717414856
Plain-GCN,3,336,CS(=O)(=O)N(CC(=O)N1CCOCC1)Cc1ccc(Cl)cc1,0,22,0.5020577311515808,0.4979422688484192
Plain-GCN,3,337,COc1ccc(OCC(=O)Nc2ccccc2C(=O)Nc2ccc(C(=O)O)cc2)cc1,0,31,0.5029301643371582,0.4970698356628418
Plain-GCN,3,338,COc1cc(C(=O)N2CC3CCC2[C@@H]3N)cc2nc(-c3cc4ccc(-c5cn[nH]c5C)cc4n3CC3CC3)n(C)c12,1,41,0.46051597595214844,0.5394840240478516
Plain-GCN,3,339,Cc1ccccc1OC(C)C(=O)NCCC1=CCCCC1,0,21,0.47011175751686096,0.529888242483139
Plain-GCN,3,340,CCOc1ccc(N(CC(=O)N/N=C/c2cc([N+](=O)[O-])ccc2Cl)S(C)(=O)=O)cc1,0,30,0.44355008006095886,0.5564499199390411
Plain-GCN,3,341,COc1cc(C(=O)N2CC3CCC2[C@@H]3N)cc2nc(-c3cc4ccc(-c5ccc(S(C)(=O)=O)nc5)nc4n3CC3CC3)n(C)c12,1,45,0.42318055033683777,0.5768194496631622
Plain-GCN,3,342,O=C1CN(S(=O)(=O)c2cc(C(=O)O)ccc2Cl)c2ccccc2N1,0,24,0.3803938925266266,0.6196061074733734
Plain-GCN,3,343,CC(=O)c1ccc(OCc2cc(C(=O)NCCN3CCCC(O)C3)no2)cc1,0,28,0.44639909267425537,0.5536009073257446
Plain-GCN,3,344,CSC1=NC(C)(C)CC2(C)Nc3ccccc3N12,0,18,0.36948758363723755,0.6305124163627625
Plain-GCN,3,345,S=c1[nH]nc(-c2c[nH]c3ccccc23)o1,0,15,0.5530301928520203,0.44696980714797974
Plain-GCN,3,346,CC(C)c1nc(SCC(=O)N2CC(=O)Nc3ccccc32)c2ccccc2n1,0,28,0.4789396822452545,0.5210603177547455
Plain-GCN,3,347,COc1cc(C(=O)N2CC3CCC2[C@@H]3N)cc2nc(-c3cc4ccc(N5CCC(S(C)(=O)=O)CC5)cc4n3CC3CC3)n(C)c12,1,45,0.41589874029159546,0.5841012597084045
Plain-GCN,3,348,COc1cc(C(=O)N2C[C@H](N)C[C@@H](F)C2)cc2nc(-c3cc4ccc(CCN5CCOC5=O)nc4n3CC3CC3)n(C)c12,1,43,0.3960411846637726,0.6039588153362274
Plain-GCN,3,349,Cc1cccc(-c2nc3ccccc3c(=O)n2NC(=O)c2ccc([N+](=O)[O-])c(C)c2)c1,0,31,0.42485710978507996,0.57514289021492
Plain-GCN,3,350,CN(C)C(CNC(=O)C1CCN(S(=O)(=O)c2cccc(Cl)c2Cl)CC1)c1ccccc1,0,31,0.425693154335022,0.574306845664978
Plain-GCN,3,351,Cn1sc(=O)c2cc(S(=O)(=O)NC3CC3)ccc21,0,18,0.4011330306529999,0.5988669693470001
Plain-GCN,3,352,CCCc1c(C(=O)N/N=C/c2ccc(OC)c(OCc3ccccc3)c2)nnn1-c1nonc1N,0,35,0.39283379912376404,0.607166200876236
Plain-GCN,3,353,CCNC(=O)c1c(NC(=O)C2COc3ccccc3O2)sc2c1CCCC2,0,27,0.4304264485836029,0.5695735514163971
Plain-GCN,3,354,COc1cc2nc(N(CCCN(C)C)C(=O)c3ccc(S(=O)(=O)N4CCc5ccccc54)cc3)sc2cc1OC.Cl,0,41,0.37313687801361084,0.6268631219863892
Plain-GCN,3,355,COc1cc(C(=O)N2CC3CCC2[C@@H]3N)cc2nc(-c3cc4ccc(-c5ccc6nnnn6c5)nc4n3CC3CC3)n(C)c12,1,44,0.44120287895202637,0.5587971210479736
Plain-GCN,3,356,CNC(=O)n1ccc(C(=O)N2CCCCC2)n1,0,17,0.47827962040901184,0.5217203795909882
Plain-GCN,3,357,CC(NC(=O)c1ccccc1)C(=O)OCC(=O)c1ccc(Br)cc1,0,24,0.45528289675712585,0.5447171032428741
Plain-GCN,3,358,CCOC(=O)c1ccc(NC(=O)CSc2nc3cccnc3n2C)cc1,0,26,0.4482696056365967,0.5517303943634033
Plain-GCN,3,359,O=C(COc1ccc(S(=O)(=O)N2CCCC2)cc1)NCc1cccnc1,0,26,0.4057950973510742,0.5942049026489258
Plain-GCN,3,360,COC(=O)C1=C(C(=O)OC)SC2(S1)C(C(=O)OC)=C(C(=O)OC)SC1=C2c2cc(C)cc(C)c2NC1(C)C,0,38,0.4307682514190674,0.5692317485809326
Plain-GCN,3,361,COC(=O)c1cn(C(=O)c2cc(OC)cc(OC)c2)c2ccccc12,0,25,0.3884124457836151,0.6115875542163849
Plain-GCN,3,362,COc1ccc(Cn2c(-c3nc4cc(C(=O)N5CCC[C@@H](N)C5)ccn4c3C)cc3ccccc32)nc1,1,37,0.34180471301078796,0.658195286989212
Plain-GCN,3,363,COc1ccc(/C=N/n2c(=O)c(C(C)(C)C)nn3cnnc23)cc1,0,24,0.40915438532829285,0.5908456146717072
Plain-GCN,3,364,COc1cccc2cc(C(=O)NC3CC(C)(C)NC(C)(C)C3)c(=O)oc12,0,26,0.37195247411727905,0.628047525882721
Plain-GCN,3,365,COc1ccc(C(=O)NCCc2ccc(C(F)(F)F)cc2)cc1S(=O)(=O)N1CCOCC1,0,32,0.38607797026634216,0.6139220297336578
Plain-GCN,3,366,O=C(O)CN1C(=O)/C(=C\c2ccccc2OCc2ccc(Cl)cc2Cl)SC1=S,0,28,0.4609031677246094,0.5390968322753906
Plain-GCN,3,367,Cc1cc(C)cc(-n2ccnc2SCC(=O)Nc2cccc(S(=O)(=O)NC3=NCCC3)c2)c1,0,33,0.36237624287605286,0.6376237571239471
Plain-GCN,3,368,O=C(NNC(=O)c1cccc(C(F)(F)F)c1)c1ccc(-n2cnnn2)cc1,0,27,0.3813652992248535,0.6186347007751465
Plain-GCN,3,369,Cc1c(-c2cc3ccccc3n2CC2CC2)nc2cc(C(=O)N3CCC4OCCNC4C3)ccn12,1,35,0.3530772924423218,0.6469227075576782
Plain-GCN,3,370,COc1cc(C(=O)N2CC3CCC2[C@@H]3N)cc2nc(-c3cc4ccc(-c5nnnn5C)nc4n3CC3CC3)n(C)c12,1,41,0.4506334960460663,0.5493665039539337
Plain-GCN,3,371,Cc1sc2nc(-c3ccco3)oc(=O)c2c1C,0,17,0.49924030900001526,0.5007596909999847
Plain-GCN,3,372,Cc1cc(C(C#N)c2ccccc2)n2ncnc2n1,0,19,0.4016124904155731,0.5983875095844269
Plain-GCN,3,373,O=C(C1CCCO1)N1CCN(S(=O)(=O)c2ccc(Cl)cc2)CC1,0,23,0.4885445833206177,0.5114554166793823
Plain-GCN,3,374,Cn1c(-c2cncn2CC2CC2)nc2cc(C(=O)N3CCC[C@@H](N)C3)ccc21,0,28,0.3620730936527252,0.6379269063472748
Plain-GCN,3,375,COc1cc(C(=O)N2CC3CCC2[C@@H]3N)cc2nc(-c3cc4ccc(-c5ccnc(F)c5C)nc4n3CC3CC3)n(C)c12,1,43,0.44969528913497925,0.5503047108650208
Plain-GCN,3,376,O=C(Oc1cccc([N+](=O)[O-])c1)c1ccc2c(=O)n3c(nc2c1)CCC3,0,26,0.39264872670173645,0.6073512732982635
Plain-GCN,3,377,COCCn1nnnc1SCC(=O)N1CCCCC1,0,19,0.5738961100578308,0.4261038899421692
Plain-GCN,3,378,Cc1ccc([N+](=O)[O-])c(C(=O)N/N=C/c2cccnc2)c1,0,21,0.3997844159603119,0.6002155840396881
Plain-GCN,3,379,c1ccc2c(CNC3CCCCC3)c[nH]c2c1,0,17,0.4036596715450287,0.5963403284549713
Plain-GCN,3,380,COC(=O)c1ccc(-c2ncc[nH]2)cc1,0,15,0.4262945353984833,0.5737054646015167
Plain-GCN,3,381,O=S(=O)(/C=C/c1ccccc1)N1CCN(Cc2ccc3c(c2)OCO3)CC1,0,27,0.3935455083847046,0.6064544916152954
Plain-GCN,3,382,COc1ccc(Cl)cc1NC(=O)c1[nH]c(C)c(C(C)=O)c1C,0,22,0.48349666595458984,0.5165033340454102
Plain-GCN,3,383,COc1cccc(NC(=O)Nc2cccs2)c1,0,17,0.5329113602638245,0.46708863973617554
Plain-GCN,3,384,Cn1cnc([N+](=O)[O-])c1Sc1ccc(C(C)(C)C)cc1,0,20,0.49443763494491577,0.5055623650550842
Plain-GCN,3,385,CC(=O)Nc1c(O)nc(SCC(=O)Nc2sc3c(c2C#N)CCCCCC3)[nH]c1=O,0,30,0.47570618987083435,0.5242938101291656
Plain-GCN,3,386,COc1cc(C(=O)N2C[C@H](N)C[C@@H](F)C2)cc2nc(-c3cc4ccc(-c5cccc(F)c5C(=O)O)nc4n3CC3CC3)n(C)c12,1,45,0.4000774323940277,0.5999225676059723
Plain-GCN,3,387,COc1cc(C(=O)N2CC3CCC2[C@@H]3N)cc2nc(-c3cc4ccc(-c5cc(O)ccc5Cl)nc4n3CC3CC3)n(C)c12,1,43,0.43136993050575256,0.5686300694942474
Plain-GCN,3,388,CC(=O)Nc1ccc(NC(=O)C(C)OC(=O)CC2CCCCC2)cc1,0,25,0.4142270088195801,0.5857729911804199
Plain-GCN,3,389,N#Cc1ccc(N2Cc3ccccc3C2=NC(=O)c2cccs2)cc1,0,25,0.40102264285087585,0.5989773571491241
Plain-GCN,3,390,COc1cc(C(=O)N2CC3CCC2[C@@H]3N)cc2nc(-c3cc4ccc(-c5ccc(Cl)c(C(N)=O)c5)nc4n3CC3CC3)n(C)c12,1,45,0.4192183017730713,0.5807816982269287
Plain-GCN,3,391,Cc1[nH]n2c(=O)c3c(nc2c1-c1ccccc1)CCCC3,0,21,0.42077893018722534,0.5792210698127747
Plain-GCN,3,392,COc1ccc(N(C(=O)c2cccnc2)S(=O)(=O)c2cccc([N+](=O)[O-])c2)cc1,0,29,0.41601839661598206,0.5839816033840179
Plain-GCN,3,393,Cc1ccc(S(=O)(=O)NCCC(=O)Nc2ccc(S(=O)(=O)NC(C)C)cc2)cc1,0,29,0.439893513917923,0.560106486082077
Plain-GCN,3,394,O=S(=O)(c1ccc2ccccc2c1)N1CCN(S(=O)(=O)N2CCCCC2)CC1,0,28,0.4394678473472595,0.5605321526527405
Plain-GCN,3,395,O=c1cc(-c2ccc(Cl)cc2)[nH][nH]1,0,13,0.6454772353172302,0.3545227646827698
Plain-GCN,3,396,Cc1sc2ccccc2[n+]1CC(=O)O.[Br-],0,15,0.4329218566417694,0.5670781433582306
Plain-GCN,3,397,Cc1ccc(N(C(=O)c2cccs2)C2C=CS(=O)(=O)C2)cc1,0,22,0.4144408106803894,0.5855591893196106
Plain-GCN,3,398,CC(C)c1ccc(NC2CCCN(C(=O)CCN3CCOCC3)C2)cc1,0,26,0.44770362973213196,0.552296370267868
Plain-GCN,3,399,COC1CCCN(C(=O)c2cccc(OC3CCN(S(=O)(=O)N(C)C)CC3)c2)C1,0,29,0.46442273259162903,0.535577267408371
Plain-GCN,3,400,COc1cc(C(=O)N2C[C@H](N)C[C@@H](F)C2)cc2nc(-c3cc4ccc(-c5ccc(OCC(N)=O)cc5)nc4n3CC3CC3)n(C)c12,1,46,0.3774762451648712,0.6225237548351288
Plain-GCN,3,401,COc1ccc(CCNS(=O)(=O)c2cccc(C(=O)O)c2)cc1OC,0,25,0.42049336433410645,0.5795066356658936
Plain-GCN,3,402,COc1cc(C(=O)N2CC3CCC2[C@@H]3N)cc2nc(-c3cc4ccc(-c5cc(F)c6c(c5)CCC(=O)N6)cc4n3CC3CC3)n(C)c12,1,47,0.4905208647251129,0.5094791352748871
Plain-GCN,3,403,COc1cc(OC)cc(C2C(C#N)=C(N)Oc3n[nH]c(-c4cccnc4)c32)c1,0,28,0.3632219135761261,0.6367780864238739
Plain-GCN,3,404,Cc1sc2ccccc2[n+]1CCC(C)S(=O)(=O)[O-],0,18,0.41149434447288513,0.5885056555271149
Plain-GCN,3,405,Cc1cccc2sc(N(CCCN(C)C)C(=O)c3ccc4ncsc4c3)nc12,0,28,0.41880708932876587,0.5811929106712341
Plain-GCN,3,406,CN(C)CCCn1c(SCC(=O)N2c3ccccc3Sc3ccccc32)nc2ccccc2c1=O,0,35,0.47735366225242615,0.5226463377475739
Plain-GCN,3,407,C[C@H](CO)N1C[C@H](C)[C@@H](CN(C)Cc2ccc(C(=O)O)cc2)Oc2ccc(NS(=O)(=O)c3cn(C)cn3)cc2C1=O,0,41,0.35761576890945435,0.6423842310905457
Plain-GCN,3,408,O=C(Cc1cc(=O)[nH][nH]1)N/N=C/c1cccc(Cl)c1Cl,0,20,0.4535048007965088,0.5464951992034912
Plain-GCN,3,409,CN1CCc2c(sc3nc(SCC(N)=O)n(-c4ccccc4)c(=O)c23)C1,0,26,0.40455368161201477,0.5954463183879852
Plain-GCN,3,410,COc1ccc(OC)c(S(=O)(=O)Nc2ccccc2C(=O)O)c1,0,23,0.431164026260376,0.568835973739624
Plain-GCN,3,411,CCc1ccccc1N(CC)C(=O)c1cn(C)c(=O)c2cc(OC)c(OC)cc12,0,29,0.37825891375541687,0.6217410862445831
Plain-GCN,3,412,NC(=O)COC(=O)c1ccccc1Nc1ccc(SC(F)F)cc1,0,24,0.4058803617954254,0.5941196382045746
Plain-GCN,3,413,CCOC(=O)N1CCN(c2c(N3CCN(c4cccc(C(F)(F)F)c4)CC3)c(=O)c2=O)CC1,0,33,0.48550376296043396,0.514496237039566
Plain-GCN,3,414,CCOC(=O)c1[nH]c(=O)c2ccccc2c1O,0,17,0.47678640484809875,0.5232135951519012
Plain-GCN,3,415,COc1cc(C(=O)N2CC3CCC2[C@@H]3N)cc2nc(-c3cc4ccc(-c5ccc(CS(C)(=O)=O)cc5F)nc4n3CC3CC3)n(C)c12,1,47,0.4289993345737457,0.5710006654262543
Plain-GCN,3,416,COc1ccc([N+](=O)[O-])cc1NC(=O)CCS(=O)(=O)c1ccc(Br)cc1,0,26,0.48647892475128174,0.5135210752487183
Plain-GCN,3,417,COc1cc(C(=O)N2[C@H]3CC[C@@H]2[C@H](N)C3)cc2nc(-c3cc4ccc([C@@H](C)NC(=O)N5CCO[C@@H](C)C5)nc4n3CC3CC3)c(C)n12,1,47,0.41762638092041016,0.5823736190795898
Plain-GCN,3,418,Cc1nn(Cc2c(F)c(F)c(F)c(F)c2F)c(C)c1NC(=O)c1c([N+](=O)[O-])c(C)nn1C,0,32,0.5280561447143555,0.47194385528564453
Plain-GCN,3,419,CCC(C)c1ccccc1NC(=O)CN1CCN(C/C=C/c2ccccc2)CC1,0,29,0.45125800371170044,0.5487419962882996
Plain-GCN,3,420,COc1cc(C(=O)N2C[C@H](N)C[C@@H](F)C2)cc2nc(-c3cc4ccc(-c5ccc6c(c5)CCC(=O)N6)nc4n3CC3CC3)n(C)c12,1,46,0.4126717746257782,0.5873282253742218
Plain-GCN,3,421,COc1cc(C(=O)N2C[C@H](N)C[C@@H](F)C2)cc2nc(-c3cc4ccc(-c5ccc(CS(C)(=O)=O)cc5)cc4n3CC3CC3)n(C)c12,1,46,0.3938134014606476,0.6061865985393524
Plain-GCN,3,422,COc1cc(C(=O)N2C[C@H](N)C[C@@H](F)C2)cc2nc(-c3cc4ccc(C5CCNC(=O)C5)nc4n3CC3CC3)n(C)c12,1,42,0.45487141609191895,0.545128583908081
Plain-GCN,3,423,O=C1Nc2ccc(Br)cc2/C1=C/C(=O)c1ccc2c(c1)OCO2,0,23,0.46514520049095154,0.5348547995090485
Plain-GCN,3,424,COc1ccc(CCN(Cc2ccccn2)C(=S)Nc2ccccc2F)cc1OC,0,30,0.4530140459537506,0.5469859540462494
Plain-GCN,3,425,CCc1c(C)nc2c(C)cccc2c1SCCC#N,0,19,0.380594938993454,0.619405061006546
Plain-GCN,3,426,Cn1nc(C(F)(F)F)cc1-c1ccc(S(N)(=O)=O)s1,0,19,0.4135339856147766,0.5864660143852234
Plain-GCN,3,427,CC(=O)Nc1ccc(OC(=O)c2ccco2)cc1,0,18,0.5744193196296692,0.4255806803703308
Plain-GCN,3,428,Cc1cccc(NS(=O)(=O)c2ccc(OCC(=O)N3CCCC3)cc2)c1,0,26,0.43720120191574097,0.562798798084259
Plain-GCN,3,429,Cc1ccc(C)c(OCCCC(C)(C)C(=O)O)c1,0,18,0.5431054830551147,0.45689451694488525
Plain-GCN,3,430,COC(=O)c1ccc(=O)c2nc3/c(=C/O)c(O)cc(=O)c3[nH]c12,0,23,0.44783616065979004,0.55216383934021
Plain-GCN,3,431,O=C(NCc1ccccn1)c1ccc2nc(-c3ccco3)c(-c3ccco3)nc2c1,0,30,0.5249522924423218,0.4750477075576782
Plain-GCN,3,432,COc1cc(C(=O)N2CC3CCC2[C@@H]3N)cc2nc(-c3cc4ccc(-c5ccc(C(N)=O)cn5)nc4n3CC3CC3)n(C)c12,1,44,0.41066351532936096,0.589336484670639
Plain-GCN,3,433,CC12CCC(C(=O)Nc3ccc(SC(F)F)cc3)(CC1=O)C2(C)C,0,24,0.4630538821220398,0.5369461178779602
Plain-GCN,3,434,O=C(Nc1ccc2ccccc2n1)C1CCCCC1,0,19,0.40125200152397156,0.5987479984760284
Plain-GCN,3,435,COc1cc(C(=O)N2CC3CCC2[C@@H]3N)cc2nc(-c3cc4ccc(-c5ccc(O)c(-c6ccno6)c5)nc4n3CC3CC3)n(C)c12,1,47,0.4155782163143158,0.5844217836856842
Plain-GCN,3,436,CCCOc1cccc(OCC(=O)Nc2nc3ccccc3[nH]2)c1,0,24,0.4888306260108948,0.5111693739891052
Plain-GCN,3,437,Cc1ccc(/C=N/n2c(-c3cccnc3)n[nH]c2=S)o1,0,20,0.5340609550476074,0.4659390449523926
Plain-GCN,3,438,COc1cc(C(=O)N2C[C@H](N)C[C@@H](F)C2)cc2nc(-c3cc4ccc(-c5cnc6c(c5)OCC(=O)N6)cc4n3CC3CC3)n(C)c12,1,46,0.4147265553474426,0.5852734446525574
Plain-GCN,3,439,CCOC(=O)N1CCN(C(=O)c2cn(CC)c3cc(N4CCN(C)CC4)c(F)cc3c2=O)CC1.Cl,0,35,0.4382559657096863,0.5617440342903137
Plain-GCN,3,440,COc1cc(C(=O)N2C[C@H]3CC[C@@H]2[C@@H]3N)cc2nc(-c3ccc(F)nc3CC3CC3)n(C)c12,1,33,0.3936997652053833,0.6063002347946167
Plain-GCN,3,441,COc1cc(C(=O)N2CC3CCC2[C@@H]3N)cc2nc(-c3cc4ccc(-c5cccc(NS(C)(=O)=O)c5)nc4n3CC3CC3)n(C)c12,1,46,0.4036504626274109,0.5963495373725891
Plain-GCN,3,442,COc1cc(C2OC(=O)c3ccccc3S2)cc(OC)c1OC,0,23,0.4085225462913513,0.5914774537086487
Plain-GCN,3,443,O=C(c1cc(N2CCOCC2)c(F)cc1[N+](=O)[O-])N1CCOCC1,0,24,0.4202929735183716,0.5797070264816284
Plain-GCN,3,444,O=C(COC(=O)CCCc1c[nH]c2ccccc12)Nc1ccc2c(c1)OCO2,0,28,0.40171295404434204,0.598287045955658
Plain-GCN,3,445,CC(C)c1ccccc1NC(=S)NC1CCN(Cc2ccccc2)CC1,0,26,0.46389028429985046,0.5361097157001495
Plain-GCN,3,446,CCOc1ccc2c(c1)-c1c(ssc1=S)C(C)(C)N2C(=O)CSC1=NCCS1,0,28,0.416340172290802,0.583659827709198
Plain-GCN,3,447,O=C(CSc1n[nH]c(-c2ccccc2)n1)N1CCCC1,0,20,0.46924400329589844,0.5307559967041016
Plain-GCN,3,448,O=C(NNC(=S)NC(=O)c1cn(-c2ccccc2)nc1-c1ccccc1)c1ccncc1,0,32,0.46272239089012146,0.5372776091098785
Plain-GCN,3,449,O=C(COC(=O)c1ccc(Br)o1)NCc1ccc(Cl)cc1,0,21,0.4882265329360962,0.5117734670639038
Plain-GCN,3,450,CCCOC(=S)NC(=O)c1sc2ccccc2c1Cl,0,19,0.4020625948905945,0.5979374051094055
Plain-GCN,3,451,CN(C(=O)COC(=O)c1cccc(S(=O)(=O)N2CCOCC2)c1)C1CCS(=O)(=O)C1,0,30,0.43432697653770447,0.5656730234622955
Plain-GCN,3,452,O=C(NCc1cccs1)c1ccc2c(c1)ncn2C1CCCC1,0,23,0.36265602707862854,0.6373439729213715
Plain-GCN,3,453,COc1cc2oc3ccccc3c(=O)c2cc1OC,0,19,0.5036715865135193,0.4963284134864807
Plain-GCN,3,454,O=C1c2ccccc2C(=O)N1CCCc1cn(C[C@H]2CC[C@@H]([C@@H]3CC[C@H](Cn4cc(CCCN5C(=O)c6ccccc6C5=O)nn4)O3)O2)nn1,0,50,0.38017889857292175,0.6198211014270782
Plain-GCN,3,455,N#C/C(=C\C=C\c1ccccc1)C(=O)NCc1cccnc1,0,22,0.4182645380496979,0.5817354619503021
Plain-GCN,3,456,COCCN(CCOC)C(=O)c1ccc(CSc2nc3ccccc3s2)cc1,0,28,0.4250902235507965,0.5749097764492035
Plain-GCN,3,457,C=CCN(Cc1ccc(Cl)s1)C(=O)c1cc(S(=O)(=O)N2CCOCC2)ccc1F,0,29,0.3927497863769531,0.6072502136230469
Plain-GCN,3,458,COc1cc(C(=O)N2C[C@H](N)C[C@@H](F)C2)cc2nc(-c3cc4ccc(-c5ccc(CC(N)=O)nc5)nc4n3CC3CC3)n(C)c12,1,45,0.3998342752456665,0.6001657247543335
Plain-GCN,3,459,COc1ccc(OC)c(N2Cc3cc(C)c(C)cc3C2)c1,0,21,0.4348446726799011,0.5651553273200989
Plain-GCN,3,460,COc1ccccc1-c1nnc(NC(=O)c2ccc3ncsc3c2)o1,0,25,0.43543824553489685,0.5645617544651031
Plain-GCN,3,461,O=C(C1CCCC1)N1CCC(CC2CC(c3ccc(Cl)cc3)=NO2)(C(=O)NCC2CCCCC2)CC1,0,36,0.4512028396129608,0.5487971603870392
Plain-GCN,3,462,C=CC(COCc1ccccc1)N(Cc1ccccc1)S(=O)(=O)c1ccccc1Br,0,30,0.4783773422241211,0.5216226577758789
Plain-GCN,3,463,CN(C)C(=O)c1ccc(NC(=O)c2cccc(S(=O)(=O)N3CCCc4ccccc43)c2)cc1,0,33,0.3878820836544037,0.6121179163455963
Plain-GCN,3,464,O=C1c2ccccc2-c2onc3c(N4CCN(CCO)CC4)cc(N4CCN(C(=O)c5ccco5)CC4)c1c23,0,39,0.41101598739624023,0.5889840126037598
Plain-GCN,3,465,COc1ccc(Cl)cc1C(=O)NNC(=O)c1cccs1,0,20,0.46677812933921814,0.5332218706607819
Plain-GCN,3,466,COC(=O)c1ccc(-c2ccc3cc(-c4nc5cc(C(=O)N6CC7CCC6[C@@H]7N)cc(OC)c5n4C)n(CC4CC4)c3n2)cc1O,1,46,0.4236529767513275,0.5763470232486725
Plain-GCN,3,467,Cc1nc(Cl)c2c(n1)NC1=C(O2)C(=O)CCC1,0,17,0.4842624068260193,0.5157375931739807
Plain-GCN,3,468,CC1Cc2ccccc2N1C(=O)CSc1nnc(CSc2ncccn2)n1C,0,28,0.4663844406604767,0.5336155593395233
Plain-GCN,3,469,CCCCn1c(=O)c(C(=O)Nc2ccccc2F)c(O)c2ccccc21,0,26,0.4250675141811371,0.5749324858188629
Plain-GCN,3,470,CCN(c1ccccc1)S(=O)(=O)c1ccc(Cl)c(C(=O)O)c1,0,22,0.42644500732421875,0.5735549926757812
Plain-GCN,3,471,COc1cc(C(=O)N2CC3CCC2[C@@H]3N)cc2nc(-c3cc4ccc(Nc5cccc(C(N)=O)c5)nc4n3CC3CC3)n(C)c12,1,45,0.40151000022888184,0.5984899997711182
Plain-GCN,3,472,COc1cc(C(=O)N2C[C@H](N)CC[C@@H]2C)cc2nc(-c3cc4ccc(-c5ccc6c(c5)CC(=O)N6)nc4n3CC3CC3)n(C)c12,1,45,0.42451170086860657,0.5754882991313934
Plain-GCN,3,473,COc1cc(C(=O)N2CC3CCC2[C@@H]3N)cc2nc(-c3cc4ccc(-c5ccc(NC(C)=O)c(C(=O)O)c5)nc4n3CC3CC3)n(C)c12,1,48,0.4022243320941925,0.5977756679058075
Plain-GCN,3,474,O=C(N1CCOCC1)N1CCN(c2ccccc2F)CC1,0,21,0.46269887685775757,0.5373011231422424
Plain-GCN,3,475,CC1(OC(=O)c2ccc(Cl)nc2)C(=O)C=C2C=C(C3CC3)OC=C2C1=O,0,26,0.3999919295310974,0.6000080704689026
Plain-GCN,3,476,CCCNC(=S)Nc1ccc(CC(=O)OC)cc1,0,18,0.4013136327266693,0.5986863672733307
Plain-GCN,3,477,COc1ccc(OC)c(NC(=S)NCc2cccs2)c1,0,20,0.48174846172332764,0.5182515382766724
Plain-GCN,3,478,CCCN(CCC)S(=O)(=O)c1ccc(NC(=O)c2cc(C(=O)OC)cc([N+](=O)[O-])c2)cc1,0,32,0.3979581892490387,0.6020418107509613
Plain-GCN,3,479,COc1ccc(C2CC(c3cccs3)=NN2C(=O)CSC2=NCCS2)cc1,0,27,0.47648894786834717,0.5235110521316528
Plain-GCN,3,480,O=C1C2CCCCC2C(=O)N1c1ccc(NC2CCCCC2)c([N+](=O)[O-])c1,0,27,0.4315928816795349,0.5684071183204651
Plain-GCN,3,481,COc1ccc(N(CC(O)CN2C(=O)NC(C)(C)C2=O)S(=O)(=O)c2ccc(C)cc2)cc1,0,32,0.3491082489490509,0.6508917510509491
Plain-GCN,3,482,CCOc1ccc(OCC(=O)Nc2ccc(OC)cc2)cc1,0,22,0.592033863067627,0.40796613693237305
Plain-GCN,3,483,Cc1ccc(N(NC(=O)C(O)(c2ccccc2)c2ccccc2)C(=O)CCl)cc1,0,29,0.48935678601264954,0.5106432139873505
Plain-GCN,3,484,O=C(Oc1ccccc1C(=O)Nc1ccccc1)c1ccc(Br)c([N+](=O)[O-])c1,0,28,0.5226868391036987,0.47731316089630127
Plain-GCN,3,485,CC(C)Cc1nn2c(=O)cc(O)nc2s1,0,15,0.6120351552963257,0.3879648447036743
Plain-GCN,3,486,COc1ccc(C(=O)C2CCCN(C(=O)c3ccc4nccnc4c3)C2)c(C)c1,0,29,0.3896324932575226,0.6103675067424774
Plain-GCN,3,487,COc1cc(C(=O)N2C[C@H](N)C[C@@H](F)C2)cc2nc(-c3cc4ccc(C(=O)Nc5ccc(S(N)(=O)=O)cc5)nc4n3CC3CC3)n(C)c12,1,48,0.3589937090873718,0.6410062909126282
Plain-GCN,3,488,COc1ccc(OC(C)C(=O)N(C)Cc2nc(-c3ccccc3)no2)cc1,0,27,0.501418948173523,0.49858105182647705
Plain-GCN,3,489,COc1cc(C(=O)N2CC3CCC2[C@@H]3N)cc2nc(-c3cc4ccc(Nc5ccncc5CO)nc4n3CC3CC3)n(C)c12,1,44,0.4369342029094696,0.5630657970905304
Plain-GCN,3,490,CN(C)/C=C(\C#N)S(=O)(=O)c1ccccc1,0,16,0.39987489581108093,0.6001251041889191
Plain-GCN,3,491,CC(=O)N1CCC(=NNc2nc3ccccc3[nH]2)CC1.O=C(O)C(=O)O,0,26,0.43684327602386475,0.5631567239761353
Plain-GCN,3,492,COc1cc(C(=O)N2CC3CCC2[C@@H]3N)cc2nc(-c3cc4ccc(-c5cc(F)c6c(c5)CCN(C(C)=O)C6)nc4n3CC3CC3)n(C)c12,1,49,0.4597139358520508,0.5402860641479492
Plain-GCN,3,493,CCc1ncc(/C=C2\C(=O)Nc3ccccc32)[nH]1,0,18,0.41135770082473755,0.5886422991752625
Plain-GCN,3,494,COc1cc(C(=O)N2CC3CCC2[C@@H]3N)cc2nc(-c3cc4ccc(-c5ccc6oc(=O)[nH]c6c5)cc4n3CC3CC3)n(C)c12,1,45,0.43869858980178833,0.5613014101982117
Plain-GCN,3,495,C/C(CC(=O)Nc1ccc(Cl)c(C(F)(F)F)c1)=N\NC(=O)c1cnccn1,0,27,0.4224221408367157,0.5775778591632843
Plain-GCN,3,496,COc1ccc(-c2ccc3cc(-c4nc5cc(C(=O)N6C[C@H]7CC[C@@H]6[C@@H]7N)cc(OC)c5n4C)n(CC4CC4)c3c2)c(F)c1,1,44,0.42534729838371277,0.5746527016162872
Plain-GCN,3,497,COc1ccccc1-c1oc2ccccc2c1-c1ccccc1OC,0,25,0.571928858757019,0.42807114124298096
Plain-GCN,3,498,CCC1(C)Cc2c(sc(NC(=O)CCC(=O)O)c2C#N)CO1,0,22,0.4860824942588806,0.5139175057411194
Plain-GCN,3,499,C=CCn1c(Cc2csc(N)n2)nnc1SCC(=O)OCC,0,22,0.5440617203712463,0.45593827962875366
Plain-GCN,3,500,C=CCOc1ccccc1CNCCCN1CCOCC1.Cl,0,22,0.4300612509250641,0.5699387490749359
Plain-GCN,3,501,COc1ccc(CCNC(=O)c2c(-c3ccccc3)noc2C)cc1OC,0,27,0.40428104996681213,0.5957189500331879
Plain-GCN,3,502,Cn1nccc1NC(=O)c1nccnc1C(=O)O,0,18,0.5201883316040039,0.4798116683959961
Plain-GCN,3,503,C/C(=N\Nc1nc2c(s1)CCCC2)c1ccc(Cl)cc1.Cl,0,21,0.491062194108963,0.508937805891037
Plain-GCN,3,504,Oc1ccc(-c2cnc3ccccc3n2)cc1,0,17,0.6805729866027832,0.3194270133972168
Plain-GCN,3,505,COc1cc(C(=O)N2CCC[C@@H](N)C2)cc2nc(-c3ccc(C#N)n3CC3CCOCC3)n(C)c12,0,35,0.4121846854686737,0.5878153145313263
Plain-GCN,3,506,COc1cc(C(=O)OCC(=O)Nc2ccc(S(=O)(=O)N3CCCC3)cc2)cc(OC)c1OC,0,33,0.39275622367858887,0.6072437763214111
Plain-GCN,3,0,O=C1CSC(=Nc2cccc(Cl)c2Cl)N1,0,15,0.5517086982727051,0.4482913017272949
Plain-GCN,3,1,Cc1sc2c3ccsc3ccc2[n+]1C.[I-],0,15,0.6608765125274658,0.3391234874725342
Plain-GCN,3,2,CCc1cc(=O)oc2c(C)c(OC(C)C(=O)N3CCC[C@@H]3C(=O)O)ccc12,0,27,0.5348325967788696,0.46516740322113037
Plain-GCN,3,3,Cc1ccc(OCC(=O)N2CCN(S(=O)(=O)c3ccccc3[N+](=O)[O-])CC2)cc1,0,29,0.5082067847251892,0.4917932152748108
Plain-GCN,3,4,CCc1cc(NC(C)=O)ccc1-c1ccc2cc(-c3nc4cc(C(=O)N5CC6CCC5[C@@H]6N)cc(OC)c4n3C)n(CC3CC3)c2n1,1,47,0.37605398893356323,0.6239460110664368
Plain-GCN,3,5,COc1cc(-c2ccc3cc(-c4nc5cc(C(=O)N6CC7CCC6[C@@H]7N)cc(OC)c5n4C)n(CC4CC4)c3n2)ccc1CC(N)=O,1,47,0.39935868978500366,0.6006413102149963
Plain-GCN,3,6,C/C(=N\NS(C)(=O)=O)c1ccccc1,0,14,0.5127109289169312,0.48728907108306885
Plain-GCN,3,7,Cc1nn2c(N3CCN(C)CC3)c3c(nc2c1-c1ccccc1)CCCC3,0,27,0.47020989656448364,0.5297901034355164
Plain-GCN,3,8,Cc1ccc([C@@H]2C3COCC=C3C(C#N)=C(N)C2(C#N)C#N)o1,0,23,0.5015502572059631,0.49844974279403687
Plain-GCN,3,9,CCN(c1ccccc1)S(=O)(=O)c1ccc(F)c(C(=O)O)c1,0,22,0.5932744741439819,0.40672552585601807
Plain-GCN,3,10,COc1cc(C(=O)N2C[C@H](N)C[C@@H](F)C2)cc2nc(-c3cc4ccc(-c5ccc(C(N)=O)cc5C(F)(F)F)nc4n3CC3CC3)n(C)c12,1,48,0.3976157307624817,0.6023842692375183
Plain-GCN,3,11,O=C(CCNC(=O)C1CCN(S(=O)(=O)c2ccc(F)cc2)CC1)NCc1ccccc1Cl,0,32,0.41844817996025085,0.5815518200397491
Plain-GCN,3,12,Cn1nnnc1SCc1ccccc1F,0,15,0.5766730904579163,0.42332690954208374
Plain-GCN,3,13,C/C(N)=C(/C#N)C(=O)COC(=O)C(NS(=O)(=O)c1ccc(Cl)cc1)C(C)O,0,27,0.45434901118278503,0.545650988817215
Plain-GCN,3,14,C=CCOC(=O)C1=C(C)NC(C)=C(C(=O)OCC=C)C1c1ccc(C)o1,0,26,0.5044829845428467,0.4955170154571533
Plain-GCN,3,15,Cc1ccc(-n2ncc3c2CCCC3NC(=O)c2ccoc2)cc1C,0,25,0.4322251081466675,0.5677748918533325
Plain-GCN,3,16,CCCN1CCN(S(=O)(=O)c2ccc3c(c2)CC(C)N3C(=O)C2CC2)CC1,0,27,0.4540098309516907,0.5459901690483093
Plain-GCN,3,17,CCN1CCN(Cc2c(O)c(Cl)cc3c(C)cc(=O)oc23)CC1,0,23,0.5040549635887146,0.4959450364112854
Plain-GCN,3,18,COc1cc(C(=O)N2[C@H]3CC[C@@H]2[C@H](N)C3)cc2nc(-c3cc4ccc([C@@H](C)NC(=O)CCC(=O)O)nc4n3CC3CC3)c(C)n12,1,45,0.3763628304004669,0.6236371695995331
Plain-GCN,3,19,COc1cc(C(=O)N2C[C@H](N)C[C@@H](F)C2)cc2nc(-c3cc4ccc(C5=CC(F)C=C6N=C(C)C(=O)N=C65)nc4n3CC3CC3)n(C)c12,1,48,0.36002668738365173,0.6399733126163483
Plain-GCN,3,20,Cc1cc(C(C)(C)C)ccc1OCCN1CCCC1,0,19,0.5294183492660522,0.47058165073394775
Plain-GCN,3,21,CC1(C)CC(=O)c2cc(C(=O)NC3CCSC3=O)c(=O)n(-c3ccc(Cl)cc3)c2C1,0,30,0.4402971863746643,0.5597028136253357
Plain-GCN,3,22,COc1cccc(CN2CCN(C(=O)Nc3ccc([N+](=O)[O-])cc3)CC2)c1,0,27,0.4242197573184967,0.5757802426815033
Plain-GCN,3,23,CCCCn1nc2cc(C(=O)NCC34CC5CC(CC(C5)C3)C4)ccc2c1OCC,0,30,0.41421395540237427,0.5857860445976257
Plain-GCN,3,24,CCCCCCn1c(=O)[nH]c2nc3cc(N)ccc3nc2c1=O,0,23,0.46751609444618225,0.5324839055538177
Plain-GCN,3,25,Cn1cccc1/C=C1\SC(=S)N(NC(=O)c2ccc(F)cc2)C1=O,0,24,0.5609437227249146,0.43905627727508545
Plain-GCN,3,26,O=C(CSc1nc2ccccc2s1)NC1CCCC1,0,19,0.46724411845207214,0.5327558815479279
Plain-GCN,3,27,COc1cc(C(=O)N2CC3CCC2[C@@H]3N)cc2nc(-c3cc4ccc(-c5cc(O)ccc5F)cc4n3CC3CC3)n(C)c12,1,43,0.4135684669017792,0.5864315330982208
Plain-GCN,3,28,COc1ccccc1N1CCN(C(=O)C(=O)c2cn(CC(=O)N3CCOCC3)c3ccccc23)CC1,0,36,0.43421506881713867,0.5657849311828613
Plain-GCN,3,29,O=C(COC(=O)c1cccnc1Cl)c1ccc(OC(F)F)cc1,0,23,0.5631428360939026,0.4368571639060974
Plain-GCN,3,30,COc1cc(C(=O)N2C[C@H](N)C[C@@H](F)C2)cc2nc(-c3cc4ccc(-c5ccc6[nH]c(=O)cc(O)c6c5)nc4n3CC3CC3)n(C)c12,1,47,0.4093739092350006,0.5906260907649994
Plain-GCN,3,31,CCCN=C1N(C)C[C@@H]2[C@@H]3C(=O)N(Cc4ccccc4)C(=O)[C@@H]3[C@](Cc3ccccc3)(C(=O)OC)N12.O=C(O)C(F)(F)F,0,43,0.4341195821762085,0.5658804178237915
Plain-GCN,3,32,CCCc1nc([N+](=O)[O-])c(S(=O)(=O)c2ccccc2)n1CC(C)C,0,24,0.46413490176200867,0.5358650982379913
Plain-GCN,3,33,Cc1ccc2c(c1)N(C(C)C(=O)NCc1ccccn1)C(=O)CO2,0,24,0.46896976232528687,0.5310302376747131
Plain-GCN,3,34,CCOC(=O)C1CCCN(C(=S)Nc2cc(C)cc(C)c2)C1,0,22,0.4593205451965332,0.5406794548034668
Plain-GCN,3,35,OCCC1CN(CCCc2ccccc2)CCN1Cc1ccccc1,0,25,0.4669194221496582,0.5330805778503418
Plain-GCN,3,36,COc1cc(C(=O)N2CC3CCC2[C@@H]3N)cc2nc(-c3cc4ccc(Nc5cncnc5)cc4n3CC3CC3)n(C)c12,1,42,0.3943594694137573,0.6056405305862427
Plain-GCN,3,37,CN1C2C=C3C(C#N)=C(N)C(C#N)(C#N)[C@@H](c4cccs4)C3C1CC2,0,25,0.4722605049610138,0.5277394950389862
Plain-GCN,3,38,CCOc1ccccc1NC(=S)NCc1ccccc1,0,20,0.5682681202888489,0.4317318797111511
Plain-GCN,3,39,CCCCNC(=O)CCC(=O)Nc1ccc2nc(N3CCN(C)CC3)cc(C)c2c1,0,30,0.42028772830963135,0.5797122716903687
Plain-GCN,3,40,COc1cc(C(=O)N2C[C@H](N)C[C@@H](F)C2)cc2nc(-c3cc4ccc(C(=O)NC5CCC(=O)NC5=O)nc4n3CC3CC3)n(C)c12,1,46,0.36350202560424805,0.636497974395752
Plain-GCN,3,41,CC(C)=N/N=C(/c1ccc([N+](=O)[O-])cc1)C12CN3CN(CN(C3)C1)C2,0,25,0.40966206789016724,0.5903379321098328
Plain-GCN,3,42,CNC(=O)Nc1ccccc1NC(=O)NC,0,16,0.5864653587341309,0.41353464126586914
Plain-GCN,3,43,Cc1c(NC(=O)CN2CCCc3ccccc32)c(=O)n(-c2ccccc2)n1C,0,28,0.47144922614097595,0.528550773859024
Plain-GCN,3,44,COc1ccc(C2CC(c3ccc(C)cc3)Nc3ncnn32)cc1,0,24,0.45485445857048035,0.5451455414295197
Plain-GCN,3,45,COc1cc(C(=O)N2CC3CCC2[C@@H]3N)cc2nc(-c3cc4ccc(C5C=CC6=NC(=O)NC6=C5)nc4n3CC3CC3)n(C)c12,1,45,0.3645390570163727,0.6354609429836273
Plain-GCN,3,46,Nn1c(SCC(=O)Nc2cc(C(F)(F)F)ccc2Cl)nncc1=O,0,24,0.4995436370372772,0.5004563629627228
Plain-GCN,3,47,COc1ccc(C2CC(c3ccc(Br)cc3)=NN2C(=O)c2cccnc2)cc1,0,28,0.5135430097579956,0.4864569902420044
Plain-GCN,3,48,Cc1cc(N/N=C/c2ccc(O)cc2O)nc(-c2ccccc2O)n1,0,25,0.5074759125709534,0.49252408742904663
Plain-GCN,3,49,COc1cc(-c2ccc3cc(-c4nc5cc(C(=O)N6CC7CCC6[C@@H]7N)cc(OC)c5n4C)n(CC4CC4)c3c2)c(F)cc1O,1,45,0.41311588883399963,0.5868841111660004
Plain-GCN,3,50,Cc1ccc(NC2=C/C(=N/S(=O)(=O)c3cccs3)c3ccccc3C2=O)cc1,0,28,0.537567138671875,0.462432861328125
Plain-GCN,3,51,COc1cc(C(=O)N2CC3CCC2[C@@H]3N)cc2nc(-c3cc4ccc(-c5ccc6c(c5)C(=O)CS(=O)(=O)N6C)cc4n3CC3CC3)n(C)c12,1,49,0.3875267207622528,0.6124732792377472
Plain-GCN,3,52,COc1cc(C(=O)N2CC3CCC2[C@@H]3N)cc2nc(-c3cc4ccc(Nc5cnc(C#N)nc5)nc4n3CC3CC3)n(C)c12,1,44,0.3809618353843689,0.6190381646156311
Plain-GCN,3,53,C=CCn1c(SCC(=O)N2CCOCC2)nc2sc3c(c2c1=O)CCCC3,0,27,0.5344641804695129,0.46553581953048706
Plain-GCN,3,54,COc1cc(C(=O)N2C[C@H](N)C[C@@H](F)C2)cc2nc(-c3cc4ccc(C5=CC6=NC(=O)NC6N=C5)cc4n3CC3CC3)n(C)c12,1,45,0.373101145029068,0.626898854970932
Plain-GCN,3,55,O=C(Nc1ccc(F)cc1F)c1c(C(F)(F)F)ccnc1Oc1ccccc1,0,28,0.5378969311714172,0.46210306882858276
Plain-GCN,3,56,CCC1CCCCN1C(=O)CCNS(=O)(=O)c1ccc2c(c1)oc(=O)n2C,0,27,0.43509572744369507,0.5649042725563049
Plain-GCN,3,57,S=c1nccc(-c2ccc3c(c2)CCO3)[nH]1,0,16,0.4737517237663269,0.5262482762336731
Plain-GCN,3,58,COc1cc(C(=O)N2C[C@H](N)CC[C@@H]2C)cc2nc(-c3cc4ccc(-c5ccc(C(N)=O)c(F)c5)nc4n3CC3CC3)n(C)c12,1,45,0.38500818610191345,0.6149918138980865
Plain-GCN,3,59,Cc1ccc(Nc2ncccc2C(N)=O)cc1,0,17,0.5562751889228821,0.4437248110771179
Plain-GCN,3,60,CCOc1ccccc1NC(=O)CSc1nc(=O)n(Cc2ccncc2)c2c1CCC2,0,31,0.46973076462745667,0.5302692353725433
Plain-GCN,3,61,COc1ccc(NC2=NC(=S)N(c3ccc(C)cc3)C23CCCCC3)cc1,0,27,0.48041167855262756,0.5195883214473724
Plain-GCN,3,62,COc1ccc(-n2ncc3c2CC(C)(C)CC3NC(=O)C2CCN(C(C)=O)CC2)cc1,0,31,0.4151466190814972,0.5848533809185028
Plain-GCN,3,63,Cc1ccc(/C=N/c2sc3c(c2C(N)=O)CCCC3)o1,0,20,0.5029717683792114,0.4970282316207886
Plain-GCN,3,64,COc1cc(C(=O)N2CC3CCC2[C@@H]3N)cc2nc(-c3cc4ccc(N5CCC6(CC5)CNC6=O)nc4n3CC3CC3)n(C)c12,1,45,0.36337998509407043,0.6366200149059296
Plain-GCN,3,65,CC1N=C2c3ccccc3N=C(SCc3cc(=O)n4cc(Cl)ccc4n3)N2C1=O,0,29,0.5110991597175598,0.4889008402824402
Plain-GCN,3,66,COc1cc(C(=O)N2CC3CCC2[C@@H]3N)cc2nc(-c3cc4ccc(-c5cnc6[nH]c(=O)ccc6c5)cc4n3CC3CC3)n(C)c12,1,46,0.4216322600841522,0.5783677399158478
Plain-GCN,3,67,Cc1ccc(C(=O)NCC(=O)OCC(=O)c2c(N)n(C)c(=O)n(C)c2=O)s1,0,27,0.5084059238433838,0.4915940761566162
Plain-GCN,3,68,COc1cc(C(=O)N2CC3CCC2[C@@H]3N)cc2nc(-c3cc4ccc(Nc5ccnc(C#N)c5)nc4n3CC3CC3)n(C)c12,1,44,0.37501657009124756,0.6249834299087524
Plain-GCN,3,69,O=C(O)CSCC(=O)N1CCN(c2nc3cc(Cl)ccc3s2)CC1,0,24,0.5159116387367249,0.48408836126327515
Plain-GCN,3,70,COc1cc(C(=O)N2CC3CCC2[C@@H]3N)cc2nc(-c3cc4ccc(-c5ccc(C(=O)Nc6ccncc6)cc5)cc4n3CC3CC3)n(C)c12,1,50,0.3776105046272278,0.6223894953727722
Plain-GCN,3,71,O=C(Oc1ccc(Br)cc1)c1cccnc1,0,16,0.6867519617080688,0.31324803829193115
Plain-GCN,3,72,COc1cc(C(=O)N2C[C@H](N)C[C@@H](F)C2)cc2nc(-c3cc4ccc(-c5ccn(C)c(=O)c5)nc4n3CC3CC3)n(C)c12,1,43,0.40850067138671875,0.5914993286132812
Plain-GCN,3,73,COc1ccc(C2C3=C(N=C4SCC(=O)N42)c2ccccc2CC3)cc1OC,0,28,0.47842937707901,0.52157062292099
Plain-GCN,3,74,Fc1ccc(-c2ccc(Nc3cccc(F)c3)nn2)cc1,0,21,0.594554603099823,0.405445396900177
Plain-GCN,3,75,S=c1[nH]nc(-c2ccc3ccccc3n2)n1-c1ccc2c(c1)OCCO2,0,26,0.5670114159584045,0.43298858404159546
Plain-GCN,3,76,CC1(C)CC(NC(=O)N2c3ccccc3Sc3ccccc32)CC(C)(C)N1,0,27,0.46641966700553894,0.5335803329944611
Plain-GCN,3,77,Cc1c(-c2cc3ccccc3n2Cc2ccoc2)nc2cc(C(=O)N3CCC[C@@H](N)C3)ccn12,1,34,0.3638409376144409,0.6361590623855591
Plain-GCN,3,78,Cc1cccc(C)c1NC(=O)CSc1nnc(C2CCCCC2)o1,0,24,0.5394551753997803,0.4605448246002197
Plain-GCN,3,79,COc1cc(C(=O)N2CC3CCC2[C@@H]3N)cc2nc(-c3cc4ccc(-c5[nH]ccc(=O)c5F)nc4n3CC3CC3)n(C)c12,1,43,0.3995537757873535,0.6004462242126465
Plain-GCN,3,80,COc1cc(C(=O)N2CC3CCC2[C@@H]3N)cc2nc(-c3cc4ccc(-c5ccc(N6CCCC(O)C6=O)c(F)c5)nc4n3CC3CC3)n(C)c12,1,50,0.38649335503578186,0.6135066449642181
Plain-GCN,3,81,COc1ccc(N)cc1-n1c(C)ccc1C,0,16,0.504932701587677,0.495067298412323
Plain-GCN,3,82,Cc1cc(C)n(/N=C/c2cccs2)c(=O)c1C#N,0,18,0.5224199295043945,0.47758007049560547
Plain-GCN,3,83,COc1ccc(C(=O)CSC#N)cc1OC,0,16,0.6196281909942627,0.3803718090057373
Plain-GCN,3,84,O=C1OCCN1C(=O)[C@H]1[C@H](c2ccc(Cl)cc2)C(c2ccc(F)cc2)=NN1c1ccccc1,0,33,0.5665285587310791,0.4334714412689209
Plain-GCN,3,85,CCOC(=O)c1[nH]c2c(c1-c1ccccc1)C(=O)CC(c1ccc(Cl)cc1)C2,0,28,0.47322556376457214,0.5267744362354279
Plain-GCN,3,86,COc1cc(C(=O)N2CCC[C@@H](N)C2)cc2nc(-c3ccc(C(=O)N(Cc4ccccc4)c4ccccc4)n3CC3CC3)n(C)c12,0,46,0.37470459938049316,0.6252954006195068
Plain-GCN,3,87,CC(=O)Nc1cccc(-c2nnc(-c3ccccc3)o2)c1,0,21,0.5599749088287354,0.44002509117126465
Plain-GCN,3,88,O=C1CCC(C(=O)OC(C(=O)c2c[nH]c3ccccc23)c2ccccc2)=NN1,0,28,0.48059484362602234,0.5194051563739777
Plain-GCN,3,89,O=C(CSS(=O)(=O)[O-])N1CCN(C(=O)c2ccoc2)CC1.[Na+],0,22,0.48100557923316956,0.5189944207668304
Plain-GCN,3,90,O=C(COc1ccc(F)cc1)N/N=C/c1cccc2cccnc12,0,24,0.4850531816482544,0.5149468183517456
Plain-GCN,3,91,COc1cc(C(=O)N2CC3CCC2[C@@H]3N)cc2nc(-c3cc4ccc(-c5ccc(CC(N)=O)cc5)nc4n3CC3CC3)n(C)c12,1,45,0.40036049485206604,0.599639505147934
Plain-GCN,3,92,COc1ccc(CN2CC[C@H]3C=CCc4cccc(c43)C2)cc1,0,23,0.4515233337879181,0.5484766662120819
Plain-GCN,3,93,COc1ccc(/C=N\N=C(N)N)cc1.O=[N+]([O-])O,0,18,0.4163171052932739,0.5836828947067261
Plain-GCN,3,94,COc1cccc(/C=N/NC(=O)c2cnn(-c3ccccc3)c2N)c1,0,25,0.46207720041275024,0.5379227995872498
Plain-GCN,3,95,COc1cc(C(=O)N2CC3CCC2[C@@H]3N)cc2nc(-c3cc4ccc(-c5cnc(C(N)=O)c(F)c5)nc4n3CC3CC3)n(C)c12,1,45,0.4063560962677002,0.5936439037322998
Plain-GCN,3,96,COc1cccc(Cn2c(-c3nc4cc(C(=O)N5CCC[C@@H](N)C5)ccn4c3C)cc3cc(F)ccc32)c1,1,38,0.36141425371170044,0.6385857462882996
Plain-GCN,3,97,Cc1noc(NC(=O)c2ccc(Cl)cc2)c1Cl,0,17,0.6662348508834839,0.3337651491165161
Plain-GCN,3,98,CCOC(=O)CSC1=NC(=O)/C(=C\c2ccc(OC(C)=O)cc2)S1,0,24,0.5796443819999695,0.4203556180000305
Plain-GCN,3,99,C=CCn1sc(N)c(C(=O)OCC)c1=S,0,15,0.4422174096107483,0.5577825903892517
Plain-GCN,3,100,CC(c1nc2ccccc2s1)N(C)C(=O)c1ccccc1F,0,22,0.6115663647651672,0.38843363523483276
Plain-GCN,3,101,COCCn1c(C)cc(C(=O)COC(=O)c2ccc(N3CCCC3=O)cc2)c1C,0,29,0.52507483959198,0.47492516040802
Plain-GCN,3,102,CC1CCC2(CC1)SCC(=O)N2c1ccc(F)cc1,0,19,0.5333290696144104,0.4666709303855896
Plain-GCN,3,103,O=C1C(Cl)=C(N2CCOCC2)C(=O)N1c1cccc(C(F)(F)F)c1,0,24,0.4111914336681366,0.5888085663318634
Plain-GCN,3,104,COc1ncc(-c2ccc3cc(-c4nc5cc(C(=O)N6CC7CCC6[C@@H]7N)cc(OC)c5n4C)n(CC4CC4)c3n2)cc1O,1,44,0.40788036584854126,0.5921196341514587
Plain-GCN,3,105,COc1cc(C(=O)N2C[C@H](N)C[C@@H](F)C2)cc2nc(-c3cc4ccc(-c5cccc(O)c5F)nc4n3CC3CC3)n(C)c12,1,43,0.397561639547348,0.602438360452652
Plain-GCN,3,106,CC(C)c1nccn1CCN1C(=O)NC(C)(C)C1=O,0,19,0.4051400423049927,0.5948599576950073
Plain-GCN,3,107,CC(C)C(=O)N(c1cc2sc(=O)oc2c2ccccc12)S(=O)(=O)c1cccs1,0,28,0.5754194855690002,0.42458051443099976
Plain-GCN,3,108,Cc1oc2c(c1C(=O)NCc1cccnc1)C(=O)c1ccccc1C2=O,0,26,0.5109423995018005,0.48905760049819946
Plain-GCN,3,109,COc1cc(C(=O)N2C[C@H](N)C[C@@H](F)C2)cc2nc(-c3cc4ccc(-c5cc(Cl)c(O)cc5C)nc4n3CC3CC3)n(C)c12,1,44,0.39760228991508484,0.6023977100849152
Plain-GCN,3,110,Cc1cccc(NC(=S)N2CCCCCC2)c1,0,17,0.4577670395374298,0.5422329604625702
Plain-GCN,3,111,CCC1c2ccc(C)n2CCN1C(=O)Nc1cc(Cl)ccc1OC,0,24,0.4721482992172241,0.5278517007827759
Plain-GCN,3,112,CC1CC(C)(C)NC(=S)N1CC(=O)N1CCN(Cc2ccccc2)CC1,0,26,0.42445772886276245,0.5755422711372375
Plain-GCN,3,113,COc1cc(C(=O)N2C[C@H](N)C[C@@H](F)C2)cc2nc(-c3cc4ccc(-c5ccc(N6CCCC(O)C6=O)cc5)nc4n3CC3CC3)n(C)c12,1,49,0.3771834671497345,0.6228165328502655
Plain-GCN,3,114,Cc1cccc(-n2cc[nH]c2=S)c1,0,13,0.625176191329956,0.37482380867004395
Plain-GCN,3,115,CC(C)(C)NC(=O)/C(=C/c1ccccc1F)NC(=O)c1ccc([N+](=O)[O-])cc1,0,28,0.48323920369148254,0.5167607963085175
Plain-GCN,3,116,COc1cccc(C2CC(c3cccs3)=NN2C(=O)CSC2=NCCS2)c1OC,0,29,0.5288280248641968,0.4711719751358032
Plain-GCN,3,117,O=C(O)c1ccc(Cl)c2c1C1C=CCC1C(c1ccccn1)N2,0,23,0.47229284048080444,0.5277071595191956
Plain-GCN,3,118,CCOC(=O)Cn1c(=NC(=O)CSC(C)=O)sc2ccccc21,0,23,0.5508608818054199,0.4491391181945801
Plain-GCN,3,119,O=[N+]([O-])c1ccc(Sc2nccn2Cc2ccccc2)c([N+](=O)[O-])c1,0,25,0.5637136697769165,0.4362863302230835
Plain-GCN,3,120,CCCN(Cc1nnc(-c2ccccc2Cl)o1)C(=O)c1cccc(S(=O)(=O)N2CCOCC2)c1,0,34,0.4879170358181,0.5120829641819
Plain-GCN,3,121,COc1ccc2cc(-c3nc4cc(C(=O)N5CCC[C@@H](N)C5)ccn4c3C)n(Cc3ccc(F)cc3)c2c1,1,38,0.3663404583930969,0.6336595416069031
Plain-GCN,3,122,CCN(CC)c1ccc(N=Cc2cc(Br)ccc2O)cc1,0,21,0.5930749773979187,0.4069250226020813
Plain-GCN,3,123,N#Cc1ccc(C23CC4(C2)[C@H](CN(P(=O)(c2ccccc2)c2ccccc2)[C@@H]4c2ccccc2)C3c2ccc(Cl)nc2)cc1,0,44,0.5020304918289185,0.49796950817108154
Plain-GCN,3,124,COc1ccc(-c2nc3ccccc3n2OC(=O)N(C)C)cc1,0,23,0.5852305293083191,0.4147694706916809
Plain-GCN,3,125,N=C(CCl)NCCCc1cn(Cc2ccccc2)c2ccccc12,1,24,0.3934684693813324,0.6065315306186676
Plain-GCN,3,126,O=c1c2ccccc2nc(/C=C/c2ccc(Br)cc2)n1CCO,0,23,0.55499666929245,0.44500333070755005
Plain-GCN,3,127,COc1cc(C(=O)N2C[C@H]3CC[C@@H]2[C@@H]3N)cc2nc(-c3cc4ccc(C5COC5)nc4n3CC3CC3)n(C)c12,1,39,0.397783488035202,0.602216511964798
Plain-GCN,3,128,CC(=O)Oc1ccc(N(C(C)=O)S(=O)(=O)c2ccc(C)c([N+](=O)[O-])c2)cc1,0,27,0.6035641431808472,0.39643585681915283
Plain-GCN,3,129,COc1cc(C(=O)N2CC3CCC2[C@@H]3N)cc2nc(-c3cc4ccc(-c5cccc(S(N)(=O)=O)c5)nc4n3CC3CC3)n(C)c12,1,45,0.3820209205150604,0.6179790794849396
Plain-GCN,3,130,COc1cc(C(=O)N2C[C@H](N)C[C@@H](F)C2)cc2nc(-c3cc4ccc(-c5ccc(C6CNC(=O)N6)cc5)nc4n3CC3CC3)n(C)c12,1,47,0.3998057246208191,0.6001942753791809
Plain-GCN,3,131,CCn1c(-c2cnn(-c3ccccc3)c2C2CC2)nc2cc(C(=O)N3CCC[C@@H](N)C3)ccc21,0,34,0.3752990663051605,0.6247009336948395
Plain-GCN,3,132,Cn1c(=O)c(C(=O)Nc2ccccc2S(N)(=O)=O)c(O)c2ccccc21,0,26,0.5160197615623474,0.4839802384376526
Plain-GCN,3,133,CC(=O)Nc1cccc(NC=C(C#N)C#N)c1,0,17,0.41020557284355164,0.5897944271564484
Plain-GCN,3,134,Cc1nn(CC(=O)N2CCOCC2)c(=O)c2ccccc12,0,21,0.4877474308013916,0.5122525691986084
Plain-GCN,3,135,CCOC(=O)c1c2c3c(cccc3n(C)c1=O)C(=O)c1ccccc1-2,0,25,0.5527951121330261,0.4472048878669739
Plain-GCN,3,136,O=C(NCc1cccnc1)c1ccc(Cl)cc1[N+](=O)[O-],0,20,0.5161387324333191,0.4838612675666809
Plain-GCN,3,137,CCOc1ccc(-c2cc(C(=O)NCCCN3CCN(CC)CC3)c3ccccc3n2)cc1,0,33,0.4371422827243805,0.5628577172756195
Plain-GCN,3,138,COc1cc(C(=O)N2C[C@H](N)C[C@@H](F)C2)cc2nc(-c3cc4ccc(-c5c(F)ccc(O)c5Cl)nc4n3CC3CC3)n(C)c12,1,44,0.39619195461273193,0.6038080453872681
Plain-GCN,3,139,COC(=O)Nc1ccc(-c2ccc3cc(-c4nc5cc(C(=O)N6CC7CCC6[C@@H]7N)cc(OC)c5n4C)n(CC4CC4)c3c2)cc1,1,46,0.3870663642883301,0.6129336357116699
Plain-GCN,3,140,CCOc1ccc(S(=O)(=O)Nc2nc3ccccc3nc2Nc2ccc(N3CCOCC3)cc2)cc1,0,36,0.5157620906829834,0.4842379093170166
Plain-GCN,3,141,COc1ccccc1NC(=S)N1CCN(c2ccccn2)CC1,0,23,0.48377400636672974,0.5162259936332703
Plain-GCN,3,142,CCOC(=O)c1sc(-c2ccccc2)cc1NC(=O)c1ccc(S(=O)(=O)N(CCOC)CCOC)cc1,0,37,0.517781674861908,0.48221832513809204
Plain-GCN,3,143,Cn1c(-c2ccc(Cc3ccccc3)n2CC2CC2)nc2cc(C(=O)N3CCC[C@@H](N)C3)cnc21,1,35,0.3533138334751129,0.6466861665248871
Plain-GCN,3,144,CC1=C(C(=O)OC2CCCCC2)C(c2ccc(C)o2)C2=C(CC(C)(C)CC2=O)N1,0,29,0.5584792494773865,0.4415207505226135
Plain-GCN,3,145,CC(C)N1OC2CC1c1nc3ccccc3n1C2,0,18,0.4753786027431488,0.5246213972568512
Plain-GCN,3,146,Cl.O=C(NC1CCN(Cc2ccccc2)CC1)c1cccc(S(=O)(=O)Nc2ccc(SC(F)F)cc2)c1,0,37,0.4525293707847595,0.5474706292152405
Plain-GCN,3,147,N#Cc1cccc(CS(=O)(=O)c2ccc(Cl)cc2)c1,0,19,0.5087029337882996,0.49129706621170044
Plain-GCN,3,148,CCOc1cc2c(cc1/C=C/c1noc(C)c1[N+](=O)[O-])OC(C)C2,0,24,0.5095692873001099,0.49043071269989014
Plain-GCN,3,149,O=C(O)c1ccccc1CSc1nc2ccccc2s1,0,20,0.6477052569389343,0.3522947430610657
Plain-GCN,3,150,CCC(C)N=CC1=C(O)CC(c2ccccc2)CC1=O,0,20,0.4836076498031616,0.5163923501968384
Plain-GCN,3,151,O=C(CSc1nc2ccccc2[nH]1)NCCN1CCCCC1,0,22,0.44429609179496765,0.5557039082050323
Plain-GCN,3,152,COc1cc(C(=O)N2CC3CCC2[C@@H]3N)cc2nc(-c3cc4ccc(C5=CC6NC(=O)N=C6N=C5)cc4n3CC3CC3)n(C)c12,1,45,0.38534820079803467,0.6146517992019653
Plain-GCN,3,153,CCn1ncc(Br)c1C(=O)Nc1ccc(C(C)C)cc1,0,20,0.5503250956535339,0.44967490434646606
Plain-GCN,3,154,CC(=O)Nc1ccc(SCC(=O)NC(=O)c2ccc(S(=O)(=O)N(C)C)cc2)cc1,0,29,0.5405464172363281,0.4594535827636719
Plain-GCN,3,155,COc1cc(C(=O)N2C[C@H](N)C[C@@H](F)C2)cc2nc(-c3cc4ccc(N5CCC6(CC5)CN(C)C(=O)O6)cc4n3CC3CC3)n(C)c12,1,47,0.3578000068664551,0.6421999931335449
Plain-GCN,3,156,Cc1c(-c2cc3ccccc3n2Cc2ccc(F)cn2)nc2cc(C(=O)N3CCC[C@@H](N)C3)ccn12,1,36,0.362967848777771,0.637032151222229
Plain-GCN,3,157,Cc1cccc(CN2CCN(Cc3cnn(-c4ccccc4F)c3)CC2CCO)n1,0,30,0.408245712518692,0.591754287481308
Plain-GCN,3,158,COc1ccc2[nH]cc(CCNC(=O)Nc3ccccc3)c2c1,0,23,0.42194288969039917,0.5780571103096008
Plain-GCN,3,159,CCn1c(-c2cnc(-c3ccccc3)n2CC2CC2)nc2cc(C(=O)N3CCC[C@@H](N)C3)ccc21,1,35,0.3772481381893158,0.6227518618106842
Plain-GCN,3,160,Cc1ccccc1C(=O)NCC(=O)Nc1ccccc1C(F)(F)F,0,24,0.4948570132255554,0.5051429867744446
Plain-GCN,3,161,O=C1CN(C(=O)COc2ccc([N+](=O)[O-])cc2Cl)c2ccccc2N1,0,25,0.5348115563392639,0.4651884436607361
Plain-GCN,3,162,COC(=O)C1=CC(=O)N=C2C=CC(c3ccc4cc(-c5nc6cc(C(=O)N7CC8CCC7[C@@H]8N)cc(OC)c6n5C)n(CC5CC5)c4c3)C=C12,1,50,0.3494811952114105,0.6505188047885895
Plain-GCN,3,163,COC(=O)c1cn(-c2ccccc2)c(C)c1C(=O)OC,0,20,0.49578478932380676,0.5042152106761932
Plain-GCN,3,164,CCN(CC(=O)Nc1c(F)cccc1F)C(=O)Cc1ccc(OC)c(S(=O)(=O)N2CCOCC2)c1,0,35,0.46593669056892395,0.534063309431076
Plain-GCN,3,165,COc1cc(C(=O)N2C[C@H](N)C[C@@H](F)C2)cc2nc(-c3cc4ccc(-c5c(C)ccc(O)c5C)nc4n3CC3CC3)n(C)c12,1,44,0.3940247595310211,0.6059752404689789
Plain-GCN,3,166,Cc1ccc(-n2ncc(C#N)c2/N=C/N2CCN(C)CC2)cc1,0,23,0.41301485896110535,0.5869851410388947
Plain-GCN,3,167,O=C(COC(=O)c1ccccc1SCC(=O)N1CCCC1)Nc1ccc(OC(F)F)cc1,0,32,0.49444153904914856,0.5055584609508514
Plain-GCN,3,168,CC1CCN(c2nc3c(=O)[nH]c(N)nc3n2[C@@H]2O[C@H](CO)[C@@H](O)[C@H]2O)CC1,0,27,0.4660453796386719,0.5339546203613281
Plain-GCN,3,169,CN(c1ccc(C(=O)NCCCn2ccnc2)cc1)S(C)(=O)=O,0,23,0.4193134605884552,0.5806865394115448
Plain-GCN,3,170,Cn1c(-c2cc3ccc(-c4ccc5[nH]c(=O)[nH]c(=O)c5c4)cc3n2CC2CC2)nc2cc(C(=O)N3C[C@H](N)C[C@@H](F)C3)cc(F)c21,1,46,0.4172462821006775,0.5827537178993225
Plain-GCN,3,171,COc1cc(C(=O)N2CC3CCC2[C@@H]3N)cc2nc(-c3cc4ccc(-c5cccc(C(N)=O)c5F)nc4n3CC3CC3)n(C)c12,1,45,0.393482506275177,0.606517493724823
Plain-GCN,3,172,Cc1cc(C(=O)Nc2ccc3c(c2)CCC3)ccc1[N+](=O)[O-],0,22,0.44888073205947876,0.5511192679405212
Plain-GCN,3,173,CCCCOc1ccc(CSc2nc(C)[nH]c2[N+](=O)[O-])cc1[N+](=O)[O-],0,25,0.5375550389289856,0.4624449610710144
Plain-GCN,3,174,CC(C)c1oc(=O)cc2c1[C@@H](O)[C@H]1OC(=O)[C@@]3(C)CC[C@@H](O)[C@@]2(C)C13,0,25,0.5926087498664856,0.4073912501335144
Plain-GCN,3,175,CCc1cc2c(SCC(=O)Nc3cc(C)on3)ncnc2s1,0,22,0.576724112033844,0.423275887966156
Plain-GCN,3,176,COc1cc(C(=O)N2CC3CCC2[C@@H]3N)cc2nc(-c3cc4ccc(Nc5ccc(N)cc5)nc4n3CC3CC3)n(C)c12,1,43,0.3878523111343384,0.6121476888656616
Plain-GCN,3,177,C=CCn1c(SCC(=O)Nc2nc3ccccc3s2)nc(O)c(CC)c1=O,0,27,0.4960670471191406,0.5039329528808594
Plain-GCN,3,178,COc1cc(C(=O)N2CC3CCC2[C@@H]3N)cc2nc(-c3cc4ccc(CCN5CCOC5=O)cc4n3CC3CC3)n(C)c12,1,43,0.37887686491012573,0.6211231350898743
Plain-GCN,3,179,COc1cc(-c2ccc3cc(-c4nc5cc(C(=O)N6C[C@H](N)C[C@@H](F)C6)cc(OC)c5n4C)n(CC4CC4)c3n2)c(F)cc1CO,1,46,0.3928472697734833,0.6071527302265167
Plain-GCN,3,180,Cn1c(-c2ccc(-c3ccccc3)n2CC2CC2)nc2cc(C(=O)N3CC[C@@H]4CCN[C@@H]4C3)ccc21,1,36,0.3799175024032593,0.6200824975967407
Plain-GCN,3,181,O=C1NC(=O)/C(=C/c2ccc(OS(=O)(=O)c3ccc(F)cc3F)cc2)N1,0,26,0.4939395785331726,0.5060604214668274
Plain-GCN,3,182,COc1cc(C(=O)N2CC3CCC2[C@@H]3N)cc2nc(-c3cc4ccc(Nc5ccc6c(c5)CCC(=O)N6)nc4n3CC3CC3)n(C)c12,1,47,0.36742350459098816,0.6325764954090118
Plain-GCN,3,183,Cc1ccc(CN2CCc3c(OCc4ccc(F)cc4)cccc3C2=O)cc1,0,28,0.5467078685760498,0.4532921314239502
Plain-GCN,3,184,COc1ccc(C(=O)C[n+]2ccc3c(c2)nc(-c2ccccc2)n3C)cc1.[Br-],0,28,0.5094074606895447,0.4905925393104553
Plain-GCN,3,185,CCCOC(=O)C(C)n1cnc2scc(-c3ccc(C)cc3)c2c1=O,0,25,0.5113140940666199,0.4886859059333801
Plain-GCN,3,186,Cc1ccc(-c2nn(-c3ccccn3)c(=O)c3ccccc23)cc1C,0,25,0.5675309300422668,0.43246906995773315
Plain-GCN,3,187,COc1cc(C(=O)N2C[C@H](N)C[C@@H](F)C2)cc2nc(-c3cc4ccc(N5CCC6(CC5)CNC(=O)O6)cc4n3CC3CC3)n(C)c12,1,46,0.358036607503891,0.641963392496109
Plain-GCN,3,188,COc1cc(C(=O)N2CC3CCC2[C@@H]3N)cc2nc(-c3cc4ccc(C5C=CC6=NC(=O)C=C(CO)C6=C5)nc4n3CC3CC3)n(C)c12,1,48,0.3454286456108093,0.6545713543891907
Plain-GCN,3,189,Brc1ccc(-c2csc3[n+]2CCCCC3)cc1.[Br-],0,18,0.4921679198741913,0.5078320801258087
Plain-GCN,3,190,CCCCCn1c(=O)c2ccccc2n2c(=S)[nH]nc12,0,20,0.4894126355648041,0.5105873644351959
Plain-GCN,3,191,CN(C)c1ccc2cc(C(=O)N[C@@H](CCCN=C(N)CCl)C(=O)NCc3ccccc3)ccc2c1,1,35,0.3634418547153473,0.6365581452846527
Plain-GCN,3,192,CNc1ccccc(-c2ccc3cc4c(cc3n2)OCO4)c1=O,0,23,0.5565603375434875,0.44343966245651245
Plain-GCN,3,193,CC(C)NC(=O)CSc1c2c(nc3ccccc13)CCCC2,0,22,0.4902753531932831,0.5097246468067169
Plain-GCN,3,194,COc1cc(C(=O)N2CC3CCC2[C@@H]3N)cc2nc(-c3cc4ccc(-c5ccc(C(N)=O)c(F)c5)nc4n3CC3CC3)n(C)c12,1,45,0.4099588692188263,0.5900411307811737
Plain-GCN,3,195,COC(=O)c1cc(-c2ccc3cc(-c4nc5cc(C(=O)N6C[C@H](N)C[C@@H](F)C6)cc(OC)c5n4C)n(CC4CC4)c3n2)n(C)n1,1,45,0.39050057530403137,0.6094994246959686
Plain-GCN,3,196,CCn1c(C(=O)NCc2cccnc2)cc2sc(Cl)cc21,0,21,0.4804379642009735,0.5195620357990265
Plain-GCN,3,197,CC(/C=C/c1ccc(N(C)C)cc1)=N/N=C1/NC(=O)CC(C(=O)Nc2ccc(Cl)cc2)S1,0,32,0.4737611413002014,0.5262388586997986
Plain-GCN,3,198,COC(=O)Cc1cnc(NC(=O)CSc2nc(C(C)C)cc(=O)[nH]2)s1,0,25,0.5466611981391907,0.4533388018608093
Plain-GCN,3,199,O=C(Cc1cccs1)NNC(=S)NC(=O)c1ccc(F)c(F)c1,0,23,0.5146962404251099,0.48530375957489014
Plain-GCN,3,200,COc1cc(C(=O)N2CC3CCC2[C@@H]3N)cc2nc(-c3cc4ccc(-c5ccc6c(c5)C(=O)NCC6)nc4n3CC3CC3)n(C)c12,1,46,0.41150566935539246,0.5884943306446075
Plain-GCN,3,201,COc1cc(C(=O)N2CC3CCC2[C@@H]3N)cc2nc(-c3cc4ccc(C(C)O)cc4n3CC3CC3)n(Cc3cnn(C)c3)c12,1,44,0.39728978276252747,0.6027102172374725
Plain-GCN,3,202,Cc1cc(C)c(Nc2cc(S(=O)(=O)[O-])c(N)c3c2C(=O)c2ccccc2C3=O)c(C)c1.[Na+],0,32,0.45999783277511597,0.540002167224884
Plain-GCN,3,203,CCCc1c(-c2nc3cc(C(=O)N4CCC[C@@H](N)C4)ccc3n2C)cnn1-c1ccccc1,0,33,0.38062262535095215,0.6193773746490479
Plain-GCN,3,204,Cc1ccc(OCCC(=O)NNC(=O)c2cc(C)oc2C)cc1,0,23,0.5486067533493042,0.4513932466506958
Plain-GCN,3,205,CC1(C)NC(=O)N(CCc2nn[nH]n2)C1=O,1,16,0.42381536960601807,0.5761846303939819
Plain-GCN,3,206,CCOC(=O)c1sc(NC(=O)CSc2nc(O)c(Cc3ccccc3)c(=O)[nH]2)nc1C,0,31,0.536322832107544,0.46367716789245605
Plain-GCN,3,207,NS(=O)(=O)c1ccc(S(=O)(=O)c2ccccc2)nc1,0,19,0.5714100003242493,0.42858999967575073
Plain-GCN,3,208,Nc1nnc2c(n1)CCCC2,0,11,0.6411916613578796,0.35880833864212036
Plain-GCN,3,209,O=C(COc1ccccc1)Nc1nc(-c2ccc(S(=O)(=O)N3CCOCC3)cc2)cs1,0,31,0.4909646511077881,0.5090353488922119
Plain-GCN,3,210,CN1CN(C)c2ccc([N+](=O)[O-])c3cccc1c23,0,18,0.4653547704219818,0.5346452295780182
Plain-GCN,3,211,COc1cc(C(=O)N2C[C@H](N)C[C@@H](F)C2)cc2nc(-c3cc4ccc(-c5ccc6c(c5)C(=O)NCC(=O)N6)nc4n3CC3CC3)n(C)c12,1,48,0.39276784658432007,0.6072321534156799
Plain-GCN,3,212,CCOC(=O)CSc1cc(C)nc2ccc(OC)cc12,0,20,0.6122490763664246,0.38775092363357544
Plain-GCN,3,213,CCc1cc(NC(C)=O)ncc1-c1ccc2cc(-c3nc4cc(C(=O)N5C[C@H](N)C[C@@H](F)C5)cc(OC)c4n3C)n(CC3CC3)c2n1,1,47,0.37346047163009644,0.6265395283699036
Plain-GCN,3,214,O=C(NCc1ccccc1)C(c1ccccc1)N(Cc1cccs1)C(=O)c1cnccn1,0,32,0.5056896805763245,0.49431031942367554
Plain-GCN,3,215,COc1cc(C(=O)N2CC3CCC2[C@@H]3N)cc2nc(-c3cc4ccc(Oc5cc(C)nc(C)c5)nc4n3CC3CC3)n(C)c12,1,44,0.37930941581726074,0.6206905841827393
Plain-GCN,3,216,CC(=O)OCc1nc2ccccc2s1,0,14,0.5741350650787354,0.42586493492126465
Plain-GCN,3,217,COc1cc(C(=O)N2CC3CCC2[C@@H]3N)cc2nc(-c3cc4ccc(-c5cn(C)nc5-c5ccc(F)cc5)nc4n3CC3CC3)n(C)c12,1,48,0.3981974720954895,0.6018025279045105
Plain-GCN,3,218,COc1cc(/C=N/NC(=O)C(=O)/C=C2\NC(C)(C)Cc3ccccc32)ccc1O,0,29,0.4082444906234741,0.5917555093765259
Plain-GCN,3,219,Cc1cc(C)nc(/N=C(\N)Nc2ccc3c(c2)OCCO3)n1,0,22,0.44047197699546814,0.5595280230045319
Plain-GCN,3,220,CCN1CCN(c2ccc(N3CCN(C(=O)c4ccc(Br)o4)CC3)nn2)CC1,0,28,0.5506054162979126,0.4493945837020874
Plain-GCN,3,221,O=C(C1=C[C@H](C2CC2)C[C@H](OCCCCO)O1)N1CCN(Cc2ccc3c(c2)OCO3)CC1,0,33,0.5048147439956665,0.4951852560043335
Plain-GCN,3,222,COc1cc(C(=O)N2C[C@H]3CC[C@@H]2[C@@H]3N)cc2nc(-c3ccc(C#N)n3CC3CC3)n([C@@H](C)c3ccccn3)c12,0,40,0.3865804076194763,0.6134195923805237
Plain-GCN,3,223,COc1cccc(CNS(=O)(=O)c2c(C)[nH]c(C)c2C(=O)N2CCCCC2)c1,0,28,0.41731858253479004,0.58268141746521
Plain-GCN,3,224,COc1cc(-c2ccc3cc(-c4nc5cc(C(=O)N6C[C@H]7CC[C@@H]6[C@@H]7N)cc(OC)c5n4C)n(CC4CC4)c3n2)ccc1F,1,44,0.4054613411426544,0.5945386588573456
Plain-GCN,3,225,COc1cc(C(=O)N2CC3CCC2[C@@H]3N)cc2nc(-c3cc4ccc(N5CC6(CCS6(=O)=O)C5)cc4n3CC3CC3)n(C)c12,1,44,0.3737266957759857,0.6262733042240143
Plain-GCN,3,226,COc1cc(C(=O)N2C[C@H](N)C[C@@H](F)C2)cc2nc(-c3cc4ccc(-c5ccn6nc(C)cc6n5)nc4n3CC3CC3)n(C)c12,1,45,0.3944039046764374,0.6055960953235626
Plain-GCN,3,227,CC1CCN(C(=O)C2CCN(S(=O)(=O)c3cccc4nonc34)CC2)CC1,0,27,0.47501644492149353,0.5249835550785065
Plain-GCN,3,228,COc1cc(C(=O)N2CC3CCC2[C@@H]3N)cc2nc(-c3cc4ccc(N5CCNCC5=O)cc4n3CC3CC3)n(C)c12,1,42,0.3947664499282837,0.6052335500717163
Plain-GCN,3,229,COc1ccc(-n2c(CNC(=O)c3ccc(S(=O)(=O)N4CCCC4)cc3)n[nH]c2=S)cc1,0,32,0.46579548716545105,0.534204512834549
Plain-GCN,3,230,CC(=O)c1ccccc1NC(=O)CC1(CC(=O)O)CCCCC1,0,23,0.4497845470905304,0.5502154529094696
Plain-GCN,3,231,COc1cc(C(=O)NC(C)C2CC3CCC2C3)cc(OC)c1OC,0,24,0.38751906156539917,0.6124809384346008
Plain-GCN,3,232,COc1cc(C(=O)N2CC3CCC2[C@@H]3N)cc2nc(-c3cc4ccc(Nc5cc(=O)[nH]cn5)nc4n3CC3CC3)n(C)c12,1,43,0.3775883913040161,0.6224116086959839
Plain-GCN,3,233,O=C(N/C(=C/c1ccccc1F)C(=O)N1CCCCC1)c1ccccc1,0,26,0.4542796313762665,0.5457203686237335
Plain-GCN,3,234,O=C(COC(=O)c1ccc([N+](=O)[O-])s1)NNC(=O)c1ccccc1,0,24,0.5396000146865845,0.4603999853134155
Plain-GCN,3,235,Cn1c2c(c(=O)n(C)c1=O)C(CC(=O)Nc1ccccc1F)C(=O)N2,0,25,0.4992158114910126,0.5007841885089874
Plain-GCN,3,236,O=C(COc1ccccc1)N/N=C/c1sc(=O)n(Cc2cccc(C(=O)O)c2)c1Cl,0,30,0.4621155261993408,0.5378844738006592
Plain-GCN,3,237,CCN(CC)C(=S)SCC(=O)c1ccc(F)cc1,0,18,0.5783944129943848,0.42160558700561523
Plain-GCN,3,238,O=C(NC(=S)NNC(=O)c1ccccc1[N+](=O)[O-])c1ccc(Br)cc1,0,25,0.5884323120117188,0.41156768798828125
Plain-GCN,3,239,CCn1c(SCC(=O)NC2=NCCS2)nnc1C(C)NC(=O)c1ccccc1F,0,29,0.49312663078308105,0.506873369216919
Plain-GCN,3,240,COc1cc(C(=O)N2CC3CCC2[C@@H]3N)cc2nc(-c3cc4ccc(-c5cnc(NC(C)=O)cc5Cl)nc4n3CC3CC3)n(C)c12,1,46,0.3744114935398102,0.6255885064601898
Plain-GCN,3,241,COc1cc(C(=O)N2C[C@H](N)C[C@@H](F)C2)cc2nc(-c3cc4ccc(C5=CC(C(F)(F)F)=CC6=NC(=O)NC56)nc4n3CC3CC3)n(C)c12,1,49,0.36043450236320496,0.639565497636795
Plain-GCN,3,242,CCCc1cc2c(=O)c(-c3ccccn3)c(C)oc2cc1O,0,22,0.5631224513053894,0.4368775486946106
Plain-GCN,3,243,O=C(NCc1csc(-c2cccs2)n1)C1CCC1,0,18,0.4679698050022125,0.5320301949977875
Plain-GCN,3,244,Cc1cc(/C=C(\C#N)c2nnc(N3CCOCC3)n2-c2ccccc2)c(C)n1-c1ccccc1,0,34,0.4027782082557678,0.5972217917442322
Plain-GCN,3,245,COC1=CC(=O)c2ccccc2C1=O,0,14,0.5892259478569031,0.4107740521430969
Plain-GCN,3,246,COC(=O)c1ccc(NC(=O)CSc2nc3cccnc3n2C)cc1,0,25,0.5239323973655701,0.47606760263442993
Plain-GCN,3,247,COC(=O)CNC(=O)COc1ccc(-c2ccc3cc(-c4nc5cc(C(=O)N6CC7CCC6[C@@H]7N)cc(OC)c5n4C)n(CC4CC4)c3n2)cc1,1,51,0.36664828658103943,0.6333517134189606
Plain-GCN,3,248,O=C1CCN2C=Nc3cccc4ccc1c2c34,0,17,0.3921217918395996,0.6078782081604004
Plain-GCN,3,249,O=C(O)CCSc1ccc([N+](=O)[O-])cc1[N+](=O)[O-],0,18,0.5667346715927124,0.4332653284072876
Plain-GCN,3,250,COc1cc(C(=O)N2C[C@H](N)C[C@@H](F)C2)cc2nc(-c3cc4ccc(-c5ccc(N6CCCC6=O)cc5)nc4n3CC3CC3)n(C)c12,1,47,0.37854987382888794,0.6214501261711121
Plain-GCN,3,251,Cc1cc(OCC(=O)N2CCOCC2)ccc1NC(=O)c1ccccc1C,0,27,0.5324134826660156,0.4675865173339844
Plain-GCN,3,252,CCc1c(O)nc(SCc2nc3ccccc3c(=O)[nH]2)[nH]c1=O,0,23,0.5639402270317078,0.43605977296829224
Plain-GCN,3,253,COC(=O)C1=C(N)Oc2cc(N(C)C)ccc2C1c1ccccc1OC,0,26,0.5307258367538452,0.4692741632461548
Plain-GCN,3,254,Cc1ccc(C2CC(=O)Oc3cc(O)ccc32)cc1,0,19,0.5765817761421204,0.42341822385787964
Plain-GCN,3,255,Cc1ccc(C)c(-n2nnnc2SCC(=O)Nc2cccc(-c3nnc4n3CCCCC4)c2)c1,0,34,0.45163866877555847,0.5483613312244415
Plain-GCN,3,256,Cc1csc(CNc2ncnc3ccc(-c4ccc5c(c4)OCO5)cc23)c1,0,27,0.4464337229728699,0.5535662770271301
Plain-GCN,3,257,COc1cc(C(=O)N2C[C@H](N)C[C@@H](F)C2)cc2nc(-c3cc4ccc(-c5cnc(C#N)nc5)nc4n3CC3CC3)n(C)c12,1,43,0.40437784790992737,0.5956221520900726
Plain-GCN,3,258,COC(=O)C(Cc1csc2ccc(Cl)cc12)NC(=O)c1ccc(Cl)cc1,0,26,0.5346656441688538,0.46533435583114624
Plain-GCN,3,259,CCN1C(=NCc2ccco2)N[C@@H](c2cccc(F)c2)C(C(=O)OC)=C1C,0,27,0.4165215492248535,0.5834784507751465
Plain-GCN,3,260,CC1(C)CC(=O)c2c(O)cc(OCC(=O)Nc3ccc(S(N)(=O)=O)cc3)cc2O1,0,29,0.43764427304267883,0.5623557269573212
Plain-GCN,3,261,Cc1c(C(c2cccs2)c2c(C)n(C)n(-c3ccccc3)c2=O)c(=O)n(-c2ccccc2)n1C,0,34,0.5887590050697327,0.41124099493026733
Plain-GCN,3,262,Cn1c(-n2nccc2-c2ccccc2)nc2cc(C(=O)N3CCC[C@@H](N)C3)ccc21,0,30,0.3939429223537445,0.6060570776462555
Plain-GCN,3,263,Cc1ccc(C(C)NC(=O)Cc2cccs2)cc1C,0,19,0.5505697727203369,0.4494302272796631
Plain-GCN,3,264,COc1ccccc1CCC(=O)Nc1cc(S(=O)(=O)N2CCCCC2)ccc1N1CCN(C)CC1,0,35,0.45087137818336487,0.5491286218166351
Plain-GCN,3,265,CC(C)CN1Cc2ccccc2Oc2cc(Br)ccc2S1(=O)=O,0,23,0.556064248085022,0.443935751914978
Plain-GCN,3,266,CCN(CC)S(=O)(=O)c1cc(C(=O)Oc2cccc(-c3cnc4ccccc4n3)c2)ccc1OC,0,35,0.5632927417755127,0.4367072582244873
Plain-GCN,3,267,CCOc1ccc(C(=O)N/N=C/c2cccc3cccnc23)cc1,0,24,0.5175967216491699,0.4824032783508301
Plain-GCN,3,268,CC1(c2nnc(-c3cccc(Cl)c3)o2)CC(c2ccc(C#N)cc2)=NO1,0,26,0.4708920419216156,0.5291079580783844
Plain-GCN,3,269,O=C(NC(=S)N(Cc1ccccc1)c1ccccn1)C1CC1,0,22,0.47213175892829895,0.527868241071701
Plain-GCN,3,270,O=C(Nc1ccc(S(=O)(=O)Nc2nccs2)cc1)C1CC(=O)N(c2ccc(Cl)cc2)C1,0,31,0.5044894218444824,0.4955105781555176
Plain-GCN,3,271,CCCCN(Cc1ccco1)C(=O)Cn1ncc2c(=O)oc3ccc(C)cc3c21,0,29,0.4809403419494629,0.5190596580505371
Plain-GCN,3,272,COc1cc(C(=O)N2C[C@H](N)C[C@@H](F)C2)cc2nc(-c3cc4ccc(-c5ccc(C(N)=O)nc5C)nc4n3CC3CC3)n(C)c12,1,45,0.38960468769073486,0.6103953123092651
Plain-GCN,3,273,Cc1sc2nc(SCc3nc(-c4cccs4)no3)n(-c3ccccc3)c(=O)c2c1C,0,30,0.5904715657234192,0.4095284342765808
Plain-GCN,3,274,COC(=O)C1=C(C(=O)OC)C(c2ccc(OC)c(OC)c2)c2sc(=O)[nH]c2S1,0,28,0.5277045369148254,0.47229546308517456
Plain-GCN,3,275,COc1cc(C(=O)N2C[C@H](N)C[C@@H](F)C2)cc2nc(-c3cc4ccc(-c5cccc(O)c5Cl)nc4n3CC3CC3)n(C)c12,1,43,0.39683234691619873,0.6031676530838013
Plain-GCN,3,276,Cc1c(-c2cc3cccc(Cl)c3n2Cc2ccc(F)cc2)nc2cc(C(=O)N3CCC[C@@H](N)C3)ccn12,1,37,0.3750249445438385,0.6249750554561615
Plain-GCN,3,277,CCOc1c(Br)cc(CNc2ccc(N3CCOCC3)cc2)cc1OC,0,26,0.4710787236690521,0.5289212763309479
Plain-GCN,3,278,CC(C)(C)OC(=O)NCCC(=O)N/N=C/c1cccc2nccnc12,0,25,0.3645404279232025,0.6354595720767975
Plain-GCN,3,279,CC(CNC(=O)C1CCCCC1C(=O)O)c1ccccc1,0,21,0.4841786026954651,0.5158213973045349
Plain-GCN,3,280,COC(=O)c1cc(C(=O)OCC(=O)NCc2cccs2)cc([N+](=O)[O-])c1,0,26,0.46202120184898376,0.5379787981510162
Plain-GCN,3,281,CCCCCCCCCCCCN1[C@@H](CC(=O)O)c2cc(C(F)(F)F)ccc2S1(=O)=O,0,31,0.4590928256511688,0.5409071743488312
Plain-GCN,3,282,CCOC(=O)N1CCN(C(=O)c2c(-c3ccccc3)noc2C)CC1,0,25,0.508538544178009,0.49146145582199097
Plain-GCN,3,283,CCn1c(N)[n+](CC(=O)Nc2ccc(SC(F)F)cc2)c2ccccc21.[Cl-],0,27,0.44165125489234924,0.5583487451076508
Plain-GCN,3,284,CC1=CC(=O)C2=C(C)CC[C@@H]3[C@H](OC(=O)[C@H]3C)[C@@H]12,0,18,0.680808424949646,0.319191575050354
Plain-GCN,3,285,CC(C)CCOc1cccc(OCC(=O)NC2CCS(=O)(=O)C2)c1,0,24,0.4492402672767639,0.5507597327232361
Plain-GCN,3,286,NNC(=O)c1ccc(N2CCc3ccccc32)c([N+](=O)[O-])c1,0,22,0.41484710574150085,0.5851528942584991
Plain-GCN,3,287,COc1cc(C(=O)N2CC3CCC2[C@@H]3N)cc2nc(-c3cc4ccc(C5CNNC5OC)nc4n3CC3CC3)n(C)c12,1,42,0.4039880633354187,0.5960119366645813
Plain-GCN,3,288,CCOc1ccc(N2C(=O)/C(=C/c3cc(OC)c(OC)c(OC)c3)N(CC(=O)OC)C2=S)cc1,0,34,0.5094389319419861,0.4905610680580139
Plain-GCN,3,289,CN(C)S(=O)(=O)c1cc(NC(=O)CN2CCN(c3ccccc3O)CC2)ccc1Cl,0,30,0.45121684670448303,0.548783153295517
Plain-GCN,3,290,CNC(=O)NC1CCCCc2sccc21,0,15,0.3988243341445923,0.6011756658554077
Plain-GCN,3,291,CC1(OC(=O)C2CCCC2)C(=O)C=C2C=C(c3ccsc3)N(CC3CC3)C=C2C1=O,0,30,0.4623200595378876,0.5376799404621124
Plain-GCN,3,292,COc1ccc(Oc2nnnn2-c2ccccc2)cc1,0,20,0.6207648515701294,0.3792351484298706
Plain-GCN,3,293,COc1cc(C(=O)N2CC3CCC2[C@@H]3N)cc2nc(-c3cc4ccc(-c5cnn(C)c5-c5ccc(F)cc5)nc4n3CC3CC3)n(C)c12,1,48,0.40078237652778625,0.5992176234722137
Plain-GCN,3,294,CC(C)OCCCNC(=O)C1CC(=O)N(C2CCCCCCC2)C1,0,24,0.5724884271621704,0.4275115728378296
Plain-GCN,3,295,COc1ccc(-n2c(C)n[nH]c2=O)cc1OC,0,17,0.5684766173362732,0.4315233826637268
Plain-GCN,3,296,COc1cc(C(=O)N2CC3CCC2[C@@H]3N)cc2nc(-c3cc4ccc(C5CNC(=O)NC5=O)nc4n3CC3CC3)n(C)c12,1,43,0.3909013867378235,0.6090986132621765
Plain-GCN,3,297,Cc1ccc(CC(CC(=O)NCCc2ccc3c(c2)OCO3)C(=O)O)cc1,0,27,0.449201762676239,0.550798237323761
Plain-GCN,3,298,O=C(CSc1nnc(CNc2ccc(Cl)cc2)n1Cc1ccccc1)NCc1ccco1,0,32,0.48020243644714355,0.5197975635528564
Plain-GCN,3,299,Cc1ccc(S(=O)(=O)NNC(=O)C(=O)NNc2ccccn2)cc1,0,24,0.617705225944519,0.38229477405548096
Plain-GCN,3,300,CCOC(=O)c1[nH]c2ccc(F)cc2c1NC(=O)c1cc(OC)c(OC)c(OC)c1,0,30,0.5420440435409546,0.4579559564590454
Plain-GCN,3,301,COc1cc(C(=O)N2CC3CCC2C3)cc2nc(-c3cc4ccc(N(C)C)cc4n3CC3CC3)n(C)c12,1,37,0.3847483694553375,0.6152516305446625
Plain-GCN,3,302,CCOc1ccc2nc(N/C(N)=N/C(=S)Nc3ccc(C)c(C)c3)nc(C)c2c1,0,29,0.4733363389968872,0.5266636610031128
Plain-GCN,3,303,CCOc1cc(/C=C\c2[nH]c(=O)[nH]c(=O)c2[N+](=O)[O-])ccc1OC(C)CC,0,27,0.50517737865448,0.49482262134552
Plain-GCN,3,304,Cc1nc(SCC(=O)N(C)C2(C#N)CCCCC2)c2ccccc2n1,0,25,0.49076971411705017,0.5092302858829498
Plain-GCN,3,305,Cc1noc(C(F)(F)F)c1C(=O)NNC(=O)c1ccccc1,0,22,0.4889247715473175,0.5110752284526825
Plain-GCN,3,306,COc1cc(C(=O)N2C[C@H](N)C[C@@H](F)C2)cc2nc(-c3cc4ccc(-c5ccc(C(N)=O)cc5Cl)nc4n3CC3CC3)n(C)c12,1,45,0.39810511469841003,0.60189488530159
Plain-GCN,3,307,COC(=O)c1cc(-c2ccc3cc(-c4nc5cc(C(=O)N6CC7CCC6[C@@H]7N)cc(OC)c5n4C)n(CC4CC4)c3n2)n(C)n1,1,45,0.3922528624534607,0.6077471375465393
Plain-GCN,3,308,Cc1cc2cc(CNC(=O)c3cccs3)ccc2n1C,0,20,0.4747146666049957,0.5252853333950043
Plain-GCN,3,309,C=CCSc1nnc(CNC(=O)c2ccc(Cl)cc2)n1CC,0,22,0.4671032428741455,0.5328967571258545
Plain-GCN,3,310,O=C(NC1CCCC1)NS(=O)(=O)c1ccccc1Cl,0,19,0.43624767661094666,0.5637523233890533
Plain-GCN,3,311,CC(=O)Nc1ccc2c(c1)CCCC2,0,14,0.44040730595588684,0.5595926940441132
Plain-GCN,3,312,Cc1ccc2c(CN3CCOCC3)cc(=O)oc2c1C,0,20,0.5145238637924194,0.48547613620758057
Plain-GCN,3,313,CC(=O)NCCNC(=O)CCNC(=O)c1ccc(Cl)cc1,0,21,0.41849279403686523,0.5815072059631348
Plain-GCN,3,314,COc1cc(C(=O)N2CC3CCC2[C@@H]3N)cc2nc(-c3cc4ccc(C5=CC=CC6=NC(=O)C=CC56)nc4n3CC3CC3)n(C)c12,1,46,0.35939934849739075,0.6406006515026093
Plain-GCN,3,315,Cn1ccnc1C(=O)c1ccccc1Cl,0,15,0.652683436870575,0.34731656312942505
Plain-GCN,3,316,COc1ccc(-c2cc(=O)[nH][nH]2)cc1,0,14,0.6002537608146667,0.39974623918533325
Plain-GCN,3,317,O=C(C1=C[C@@H](c2ccc(C(F)(F)F)cc2)C[C@@H](OCc2ccc(CO)cc2)O1)N1CCN(Cc2ccc3c(c2)OCO3)CC1,0,44,0.4467321038246155,0.5532678961753845
Plain-GCN,3,318,COc1cc(/C=N/Nc2ccccc2[N+](=O)[O-])ccc1OC(=O)c1ccccc1F,0,30,0.5514949560165405,0.4485050439834595
Plain-GCN,3,319,Cc1ccccc1Cn1ccc(NC(=O)c2onc(C)c2Cl)n1,0,23,0.5317367911338806,0.4682632088661194
Plain-GCN,3,320,CCOc1ccc(N(C(=O)c2cnsn2)C(C(=O)NC2CCCCC2)c2ccncc2)cc1,0,33,0.43586277961730957,0.5641372203826904
Plain-GCN,3,321,COc1ccc(-c2nn(-c3ccccc3)cc2C(=O)NC(=S)NNC(=O)c2ccncc2)cc1,0,34,0.5589659214019775,0.44103407859802246
Plain-GCN,3,322,COc1cc(C(=O)N2CC3CCC2[C@@H]3N)cc2nc(-c3cc4ccc(-c5cnc(C#N)cc5C)nc4n3CC3CC3)n(C)c12,1,44,0.3880026042461395,0.6119973957538605
Plain-GCN,3,323,COc1cc([N+](=O)[O-])c(OC)cc1SCc1n[nH]c(=S)n1-c1ccc(F)cc1,0,28,0.5625556707382202,0.4374443292617798
Plain-GCN,3,324,Cc1sc2ncn(CC(=O)NCC(=O)N3CCN(c4ccccc4F)CC3)c(=O)c2c1C,0,32,0.43586465716362,0.56413534283638
Plain-GCN,3,325,CCCC[n+]1c(C)sc2cc(OC)ccc21.[I-],0,17,0.5536982417106628,0.44630175828933716
Plain-GCN,3,326,COc1cc(C(=O)N2CC3CCC2[C@@H]3N)cc2nc(-c3cc4ccc(N5CCC(O)(c6ccccc6)C5)nc4n3CC3CC3)n(C)c12,1,47,0.3596518039703369,0.6403481960296631
Plain-GCN,3,327,COc1cc(C(=O)N2CC3CCC2[C@@H]3N)cc2nc(-c3cc4ccc(-c5ccc6c(c5)CCNC6=O)nc4n3CC3CC3)n(C)c12,1,46,0.41148537397384644,0.5885146260261536
Plain-GCN,3,328,NS(=O)(=O)c1cc(C(=O)NNC(=O)c2ccc3c(c2)OCO3)ccc1Cl,0,26,0.4926615059375763,0.5073384940624237
Plain-GCN,3,329,Fc1ccc(OCc2nnc(-c3ccccc3Br)o2)c(Cl)c1,0,22,0.6270055770874023,0.37299442291259766
Plain-GCN,3,330,COc1cc(C(=O)N2C[C@H](N)C[C@@H](F)C2)cc2nc(-c3cc4ccc(-c5cnc6c(c5)C(=O)NC6)nc4n3CC3CC3)n(C)c12,1,45,0.40894049406051636,0.5910595059394836
Plain-GCN,3,331,COc1cc(C(=O)N2C[C@H](N)C[C@@H](F)C2)cc2nc(-c3cc4ccc(-c5ccc(N6CCC(O)C6=O)c(C)n5)nc4n3CC3CC3)n(C)c12,1,49,0.3775693476200104,0.6224306523799896
Plain-GCN,3,332,CCc1ccc(S(=O)(=O)Nc2ccc(O)c3ccccc23)cc1,0,23,0.6334946751594543,0.36650532484054565
Plain-GCN,3,333,COC(=O)c1sc2ccccc2c1NC(=O)c1ccc(S(=O)(=O)N2CC(C)CC(C)C2)cc1,0,33,0.46654385328292847,0.5334561467170715
Plain-GCN,3,334,CCCS(=O)(=O)c1csc(C(=O)OC)c1N,0,16,0.4774315059185028,0.5225684940814972
Plain-GCN,3,335,O=c1[nH]c(Nc2ccccn2)cc2ccccc12,0,18,0.5457590222358704,0.45424097776412964
Plain-GCN,3,336,CS(=O)(=O)N(CC(=O)N1CCOCC1)Cc1ccc(Cl)cc1,0,22,0.48431965708732605,0.515680342912674
Plain-GCN,3,337,COc1ccc(OCC(=O)Nc2ccccc2C(=O)Nc2ccc(C(=O)O)cc2)cc1,0,31,0.5902875065803528,0.4097124934196472
Plain-GCN,3,338,COc1cc(C(=O)N2CC3CCC2[C@@H]3N)cc2nc(-c3cc4ccc(-c5cn[nH]c5C)cc4n3CC3CC3)n(C)c12,1,41,0.4052956998348236,0.5947043001651764
Plain-GCN,3,339,Cc1ccccc1OC(C)C(=O)NCCC1=CCCCC1,0,21,0.4727538526058197,0.5272461473941803
Plain-GCN,3,340,CCOc1ccc(N(CC(=O)N/N=C/c2cc([N+](=O)[O-])ccc2Cl)S(C)(=O)=O)cc1,0,30,0.4794289171695709,0.5205710828304291
Plain-GCN,3,341,COc1cc(C(=O)N2CC3CCC2[C@@H]3N)cc2nc(-c3cc4ccc(-c5ccc(S(C)(=O)=O)nc5)nc4n3CC3CC3)n(C)c12,1,45,0.380410760641098,0.619589239358902
Plain-GCN,3,342,O=C1CN(S(=O)(=O)c2cc(C(=O)O)ccc2Cl)c2ccccc2N1,0,24,0.5405278205871582,0.4594721794128418
Plain-GCN,3,343,CC(=O)c1ccc(OCc2cc(C(=O)NCCN3CCCC(O)C3)no2)cc1,0,28,0.44145068526268005,0.55854931473732
Plain-GCN,3,344,CSC1=NC(C)(C)CC2(C)Nc3ccccc3N12,0,18,0.3795349597930908,0.6204650402069092
Plain-GCN,3,345,S=c1[nH]nc(-c2c[nH]c3ccccc23)o1,0,15,0.6358410120010376,0.3641589879989624
Plain-GCN,3,346,CC(C)c1nc(SCC(=O)N2CC(=O)Nc3ccccc32)c2ccccc2n1,0,28,0.5350305438041687,0.4649694561958313
Plain-GCN,3,347,COc1cc(C(=O)N2CC3CCC2[C@@H]3N)cc2nc(-c3cc4ccc(N5CCC(S(C)(=O)=O)CC5)cc4n3CC3CC3)n(C)c12,1,45,0.36227765679359436,0.6377223432064056
Plain-GCN,3,348,COc1cc(C(=O)N2C[C@H](N)C[C@@H](F)C2)cc2nc(-c3cc4ccc(CCN5CCOC5=O)nc4n3CC3CC3)n(C)c12,1,43,0.37440574169158936,0.6255942583084106
Plain-GCN,3,349,Cc1cccc(-c2nc3ccccc3c(=O)n2NC(=O)c2ccc([N+](=O)[O-])c(C)c2)c1,0,31,0.5721014142036438,0.4278985857963562
Plain-GCN,3,350,CN(C)C(CNC(=O)C1CCN(S(=O)(=O)c2cccc(Cl)c2Cl)CC1)c1ccccc1,0,31,0.45535969734191895,0.544640302658081
Plain-GCN,3,351,Cn1sc(=O)c2cc(S(=O)(=O)NC3CC3)ccc21,0,18,0.4601108431816101,0.5398891568183899
Plain-GCN,3,352,CCCc1c(C(=O)N/N=C/c2ccc(OC)c(OCc3ccccc3)c2)nnn1-c1nonc1N,0,35,0.4494574964046478,0.5505425035953522
Plain-GCN,3,353,CCNC(=O)c1c(NC(=O)C2COc3ccccc3O2)sc2c1CCCC2,0,27,0.5073371529579163,0.49266284704208374
Plain-GCN,3,354,COc1cc2nc(N(CCCN(C)C)C(=O)c3ccc(S(=O)(=O)N4CCc5ccccc54)cc3)sc2cc1OC.Cl,0,41,0.4769221842288971,0.5230778157711029
Plain-GCN,3,355,COc1cc(C(=O)N2CC3CCC2[C@@H]3N)cc2nc(-c3cc4ccc(-c5ccc6nnnn6c5)nc4n3CC3CC3)n(C)c12,1,44,0.4076213538646698,0.5923786461353302
Plain-GCN,3,356,CNC(=O)n1ccc(C(=O)N2CCCCC2)n1,0,17,0.490481436252594,0.509518563747406
Plain-GCN,3,357,CC(NC(=O)c1ccccc1)C(=O)OCC(=O)c1ccc(Br)cc1,0,24,0.5982723236083984,0.40172767639160156
Plain-GCN,3,358,CCOC(=O)c1ccc(NC(=O)CSc2nc3cccnc3n2C)cc1,0,26,0.5321135520935059,0.46788644790649414
Plain-GCN,3,359,O=C(COc1ccc(S(=O)(=O)N2CCCC2)cc1)NCc1cccnc1,0,26,0.4335693418979645,0.5664306581020355
Plain-GCN,3,360,COC(=O)C1=C(C(=O)OC)SC2(S1)C(C(=O)OC)=C(C(=O)OC)SC1=C2c2cc(C)cc(C)c2NC1(C)C,0,38,0.5261573195457458,0.47384268045425415
Plain-GCN,3,361,COC(=O)c1cn(C(=O)c2cc(OC)cc(OC)c2)c2ccccc12,0,25,0.5162301659584045,0.48376983404159546
Plain-GCN,3,362,COc1ccc(Cn2c(-c3nc4cc(C(=O)N5CCC[C@@H](N)C5)ccn4c3C)cc3ccccc32)nc1,1,37,0.3615231513977051,0.6384768486022949
Plain-GCN,3,363,COc1ccc(/C=N/n2c(=O)c(C(C)(C)C)nn3cnnc23)cc1,0,24,0.4675952196121216,0.5324047803878784
Plain-GCN,3,364,COc1cccc2cc(C(=O)NC3CC(C)(C)NC(C)(C)C3)c(=O)oc12,0,26,0.44904088973999023,0.5509591102600098
Plain-GCN,3,365,COc1ccc(C(=O)NCCc2ccc(C(F)(F)F)cc2)cc1S(=O)(=O)N1CCOCC1,0,32,0.41711246967315674,0.5828875303268433
Plain-GCN,3,366,O=C(O)CN1C(=O)/C(=C\c2ccccc2OCc2ccc(Cl)cc2Cl)SC1=S,0,28,0.5384783148765564,0.4615216851234436
Plain-GCN,3,367,Cc1cc(C)cc(-n2ccnc2SCC(=O)Nc2cccc(S(=O)(=O)NC3=NCCC3)c2)c1,0,33,0.41964295506477356,0.5803570449352264
Plain-GCN,3,368,O=C(NNC(=O)c1cccc(C(F)(F)F)c1)c1ccc(-n2cnnn2)cc1,0,27,0.49819284677505493,0.5018071532249451
Plain-GCN,3,369,Cc1c(-c2cc3ccccc3n2CC2CC2)nc2cc(C(=O)N3CCC4OCCNC4C3)ccn12,1,35,0.3683573007583618,0.6316426992416382
Plain-GCN,3,370,COc1cc(C(=O)N2CC3CCC2[C@@H]3N)cc2nc(-c3cc4ccc(-c5nnnn5C)nc4n3CC3CC3)n(C)c12,1,41,0.4020206332206726,0.5979793667793274
Plain-GCN,3,371,Cc1sc2nc(-c3ccco3)oc(=O)c2c1C,0,17,0.6599964499473572,0.3400035500526428
Plain-GCN,3,372,Cc1cc(C(C#N)c2ccccc2)n2ncnc2n1,0,19,0.3942171633243561,0.6057828366756439
Plain-GCN,3,373,O=C(C1CCCO1)N1CCN(S(=O)(=O)c2ccc(Cl)cc2)CC1,0,23,0.5230482816696167,0.4769517183303833
Plain-GCN,3,374,Cn1c(-c2cncn2CC2CC2)nc2cc(C(=O)N3CCC[C@@H](N)C3)ccc21,0,28,0.36676403880119324,0.6332359611988068
Plain-GCN,3,375,COc1cc(C(=O)N2CC3CCC2[C@@H]3N)cc2nc(-c3cc4ccc(-c5ccnc(F)c5C)nc4n3CC3CC3)n(C)c12,1,43,0.3938809931278229,0.6061190068721771
Plain-GCN,3,376,O=C(Oc1cccc([N+](=O)[O-])c1)c1ccc2c(=O)n3c(nc2c1)CCC3,0,26,0.48270776867866516,0.5172922313213348
Plain-GCN,3,377,COCCn1nnnc1SCC(=O)N1CCCCC1,0,19,0.6362531185150146,0.36374688148498535
Plain-GCN,3,378,Cc1ccc([N+](=O)[O-])c(C(=O)N/N=C/c2cccnc2)c1,0,21,0.4730011820793152,0.5269988179206848
Plain-GCN,3,379,c1ccc2c(CNC3CCCCC3)c[nH]c2c1,0,17,0.4040673077106476,0.5959326922893524
Plain-GCN,3,380,COC(=O)c1ccc(-c2ncc[nH]2)cc1,0,15,0.5875464081764221,0.4124535918235779
Plain-GCN,3,381,O=S(=O)(/C=C/c1ccccc1)N1CCN(Cc2ccc3c(c2)OCO3)CC1,0,27,0.448587566614151,0.551412433385849
Plain-GCN,3,382,COc1ccc(Cl)cc1NC(=O)c1[nH]c(C)c(C(C)=O)c1C,0,22,0.5726271271705627,0.42737287282943726
Plain-GCN,3,383,COc1cccc(NC(=O)Nc2cccs2)c1,0,17,0.5720755457878113,0.4279244542121887
Plain-GCN,3,384,Cn1cnc([N+](=O)[O-])c1Sc1ccc(C(C)(C)C)cc1,0,20,0.525961697101593,0.474038302898407
Plain-GCN,3,385,CC(=O)Nc1c(O)nc(SCC(=O)Nc2sc3c(c2C#N)CCCCCC3)[nH]c1=O,0,30,0.4943905174732208,0.5056094825267792
Plain-GCN,3,386,COc1cc(C(=O)N2C[C@H](N)C[C@@H](F)C2)cc2nc(-c3cc4ccc(-c5cccc(F)c5C(=O)O)nc4n3CC3CC3)n(C)c12,1,45,0.39124053716659546,0.6087594628334045
Plain-GCN,3,387,COc1cc(C(=O)N2CC3CCC2[C@@H]3N)cc2nc(-c3cc4ccc(-c5cc(O)ccc5Cl)nc4n3CC3CC3)n(C)c12,1,43,0.40018007159233093,0.5998199284076691
Plain-GCN,3,388,CC(=O)Nc1ccc(NC(=O)C(C)OC(=O)CC2CCCCC2)cc1,0,25,0.44921040534973145,0.5507895946502686
Plain-GCN,3,389,N#Cc1ccc(N2Cc3ccccc3C2=NC(=O)c2cccs2)cc1,0,25,0.5081017017364502,0.4918982982635498
Plain-GCN,3,390,COc1cc(C(=O)N2CC3CCC2[C@@H]3N)cc2nc(-c3cc4ccc(-c5ccc(Cl)c(C(N)=O)c5)nc4n3CC3CC3)n(C)c12,1,45,0.4081251919269562,0.5918748080730438
Plain-GCN,3,391,Cc1[nH]n2c(=O)c3c(nc2c1-c1ccccc1)CCCC3,0,21,0.44070205092430115,0.5592979490756989
Plain-GCN,3,392,COc1ccc(N(C(=O)c2cccnc2)S(=O)(=O)c2cccc([N+](=O)[O-])c2)cc1,0,29,0.6033170223236084,0.3966829776763916
Plain-GCN,3,393,Cc1ccc(S(=O)(=O)NCCC(=O)Nc2ccc(S(=O)(=O)NC(C)C)cc2)cc1,0,29,0.5067487359046936,0.4932512640953064
Plain-GCN,3,394,O=S(=O)(c1ccc2ccccc2c1)N1CCN(S(=O)(=O)N2CCCCC2)CC1,0,28,0.4737562835216522,0.5262437164783478
Plain-GCN,3,395,O=c1cc(-c2ccc(Cl)cc2)[nH][nH]1,0,13,0.6367858648300171,0.3632141351699829
Plain-GCN,3,396,Cc1sc2ccccc2[n+]1CC(=O)O.[Br-],0,15,0.5683646202087402,0.43163537979125977
Plain-GCN,3,397,Cc1ccc(N(C(=O)c2cccs2)C2C=CS(=O)(=O)C2)cc1,0,22,0.49270233511924744,0.5072976648807526
Plain-GCN,3,398,CC(C)c1ccc(NC2CCCN(C(=O)CCN3CCOCC3)C2)cc1,0,26,0.4864809811115265,0.5135190188884735
Plain-GCN,3,399,COC1CCCN(C(=O)c2cccc(OC3CCN(S(=O)(=O)N(C)C)CC3)c2)C1,0,29,0.47144651412963867,0.5285534858703613
Plain-GCN,3,400,COc1cc(C(=O)N2C[C@H](N)C[C@@H](F)C2)cc2nc(-c3cc4ccc(-c5ccc(OCC(N)=O)cc5)nc4n3CC3CC3)n(C)c12,1,46,0.3852848708629608,0.6147151291370392
Plain-GCN,3,401,COc1ccc(CCNS(=O)(=O)c2cccc(C(=O)O)c2)cc1OC,0,25,0.5030442476272583,0.4969557523727417
Plain-GCN,3,402,COc1cc(C(=O)N2CC3CCC2[C@@H]3N)cc2nc(-c3cc4ccc(-c5cc(F)c6c(c5)CCC(=O)N6)cc4n3CC3CC3)n(C)c12,1,47,0.4140072762966156,0.5859927237033844
Plain-GCN,3,403,COc1cc(OC)cc(C2C(C#N)=C(N)Oc3n[nH]c(-c4cccnc4)c32)c1,0,28,0.4078342318534851,0.5921657681465149
Plain-GCN,3,404,Cc1sc2ccccc2[n+]1CCC(C)S(=O)(=O)[O-],0,18,0.4561848044395447,0.5438151955604553
Plain-GCN,3,405,Cc1cccc2sc(N(CCCN(C)C)C(=O)c3ccc4ncsc4c3)nc12,0,28,0.5059136748313904,0.4940863251686096
Plain-GCN,3,406,CN(C)CCCn1c(SCC(=O)N2c3ccccc3Sc3ccccc32)nc2ccccc2c1=O,0,35,0.5461480021476746,0.45385199785232544
Plain-GCN,3,407,C[C@H](CO)N1C[C@H](C)[C@@H](CN(C)Cc2ccc(C(=O)O)cc2)Oc2ccc(NS(=O)(=O)c3cn(C)cn3)cc2C1=O,0,41,0.44850775599479675,0.5514922440052032
Plain-GCN,3,408,O=C(Cc1cc(=O)[nH][nH]1)N/N=C/c1cccc(Cl)c1Cl,0,20,0.4748755395412445,0.5251244604587555
Plain-GCN,3,409,CN1CCc2c(sc3nc(SCC(N)=O)n(-c4ccccc4)c(=O)c23)C1,0,26,0.4340982437133789,0.5659017562866211
Plain-GCN,3,410,COc1ccc(OC)c(S(=O)(=O)Nc2ccccc2C(=O)O)c1,0,23,0.5988785624504089,0.40112143754959106
Plain-GCN,3,411,CCc1ccccc1N(CC)C(=O)c1cn(C)c(=O)c2cc(OC)c(OC)cc12,0,29,0.5091381072998047,0.4908618927001953
Plain-GCN,3,412,NC(=O)COC(=O)c1ccccc1Nc1ccc(SC(F)F)cc1,0,24,0.4790387451648712,0.5209612548351288
Plain-GCN,3,413,CCOC(=O)N1CCN(c2c(N3CCN(c4cccc(C(F)(F)F)c4)CC3)c(=O)c2=O)CC1,0,33,0.45425984263420105,0.545740157365799
Plain-GCN,3,414,CCOC(=O)c1[nH]c(=O)c2ccccc2c1O,0,17,0.6250154972076416,0.3749845027923584
Plain-GCN,3,415,COc1cc(C(=O)N2CC3CCC2[C@@H]3N)cc2nc(-c3cc4ccc(-c5ccc(CS(C)(=O)=O)cc5F)nc4n3CC3CC3)n(C)c12,1,47,0.3676985204219818,0.6323014795780182
Plain-GCN,3,416,COc1ccc([N+](=O)[O-])cc1NC(=O)CCS(=O)(=O)c1ccc(Br)cc1,0,26,0.5365679264068604,0.46343207359313965
Plain-GCN,3,417,COc1cc(C(=O)N2[C@H]3CC[C@@H]2[C@H](N)C3)cc2nc(-c3cc4ccc([C@@H](C)NC(=O)N5CCO[C@@H](C)C5)nc4n3CC3CC3)c(C)n12,1,47,0.37462693452835083,0.6253730654716492
Plain-GCN,3,418,Cc1nn(Cc2c(F)c(F)c(F)c(F)c2F)c(C)c1NC(=O)c1c([N+](=O)[O-])c(C)nn1C,0,32,0.5809535384178162,0.41904646158218384
Plain-GCN,3,419,CCC(C)c1ccccc1NC(=O)CN1CCN(C/C=C/c2ccccc2)CC1,0,29,0.47032782435417175,0.5296721756458282
Plain-GCN,3,420,COc1cc(C(=O)N2C[C@H](N)C[C@@H](F)C2)cc2nc(-c3cc4ccc(-c5ccc6c(c5)CCC(=O)N6)nc4n3CC3CC3)n(C)c12,1,46,0.395530104637146,0.604469895362854
Plain-GCN,3,421,COc1cc(C(=O)N2C[C@H](N)C[C@@H](F)C2)cc2nc(-c3cc4ccc(-c5ccc(CS(C)(=O)=O)cc5)cc4n3CC3CC3)n(C)c12,1,46,0.3803141713142395,0.6196858286857605
Plain-GCN,3,422,COc1cc(C(=O)N2C[C@H](N)C[C@@H](F)C2)cc2nc(-c3cc4ccc(C5CCNC(=O)C5)nc4n3CC3CC3)n(C)c12,1,42,0.4077059030532837,0.5922940969467163
Plain-GCN,3,423,O=C1Nc2ccc(Br)cc2/C1=C/C(=O)c1ccc2c(c1)OCO2,0,23,0.56197589635849,0.43802410364151
Plain-GCN,3,424,COc1ccc(CCN(Cc2ccccn2)C(=S)Nc2ccccc2F)cc1OC,0,30,0.5008844137191772,0.49911558628082275
Plain-GCN,3,425,CCc1c(C)nc2c(C)cccc2c1SCCC#N,0,19,0.4915604293346405,0.5084395706653595
Plain-GCN,3,426,Cn1nc(C(F)(F)F)cc1-c1ccc(S(N)(=O)=O)s1,0,19,0.49195289611816406,0.5080471038818359
Plain-GCN,3,427,CC(=O)Nc1ccc(OC(=O)c2ccco2)cc1,0,18,0.6566632986068726,0.34333670139312744
Plain-GCN,3,428,Cc1cccc(NS(=O)(=O)c2ccc(OCC(=O)N3CCCC3)cc2)c1,0,26,0.4781116545200348,0.5218883454799652
Plain-GCN,3,429,Cc1ccc(C)c(OCCCC(C)(C)C(=O)O)c1,0,18,0.5727919340133667,0.4272080659866333
Plain-GCN,3,430,COC(=O)c1ccc(=O)c2nc3/c(=C/O)c(O)cc(=O)c3[nH]c12,0,23,0.570563793182373,0.42943620681762695
Plain-GCN,3,431,O=C(NCc1ccccn1)c1ccc2nc(-c3ccco3)c(-c3ccco3)nc2c1,0,30,0.5891668796539307,0.41083312034606934
Plain-GCN,3,432,COc1cc(C(=O)N2CC3CCC2[C@@H]3N)cc2nc(-c3cc4ccc(-c5ccc(C(N)=O)cn5)nc4n3CC3CC3)n(C)c12,1,44,0.40301817655563354,0.5969818234443665
Plain-GCN,3,433,CC12CCC(C(=O)Nc3ccc(SC(F)F)cc3)(CC1=O)C2(C)C,0,24,0.5098007321357727,0.4901992678642273
Plain-GCN,3,434,O=C(Nc1ccc2ccccc2n1)C1CCCCC1,0,19,0.44744962453842163,0.5525503754615784
Plain-GCN,3,435,COc1cc(C(=O)N2CC3CCC2[C@@H]3N)cc2nc(-c3cc4ccc(-c5ccc(O)c(-c6ccno6)c5)nc4n3CC3CC3)n(C)c12,1,47,0.4113498032093048,0.5886501967906952
Plain-GCN,3,436,CCCOc1cccc(OCC(=O)Nc2nc3ccccc3[nH]2)c1,0,24,0.5168135762214661,0.48318642377853394
Plain-GCN,3,437,Cc1ccc(/C=N/n2c(-c3cccnc3)n[nH]c2=S)o1,0,20,0.5707136392593384,0.4292863607406616
Plain-GCN,3,438,COc1cc(C(=O)N2C[C@H](N)C[C@@H](F)C2)cc2nc(-c3cc4ccc(-c5cnc6c(c5)OCC(=O)N6)cc4n3CC3CC3)n(C)c12,1,46,0.3936268091201782,0.6063731908798218
Plain-GCN,3,439,CCOC(=O)N1CCN(C(=O)c2cn(CC)c3cc(N4CCN(C)CC4)c(F)cc3c2=O)CC1.Cl,0,35,0.422280490398407,0.577719509601593
Plain-GCN,3,440,COc1cc(C(=O)N2C[C@H]3CC[C@@H]2[C@@H]3N)cc2nc(-c3ccc(F)nc3CC3CC3)n(C)c12,1,33,0.38107457756996155,0.6189254224300385
Plain-GCN,3,441,COc1cc(C(=O)N2CC3CCC2[C@@H]3N)cc2nc(-c3cc4ccc(-c5cccc(NS(C)(=O)=O)c5)nc4n3CC3CC3)n(C)c12,1,46,0.3719746470451355,0.6280253529548645
Plain-GCN,3,442,COc1cc(C2OC(=O)c3ccccc3S2)cc(OC)c1OC,0,23,0.5825133919715881,0.41748660802841187
Plain-GCN,3,443,O=C(c1cc(N2CCOCC2)c(F)cc1[N+](=O)[O-])N1CCOCC1,0,24,0.47926896810531616,0.5207310318946838
Plain-GCN,3,444,O=C(COC(=O)CCCc1c[nH]c2ccccc12)Nc1ccc2c(c1)OCO2,0,28,0.4906879663467407,0.5093120336532593
Plain-GCN,3,445,CC(C)c1ccccc1NC(=S)NC1CCN(Cc2ccccc2)CC1,0,26,0.4630017578601837,0.5369982421398163
Plain-GCN,3,446,CCOc1ccc2c(c1)-c1c(ssc1=S)C(C)(C)N2C(=O)CSC1=NCCS1,0,28,0.4670391380786896,0.5329608619213104
Plain-GCN,3,447,O=C(CSc1n[nH]c(-c2ccccc2)n1)N1CCCC1,0,20,0.5064273476600647,0.4935726523399353
Plain-GCN,3,448,O=C(NNC(=S)NC(=O)c1cn(-c2ccccc2)nc1-c1ccccc1)c1ccncc1,0,32,0.5799661874771118,0.4200338125228882
Plain-GCN,3,449,O=C(COC(=O)c1ccc(Br)o1)NCc1ccc(Cl)cc1,0,21,0.568891704082489,0.431108295917511
Plain-GCN,3,450,CCCOC(=S)NC(=O)c1sc2ccccc2c1Cl,0,19,0.5597783327102661,0.4402216672897339
Plain-GCN,3,451,CN(C(=O)COC(=O)c1cccc(S(=O)(=O)N2CCOCC2)c1)C1CCS(=O)(=O)C1,0,30,0.46991288661956787,0.5300871133804321
Plain-GCN,3,452,O=C(NCc1cccs1)c1ccc2c(c1)ncn2C1CCCC1,0,23,0.4180904030799866,0.5819095969200134
Plain-GCN,3,453,COc1cc2oc3ccccc3c(=O)c2cc1OC,0,19,0.6803115010261536,0.31968849897384644
Plain-GCN,3,454,O=C1c2ccccc2C(=O)N1CCCc1cn(C[C@H]2CC[C@@H]([C@@H]3CC[C@H](Cn4cc(CCCN5C(=O)c6ccccc6C5=O)nn4)O3)O2)nn1,0,50,0.43926796317100525,0.5607320368289948
Plain-GCN,3,455,N#C/C(=C\C=C\c1ccccc1)C(=O)NCc1cccnc1,0,22,0.4558335542678833,0.5441664457321167
Plain-GCN,3,456,COCCN(CCOC)C(=O)c1ccc(CSc2nc3ccccc3s2)cc1,0,28,0.5063626766204834,0.4936373233795166
Plain-GCN,3,457,C=CCN(Cc1ccc(Cl)s1)C(=O)c1cc(S(=O)(=O)N2CCOCC2)ccc1F,0,29,0.4285605251789093,0.5714394748210907
Plain-GCN,3,458,COc1cc(C(=O)N2C[C@H](N)C[C@@H](F)C2)cc2nc(-c3cc4ccc(-c5ccc(CC(N)=O)nc5)nc4n3CC3CC3)n(C)c12,1,45,0.40097376704216003,0.59902623295784
Plain-GCN,3,459,COc1ccc(OC)c(N2Cc3cc(C)c(C)cc3C2)c1,0,21,0.46734464168548584,0.5326553583145142
Plain-GCN,3,460,COc1ccccc1-c1nnc(NC(=O)c2ccc3ncsc3c2)o1,0,25,0.6022633910179138,0.3977366089820862
Plain-GCN,3,461,O=C(C1CCCC1)N1CCC(CC2CC(c3ccc(Cl)cc3)=NO2)(C(=O)NCC2CCCCC2)CC1,0,36,0.535082995891571,0.46491700410842896
Plain-GCN,3,462,C=CC(COCc1ccccc1)N(Cc1ccccc1)S(=O)(=O)c1ccccc1Br,0,30,0.5441564917564392,0.4558435082435608
Plain-GCN,3,463,CN(C)C(=O)c1ccc(NC(=O)c2cccc(S(=O)(=O)N3CCCc4ccccc43)c2)cc1,0,33,0.5076024532318115,0.4923975467681885
Plain-GCN,3,464,O=C1c2ccccc2-c2onc3c(N4CCN(CCO)CC4)cc(N4CCN(C(=O)c5ccco5)CC4)c1c23,0,39,0.453016459941864,0.546983540058136
Plain-GCN,3,465,COc1ccc(Cl)cc1C(=O)NNC(=O)c1cccs1,0,20,0.6526109576225281,0.3473890423774719
Plain-GCN,3,466,COC(=O)c1ccc(-c2ccc3cc(-c4nc5cc(C(=O)N6CC7CCC6[C@@H]7N)cc(OC)c5n4C)n(CC4CC4)c3n2)cc1O,1,46,0.39728373289108276,0.6027162671089172
Plain-GCN,3,467,Cc1nc(Cl)c2c(n1)NC1=C(O2)C(=O)CCC1,0,17,0.5700668096542358,0.42993319034576416
Plain-GCN,3,468,CC1Cc2ccccc2N1C(=O)CSc1nnc(CSc2ncccn2)n1C,0,28,0.5073304772377014,0.4926695227622986
Plain-GCN,3,469,CCCCn1c(=O)c(C(=O)Nc2ccccc2F)c(O)c2ccccc21,0,26,0.506571352481842,0.49342864751815796
Plain-GCN,3,470,CCN(c1ccccc1)S(=O)(=O)c1ccc(Cl)c(C(=O)O)c1,0,22,0.6075358986854553,0.3924641013145447
Plain-GCN,3,471,COc1cc(C(=O)N2CC3CCC2[C@@H]3N)cc2nc(-c3cc4ccc(Nc5cccc(C(N)=O)c5)nc4n3CC3CC3)n(C)c12,1,45,0.38016340136528015,0.6198365986347198
Plain-GCN,3,472,COc1cc(C(=O)N2C[C@H](N)CC[C@@H]2C)cc2nc(-c3cc4ccc(-c5ccc6c(c5)CC(=O)N6)nc4n3CC3CC3)n(C)c12,1,45,0.38609400391578674,0.6139059960842133
Plain-GCN,3,473,COc1cc(C(=O)N2CC3CCC2[C@@H]3N)cc2nc(-c3cc4ccc(-c5ccc(NC(C)=O)c(C(=O)O)c5)nc4n3CC3CC3)n(C)c12,1,48,0.39235594868659973,0.6076440513134003
Plain-GCN,3,474,O=C(N1CCOCC1)N1CCN(c2ccccc2F)CC1,0,21,0.5211745500564575,0.4788254499435425
Plain-GCN,3,475,CC1(OC(=O)c2ccc(Cl)nc2)C(=O)C=C2C=C(C3CC3)OC=C2C1=O,0,26,0.47520187497138977,0.5247981250286102
Plain-GCN,3,476,CCCNC(=S)Nc1ccc(CC(=O)OC)cc1,0,18,0.4531756043434143,0.5468243956565857
Plain-GCN,3,477,COc1ccc(OC)c(NC(=S)NCc2cccs2)c1,0,20,0.5470073819160461,0.45299261808395386
Plain-GCN,3,478,CCCN(CCC)S(=O)(=O)c1ccc(NC(=O)c2cc(C(=O)OC)cc([N+](=O)[O-])c2)cc1,0,32,0.46027085185050964,0.5397291481494904
Plain-GCN,3,479,COc1ccc(C2CC(c3cccs3)=NN2C(=O)CSC2=NCCS2)cc1,0,27,0.5126183032989502,0.4873816967010498
Plain-GCN,3,480,O=C1C2CCCCC2C(=O)N1c1ccc(NC2CCCCC2)c([N+](=O)[O-])c1,0,27,0.4763723611831665,0.5236276388168335
Plain-GCN,3,481,COc1ccc(N(CC(O)CN2C(=O)NC(C)(C)C2=O)S(=O)(=O)c2ccc(C)cc2)cc1,0,32,0.43537455797195435,0.5646254420280457
Plain-GCN,3,482,CCOc1ccc(OCC(=O)Nc2ccc(OC)cc2)cc1,0,22,0.6312801837921143,0.36871981620788574
Plain-GCN,3,483,Cc1ccc(N(NC(=O)C(O)(c2ccccc2)c2ccccc2)C(=O)CCl)cc1,0,29,0.5983985662460327,0.4016014337539673
Plain-GCN,3,484,O=C(Oc1ccccc1C(=O)Nc1ccccc1)c1ccc(Br)c([N+](=O)[O-])c1,0,28,0.6189678907394409,0.3810321092605591
Plain-GCN,3,485,CC(C)Cc1nn2c(=O)cc(O)nc2s1,0,15,0.5715409517288208,0.4284590482711792
Plain-GCN,3,486,COc1ccc(C(=O)C2CCCN(C(=O)c3ccc4nccnc4c3)C2)c(C)c1,0,29,0.45445990562438965,0.5455400943756104
Plain-GCN,3,487,COc1cc(C(=O)N2C[C@H](N)C[C@@H](F)C2)cc2nc(-c3cc4ccc(C(=O)Nc5ccc(S(N)(=O)=O)cc5)nc4n3CC3CC3)n(C)c12,1,48,0.3626280426979065,0.6373719573020935
Plain-GCN,3,488,COc1ccc(OC(C)C(=O)N(C)Cc2nc(-c3ccccc3)no2)cc1,0,27,0.5446771383285522,0.45532286167144775
Plain-GCN,3,489,COc1cc(C(=O)N2CC3CCC2[C@@H]3N)cc2nc(-c3cc4ccc(Nc5ccncc5CO)nc4n3CC3CC3)n(C)c12,1,44,0.3759954273700714,0.6240045726299286
Plain-GCN,3,490,CN(C)/C=C(\C#N)S(=O)(=O)c1ccccc1,0,16,0.48523181676864624,0.5147681832313538
Plain-GCN,3,491,CC(=O)N1CCC(=NNc2nc3ccccc3[nH]2)CC1.O=C(O)C(=O)O,0,26,0.4452928304672241,0.5547071695327759
Plain-GCN,3,492,COc1cc(C(=O)N2CC3CCC2[C@@H]3N)cc2nc(-c3cc4ccc(-c5cc(F)c6c(c5)CCN(C(C)=O)C6)nc4n3CC3CC3)n(C)c12,1,49,0.3940912187099457,0.6059087812900543
Plain-GCN,3,493,CCc1ncc(/C=C2\C(=O)Nc3ccccc32)[nH]1,0,18,0.47423508763313293,0.5257649123668671
Plain-GCN,3,494,COc1cc(C(=O)N2CC3CCC2[C@@H]3N)cc2nc(-c3cc4ccc(-c5ccc6oc(=O)[nH]c6c5)cc4n3CC3CC3)n(C)c12,1,45,0.4109865427017212,0.5890134572982788
Plain-GCN,3,495,C/C(CC(=O)Nc1ccc(Cl)c(C(F)(F)F)c1)=N\NC(=O)c1cnccn1,0,27,0.44473326206207275,0.5552667379379272
Plain-GCN,3,496,COc1ccc(-c2ccc3cc(-c4nc5cc(C(=O)N6C[C@H]7CC[C@@H]6[C@@H]7N)cc(OC)c5n4C)n(CC4CC4)c3c2)c(F)c1,1,44,0.4072122871875763,0.5927877128124237
Plain-GCN,3,497,COc1ccccc1-c1oc2ccccc2c1-c1ccccc1OC,0,25,0.7285500168800354,0.2714499831199646
Plain-GCN,3,498,CCC1(C)Cc2c(sc(NC(=O)CCC(=O)O)c2C#N)CO1,0,22,0.5088517069816589,0.49114829301834106
Plain-GCN,3,499,C=CCn1c(Cc2csc(N)n2)nnc1SCC(=O)OCC,0,22,0.4742870628833771,0.5257129371166229
Plain-GCN,3,500,C=CCOc1ccccc1CNCCCN1CCOCC1.Cl,0,22,0.44107693433761597,0.558923065662384
Plain-GCN,3,501,COc1ccc(CCNC(=O)c2c(-c3ccccc3)noc2C)cc1OC,0,27,0.5019189119338989,0.4980810880661011
Plain-GCN,3,502,Cn1nccc1NC(=O)c1nccnc1C(=O)O,0,18,0.650860071182251,0.349139928817749
Plain-GCN,3,503,C/C(=N\Nc1nc2c(s1)CCCC2)c1ccc(Cl)cc1.Cl,0,21,0.49536868929862976,0.5046313107013702
Plain-GCN,3,504,Oc1ccc(-c2cnc3ccccc3n2)cc1,0,17,0.6829355955123901,0.31706440448760986
Plain-GCN,3,505,COc1cc(C(=O)N2CCC[C@@H](N)C2)cc2nc(-c3ccc(C#N)n3CC3CCOCC3)n(C)c12,0,35,0.3573565185070038,0.6426434814929962
Plain-GCN,3,506,COc1cc(C(=O)OCC(=O)Nc2ccc(S(=O)(=O)N3CCCC3)cc2)cc(OC)c1OC,0,33,0.47064632177352905,0.529353678226471
Plain-GCN,5,0,O=C1CSC(=Nc2cccc(Cl)c2Cl)N1,0,15,0.755959689617157,0.24404031038284302
Plain-GCN,5,1,Cc1sc2c3ccsc3ccc2[n+]1C.[I-],0,15,0.5838118195533752,0.41618818044662476
Plain-GCN,5,2,CCc1cc(=O)oc2c(C)c(OC(C)C(=O)N3CCC[C@@H]3C(=O)O)ccc12,0,27,0.5158247947692871,0.4841752052307129
Plain-GCN,5,3,Cc1ccc(OCC(=O)N2CCN(S(=O)(=O)c3ccccc3[N+](=O)[O-])CC2)cc1,0,29,0.5678887367248535,0.4321112632751465
Plain-GCN,5,4,CCc1cc(NC(C)=O)ccc1-c1ccc2cc(-c3nc4cc(C(=O)N5CC6CCC5[C@@H]6N)cc(OC)c4n3C)n(CC3CC3)c2n1,1,47,0.5108446478843689,0.4891553521156311
Plain-GCN,5,5,COc1cc(-c2ccc3cc(-c4nc5cc(C(=O)N6CC7CCC6[C@@H]7N)cc(OC)c5n4C)n(CC4CC4)c3n2)ccc1CC(N)=O,1,47,0.5209886431694031,0.4790113568305969
Plain-GCN,5,6,C/C(=N\NS(C)(=O)=O)c1ccccc1,0,14,0.5222817659378052,0.4777182340621948
Plain-GCN,5,7,Cc1nn2c(N3CCN(C)CC3)c3c(nc2c1-c1ccccc1)CCCC3,0,27,0.5527831315994263,0.44721686840057373
Plain-GCN,5,8,Cc1ccc([C@@H]2C3COCC=C3C(C#N)=C(N)C2(C#N)C#N)o1,0,23,0.5471001267433167,0.45289987325668335
Plain-GCN,5,9,CCN(c1ccccc1)S(=O)(=O)c1ccc(F)c(C(=O)O)c1,0,22,0.5238851308822632,0.4761148691177368
Plain-GCN,5,10,COc1cc(C(=O)N2C[C@H](N)C[C@@H](F)C2)cc2nc(-c3cc4ccc(-c5ccc(C(N)=O)cc5C(F)(F)F)nc4n3CC3CC3)n(C)c12,1,48,0.44720956683158875,0.5527904331684113
Plain-GCN,5,11,O=C(CCNC(=O)C1CCN(S(=O)(=O)c2ccc(F)cc2)CC1)NCc1ccccc1Cl,0,32,0.48583823442459106,0.5141617655754089
Plain-GCN,5,12,Cn1nnnc1SCc1ccccc1F,0,15,0.630958080291748,0.36904191970825195
Plain-GCN,5,13,C/C(N)=C(/C#N)C(=O)COC(=O)C(NS(=O)(=O)c1ccc(Cl)cc1)C(C)O,0,27,0.530919075012207,0.46908092498779297
Plain-GCN,5,14,C=CCOC(=O)C1=C(C)NC(C)=C(C(=O)OCC=C)C1c1ccc(C)o1,0,26,0.5125120282173157,0.4874879717826843
Plain-GCN,5,15,Cc1ccc(-n2ncc3c2CCCC3NC(=O)c2ccoc2)cc1C,0,25,0.4506472945213318,0.5493527054786682
Plain-GCN,5,16,CCCN1CCN(S(=O)(=O)c2ccc3c(c2)CC(C)N3C(=O)C2CC2)CC1,0,27,0.4771369695663452,0.5228630304336548
Plain-GCN,5,17,CCN1CCN(Cc2c(O)c(Cl)cc3c(C)cc(=O)oc23)CC1,0,23,0.48014140129089355,0.5198585987091064
Plain-GCN,5,18,COc1cc(C(=O)N2[C@H]3CC[C@@H]2[C@H](N)C3)cc2nc(-c3cc4ccc([C@@H](C)NC(=O)CCC(=O)O)nc4n3CC3CC3)c(C)n12,1,45,0.46014320850372314,0.5398567914962769
Plain-GCN,5,19,COc1cc(C(=O)N2C[C@H](N)C[C@@H](F)C2)cc2nc(-c3cc4ccc(C5=CC(F)C=C6N=C(C)C(=O)N=C65)nc4n3CC3CC3)n(C)c12,1,48,0.4739694595336914,0.5260305404663086
Plain-GCN,5,20,Cc1cc(C(C)(C)C)ccc1OCCN1CCCC1,0,19,0.5674058198928833,0.4325941801071167
Plain-GCN,5,21,CC1(C)CC(=O)c2cc(C(=O)NC3CCSC3=O)c(=O)n(-c3ccc(Cl)cc3)c2C1,0,30,0.5338702201843262,0.46612977981567383
Plain-GCN,5,22,COc1cccc(CN2CCN(C(=O)Nc3ccc([N+](=O)[O-])cc3)CC2)c1,0,27,0.6018155217170715,0.39818447828292847
Plain-GCN,5,23,CCCCn1nc2cc(C(=O)NCC34CC5CC(CC(C5)C3)C4)ccc2c1OCC,0,30,0.40472012758255005,0.59527987241745
Plain-GCN,5,24,CCCCCCn1c(=O)[nH]c2nc3cc(N)ccc3nc2c1=O,0,23,0.5321247577667236,0.46787524223327637
Plain-GCN,5,25,Cn1cccc1/C=C1\SC(=S)N(NC(=O)c2ccc(F)cc2)C1=O,0,24,0.6244282126426697,0.3755717873573303
Plain-GCN,5,26,O=C(CSc1nc2ccccc2s1)NC1CCCC1,0,19,0.5507082939147949,0.4492917060852051
Plain-GCN,5,27,COc1cc(C(=O)N2CC3CCC2[C@@H]3N)cc2nc(-c3cc4ccc(-c5cc(O)ccc5F)cc4n3CC3CC3)n(C)c12,1,43,0.5448209047317505,0.4551790952682495
Plain-GCN,5,28,COc1ccccc1N1CCN(C(=O)C(=O)c2cn(CC(=O)N3CCOCC3)c3ccccc23)CC1,0,36,0.5153818130493164,0.4846181869506836
Plain-GCN,5,29,O=C(COC(=O)c1cccnc1Cl)c1ccc(OC(F)F)cc1,0,23,0.6768186688423157,0.3231813311576843
Plain-GCN,5,30,COc1cc(C(=O)N2C[C@H](N)C[C@@H](F)C2)cc2nc(-c3cc4ccc(-c5ccc6[nH]c(=O)cc(O)c6c5)nc4n3CC3CC3)n(C)c12,1,47,0.49286380410194397,0.507136195898056
Plain-GCN,5,31,CCCN=C1N(C)C[C@@H]2[C@@H]3C(=O)N(Cc4ccccc4)C(=O)[C@@H]3[C@](Cc3ccccc3)(C(=O)OC)N12.O=C(O)C(F)(F)F,0,43,0.5011249780654907,0.4988750219345093
Plain-GCN,5,32,CCCc1nc([N+](=O)[O-])c(S(=O)(=O)c2ccccc2)n1CC(C)C,0,24,0.5780729055404663,0.4219270944595337
Plain-GCN,5,33,Cc1ccc2c(c1)N(C(C)C(=O)NCc1ccccn1)C(=O)CO2,0,24,0.6081854701042175,0.39181452989578247
Plain-GCN,5,34,CCOC(=O)C1CCCN(C(=S)Nc2cc(C)cc(C)c2)C1,0,22,0.5446547269821167,0.4553452730178833
Plain-GCN,5,35,OCCC1CN(CCCc2ccccc2)CCN1Cc1ccccc1,0,25,0.5203860402107239,0.4796139597892761
Plain-GCN,5,36,COc1cc(C(=O)N2CC3CCC2[C@@H]3N)cc2nc(-c3cc4ccc(Nc5cncnc5)cc4n3CC3CC3)n(C)c12,1,42,0.5586574077606201,0.4413425922393799
Plain-GCN,5,37,CN1C2C=C3C(C#N)=C(N)C(C#N)(C#N)[C@@H](c4cccs4)C3C1CC2,0,25,0.5451704263687134,0.4548295736312866
Plain-GCN,5,38,CCOc1ccccc1NC(=S)NCc1ccccc1,0,20,0.7311309576034546,0.2688690423965454
Plain-GCN,5,39,CCCCNC(=O)CCC(=O)Nc1ccc2nc(N3CCN(C)CC3)cc(C)c2c1,0,30,0.43395981192588806,0.5660401880741119
Plain-GCN,5,40,COc1cc(C(=O)N2C[C@H](N)C[C@@H](F)C2)cc2nc(-c3cc4ccc(C(=O)NC5CCC(=O)NC5=O)nc4n3CC3CC3)n(C)c12,1,46,0.5066894888877869,0.49331051111221313
Plain-GCN,5,41,CC(C)=N/N=C(/c1ccc([N+](=O)[O-])cc1)C12CN3CN(CN(C3)C1)C2,0,25,0.5387527346611023,0.4612472653388977
Plain-GCN,5,42,CNC(=O)Nc1ccccc1NC(=O)NC,0,16,0.6629694700241089,0.3370305299758911
Plain-GCN,5,43,Cc1c(NC(=O)CN2CCCc3ccccc32)c(=O)n(-c2ccccc2)n1C,0,28,0.5638351440429688,0.43616485595703125
Plain-GCN,5,44,COc1ccc(C2CC(c3ccc(C)cc3)Nc3ncnn32)cc1,0,24,0.5767896175384521,0.42321038246154785
Plain-GCN,5,45,COc1cc(C(=O)N2CC3CCC2[C@@H]3N)cc2nc(-c3cc4ccc(C5C=CC6=NC(=O)NC6=C5)nc4n3CC3CC3)n(C)c12,1,45,0.6179885864257812,0.38201141357421875
Plain-GCN,5,46,Nn1c(SCC(=O)Nc2cc(C(F)(F)F)ccc2Cl)nncc1=O,0,24,0.626886785030365,0.373113214969635
Plain-GCN,5,47,COc1ccc(C2CC(c3ccc(Br)cc3)=NN2C(=O)c2cccnc2)cc1,0,28,0.6666592359542847,0.33334076404571533
Plain-GCN,5,48,Cc1cc(N/N=C/c2ccc(O)cc2O)nc(-c2ccccc2O)n1,0,25,0.6606391668319702,0.3393608331680298
Plain-GCN,5,49,COc1cc(-c2ccc3cc(-c4nc5cc(C(=O)N6CC7CCC6[C@@H]7N)cc(OC)c5n4C)n(CC4CC4)c3c2)c(F)cc1O,1,45,0.525393009185791,0.474606990814209
Plain-GCN,5,50,Cc1ccc(NC2=C/C(=N/S(=O)(=O)c3cccs3)c3ccccc3C2=O)cc1,0,28,0.5238032937049866,0.4761967062950134
Plain-GCN,5,51,COc1cc(C(=O)N2CC3CCC2[C@@H]3N)cc2nc(-c3cc4ccc(-c5ccc6c(c5)C(=O)CS(=O)(=O)N6C)cc4n3CC3CC3)n(C)c12,1,49,0.47060102224349976,0.5293989777565002
Plain-GCN,5,52,COc1cc(C(=O)N2CC3CCC2[C@@H]3N)cc2nc(-c3cc4ccc(Nc5cnc(C#N)nc5)nc4n3CC3CC3)n(C)c12,1,44,0.5193268060684204,0.4806731939315796
Plain-GCN,5,53,C=CCn1c(SCC(=O)N2CCOCC2)nc2sc3c(c2c1=O)CCCC3,0,27,0.5360429286956787,0.4639570713043213
Plain-GCN,5,54,COc1cc(C(=O)N2C[C@H](N)C[C@@H](F)C2)cc2nc(-c3cc4ccc(C5=CC6=NC(=O)NC6N=C5)cc4n3CC3CC3)n(C)c12,1,45,0.5288097858428955,0.4711902141571045
Plain-GCN,5,55,O=C(Nc1ccc(F)cc1F)c1c(C(F)(F)F)ccnc1Oc1ccccc1,0,28,0.5871625542640686,0.4128374457359314
Plain-GCN,5,56,CCC1CCCCN1C(=O)CCNS(=O)(=O)c1ccc2c(c1)oc(=O)n2C,0,27,0.4315960109233856,0.5684039890766144
Plain-GCN,5,57,S=c1nccc(-c2ccc3c(c2)CCO3)[nH]1,0,16,0.6507893204689026,0.3492106795310974
Plain-GCN,5,58,COc1cc(C(=O)N2C[C@H](N)CC[C@@H]2C)cc2nc(-c3cc4ccc(-c5ccc(C(N)=O)c(F)c5)nc4n3CC3CC3)n(C)c12,1,45,0.5774086117744446,0.4225913882255554
Plain-GCN,5,59,Cc1ccc(Nc2ncccc2C(N)=O)cc1,0,17,0.6302598118782043,0.36974018812179565
Plain-GCN,5,60,CCOc1ccccc1NC(=O)CSc1nc(=O)n(Cc2ccncc2)c2c1CCC2,0,31,0.6288056969642639,0.3711943030357361
Plain-GCN,5,61,COc1ccc(NC2=NC(=S)N(c3ccc(C)cc3)C23CCCCC3)cc1,0,27,0.5359929800033569,0.46400701999664307
Plain-GCN,5,62,COc1ccc(-n2ncc3c2CC(C)(C)CC3NC(=O)C2CCN(C(C)=O)CC2)cc1,0,31,0.4587046205997467,0.5412953794002533
Plain-GCN,5,63,Cc1ccc(/C=N/c2sc3c(c2C(N)=O)CCCC3)o1,0,20,0.5690118074417114,0.4309881925582886
Plain-GCN,5,64,COc1cc(C(=O)N2CC3CCC2[C@@H]3N)cc2nc(-c3cc4ccc(N5CCC6(CC5)CNC6=O)nc4n3CC3CC3)n(C)c12,1,45,0.4989033639431,0.5010966360569
Plain-GCN,5,65,CC1N=C2c3ccccc3N=C(SCc3cc(=O)n4cc(Cl)ccc4n3)N2C1=O,0,29,0.6191149353981018,0.3808850646018982
Plain-GCN,5,66,COc1cc(C(=O)N2CC3CCC2[C@@H]3N)cc2nc(-c3cc4ccc(-c5cnc6[nH]c(=O)ccc6c5)cc4n3CC3CC3)n(C)c12,1,46,0.5226584672927856,0.47734153270721436
Plain-GCN,5,67,Cc1ccc(C(=O)NCC(=O)OCC(=O)c2c(N)n(C)c(=O)n(C)c2=O)s1,0,27,0.6728954315185547,0.3271045684814453
Plain-GCN,5,68,COc1cc(C(=O)N2CC3CCC2[C@@H]3N)cc2nc(-c3cc4ccc(Nc5ccnc(C#N)c5)nc4n3CC3CC3)n(C)c12,1,44,0.49520963430404663,0.5047903656959534
Plain-GCN,5,69,O=C(O)CSCC(=O)N1CCN(c2nc3cc(Cl)ccc3s2)CC1,0,24,0.6640415191650391,0.33595848083496094
Plain-GCN,5,70,COc1cc(C(=O)N2CC3CCC2[C@@H]3N)cc2nc(-c3cc4ccc(-c5ccc(C(=O)Nc6ccncc6)cc5)cc4n3CC3CC3)n(C)c12,1,50,0.4583955407142639,0.5416044592857361
Plain-GCN,5,71,O=C(Oc1ccc(Br)cc1)c1cccnc1,0,16,0.7031807899475098,0.29681921005249023
Plain-GCN,5,72,COc1cc(C(=O)N2C[C@H](N)C[C@@H](F)C2)cc2nc(-c3cc4ccc(-c5ccn(C)c(=O)c5)nc4n3CC3CC3)n(C)c12,1,43,0.521856427192688,0.478143572807312
Plain-GCN,5,73,COc1ccc(C2C3=C(N=C4SCC(=O)N42)c2ccccc2CC3)cc1OC,0,28,0.5753947496414185,0.42460525035858154
Plain-GCN,5,74,Fc1ccc(-c2ccc(Nc3cccc(F)c3)nn2)cc1,0,21,0.6899858117103577,0.31001418828964233
Plain-GCN,5,75,S=c1[nH]nc(-c2ccc3ccccc3n2)n1-c1ccc2c(c1)OCCO2,0,26,0.6888177990913391,0.3111822009086609
Plain-GCN,5,76,CC1(C)CC(NC(=O)N2c3ccccc3Sc3ccccc32)CC(C)(C)N1,0,27,0.5554780960083008,0.4445219039916992
Plain-GCN,5,77,Cc1c(-c2cc3ccccc3n2Cc2ccoc2)nc2cc(C(=O)N3CCC[C@@H](N)C3)ccn12,1,34,0.39444154500961304,0.605558454990387
Plain-GCN,5,78,Cc1cccc(C)c1NC(=O)CSc1nnc(C2CCCCC2)o1,0,24,0.5641813278198242,0.4358186721801758
Plain-GCN,5,79,COc1cc(C(=O)N2CC3CCC2[C@@H]3N)cc2nc(-c3cc4ccc(-c5[nH]ccc(=O)c5F)nc4n3CC3CC3)n(C)c12,1,43,0.5069875121116638,0.4930124878883362
Plain-GCN,5,80,COc1cc(C(=O)N2CC3CCC2[C@@H]3N)cc2nc(-c3cc4ccc(-c5ccc(N6CCCC(O)C6=O)c(F)c5)nc4n3CC3CC3)n(C)c12,1,50,0.5354387164115906,0.4645612835884094
Plain-GCN,5,81,COc1ccc(N)cc1-n1c(C)ccc1C,0,16,0.5462020635604858,0.45379793643951416
Plain-GCN,5,82,Cc1cc(C)n(/N=C/c2cccs2)c(=O)c1C#N,0,18,0.6719008088111877,0.32809919118881226
Plain-GCN,5,83,COc1ccc(C(=O)CSC#N)cc1OC,0,16,0.6363258957862854,0.3636741042137146
Plain-GCN,5,84,O=C1OCCN1C(=O)[C@H]1[C@H](c2ccc(Cl)cc2)C(c2ccc(F)cc2)=NN1c1ccccc1,0,33,0.5635178685188293,0.43648213148117065
Plain-GCN,5,85,CCOC(=O)c1[nH]c2c(c1-c1ccccc1)C(=O)CC(c1ccc(Cl)cc1)C2,0,28,0.5558327436447144,0.44416725635528564
Plain-GCN,5,86,COc1cc(C(=O)N2CCC[C@@H](N)C2)cc2nc(-c3ccc(C(=O)N(Cc4ccccc4)c4ccccc4)n3CC3CC3)n(C)c12,0,46,0.3565395176410675,0.6434604823589325
Plain-GCN,5,87,CC(=O)Nc1cccc(-c2nnc(-c3ccccc3)o2)c1,0,21,0.6608972549438477,0.33910274505615234
Plain-GCN,5,88,O=C1CCC(C(=O)OC(C(=O)c2c[nH]c3ccccc23)c2ccccc2)=NN1,0,28,0.5562231540679932,0.44377684593200684
Plain-GCN,5,89,O=C(CSS(=O)(=O)[O-])N1CCN(C(=O)c2ccoc2)CC1.[Na+],0,22,0.6203404664993286,0.3796595335006714
Plain-GCN,5,90,O=C(COc1ccc(F)cc1)N/N=C/c1cccc2cccnc12,0,24,0.5513619780540466,0.44863802194595337
Plain-GCN,5,91,COc1cc(C(=O)N2CC3CCC2[C@@H]3N)cc2nc(-c3cc4ccc(-c5ccc(CC(N)=O)cc5)nc4n3CC3CC3)n(C)c12,1,45,0.5041409134864807,0.4958590865135193
Plain-GCN,5,92,COc1ccc(CN2CC[C@H]3C=CCc4cccc(c43)C2)cc1,0,23,0.5073361396789551,0.4926638603210449
Plain-GCN,5,93,COc1ccc(/C=N\N=C(N)N)cc1.O=[N+]([O-])O,0,18,0.5409034490585327,0.4590965509414673
Plain-GCN,5,94,COc1cccc(/C=N/NC(=O)c2cnn(-c3ccccc3)c2N)c1,0,25,0.5396698713302612,0.46033012866973877
Plain-GCN,5,95,COc1cc(C(=O)N2CC3CCC2[C@@H]3N)cc2nc(-c3cc4ccc(-c5cnc(C(N)=O)c(F)c5)nc4n3CC3CC3)n(C)c12,1,45,0.6056566834449768,0.3943433165550232
Plain-GCN,5,96,COc1cccc(Cn2c(-c3nc4cc(C(=O)N5CCC[C@@H](N)C5)ccn4c3C)cc3cc(F)ccc32)c1,1,38,0.4001210331916809,0.5998789668083191
Plain-GCN,5,97,Cc1noc(NC(=O)c2ccc(Cl)cc2)c1Cl,0,17,0.7466205358505249,0.2533794641494751
Plain-GCN,5,98,CCOC(=O)CSC1=NC(=O)/C(=C\c2ccc(OC(C)=O)cc2)S1,0,24,0.6935822367668152,0.3064177632331848
Plain-GCN,5,99,C=CCn1sc(N)c(C(=O)OCC)c1=S,0,15,0.5941094160079956,0.4058905839920044
Plain-GCN,5,100,CC(c1nc2ccccc2s1)N(C)C(=O)c1ccccc1F,0,22,0.6919565200805664,0.3080434799194336
Plain-GCN,5,101,COCCn1c(C)cc(C(=O)COC(=O)c2ccc(N3CCCC3=O)cc2)c1C,0,29,0.6051607131958008,0.3948392868041992
Plain-GCN,5,102,CC1CCC2(CC1)SCC(=O)N2c1ccc(F)cc1,0,19,0.5336523056030273,0.46634769439697266
Plain-GCN,5,103,O=C1C(Cl)=C(N2CCOCC2)C(=O)N1c1cccc(C(F)(F)F)c1,0,24,0.505397617816925,0.49460238218307495
Plain-GCN,5,104,COc1ncc(-c2ccc3cc(-c4nc5cc(C(=O)N6CC7CCC6[C@@H]7N)cc(OC)c5n4C)n(CC4CC4)c3n2)cc1O,1,44,0.5253597497940063,0.47464025020599365
Plain-GCN,5,105,COc1cc(C(=O)N2C[C@H](N)C[C@@H](F)C2)cc2nc(-c3cc4ccc(-c5cccc(O)c5F)nc4n3CC3CC3)n(C)c12,1,43,0.5099523663520813,0.4900476336479187
Plain-GCN,5,106,CC(C)c1nccn1CCN1C(=O)NC(C)(C)C1=O,0,19,0.41374969482421875,0.5862503051757812
Plain-GCN,5,107,CC(C)C(=O)N(c1cc2sc(=O)oc2c2ccccc12)S(=O)(=O)c1cccs1,0,28,0.605560302734375,0.394439697265625
Plain-GCN,5,108,Cc1oc2c(c1C(=O)NCc1cccnc1)C(=O)c1ccccc1C2=O,0,26,0.5494681596755981,0.45053184032440186
Plain-GCN,5,109,COc1cc(C(=O)N2C[C@H](N)C[C@@H](F)C2)cc2nc(-c3cc4ccc(-c5cc(Cl)c(O)cc5C)nc4n3CC3CC3)n(C)c12,1,44,0.501972496509552,0.498027503490448
Plain-GCN,5,110,Cc1cccc(NC(=S)N2CCCCCC2)c1,0,17,0.5052282214164734,0.4947717785835266
Plain-GCN,5,111,CCC1c2ccc(C)n2CCN1C(=O)Nc1cc(Cl)ccc1OC,0,24,0.6462683081626892,0.3537316918373108
Plain-GCN,5,112,CC1CC(C)(C)NC(=S)N1CC(=O)N1CCN(Cc2ccccc2)CC1,0,26,0.5085070729255676,0.4914929270744324
Plain-GCN,5,113,COc1cc(C(=O)N2C[C@H](N)C[C@@H](F)C2)cc2nc(-c3cc4ccc(-c5ccc(N6CCCC(O)C6=O)cc5)nc4n3CC3CC3)n(C)c12,1,49,0.4886946380138397,0.5113053619861603
Plain-GCN,5,114,Cc1cccc(-n2cc[nH]c2=S)c1,0,13,0.674479067325592,0.32552093267440796
Plain-GCN,5,115,CC(C)(C)NC(=O)/C(=C/c1ccccc1F)NC(=O)c1ccc([N+](=O)[O-])cc1,0,28,0.556261420249939,0.44373857975006104
Plain-GCN,5,116,COc1cccc(C2CC(c3cccs3)=NN2C(=O)CSC2=NCCS2)c1OC,0,29,0.6593539118766785,0.34064608812332153
Plain-GCN,5,117,O=C(O)c1ccc(Cl)c2c1C1C=CCC1C(c1ccccn1)N2,0,23,0.46490511298179626,0.5350948870182037
Plain-GCN,5,118,CCOC(=O)Cn1c(=NC(=O)CSC(C)=O)sc2ccccc21,0,23,0.7222115397453308,0.2777884602546692
Plain-GCN,5,119,O=[N+]([O-])c1ccc(Sc2nccn2Cc2ccccc2)c([N+](=O)[O-])c1,0,25,0.6868391633033752,0.31316083669662476
Plain-GCN,5,120,CCCN(Cc1nnc(-c2ccccc2Cl)o1)C(=O)c1cccc(S(=O)(=O)N2CCOCC2)c1,0,34,0.5335084795951843,0.4664915204048157
Plain-GCN,5,121,COc1ccc2cc(-c3nc4cc(C(=O)N5CCC[C@@H](N)C5)ccn4c3C)n(Cc3ccc(F)cc3)c2c1,1,38,0.38855475187301636,0.6114452481269836
Plain-GCN,5,122,CCN(CC)c1ccc(N=Cc2cc(Br)ccc2O)cc1,0,21,0.6971284747123718,0.3028715252876282
Plain-GCN,5,123,N#Cc1ccc(C23CC4(C2)[C@H](CN(P(=O)(c2ccccc2)c2ccccc2)[C@@H]4c2ccccc2)C3c2ccc(Cl)nc2)cc1,0,44,0.5307057499885559,0.4692942500114441
Plain-GCN,5,124,COc1ccc(-c2nc3ccccc3n2OC(=O)N(C)C)cc1,0,23,0.6622632741928101,0.33773672580718994
Plain-GCN,5,125,N=C(CCl)NCCCc1cn(Cc2ccccc2)c2ccccc12,1,24,0.39946481585502625,0.6005351841449738
Plain-GCN,5,126,O=c1c2ccccc2nc(/C=C/c2ccc(Br)cc2)n1CCO,0,23,0.5388065576553345,0.4611934423446655
Plain-GCN,5,127,COc1cc(C(=O)N2C[C@H]3CC[C@@H]2[C@@H]3N)cc2nc(-c3cc4ccc(C5COC5)nc4n3CC3CC3)n(C)c12,1,39,0.43903759121894836,0.5609624087810516
Plain-GCN,5,128,CC(=O)Oc1ccc(N(C(C)=O)S(=O)(=O)c2ccc(C)c([N+](=O)[O-])c2)cc1,0,27,0.6086828112602234,0.3913171887397766
Plain-GCN,5,129,COc1cc(C(=O)N2CC3CCC2[C@@H]3N)cc2nc(-c3cc4ccc(-c5cccc(S(N)(=O)=O)c5)nc4n3CC3CC3)n(C)c12,1,45,0.4928940534591675,0.5071059465408325
Plain-GCN,5,130,COc1cc(C(=O)N2C[C@H](N)C[C@@H](F)C2)cc2nc(-c3cc4ccc(-c5ccc(C6CNC(=O)N6)cc5)nc4n3CC3CC3)n(C)c12,1,47,0.5854828357696533,0.4145171642303467
Plain-GCN,5,131,CCn1c(-c2cnn(-c3ccccc3)c2C2CC2)nc2cc(C(=O)N3CCC[C@@H](N)C3)ccc21,0,34,0.3717985153198242,0.6282014846801758
Plain-GCN,5,132,Cn1c(=O)c(C(=O)Nc2ccccc2S(N)(=O)=O)c(O)c2ccccc21,0,26,0.523895800113678,0.476104199886322
Plain-GCN,5,133,CC(=O)Nc1cccc(NC=C(C#N)C#N)c1,0,17,0.535080075263977,0.46491992473602295
Plain-GCN,5,134,Cc1nn(CC(=O)N2CCOCC2)c(=O)c2ccccc12,0,21,0.5924137830734253,0.4075862169265747
Plain-GCN,5,135,CCOC(=O)c1c2c3c(cccc3n(C)c1=O)C(=O)c1ccccc1-2,0,25,0.6034302115440369,0.39656978845596313
Plain-GCN,5,136,O=C(NCc1cccnc1)c1ccc(Cl)cc1[N+](=O)[O-],0,20,0.6570255160331726,0.3429744839668274
Plain-GCN,5,137,CCOc1ccc(-c2cc(C(=O)NCCCN3CCN(CC)CC3)c3ccccc3n2)cc1,0,33,0.5255878567695618,0.47441214323043823
Plain-GCN,5,138,COc1cc(C(=O)N2C[C@H](N)C[C@@H](F)C2)cc2nc(-c3cc4ccc(-c5c(F)ccc(O)c5Cl)nc4n3CC3CC3)n(C)c12,1,44,0.5127283930778503,0.48727160692214966
Plain-GCN,5,139,COC(=O)Nc1ccc(-c2ccc3cc(-c4nc5cc(C(=O)N6CC7CCC6[C@@H]7N)cc(OC)c5n4C)n(CC4CC4)c3c2)cc1,1,46,0.48438891768455505,0.515611082315445
Plain-GCN,5,140,CCOc1ccc(S(=O)(=O)Nc2nc3ccccc3nc2Nc2ccc(N3CCOCC3)cc2)cc1,0,36,0.6280929446220398,0.3719070553779602
Plain-GCN,5,141,COc1ccccc1NC(=S)N1CCN(c2ccccn2)CC1,0,23,0.6566807627677917,0.34331923723220825
Plain-GCN,5,142,CCOC(=O)c1sc(-c2ccccc2)cc1NC(=O)c1ccc(S(=O)(=O)N(CCOC)CCOC)cc1,0,37,0.5439430475234985,0.45605695247650146
Plain-GCN,5,143,Cn1c(-c2ccc(Cc3ccccc3)n2CC2CC2)nc2cc(C(=O)N3CCC[C@@H](N)C3)cnc21,1,35,0.35637858510017395,0.643621414899826
Plain-GCN,5,144,CC1=C(C(=O)OC2CCCCC2)C(c2ccc(C)o2)C2=C(CC(C)(C)CC2=O)N1,0,29,0.5663434267044067,0.43365657329559326
Plain-GCN,5,145,CC(C)N1OC2CC1c1nc3ccccc3n1C2,0,18,0.5346474647521973,0.46535253524780273
Plain-GCN,5,146,Cl.O=C(NC1CCN(Cc2ccccc2)CC1)c1cccc(S(=O)(=O)Nc2ccc(SC(F)F)cc2)c1,0,37,0.4875088334083557,0.5124911665916443
Plain-GCN,5,147,N#Cc1cccc(CS(=O)(=O)c2ccc(Cl)cc2)c1,0,19,0.5845991969108582,0.41540080308914185
Plain-GCN,5,148,CCOc1cc2c(cc1/C=C/c1noc(C)c1[N+](=O)[O-])OC(C)C2,0,24,0.5989921689033508,0.40100783109664917
Plain-GCN,5,149,O=C(O)c1ccccc1CSc1nc2ccccc2s1,0,20,0.7605353593826294,0.2394646406173706
Plain-GCN,5,150,CCC(C)N=CC1=C(O)CC(c2ccccc2)CC1=O,0,20,0.5600806474685669,0.4399193525314331
Plain-GCN,5,151,O=C(CSc1nc2ccccc2[nH]1)NCCN1CCCCC1,0,22,0.5551802515983582,0.44481974840164185
Plain-GCN,5,152,COc1cc(C(=O)N2CC3CCC2[C@@H]3N)cc2nc(-c3cc4ccc(C5=CC6NC(=O)N=C6N=C5)cc4n3CC3CC3)n(C)c12,1,45,0.5688057541847229,0.4311942458152771
Plain-GCN,5,153,CCn1ncc(Br)c1C(=O)Nc1ccc(C(C)C)cc1,0,20,0.698641836643219,0.301358163356781
Plain-GCN,5,154,CC(=O)Nc1ccc(SCC(=O)NC(=O)c2ccc(S(=O)(=O)N(C)C)cc2)cc1,0,29,0.6045767664909363,0.3954232335090637
Plain-GCN,5,155,COc1cc(C(=O)N2C[C@H](N)C[C@@H](F)C2)cc2nc(-c3cc4ccc(N5CCC6(CC5)CN(C)C(=O)O6)cc4n3CC3CC3)n(C)c12,1,47,0.4646083116531372,0.5353916883468628
Plain-GCN,5,156,Cc1c(-c2cc3ccccc3n2Cc2ccc(F)cn2)nc2cc(C(=O)N3CCC[C@@H](N)C3)ccn12,1,36,0.4129139184951782,0.5870860815048218
Plain-GCN,5,157,Cc1cccc(CN2CCN(Cc3cnn(-c4ccccc4F)c3)CC2CCO)n1,0,30,0.4913318455219269,0.5086681544780731
Plain-GCN,5,158,COc1ccc2[nH]cc(CCNC(=O)Nc3ccccc3)c2c1,0,23,0.5092682242393494,0.49073177576065063
Plain-GCN,5,159,CCn1c(-c2cnc(-c3ccccc3)n2CC2CC2)nc2cc(C(=O)N3CCC[C@@H](N)C3)ccc21,1,35,0.3611834943294525,0.6388165056705475
Plain-GCN,5,160,Cc1ccccc1C(=O)NCC(=O)Nc1ccccc1C(F)(F)F,0,24,0.5908463001251221,0.40915369987487793
Plain-GCN,5,161,O=C1CN(C(=O)COc2ccc([N+](=O)[O-])cc2Cl)c2ccccc2N1,0,25,0.7257763743400574,0.2742236256599426
Plain-GCN,5,162,COC(=O)C1=CC(=O)N=C2C=CC(c3ccc4cc(-c5nc6cc(C(=O)N7CC8CCC7[C@@H]8N)cc(OC)c6n5C)n(CC5CC5)c4c3)C=C12,1,50,0.511890172958374,0.488109827041626
Plain-GCN,5,163,COC(=O)c1cn(-c2ccccc2)c(C)c1C(=O)OC,0,20,0.5129457116127014,0.4870542883872986
Plain-GCN,5,164,CCN(CC(=O)Nc1c(F)cccc1F)C(=O)Cc1ccc(OC)c(S(=O)(=O)N2CCOCC2)c1,0,35,0.5441910028457642,0.45580899715423584
Plain-GCN,5,165,COc1cc(C(=O)N2C[C@H](N)C[C@@H](F)C2)cc2nc(-c3cc4ccc(-c5c(C)ccc(O)c5C)nc4n3CC3CC3)n(C)c12,1,44,0.4967425465583801,0.5032574534416199
Plain-GCN,5,166,Cc1ccc(-n2ncc(C#N)c2/N=C/N2CCN(C)CC2)cc1,0,23,0.5372312664985657,0.4627687335014343
Plain-GCN,5,167,O=C(COC(=O)c1ccccc1SCC(=O)N1CCCC1)Nc1ccc(OC(F)F)cc1,0,32,0.6013144254684448,0.3986855745315552
Plain-GCN,5,168,CC1CCN(c2nc3c(=O)[nH]c(N)nc3n2[C@@H]2O[C@H](CO)[C@@H](O)[C@H]2O)CC1,0,27,0.4637415409088135,0.5362584590911865
Plain-GCN,5,169,CN(c1ccc(C(=O)NCCCn2ccnc2)cc1)S(C)(=O)=O,0,23,0.48117563128471375,0.5188243687152863
Plain-GCN,5,170,Cn1c(-c2cc3ccc(-c4ccc5[nH]c(=O)[nH]c(=O)c5c4)cc3n2CC2CC2)nc2cc(C(=O)N3C[C@H](N)C[C@@H](F)C3)cc(F)c21,1,46,0.4859873056411743,0.5140126943588257
Plain-GCN,5,171,COc1cc(C(=O)N2CC3CCC2[C@@H]3N)cc2nc(-c3cc4ccc(-c5cccc(C(N)=O)c5F)nc4n3CC3CC3)n(C)c12,1,45,0.4946932792663574,0.5053067207336426
Plain-GCN,5,172,Cc1cc(C(=O)Nc2ccc3c(c2)CCC3)ccc1[N+](=O)[O-],0,22,0.558249294757843,0.441750705242157
Plain-GCN,5,173,CCCCOc1ccc(CSc2nc(C)[nH]c2[N+](=O)[O-])cc1[N+](=O)[O-],0,25,0.6262949705123901,0.37370502948760986
Plain-GCN,5,174,CC(C)c1oc(=O)cc2c1[C@@H](O)[C@H]1OC(=O)[C@@]3(C)CC[C@@H](O)[C@@]2(C)C13,0,25,0.6542549729347229,0.3457450270652771
Plain-GCN,5,175,CCc1cc2c(SCC(=O)Nc3cc(C)on3)ncnc2s1,0,22,0.6173509359359741,0.3826490640640259
Plain-GCN,5,176,COc1cc(C(=O)N2CC3CCC2[C@@H]3N)cc2nc(-c3cc4ccc(Nc5ccc(N)cc5)nc4n3CC3CC3)n(C)c12,1,43,0.5077760815620422,0.49222391843795776
Plain-GCN,5,177,C=CCn1c(SCC(=O)Nc2nc3ccccc3s2)nc(O)c(CC)c1=O,0,27,0.6470104455947876,0.3529895544052124
Plain-GCN,5,178,COc1cc(C(=O)N2CC3CCC2[C@@H]3N)cc2nc(-c3cc4ccc(CCN5CCOC5=O)cc4n3CC3CC3)n(C)c12,1,43,0.4934154450893402,0.5065845549106598
Plain-GCN,5,179,COc1cc(-c2ccc3cc(-c4nc5cc(C(=O)N6C[C@H](N)C[C@@H](F)C6)cc(OC)c5n4C)n(CC4CC4)c3n2)c(F)cc1CO,1,46,0.5750554800033569,0.42494451999664307
Plain-GCN,5,180,Cn1c(-c2ccc(-c3ccccc3)n2CC2CC2)nc2cc(C(=O)N3CC[C@@H]4CCN[C@@H]4C3)ccc21,1,36,0.3535785675048828,0.6464214324951172
Plain-GCN,5,181,O=C1NC(=O)/C(=C/c2ccc(OS(=O)(=O)c3ccc(F)cc3F)cc2)N1,0,26,0.5322585105895996,0.4677414894104004
Plain-GCN,5,182,COc1cc(C(=O)N2CC3CCC2[C@@H]3N)cc2nc(-c3cc4ccc(Nc5ccc6c(c5)CCC(=O)N6)nc4n3CC3CC3)n(C)c12,1,47,0.4664889872074127,0.5335110127925873
Plain-GCN,5,183,Cc1ccc(CN2CCc3c(OCc4ccc(F)cc4)cccc3C2=O)cc1,0,28,0.664465606212616,0.33553439378738403
Plain-GCN,5,184,COc1ccc(C(=O)C[n+]2ccc3c(c2)nc(-c2ccccc2)n3C)cc1.[Br-],0,28,0.5154504179954529,0.4845495820045471
Plain-GCN,5,185,CCCOC(=O)C(C)n1cnc2scc(-c3ccc(C)cc3)c2c1=O,0,25,0.5407217144966125,0.45927828550338745
Plain-GCN,5,186,Cc1ccc(-c2nn(-c3ccccn3)c(=O)c3ccccc23)cc1C,0,25,0.6618323922157288,0.33816760778427124
Plain-GCN,5,187,COc1cc(C(=O)N2C[C@H](N)C[C@@H](F)C2)cc2nc(-c3cc4ccc(N5CCC6(CC5)CNC(=O)O6)cc4n3CC3CC3)n(C)c12,1,46,0.49049028754234314,0.5095097124576569
Plain-GCN,5,188,COc1cc(C(=O)N2CC3CCC2[C@@H]3N)cc2nc(-c3cc4ccc(C5C=CC6=NC(=O)C=C(CO)C6=C5)nc4n3CC3CC3)n(C)c12,1,48,0.5633527040481567,0.43664729595184326
Plain-GCN,5,189,Brc1ccc(-c2csc3[n+]2CCCCC3)cc1.[Br-],0,18,0.5196871161460876,0.48031288385391235
Plain-GCN,5,190,CCCCCn1c(=O)c2ccccc2n2c(=S)[nH]nc12,0,20,0.5885195732116699,0.4114804267883301
Plain-GCN,5,191,CN(C)c1ccc2cc(C(=O)N[C@@H](CCCN=C(N)CCl)C(=O)NCc3ccccc3)ccc2c1,1,35,0.42404109239578247,0.5759589076042175
Plain-GCN,5,192,CNc1ccccc(-c2ccc3cc4c(cc3n2)OCO4)c1=O,0,23,0.6342612504959106,0.36573874950408936
Plain-GCN,5,193,CC(C)NC(=O)CSc1c2c(nc3ccccc13)CCCC2,0,22,0.5312004685401917,0.46879953145980835
Plain-GCN,5,194,COc1cc(C(=O)N2CC3CCC2[C@@H]3N)cc2nc(-c3cc4ccc(-c5ccc(C(N)=O)c(F)c5)nc4n3CC3CC3)n(C)c12,1,45,0.624289333820343,0.375710666179657
Plain-GCN,5,195,COC(=O)c1cc(-c2ccc3cc(-c4nc5cc(C(=O)N6C[C@H](N)C[C@@H](F)C6)cc(OC)c5n4C)n(CC4CC4)c3n2)n(C)n1,1,45,0.48515892028808594,0.5148410797119141
Plain-GCN,5,196,CCn1c(C(=O)NCc2cccnc2)cc2sc(Cl)cc21,0,21,0.6794454455375671,0.32055455446243286
Plain-GCN,5,197,CC(/C=C/c1ccc(N(C)C)cc1)=N/N=C1/NC(=O)CC(C(=O)Nc2ccc(Cl)cc2)S1,0,32,0.6520295739173889,0.3479704260826111
Plain-GCN,5,198,COC(=O)Cc1cnc(NC(=O)CSc2nc(C(C)C)cc(=O)[nH]2)s1,0,25,0.702756941318512,0.29724305868148804
Plain-GCN,5,199,O=C(Cc1cccs1)NNC(=S)NC(=O)c1ccc(F)c(F)c1,0,23,0.5911492109298706,0.4088507890701294
Plain-GCN,5,200,COc1cc(C(=O)N2CC3CCC2[C@@H]3N)cc2nc(-c3cc4ccc(-c5ccc6c(c5)C(=O)NCC6)nc4n3CC3CC3)n(C)c12,1,46,0.5521689653396606,0.44783103466033936
Plain-GCN,5,201,COc1cc(C(=O)N2CC3CCC2[C@@H]3N)cc2nc(-c3cc4ccc(C(C)O)cc4n3CC3CC3)n(Cc3cnn(C)c3)c12,1,44,0.48073720932006836,0.5192627906799316
Plain-GCN,5,202,Cc1cc(C)c(Nc2cc(S(=O)(=O)[O-])c(N)c3c2C(=O)c2ccccc2C3=O)c(C)c1.[Na+],0,32,0.49589088559150696,0.504109114408493
Plain-GCN,5,203,CCCc1c(-c2nc3cc(C(=O)N4CCC[C@@H](N)C4)ccc3n2C)cnn1-c1ccccc1,0,33,0.36878693103790283,0.6312130689620972
Plain-GCN,5,204,Cc1ccc(OCCC(=O)NNC(=O)c2cc(C)oc2C)cc1,0,23,0.6669866442680359,0.3330133557319641
Plain-GCN,5,205,CC1(C)NC(=O)N(CCc2nn[nH]n2)C1=O,1,16,0.41274261474609375,0.5872573852539062
Plain-GCN,5,206,CCOC(=O)c1sc(NC(=O)CSc2nc(O)c(Cc3ccccc3)c(=O)[nH]2)nc1C,0,31,0.6710494756698608,0.32895052433013916
Plain-GCN,5,207,NS(=O)(=O)c1ccc(S(=O)(=O)c2ccccc2)nc1,0,19,0.603665292263031,0.396334707736969
Plain-GCN,5,208,Nc1nnc2c(n1)CCCC2,0,11,0.6603584885597229,0.3396415114402771
Plain-GCN,5,209,O=C(COc1ccccc1)Nc1nc(-c2ccc(S(=O)(=O)N3CCOCC3)cc2)cs1,0,31,0.5532469749450684,0.44675302505493164
Plain-GCN,5,210,CN1CN(C)c2ccc([N+](=O)[O-])c3cccc1c23,0,18,0.5448192358016968,0.4551807641983032
Plain-GCN,5,211,COc1cc(C(=O)N2C[C@H](N)C[C@@H](F)C2)cc2nc(-c3cc4ccc(-c5ccc6c(c5)C(=O)NCC(=O)N6)nc4n3CC3CC3)n(C)c12,1,48,0.4747024178504944,0.5252975821495056
Plain-GCN,5,212,CCOC(=O)CSc1cc(C)nc2ccc(OC)cc12,0,20,0.6561752557754517,0.34382474422454834
Plain-GCN,5,213,CCc1cc(NC(C)=O)ncc1-c1ccc2cc(-c3nc4cc(C(=O)N5C[C@H](N)C[C@@H](F)C5)cc(OC)c4n3C)n(CC3CC3)c2n1,1,47,0.5086604356765747,0.4913395643234253
Plain-GCN,5,214,O=C(NCc1ccccc1)C(c1ccccc1)N(Cc1cccs1)C(=O)c1cnccn1,0,32,0.6650177836418152,0.3349822163581848
Plain-GCN,5,215,COc1cc(C(=O)N2CC3CCC2[C@@H]3N)cc2nc(-c3cc4ccc(Oc5cc(C)nc(C)c5)nc4n3CC3CC3)n(C)c12,1,44,0.45999273657798767,0.5400072634220123
Plain-GCN,5,216,CC(=O)OCc1nc2ccccc2s1,0,14,0.777703583240509,0.22229641675949097
Plain-GCN,5,217,COc1cc(C(=O)N2CC3CCC2[C@@H]3N)cc2nc(-c3cc4ccc(-c5cn(C)nc5-c5ccc(F)cc5)nc4n3CC3CC3)n(C)c12,1,48,0.5016814470291138,0.49831855297088623
Plain-GCN,5,218,COc1cc(/C=N/NC(=O)C(=O)/C=C2\NC(C)(C)Cc3ccccc32)ccc1O,0,29,0.5267565250396729,0.47324347496032715
Plain-GCN,5,219,Cc1cc(C)nc(/N=C(\N)Nc2ccc3c(c2)OCCO3)n1,0,22,0.6324694156646729,0.36753058433532715
Plain-GCN,5,220,CCN1CCN(c2ccc(N3CCN(C(=O)c4ccc(Br)o4)CC3)nn2)CC1,0,28,0.6639739871025085,0.33602601289749146
Plain-GCN,5,221,O=C(C1=C[C@H](C2CC2)C[C@H](OCCCCO)O1)N1CCN(Cc2ccc3c(c2)OCO3)CC1,0,33,0.5229876041412354,0.47701239585876465
Plain-GCN,5,222,COc1cc(C(=O)N2C[C@H]3CC[C@@H]2[C@@H]3N)cc2nc(-c3ccc(C#N)n3CC3CC3)n([C@@H](C)c3ccccn3)c12,0,40,0.35212355852127075,0.6478764414787292
Plain-GCN,5,223,COc1cccc(CNS(=O)(=O)c2c(C)[nH]c(C)c2C(=O)N2CCCCC2)c1,0,28,0.5188847184181213,0.48111528158187866
Plain-GCN,5,224,COc1cc(-c2ccc3cc(-c4nc5cc(C(=O)N6C[C@H]7CC[C@@H]6[C@@H]7N)cc(OC)c5n4C)n(CC4CC4)c3n2)ccc1F,1,44,0.43090134859085083,0.5690986514091492
Plain-GCN,5,225,COc1cc(C(=O)N2CC3CCC2[C@@H]3N)cc2nc(-c3cc4ccc(N5CC6(CCS6(=O)=O)C5)cc4n3CC3CC3)n(C)c12,1,44,0.5226508975028992,0.47734910249710083
Plain-GCN,5,226,COc1cc(C(=O)N2C[C@H](N)C[C@@H](F)C2)cc2nc(-c3cc4ccc(-c5ccn6nc(C)cc6n5)nc4n3CC3CC3)n(C)c12,1,45,0.49108248949050903,0.508917510509491
Plain-GCN,5,227,CC1CCN(C(=O)C2CCN(S(=O)(=O)c3cccc4nonc34)CC2)CC1,0,27,0.478430837392807,0.521569162607193
Plain-GCN,5,228,COc1cc(C(=O)N2CC3CCC2[C@@H]3N)cc2nc(-c3cc4ccc(N5CCNCC5=O)cc4n3CC3CC3)n(C)c12,1,42,0.5896045565605164,0.41039544343948364
Plain-GCN,5,229,COc1ccc(-n2c(CNC(=O)c3ccc(S(=O)(=O)N4CCCC4)cc3)n[nH]c2=S)cc1,0,32,0.5218794941902161,0.47812050580978394
Plain-GCN,5,230,CC(=O)c1ccccc1NC(=O)CC1(CC(=O)O)CCCCC1,0,23,0.4895581901073456,0.5104418098926544
Plain-GCN,5,231,COc1cc(C(=O)NC(C)C2CC3CCC2C3)cc(OC)c1OC,0,24,0.4316874146461487,0.5683125853538513
Plain-GCN,5,232,COc1cc(C(=O)N2CC3CCC2[C@@H]3N)cc2nc(-c3cc4ccc(Nc5cc(=O)[nH]cn5)nc4n3CC3CC3)n(C)c12,1,43,0.5082181096076965,0.49178189039230347
Plain-GCN,5,233,O=C(N/C(=C/c1ccccc1F)C(=O)N1CCCCC1)c1ccccc1,0,26,0.520939826965332,0.47906017303466797
Plain-GCN,5,234,O=C(COC(=O)c1ccc([N+](=O)[O-])s1)NNC(=O)c1ccccc1,0,24,0.6702255010604858,0.32977449893951416
Plain-GCN,5,235,Cn1c2c(c(=O)n(C)c1=O)C(CC(=O)Nc1ccccc1F)C(=O)N2,0,25,0.6024230718612671,0.3975769281387329
Plain-GCN,5,236,O=C(COc1ccccc1)N/N=C/c1sc(=O)n(Cc2cccc(C(=O)O)c2)c1Cl,0,30,0.6312678456306458,0.36873215436935425
Plain-GCN,5,237,CCN(CC)C(=S)SCC(=O)c1ccc(F)cc1,0,18,0.6899824738502502,0.31001752614974976
Plain-GCN,5,238,O=C(NC(=S)NNC(=O)c1ccccc1[N+](=O)[O-])c1ccc(Br)cc1,0,25,0.6522396802902222,0.34776031970977783
Plain-GCN,5,239,CCn1c(SCC(=O)NC2=NCCS2)nnc1C(C)NC(=O)c1ccccc1F,0,29,0.6471503376960754,0.35284966230392456
Plain-GCN,5,240,COc1cc(C(=O)N2CC3CCC2[C@@H]3N)cc2nc(-c3cc4ccc(-c5cnc(NC(C)=O)cc5Cl)nc4n3CC3CC3)n(C)c12,1,46,0.4767815172672272,0.5232184827327728
Plain-GCN,5,241,COc1cc(C(=O)N2C[C@H](N)C[C@@H](F)C2)cc2nc(-c3cc4ccc(C5=CC(C(F)(F)F)=CC6=NC(=O)NC56)nc4n3CC3CC3)n(C)c12,1,49,0.4659506380558014,0.5340493619441986
Plain-GCN,5,242,CCCc1cc2c(=O)c(-c3ccccn3)c(C)oc2cc1O,0,22,0.5282790660858154,0.47172093391418457
Plain-GCN,5,243,O=C(NCc1csc(-c2cccs2)n1)C1CCC1,0,18,0.5727105140686035,0.4272894859313965
Plain-GCN,5,244,Cc1cc(/C=C(\C#N)c2nnc(N3CCOCC3)n2-c2ccccc2)c(C)n1-c1ccccc1,0,34,0.5503185391426086,0.44968146085739136
Plain-GCN,5,245,COC1=CC(=O)c2ccccc2C1=O,0,14,0.5136494636535645,0.48635053634643555
Plain-GCN,5,246,COC(=O)c1ccc(NC(=O)CSc2nc3cccnc3n2C)cc1,0,25,0.6382565498352051,0.3617434501647949
Plain-GCN,5,247,COC(=O)CNC(=O)COc1ccc(-c2ccc3cc(-c4nc5cc(C(=O)N6CC7CCC6[C@@H]7N)cc(OC)c5n4C)n(CC4CC4)c3n2)cc1,1,51,0.4275026321411133,0.5724973678588867
Plain-GCN,5,248,O=C1CCN2C=Nc3cccc4ccc1c2c34,0,17,0.518703043460846,0.48129695653915405
Plain-GCN,5,249,O=C(O)CCSc1ccc([N+](=O)[O-])cc1[N+](=O)[O-],0,18,0.720255434513092,0.27974456548690796
Plain-GCN,5,250,COc1cc(C(=O)N2C[C@H](N)C[C@@H](F)C2)cc2nc(-c3cc4ccc(-c5ccc(N6CCCC6=O)cc5)nc4n3CC3CC3)n(C)c12,1,47,0.4932880401611328,0.5067119598388672
Plain-GCN,5,251,Cc1cc(OCC(=O)N2CCOCC2)ccc1NC(=O)c1ccccc1C,0,27,0.6160477995872498,0.38395220041275024
Plain-GCN,5,252,CCc1c(O)nc(SCc2nc3ccccc3c(=O)[nH]2)[nH]c1=O,0,23,0.6922330260276794,0.30776697397232056
Plain-GCN,5,253,COC(=O)C1=C(N)Oc2cc(N(C)C)ccc2C1c1ccccc1OC,0,26,0.5228689312934875,0.47713106870651245
Plain-GCN,5,254,Cc1ccc(C2CC(=O)Oc3cc(O)ccc32)cc1,0,19,0.6622068881988525,0.33779311180114746
Plain-GCN,5,255,Cc1ccc(C)c(-n2nnnc2SCC(=O)Nc2cccc(-c3nnc4n3CCCCC4)c2)c1,0,34,0.5073252320289612,0.4926747679710388
Plain-GCN,5,256,Cc1csc(CNc2ncnc3ccc(-c4ccc5c(c4)OCO5)cc23)c1,0,27,0.5360907316207886,0.4639092683792114
Plain-GCN,5,257,COc1cc(C(=O)N2C[C@H](N)C[C@@H](F)C2)cc2nc(-c3cc4ccc(-c5cnc(C#N)nc5)nc4n3CC3CC3)n(C)c12,1,43,0.5577345490455627,0.44226545095443726
Plain-GCN,5,258,COC(=O)C(Cc1csc2ccc(Cl)cc12)NC(=O)c1ccc(Cl)cc1,0,26,0.5943814516067505,0.4056185483932495
Plain-GCN,5,259,CCN1C(=NCc2ccco2)N[C@@H](c2cccc(F)c2)C(C(=O)OC)=C1C,0,27,0.46133577823638916,0.5386642217636108
Plain-GCN,5,260,CC1(C)CC(=O)c2c(O)cc(OCC(=O)Nc3ccc(S(N)(=O)=O)cc3)cc2O1,0,29,0.4792359471321106,0.5207640528678894
Plain-GCN,5,261,Cc1c(C(c2cccs2)c2c(C)n(C)n(-c3ccccc3)c2=O)c(=O)n(-c2ccccc2)n1C,0,34,0.6552654504776001,0.3447345495223999
Plain-GCN,5,262,Cn1c(-n2nccc2-c2ccccc2)nc2cc(C(=O)N3CCC[C@@H](N)C3)ccc21,0,30,0.4282514154911041,0.5717485845088959
Plain-GCN,5,263,Cc1ccc(C(C)NC(=O)Cc2cccs2)cc1C,0,19,0.6765289902687073,0.3234710097312927
Plain-GCN,5,264,COc1ccccc1CCC(=O)Nc1cc(S(=O)(=O)N2CCCCC2)ccc1N1CCN(C)CC1,0,35,0.5147215127944946,0.48527848720550537
Plain-GCN,5,265,CC(C)CN1Cc2ccccc2Oc2cc(Br)ccc2S1(=O)=O,0,23,0.5719463229179382,0.42805367708206177
Plain-GCN,5,266,CCN(CC)S(=O)(=O)c1cc(C(=O)Oc2cccc(-c3cnc4ccccc4n3)c2)ccc1OC,0,35,0.5617097616195679,0.43829023838043213
Plain-GCN,5,267,CCOc1ccc(C(=O)N/N=C/c2cccc3cccnc23)cc1,0,24,0.5882618427276611,0.41173815727233887
Plain-GCN,5,268,CC1(c2nnc(-c3cccc(Cl)c3)o2)CC(c2ccc(C#N)cc2)=NO1,0,26,0.5931839942932129,0.4068160057067871
Plain-GCN,5,269,O=C(NC(=S)N(Cc1ccccc1)c1ccccn1)C1CC1,0,22,0.5903723239898682,0.40962767601013184
Plain-GCN,5,270,O=C(Nc1ccc(S(=O)(=O)Nc2nccs2)cc1)C1CC(=O)N(c2ccc(Cl)cc2)C1,0,31,0.6460447907447815,0.3539552092552185
Plain-GCN,5,271,CCCCN(Cc1ccco1)C(=O)Cn1ncc2c(=O)oc3ccc(C)cc3c21,0,29,0.5725874900817871,0.4274125099182129
Plain-GCN,5,272,COc1cc(C(=O)N2C[C@H](N)C[C@@H](F)C2)cc2nc(-c3cc4ccc(-c5ccc(C(N)=O)nc5C)nc4n3CC3CC3)n(C)c12,1,45,0.49250632524490356,0.5074936747550964
Plain-GCN,5,273,Cc1sc2nc(SCc3nc(-c4cccs4)no3)n(-c3ccccc3)c(=O)c2c1C,0,30,0.6638323664665222,0.3361676335334778
Plain-GCN,5,274,COC(=O)C1=C(C(=O)OC)C(c2ccc(OC)c(OC)c2)c2sc(=O)[nH]c2S1,0,28,0.5553680062294006,0.44463199377059937
Plain-GCN,5,275,COc1cc(C(=O)N2C[C@H](N)C[C@@H](F)C2)cc2nc(-c3cc4ccc(-c5cccc(O)c5Cl)nc4n3CC3CC3)n(C)c12,1,43,0.5048705339431763,0.49512946605682373
Plain-GCN,5,276,Cc1c(-c2cc3cccc(Cl)c3n2Cc2ccc(F)cc2)nc2cc(C(=O)N3CCC[C@@H](N)C3)ccn12,1,37,0.37703031301498413,0.6229696869850159
Plain-GCN,5,277,CCOc1c(Br)cc(CNc2ccc(N3CCOCC3)cc2)cc1OC,0,26,0.569621205329895,0.430378794670105
Plain-GCN,5,278,CC(C)(C)OC(=O)NCCC(=O)N/N=C/c1cccc2nccnc12,0,25,0.4451667368412018,0.5548332631587982
Plain-GCN,5,279,CC(CNC(=O)C1CCCCC1C(=O)O)c1ccccc1,0,21,0.5040107369422913,0.49598926305770874
Plain-GCN,5,280,COC(=O)c1cc(C(=O)OCC(=O)NCc2cccs2)cc([N+](=O)[O-])c1,0,26,0.613882839679718,0.386117160320282
Plain-GCN,5,281,CCCCCCCCCCCCN1[C@@H](CC(=O)O)c2cc(C(F)(F)F)ccc2S1(=O)=O,0,31,0.5011209845542908,0.49887901544570923
Plain-GCN,5,282,CCOC(=O)N1CCN(C(=O)c2c(-c3ccccc3)noc2C)CC1,0,25,0.5862222909927368,0.4137777090072632
Plain-GCN,5,283,CCn1c(N)[n+](CC(=O)Nc2ccc(SC(F)F)cc2)c2ccccc21.[Cl-],0,27,0.5041822195053101,0.49581778049468994
Plain-GCN,5,284,CC1=CC(=O)C2=C(C)CC[C@@H]3[C@H](OC(=O)[C@H]3C)[C@@H]12,0,18,0.7524551749229431,0.24754482507705688
Plain-GCN,5,285,CC(C)CCOc1cccc(OCC(=O)NC2CCS(=O)(=O)C2)c1,0,24,0.4743393659591675,0.5256606340408325
Plain-GCN,5,286,NNC(=O)c1ccc(N2CCc3ccccc32)c([N+](=O)[O-])c1,0,22,0.5335917472839355,0.46640825271606445
Plain-GCN,5,287,COc1cc(C(=O)N2CC3CCC2[C@@H]3N)cc2nc(-c3cc4ccc(C5CNNC5OC)nc4n3CC3CC3)n(C)c12,1,42,0.6018853187561035,0.3981146812438965
Plain-GCN,5,288,CCOc1ccc(N2C(=O)/C(=C/c3cc(OC)c(OC)c(OC)c3)N(CC(=O)OC)C2=S)cc1,0,34,0.5424855947494507,0.4575144052505493
Plain-GCN,5,289,CN(C)S(=O)(=O)c1cc(NC(=O)CN2CCN(c3ccccc3O)CC2)ccc1Cl,0,30,0.5456376671791077,0.45436233282089233
Plain-GCN,5,290,CNC(=O)NC1CCCCc2sccc21,0,15,0.48605623841285706,0.5139437615871429
Plain-GCN,5,291,CC1(OC(=O)C2CCCC2)C(=O)C=C2C=C(c3ccsc3)N(CC3CC3)C=C2C1=O,0,30,0.4590878486633301,0.5409121513366699
Plain-GCN,5,292,COc1ccc(Oc2nnnn2-c2ccccc2)cc1,0,20,0.7114256620407104,0.28857433795928955
Plain-GCN,5,293,COc1cc(C(=O)N2CC3CCC2[C@@H]3N)cc2nc(-c3cc4ccc(-c5cnn(C)c5-c5ccc(F)cc5)nc4n3CC3CC3)n(C)c12,1,48,0.5090654492378235,0.4909345507621765
Plain-GCN,5,294,CC(C)OCCCNC(=O)C1CC(=O)N(C2CCCCCCC2)C1,0,24,0.5089801549911499,0.4910198450088501
Plain-GCN,5,295,COc1ccc(-n2c(C)n[nH]c2=O)cc1OC,0,17,0.6414076685905457,0.35859233140945435
Plain-GCN,5,296,COc1cc(C(=O)N2CC3CCC2[C@@H]3N)cc2nc(-c3cc4ccc(C5CNC(=O)NC5=O)nc4n3CC3CC3)n(C)c12,1,43,0.574397623538971,0.42560237646102905
Plain-GCN,5,297,Cc1ccc(CC(CC(=O)NCCc2ccc3c(c2)OCO3)C(=O)O)cc1,0,27,0.6245906352996826,0.3754093647003174
Plain-GCN,5,298,O=C(CSc1nnc(CNc2ccc(Cl)cc2)n1Cc1ccccc1)NCc1ccco1,0,32,0.6768999099731445,0.32310009002685547
Plain-GCN,5,299,Cc1ccc(S(=O)(=O)NNC(=O)C(=O)NNc2ccccn2)cc1,0,24,0.6264604330062866,0.3735395669937134
Plain-GCN,5,300,CCOC(=O)c1[nH]c2ccc(F)cc2c1NC(=O)c1cc(OC)c(OC)c(OC)c1,0,30,0.566628634929657,0.433371365070343
Plain-GCN,5,301,COc1cc(C(=O)N2CC3CCC2C3)cc2nc(-c3cc4ccc(N(C)C)cc4n3CC3CC3)n(C)c12,1,37,0.45298057794570923,0.5470194220542908
Plain-GCN,5,302,CCOc1ccc2nc(N/C(N)=N/C(=S)Nc3ccc(C)c(C)c3)nc(C)c2c1,0,29,0.5910402536392212,0.4089597463607788
Plain-GCN,5,303,CCOc1cc(/C=C\c2[nH]c(=O)[nH]c(=O)c2[N+](=O)[O-])ccc1OC(C)CC,0,27,0.6090682744979858,0.39093172550201416
Plain-GCN,5,304,Cc1nc(SCC(=O)N(C)C2(C#N)CCCCC2)c2ccccc2n1,0,25,0.5269178152084351,0.47308218479156494
Plain-GCN,5,305,Cc1noc(C(F)(F)F)c1C(=O)NNC(=O)c1ccccc1,0,22,0.5672283172607422,0.4327716827392578
Plain-GCN,5,306,COc1cc(C(=O)N2C[C@H](N)C[C@@H](F)C2)cc2nc(-c3cc4ccc(-c5ccc(C(N)=O)cc5Cl)nc4n3CC3CC3)n(C)c12,1,45,0.48588472604751587,0.5141152739524841
Plain-GCN,5,307,COC(=O)c1cc(-c2ccc3cc(-c4nc5cc(C(=O)N6CC7CCC6[C@@H]7N)cc(OC)c5n4C)n(CC4CC4)c3n2)n(C)n1,1,45,0.489825576543808,0.510174423456192
Plain-GCN,5,308,Cc1cc2cc(CNC(=O)c3cccs3)ccc2n1C,0,20,0.5019236207008362,0.4980763792991638
Plain-GCN,5,309,C=CCSc1nnc(CNC(=O)c2ccc(Cl)cc2)n1CC,0,22,0.6690381765365601,0.33096182346343994
Plain-GCN,5,310,O=C(NC1CCCC1)NS(=O)(=O)c1ccccc1Cl,0,19,0.4343757927417755,0.5656242072582245
Plain-GCN,5,311,CC(=O)Nc1ccc2c(c1)CCCC2,0,14,0.5812029838562012,0.41879701614379883
Plain-GCN,5,312,Cc1ccc2c(CN3CCOCC3)cc(=O)oc2c1C,0,20,0.5109053254127502,0.48909467458724976
Plain-GCN,5,313,CC(=O)NCCNC(=O)CCNC(=O)c1ccc(Cl)cc1,0,21,0.6059883236885071,0.3940116763114929
Plain-GCN,5,314,COc1cc(C(=O)N2CC3CCC2[C@@H]3N)cc2nc(-c3cc4ccc(C5=CC=CC6=NC(=O)C=CC56)nc4n3CC3CC3)n(C)c12,1,46,0.5975252985954285,0.40247470140457153
Plain-GCN,5,315,Cn1ccnc1C(=O)c1ccccc1Cl,0,15,0.6818454265594482,0.31815457344055176
Plain-GCN,5,316,COc1ccc(-c2cc(=O)[nH][nH]2)cc1,0,14,0.7702910900115967,0.22970890998840332
Plain-GCN,5,317,O=C(C1=C[C@@H](c2ccc(C(F)(F)F)cc2)C[C@@H](OCc2ccc(CO)cc2)O1)N1CCN(Cc2ccc3c(c2)OCO3)CC1,0,44,0.5509558916091919,0.4490441083908081
Plain-GCN,5,318,COc1cc(/C=N/Nc2ccccc2[N+](=O)[O-])ccc1OC(=O)c1ccccc1F,0,30,0.6632637977600098,0.33673620223999023
Plain-GCN,5,319,Cc1ccccc1Cn1ccc(NC(=O)c2onc(C)c2Cl)n1,0,23,0.6599947214126587,0.3400052785873413
Plain-GCN,5,320,CCOc1ccc(N(C(=O)c2cnsn2)C(C(=O)NC2CCCCC2)c2ccncc2)cc1,0,33,0.5302855372428894,0.4697144627571106
Plain-GCN,5,321,COc1ccc(-c2nn(-c3ccccc3)cc2C(=O)NC(=S)NNC(=O)c2ccncc2)cc1,0,34,0.6272828578948975,0.37271714210510254
Plain-GCN,5,322,COc1cc(C(=O)N2CC3CCC2[C@@H]3N)cc2nc(-c3cc4ccc(-c5cnc(C#N)cc5C)nc4n3CC3CC3)n(C)c12,1,44,0.5247891545295715,0.47521084547042847
Plain-GCN,5,323,COc1cc([N+](=O)[O-])c(OC)cc1SCc1n[nH]c(=S)n1-c1ccc(F)cc1,0,28,0.6268802285194397,0.3731197714805603
Plain-GCN,5,324,Cc1sc2ncn(CC(=O)NCC(=O)N3CCN(c4ccccc4F)CC3)c(=O)c2c1C,0,32,0.5694594383239746,0.4305405616760254
Plain-GCN,5,325,CCCC[n+]1c(C)sc2cc(OC)ccc21.[I-],0,17,0.5415145754814148,0.4584854245185852
Plain-GCN,5,326,COc1cc(C(=O)N2CC3CCC2[C@@H]3N)cc2nc(-c3cc4ccc(N5CCC(O)(c6ccccc6)C5)nc4n3CC3CC3)n(C)c12,1,47,0.45280158519744873,0.5471984148025513
Plain-GCN,5,327,COc1cc(C(=O)N2CC3CCC2[C@@H]3N)cc2nc(-c3cc4ccc(-c5ccc6c(c5)CCNC6=O)nc4n3CC3CC3)n(C)c12,1,46,0.5700376629829407,0.4299623370170593
Plain-GCN,5,328,NS(=O)(=O)c1cc(C(=O)NNC(=O)c2ccc3c(c2)OCO3)ccc1Cl,0,26,0.6115326285362244,0.38846737146377563
Plain-GCN,5,329,Fc1ccc(OCc2nnc(-c3ccccc3Br)o2)c(Cl)c1,0,22,0.6801627278327942,0.3198372721672058
Plain-GCN,5,330,COc1cc(C(=O)N2C[C@H](N)C[C@@H](F)C2)cc2nc(-c3cc4ccc(-c5cnc6c(c5)C(=O)NC6)nc4n3CC3CC3)n(C)c12,1,45,0.5518410801887512,0.4481589198112488
Plain-GCN,5,331,COc1cc(C(=O)N2C[C@H](N)C[C@@H](F)C2)cc2nc(-c3cc4ccc(-c5ccc(N6CCC(O)C6=O)c(C)n5)nc4n3CC3CC3)n(C)c12,1,49,0.44423794746398926,0.5557620525360107
Plain-GCN,5,332,CCc1ccc(S(=O)(=O)Nc2ccc(O)c3ccccc23)cc1,0,23,0.6537087559700012,0.3462912440299988
Plain-GCN,5,333,COC(=O)c1sc2ccccc2c1NC(=O)c1ccc(S(=O)(=O)N2CC(C)CC(C)C2)cc1,0,33,0.46897774934768677,0.5310222506523132
Plain-GCN,5,334,CCCS(=O)(=O)c1csc(C(=O)OC)c1N,0,16,0.5421898365020752,0.4578101634979248
Plain-GCN,5,335,O=c1[nH]c(Nc2ccccn2)cc2ccccc12,0,18,0.7320815324783325,0.2679184675216675
Plain-GCN,5,336,CS(=O)(=O)N(CC(=O)N1CCOCC1)Cc1ccc(Cl)cc1,0,22,0.5861614346504211,0.41383856534957886
Plain-GCN,5,337,COc1ccc(OCC(=O)Nc2ccccc2C(=O)Nc2ccc(C(=O)O)cc2)cc1,0,31,0.7008160352706909,0.2991839647293091
Plain-GCN,5,338,COc1cc(C(=O)N2CC3CCC2[C@@H]3N)cc2nc(-c3cc4ccc(-c5cn[nH]c5C)cc4n3CC3CC3)n(C)c12,1,41,0.5528839230537415,0.44711607694625854
Plain-GCN,5,339,Cc1ccccc1OC(C)C(=O)NCCC1=CCCCC1,0,21,0.4872972369194031,0.5127027630805969
Plain-GCN,5,340,CCOc1ccc(N(CC(=O)N/N=C/c2cc([N+](=O)[O-])ccc2Cl)S(C)(=O)=O)cc1,0,30,0.5928958058357239,0.4071041941642761
Plain-GCN,5,341,COc1cc(C(=O)N2CC3CCC2[C@@H]3N)cc2nc(-c3cc4ccc(-c5ccc(S(C)(=O)=O)nc5)nc4n3CC3CC3)n(C)c12,1,45,0.516156017780304,0.48384398221969604
Plain-GCN,5,342,O=C1CN(S(=O)(=O)c2cc(C(=O)O)ccc2Cl)c2ccccc2N1,0,24,0.6041768789291382,0.3958231210708618
Plain-GCN,5,343,CC(=O)c1ccc(OCc2cc(C(=O)NCCN3CCCC(O)C3)no2)cc1,0,28,0.5207651257514954,0.47923487424850464
Plain-GCN,5,344,CSC1=NC(C)(C)CC2(C)Nc3ccccc3N12,0,18,0.5220620632171631,0.4779379367828369
Plain-GCN,5,345,S=c1[nH]nc(-c2c[nH]c3ccccc23)o1,0,15,0.763924777507782,0.23607522249221802
Plain-GCN,5,346,CC(C)c1nc(SCC(=O)N2CC(=O)Nc3ccccc32)c2ccccc2n1,0,28,0.6634387969970703,0.3365612030029297
Plain-GCN,5,347,COc1cc(C(=O)N2CC3CCC2[C@@H]3N)cc2nc(-c3cc4ccc(N5CCC(S(C)(=O)=O)CC5)cc4n3CC3CC3)n(C)c12,1,45,0.5140740871429443,0.48592591285705566
Plain-GCN,5,348,COc1cc(C(=O)N2C[C@H](N)C[C@@H](F)C2)cc2nc(-c3cc4ccc(CCN5CCOC5=O)nc4n3CC3CC3)n(C)c12,1,43,0.4921591877937317,0.5078408122062683
Plain-GCN,5,349,Cc1cccc(-c2nc3ccccc3c(=O)n2NC(=O)c2ccc([N+](=O)[O-])c(C)c2)c1,0,31,0.6319838762283325,0.3680161237716675
Plain-GCN,5,350,CN(C)C(CNC(=O)C1CCN(S(=O)(=O)c2cccc(Cl)c2Cl)CC1)c1ccccc1,0,31,0.4963642954826355,0.5036357045173645
Plain-GCN,5,351,Cn1sc(=O)c2cc(S(=O)(=O)NC3CC3)ccc21,0,18,0.45009106397628784,0.5499089360237122
Plain-GCN,5,352,CCCc1c(C(=O)N/N=C/c2ccc(OC)c(OCc3ccccc3)c2)nnn1-c1nonc1N,0,35,0.5162724256515503,0.4837275743484497
Plain-GCN,5,353,CCNC(=O)c1c(NC(=O)C2COc3ccccc3O2)sc2c1CCCC2,0,27,0.5844578742980957,0.4155421257019043
Plain-GCN,5,354,COc1cc2nc(N(CCCN(C)C)C(=O)c3ccc(S(=O)(=O)N4CCc5ccccc54)cc3)sc2cc1OC.Cl,0,41,0.5087886452674866,0.4912113547325134
Plain-GCN,5,355,COc1cc(C(=O)N2CC3CCC2[C@@H]3N)cc2nc(-c3cc4ccc(-c5ccc6nnnn6c5)nc4n3CC3CC3)n(C)c12,1,44,0.526761531829834,0.473238468170166
Plain-GCN,5,356,CNC(=O)n1ccc(C(=O)N2CCCCC2)n1,0,17,0.5776640772819519,0.4223359227180481
Plain-GCN,5,357,CC(NC(=O)c1ccccc1)C(=O)OCC(=O)c1ccc(Br)cc1,0,24,0.645808756351471,0.35419124364852905
Plain-GCN,5,358,CCOC(=O)c1ccc(NC(=O)CSc2nc3cccnc3n2C)cc1,0,26,0.6723198294639587,0.32768017053604126
Plain-GCN,5,359,O=C(COc1ccc(S(=O)(=O)N2CCCC2)cc1)NCc1cccnc1,0,26,0.5520616769790649,0.44793832302093506
Plain-GCN,5,360,COC(=O)C1=C(C(=O)OC)SC2(S1)C(C(=O)OC)=C(C(=O)OC)SC1=C2c2cc(C)cc(C)c2NC1(C)C,0,38,0.6035323143005371,0.3964676856994629
Plain-GCN,5,361,COC(=O)c1cn(C(=O)c2cc(OC)cc(OC)c2)c2ccccc12,0,25,0.5123528838157654,0.4876471161842346
Plain-GCN,5,362,COc1ccc(Cn2c(-c3nc4cc(C(=O)N5CCC[C@@H](N)C5)ccn4c3C)cc3ccccc32)nc1,1,37,0.38222625851631165,0.6177737414836884
Plain-GCN,5,363,COc1ccc(/C=N/n2c(=O)c(C(C)(C)C)nn3cnnc23)cc1,0,24,0.6254556775093079,0.37454432249069214
Plain-GCN,5,364,COc1cccc2cc(C(=O)NC3CC(C)(C)NC(C)(C)C3)c(=O)oc12,0,26,0.4951069951057434,0.5048930048942566
Plain-GCN,5,365,COc1ccc(C(=O)NCCc2ccc(C(F)(F)F)cc2)cc1S(=O)(=O)N1CCOCC1,0,32,0.46934086084365845,0.5306591391563416
Plain-GCN,5,366,O=C(O)CN1C(=O)/C(=C\c2ccccc2OCc2ccc(Cl)cc2Cl)SC1=S,0,28,0.6346989870071411,0.3653010129928589
Plain-GCN,5,367,Cc1cc(C)cc(-n2ccnc2SCC(=O)Nc2cccc(S(=O)(=O)NC3=NCCC3)c2)c1,0,33,0.5015930533409119,0.49840694665908813
Plain-GCN,5,368,O=C(NNC(=O)c1cccc(C(F)(F)F)c1)c1ccc(-n2cnnn2)cc1,0,27,0.5691429376602173,0.4308570623397827
Plain-GCN,5,369,Cc1c(-c2cc3ccccc3n2CC2CC2)nc2cc(C(=O)N3CCC4OCCNC4C3)ccn12,1,35,0.4167720675468445,0.5832279324531555
Plain-GCN,5,370,COc1cc(C(=O)N2CC3CCC2[C@@H]3N)cc2nc(-c3cc4ccc(-c5nnnn5C)nc4n3CC3CC3)n(C)c12,1,41,0.5336485505104065,0.4663514494895935
Plain-GCN,5,371,Cc1sc2nc(-c3ccco3)oc(=O)c2c1C,0,17,0.6701006293296814,0.3298993706703186
Plain-GCN,5,372,Cc1cc(C(C#N)c2ccccc2)n2ncnc2n1,0,19,0.5490571856498718,0.4509428143501282
Plain-GCN,5,373,O=C(C1CCCO1)N1CCN(S(=O)(=O)c2ccc(Cl)cc2)CC1,0,23,0.5886082649230957,0.4113917350769043
Plain-GCN,5,374,Cn1c(-c2cncn2CC2CC2)nc2cc(C(=O)N3CCC[C@@H](N)C3)ccc21,0,28,0.3618326485157013,0.6381673514842987
Plain-GCN,5,375,COc1cc(C(=O)N2CC3CCC2[C@@H]3N)cc2nc(-c3cc4ccc(-c5ccnc(F)c5C)nc4n3CC3CC3)n(C)c12,1,43,0.5288915634155273,0.47110843658447266
Plain-GCN,5,376,O=C(Oc1cccc([N+](=O)[O-])c1)c1ccc2c(=O)n3c(nc2c1)CCC3,0,26,0.5694167017936707,0.43058329820632935
Plain-GCN,5,377,COCCn1nnnc1SCC(=O)N1CCCCC1,0,19,0.621604859828949,0.378395140171051
Plain-GCN,5,378,Cc1ccc([N+](=O)[O-])c(C(=O)N/N=C/c2cccnc2)c1,0,21,0.5275518894195557,0.47244811058044434
Plain-GCN,5,379,c1ccc2c(CNC3CCCCC3)c[nH]c2c1,0,17,0.45247212052345276,0.5475278794765472
Plain-GCN,5,380,COC(=O)c1ccc(-c2ncc[nH]2)cc1,0,15,0.6031298041343689,0.3968701958656311
Plain-GCN,5,381,O=S(=O)(/C=C/c1ccccc1)N1CCN(Cc2ccc3c(c2)OCO3)CC1,0,27,0.5125161409378052,0.4874838590621948
Plain-GCN,5,382,COc1ccc(Cl)cc1NC(=O)c1[nH]c(C)c(C(C)=O)c1C,0,22,0.6392310857772827,0.3607689142227173
Plain-GCN,5,383,COc1cccc(NC(=O)Nc2cccs2)c1,0,17,0.7153095602989197,0.2846904397010803
Plain-GCN,5,384,Cn1cnc([N+](=O)[O-])c1Sc1ccc(C(C)(C)C)cc1,0,20,0.6973584890365601,0.30264151096343994
Plain-GCN,5,385,CC(=O)Nc1c(O)nc(SCC(=O)Nc2sc3c(c2C#N)CCCCCC3)[nH]c1=O,0,30,0.5702183246612549,0.4297816753387451
Plain-GCN,5,386,COc1cc(C(=O)N2C[C@H](N)C[C@@H](F)C2)cc2nc(-c3cc4ccc(-c5cccc(F)c5C(=O)O)nc4n3CC3CC3)n(C)c12,1,45,0.4837009012699127,0.5162990987300873
Plain-GCN,5,387,COc1cc(C(=O)N2CC3CCC2[C@@H]3N)cc2nc(-c3cc4ccc(-c5cc(O)ccc5Cl)nc4n3CC3CC3)n(C)c12,1,43,0.5130497813224792,0.48695021867752075
Plain-GCN,5,388,CC(=O)Nc1ccc(NC(=O)C(C)OC(=O)CC2CCCCC2)cc1,0,25,0.530875027179718,0.469124972820282
Plain-GCN,5,389,N#Cc1ccc(N2Cc3ccccc3C2=NC(=O)c2cccs2)cc1,0,25,0.6151694059371948,0.3848305940628052
Plain-GCN,5,390,COc1cc(C(=O)N2CC3CCC2[C@@H]3N)cc2nc(-c3cc4ccc(-c5ccc(Cl)c(C(N)=O)c5)nc4n3CC3CC3)n(C)c12,1,45,0.5074099898338318,0.4925900101661682
Plain-GCN,5,391,Cc1[nH]n2c(=O)c3c(nc2c1-c1ccccc1)CCCC3,0,21,0.5851718783378601,0.4148281216621399
Plain-GCN,5,392,COc1ccc(N(C(=O)c2cccnc2)S(=O)(=O)c2cccc([N+](=O)[O-])c2)cc1,0,29,0.6088208556175232,0.3911791443824768
Plain-GCN,5,393,Cc1ccc(S(=O)(=O)NCCC(=O)Nc2ccc(S(=O)(=O)NC(C)C)cc2)cc1,0,29,0.5269595384597778,0.47304046154022217
Plain-GCN,5,394,O=S(=O)(c1ccc2ccccc2c1)N1CCN(S(=O)(=O)N2CCCCC2)CC1,0,28,0.5197504162788391,0.4802495837211609
Plain-GCN,5,395,O=c1cc(-c2ccc(Cl)cc2)[nH][nH]1,0,13,0.812594473361969,0.187405526638031
Plain-GCN,5,396,Cc1sc2ccccc2[n+]1CC(=O)O.[Br-],0,15,0.6491984128952026,0.35080158710479736
Plain-GCN,5,397,Cc1ccc(N(C(=O)c2cccs2)C2C=CS(=O)(=O)C2)cc1,0,22,0.5223346948623657,0.4776653051376343
Plain-GCN,5,398,CC(C)c1ccc(NC2CCCN(C(=O)CCN3CCOCC3)C2)cc1,0,26,0.515868604183197,0.484131395816803
Plain-GCN,5,399,COC1CCCN(C(=O)c2cccc(OC3CCN(S(=O)(=O)N(C)C)CC3)c2)C1,0,29,0.5144168138504028,0.48558318614959717
Plain-GCN,5,400,COc1cc(C(=O)N2C[C@H](N)C[C@@H](F)C2)cc2nc(-c3cc4ccc(-c5ccc(OCC(N)=O)cc5)nc4n3CC3CC3)n(C)c12,1,46,0.478956013917923,0.521043986082077
Plain-GCN,5,401,COc1ccc(CCNS(=O)(=O)c2cccc(C(=O)O)c2)cc1OC,0,25,0.5776344537734985,0.42236554622650146
Plain-GCN,5,402,COc1cc(C(=O)N2CC3CCC2[C@@H]3N)cc2nc(-c3cc4ccc(-c5cc(F)c6c(c5)CCC(=O)N6)cc4n3CC3CC3)n(C)c12,1,47,0.5979348421096802,0.4020651578903198
Plain-GCN,5,403,COc1cc(OC)cc(C2C(C#N)=C(N)Oc3n[nH]c(-c4cccnc4)c32)c1,0,28,0.5160355567932129,0.4839644432067871
Plain-GCN,5,404,Cc1sc2ccccc2[n+]1CCC(C)S(=O)(=O)[O-],0,18,0.4967300295829773,0.5032699704170227
Plain-GCN,5,405,Cc1cccc2sc(N(CCCN(C)C)C(=O)c3ccc4ncsc4c3)nc12,0,28,0.5976824760437012,0.40231752395629883
Plain-GCN,5,406,CN(C)CCCn1c(SCC(=O)N2c3ccccc3Sc3ccccc32)nc2ccccc2c1=O,0,35,0.6394666433334351,0.36053335666656494
Plain-GCN,5,407,C[C@H](CO)N1C[C@H](C)[C@@H](CN(C)Cc2ccc(C(=O)O)cc2)Oc2ccc(NS(=O)(=O)c3cn(C)cn3)cc2C1=O,0,41,0.5309683680534363,0.4690316319465637
Plain-GCN,5,408,O=C(Cc1cc(=O)[nH][nH]1)N/N=C/c1cccc(Cl)c1Cl,0,20,0.6553274989128113,0.3446725010871887
Plain-GCN,5,409,CN1CCc2c(sc3nc(SCC(N)=O)n(-c4ccccc4)c(=O)c23)C1,0,26,0.5609918832778931,0.43900811672210693
Plain-GCN,5,410,COc1ccc(OC)c(S(=O)(=O)Nc2ccccc2C(=O)O)c1,0,23,0.6102677583694458,0.3897322416305542
Plain-GCN,5,411,CCc1ccccc1N(CC)C(=O)c1cn(C)c(=O)c2cc(OC)c(OC)cc12,0,29,0.5506290793418884,0.4493709206581116
Plain-GCN,5,412,NC(=O)COC(=O)c1ccccc1Nc1ccc(SC(F)F)cc1,0,24,0.5727665424346924,0.4272334575653076
Plain-GCN,5,413,CCOC(=O)N1CCN(c2c(N3CCN(c4cccc(C(F)(F)F)c4)CC3)c(=O)c2=O)CC1,0,33,0.5742082595825195,0.42579174041748047
Plain-GCN,5,414,CCOC(=O)c1[nH]c(=O)c2ccccc2c1O,0,17,0.6926860213279724,0.3073139786720276
Plain-GCN,5,415,COc1cc(C(=O)N2CC3CCC2[C@@H]3N)cc2nc(-c3cc4ccc(-c5ccc(CS(C)(=O)=O)cc5F)nc4n3CC3CC3)n(C)c12,1,47,0.5611803531646729,0.43881964683532715
Plain-GCN,5,416,COc1ccc([N+](=O)[O-])cc1NC(=O)CCS(=O)(=O)c1ccc(Br)cc1,0,26,0.6198115348815918,0.3801884651184082
Plain-GCN,5,417,COc1cc(C(=O)N2[C@H]3CC[C@@H]2[C@H](N)C3)cc2nc(-c3cc4ccc([C@@H](C)NC(=O)N5CCO[C@@H](C)C5)nc4n3CC3CC3)c(C)n12,1,47,0.4117705523967743,0.5882294476032257
Plain-GCN,5,418,Cc1nn(Cc2c(F)c(F)c(F)c(F)c2F)c(C)c1NC(=O)c1c([N+](=O)[O-])c(C)nn1C,0,32,0.7067256569862366,0.2932743430137634
Plain-GCN,5,419,CCC(C)c1ccccc1NC(=O)CN1CCN(C/C=C/c2ccccc2)CC1,0,29,0.48072174191474915,0.5192782580852509
Plain-GCN,5,420,COc1cc(C(=O)N2C[C@H](N)C[C@@H](F)C2)cc2nc(-c3cc4ccc(-c5ccc6c(c5)CCC(=O)N6)nc4n3CC3CC3)n(C)c12,1,46,0.5493763089179993,0.45062369108200073
Plain-GCN,5,421,COc1cc(C(=O)N2C[C@H](N)C[C@@H](F)C2)cc2nc(-c3cc4ccc(-c5ccc(CS(C)(=O)=O)cc5)cc4n3CC3CC3)n(C)c12,1,46,0.49225908517837524,0.5077409148216248
Plain-GCN,5,422,COc1cc(C(=O)N2C[C@H](N)C[C@@H](F)C2)cc2nc(-c3cc4ccc(C5CCNC(=O)C5)nc4n3CC3CC3)n(C)c12,1,42,0.5848031044006348,0.41519689559936523
Plain-GCN,5,423,O=C1Nc2ccc(Br)cc2/C1=C/C(=O)c1ccc2c(c1)OCO2,0,23,0.6115932464599609,0.38840675354003906
Plain-GCN,5,424,COc1ccc(CCN(Cc2ccccn2)C(=S)Nc2ccccc2F)cc1OC,0,30,0.6540524959564209,0.3459475040435791
Plain-GCN,5,425,CCc1c(C)nc2c(C)cccc2c1SCCC#N,0,19,0.5104663372039795,0.4895336627960205
Plain-GCN,5,426,Cn1nc(C(F)(F)F)cc1-c1ccc(S(N)(=O)=O)s1,0,19,0.5294419527053833,0.4705580472946167
Plain-GCN,5,427,CC(=O)Nc1ccc(OC(=O)c2ccco2)cc1,0,18,0.7694987058639526,0.23050129413604736
Plain-GCN,5,428,Cc1cccc(NS(=O)(=O)c2ccc(OCC(=O)N3CCCC3)cc2)c1,0,26,0.5450061559677124,0.4549938440322876
Plain-GCN,5,429,Cc1ccc(C)c(OCCCC(C)(C)C(=O)O)c1,0,18,0.5243139266967773,0.47568607330322266
Plain-GCN,5,430,COC(=O)c1ccc(=O)c2nc3/c(=C/O)c(O)cc(=O)c3[nH]c12,0,23,0.5599506497383118,0.44004935026168823
Plain-GCN,5,431,O=C(NCc1ccccn1)c1ccc2nc(-c3ccco3)c(-c3ccco3)nc2c1,0,30,0.6765337586402893,0.3234662413597107
Plain-GCN,5,432,COc1cc(C(=O)N2CC3CCC2[C@@H]3N)cc2nc(-c3cc4ccc(-c5ccc(C(N)=O)cn5)nc4n3CC3CC3)n(C)c12,1,44,0.518685519695282,0.481314480304718
Plain-GCN,5,433,CC12CCC(C(=O)Nc3ccc(SC(F)F)cc3)(CC1=O)C2(C)C,0,24,0.5554463863372803,0.4445536136627197
Plain-GCN,5,434,O=C(Nc1ccc2ccccc2n1)C1CCCCC1,0,19,0.5377326607704163,0.46226733922958374
Plain-GCN,5,435,COc1cc(C(=O)N2CC3CCC2[C@@H]3N)cc2nc(-c3cc4ccc(-c5ccc(O)c(-c6ccno6)c5)nc4n3CC3CC3)n(C)c12,1,47,0.4828782081604004,0.5171217918395996
Plain-GCN,5,436,CCCOc1cccc(OCC(=O)Nc2nc3ccccc3[nH]2)c1,0,24,0.6686536073684692,0.33134639263153076
Plain-GCN,5,437,Cc1ccc(/C=N/n2c(-c3cccnc3)n[nH]c2=S)o1,0,20,0.681106686592102,0.31889331340789795
Plain-GCN,5,438,COc1cc(C(=O)N2C[C@H](N)C[C@@H](F)C2)cc2nc(-c3cc4ccc(-c5cnc6c(c5)OCC(=O)N6)cc4n3CC3CC3)n(C)c12,1,46,0.4980899691581726,0.5019100308418274
Plain-GCN,5,439,CCOC(=O)N1CCN(C(=O)c2cn(CC)c3cc(N4CCN(C)CC4)c(F)cc3c2=O)CC1.Cl,0,35,0.48946622014045715,0.5105337798595428
Plain-GCN,5,440,COc1cc(C(=O)N2C[C@H]3CC[C@@H]2[C@@H]3N)cc2nc(-c3ccc(F)nc3CC3CC3)n(C)c12,1,33,0.41852155327796936,0.5814784467220306
Plain-GCN,5,441,COc1cc(C(=O)N2CC3CCC2[C@@H]3N)cc2nc(-c3cc4ccc(-c5cccc(NS(C)(=O)=O)c5)nc4n3CC3CC3)n(C)c12,1,46,0.5070962309837341,0.49290376901626587
Plain-GCN,5,442,COc1cc(C2OC(=O)c3ccccc3S2)cc(OC)c1OC,0,23,0.6129886507987976,0.3870113492012024
Plain-GCN,5,443,O=C(c1cc(N2CCOCC2)c(F)cc1[N+](=O)[O-])N1CCOCC1,0,24,0.522338330745697,0.477661669254303
Plain-GCN,5,444,O=C(COC(=O)CCCc1c[nH]c2ccccc12)Nc1ccc2c(c1)OCO2,0,28,0.5947557091712952,0.40524429082870483
Plain-GCN,5,445,CC(C)c1ccccc1NC(=S)NC1CCN(Cc2ccccc2)CC1,0,26,0.5310729742050171,0.4689270257949829
Plain-GCN,5,446,CCOc1ccc2c(c1)-c1c(ssc1=S)C(C)(C)N2C(=O)CSC1=NCCS1,0,28,0.5795648694038391,0.4204351305961609
Plain-GCN,5,447,O=C(CSc1n[nH]c(-c2ccccc2)n1)N1CCCC1,0,20,0.6175662875175476,0.3824337124824524
Plain-GCN,5,448,O=C(NNC(=S)NC(=O)c1cn(-c2ccccc2)nc1-c1ccccc1)c1ccncc1,0,32,0.6527671217918396,0.3472328782081604
Plain-GCN,5,449,O=C(COC(=O)c1ccc(Br)o1)NCc1ccc(Cl)cc1,0,21,0.7429747581481934,0.25702524185180664
Plain-GCN,5,450,CCCOC(=S)NC(=O)c1sc2ccccc2c1Cl,0,19,0.6251192092895508,0.3748807907104492
Plain-GCN,5,451,CN(C(=O)COC(=O)c1cccc(S(=O)(=O)N2CCOCC2)c1)C1CCS(=O)(=O)C1,0,30,0.49241146445274353,0.5075885355472565
Plain-GCN,5,452,O=C(NCc1cccs1)c1ccc2c(c1)ncn2C1CCCC1,0,23,0.45749178528785706,0.5425082147121429
Plain-GCN,5,453,COc1cc2oc3ccccc3c(=O)c2cc1OC,0,19,0.6645378470420837,0.33546215295791626
Plain-GCN,5,454,O=C1c2ccccc2C(=O)N1CCCc1cn(C[C@H]2CC[C@@H]([C@@H]3CC[C@H](Cn4cc(CCCN5C(=O)c6ccccc6C5=O)nn4)O3)O2)nn1,0,50,0.5665501356124878,0.4334498643875122
Plain-GCN,5,455,N#C/C(=C\C=C\c1ccccc1)C(=O)NCc1cccnc1,0,22,0.49460071325302124,0.5053992867469788
Plain-GCN,5,456,COCCN(CCOC)C(=O)c1ccc(CSc2nc3ccccc3s2)cc1,0,28,0.6319798827171326,0.36802011728286743
Plain-GCN,5,457,C=CCN(Cc1ccc(Cl)s1)C(=O)c1cc(S(=O)(=O)N2CCOCC2)ccc1F,0,29,0.49687668681144714,0.5031233131885529
Plain-GCN,5,458,COc1cc(C(=O)N2C[C@H](N)C[C@@H](F)C2)cc2nc(-c3cc4ccc(-c5ccc(CC(N)=O)nc5)nc4n3CC3CC3)n(C)c12,1,45,0.5307190418243408,0.4692809581756592
Plain-GCN,5,459,COc1ccc(OC)c(N2Cc3cc(C)c(C)cc3C2)c1,0,21,0.6083697080612183,0.39163029193878174
Plain-GCN,5,460,COc1ccccc1-c1nnc(NC(=O)c2ccc3ncsc3c2)o1,0,25,0.6835628151893616,0.3164371848106384
Plain-GCN,5,461,O=C(C1CCCC1)N1CCC(CC2CC(c3ccc(Cl)cc3)=NO2)(C(=O)NCC2CCCCC2)CC1,0,36,0.45892247557640076,0.5410775244235992
Plain-GCN,5,462,C=CC(COCc1ccccc1)N(Cc1ccccc1)S(=O)(=O)c1ccccc1Br,0,30,0.5617973208427429,0.4382026791572571
Plain-GCN,5,463,CN(C)C(=O)c1ccc(NC(=O)c2cccc(S(=O)(=O)N3CCCc4ccccc43)c2)cc1,0,33,0.5364657640457153,0.46353423595428467
Plain-GCN,5,464,O=C1c2ccccc2-c2onc3c(N4CCN(CCO)CC4)cc(N4CCN(C(=O)c5ccco5)CC4)c1c23,0,39,0.5152015089988708,0.48479849100112915
Plain-GCN,5,465,COc1ccc(Cl)cc1C(=O)NNC(=O)c1cccs1,0,20,0.7156807780265808,0.2843192219734192
Plain-GCN,5,466,COC(=O)c1ccc(-c2ccc3cc(-c4nc5cc(C(=O)N6CC7CCC6[C@@H]7N)cc(OC)c5n4C)n(CC4CC4)c3n2)cc1O,1,46,0.4999210834503174,0.5000789165496826
Plain-GCN,5,467,Cc1nc(Cl)c2c(n1)NC1=C(O2)C(=O)CCC1,0,17,0.6409531831741333,0.3590468168258667
Plain-GCN,5,468,CC1Cc2ccccc2N1C(=O)CSc1nnc(CSc2ncccn2)n1C,0,28,0.6422627568244934,0.3577372431755066
Plain-GCN,5,469,CCCCn1c(=O)c(C(=O)Nc2ccccc2F)c(O)c2ccccc21,0,26,0.5460814833641052,0.4539185166358948
Plain-GCN,5,470,CCN(c1ccccc1)S(=O)(=O)c1ccc(Cl)c(C(=O)O)c1,0,22,0.5602714419364929,0.4397285580635071
Plain-GCN,5,471,COc1cc(C(=O)N2CC3CCC2[C@@H]3N)cc2nc(-c3cc4ccc(Nc5cccc(C(N)=O)c5)nc4n3CC3CC3)n(C)c12,1,45,0.47740983963012695,0.522590160369873
Plain-GCN,5,472,COc1cc(C(=O)N2C[C@H](N)CC[C@@H]2C)cc2nc(-c3cc4ccc(-c5ccc6c(c5)CC(=O)N6)nc4n3CC3CC3)n(C)c12,1,45,0.5068490505218506,0.4931509494781494
Plain-GCN,5,473,COc1cc(C(=O)N2CC3CCC2[C@@H]3N)cc2nc(-c3cc4ccc(-c5ccc(NC(C)=O)c(C(=O)O)c5)nc4n3CC3CC3)n(C)c12,1,48,0.47850456833839417,0.5214954316616058
Plain-GCN,5,474,O=C(N1CCOCC1)N1CCN(c2ccccc2F)CC1,0,21,0.6315194368362427,0.3684805631637573
Plain-GCN,5,475,CC1(OC(=O)c2ccc(Cl)nc2)C(=O)C=C2C=C(C3CC3)OC=C2C1=O,0,26,0.526163637638092,0.47383636236190796
Plain-GCN,5,476,CCCNC(=S)Nc1ccc(CC(=O)OC)cc1,0,18,0.6120703220367432,0.38792967796325684
Plain-GCN,5,477,COc1ccc(OC)c(NC(=S)NCc2cccs2)c1,0,20,0.7249404191970825,0.2750595808029175
Plain-GCN,5,478,CCCN(CCC)S(=O)(=O)c1ccc(NC(=O)c2cc(C(=O)OC)cc([N+](=O)[O-])c2)cc1,0,32,0.5171220898628235,0.4828779101371765
Plain-GCN,5,479,COc1ccc(C2CC(c3cccs3)=NN2C(=O)CSC2=NCCS2)cc1,0,27,0.6916545629501343,0.3083454370498657
Plain-GCN,5,480,O=C1C2CCCCC2C(=O)N1c1ccc(NC2CCCCC2)c([N+](=O)[O-])c1,0,27,0.5613075494766235,0.43869245052337646
Plain-GCN,5,481,COc1ccc(N(CC(O)CN2C(=O)NC(C)(C)C2=O)S(=O)(=O)c2ccc(C)cc2)cc1,0,32,0.40355780720710754,0.5964421927928925
Plain-GCN,5,482,CCOc1ccc(OCC(=O)Nc2ccc(OC)cc2)cc1,0,22,0.774065375328064,0.22593462467193604
Plain-GCN,5,483,Cc1ccc(N(NC(=O)C(O)(c2ccccc2)c2ccccc2)C(=O)CCl)cc1,0,29,0.6089737415313721,0.39102625846862793
Plain-GCN,5,484,O=C(Oc1ccccc1C(=O)Nc1ccccc1)c1ccc(Br)c([N+](=O)[O-])c1,0,28,0.6710330843925476,0.3289669156074524
Plain-GCN,5,485,CC(C)Cc1nn2c(=O)cc(O)nc2s1,0,15,0.7473778128623962,0.25262218713760376
Plain-GCN,5,486,COc1ccc(C(=O)C2CCCN(C(=O)c3ccc4nccnc4c3)C2)c(C)c1,0,29,0.5517429709434509,0.4482570290565491
Plain-GCN,5,487,COc1cc(C(=O)N2C[C@H](N)C[C@@H](F)C2)cc2nc(-c3cc4ccc(C(=O)Nc5ccc(S(N)(=O)=O)cc5)nc4n3CC3CC3)n(C)c12,1,48,0.43790677189826965,0.5620932281017303
Plain-GCN,5,488,COc1ccc(OC(C)C(=O)N(C)Cc2nc(-c3ccccc3)no2)cc1,0,27,0.6684494018554688,0.33155059814453125
Plain-GCN,5,489,COc1cc(C(=O)N2CC3CCC2[C@@H]3N)cc2nc(-c3cc4ccc(Nc5ccncc5CO)nc4n3CC3CC3)n(C)c12,1,44,0.5042248964309692,0.49577510356903076
Plain-GCN,5,490,CN(C)/C=C(\C#N)S(=O)(=O)c1ccccc1,0,16,0.5546748638153076,0.4453251361846924
Plain-GCN,5,491,CC(=O)N1CCC(=NNc2nc3ccccc3[nH]2)CC1.O=C(O)C(=O)O,0,26,0.6219346523284912,0.3780653476715088
Plain-GCN,5,492,COc1cc(C(=O)N2CC3CCC2[C@@H]3N)cc2nc(-c3cc4ccc(-c5cc(F)c6c(c5)CCN(C(C)=O)C6)nc4n3CC3CC3)n(C)c12,1,49,0.5540339946746826,0.4459660053253174
Plain-GCN,5,493,CCc1ncc(/C=C2\C(=O)Nc3ccccc32)[nH]1,0,18,0.5572733879089355,0.44272661209106445
Plain-GCN,5,494,COc1cc(C(=O)N2CC3CCC2[C@@H]3N)cc2nc(-c3cc4ccc(-c5ccc6oc(=O)[nH]c6c5)cc4n3CC3CC3)n(C)c12,1,45,0.5094963908195496,0.49050360918045044
Plain-GCN,5,495,C/C(CC(=O)Nc1ccc(Cl)c(C(F)(F)F)c1)=N\NC(=O)c1cnccn1,0,27,0.633918285369873,0.36608171463012695
Plain-GCN,5,496,COc1ccc(-c2ccc3cc(-c4nc5cc(C(=O)N6C[C@H]7CC[C@@H]6[C@@H]7N)cc(OC)c5n4C)n(CC4CC4)c3c2)c(F)c1,1,44,0.411958783864975,0.588041216135025
Plain-GCN,5,497,COc1ccccc1-c1oc2ccccc2c1-c1ccccc1OC,0,25,0.7432704567909241,0.2567295432090759
Plain-GCN,5,498,CCC1(C)Cc2c(sc(NC(=O)CCC(=O)O)c2C#N)CO1,0,22,0.5374910831451416,0.4625089168548584
Plain-GCN,5,499,C=CCn1c(Cc2csc(N)n2)nnc1SCC(=O)OCC,0,22,0.6490077376365662,0.35099226236343384
Plain-GCN,5,500,C=CCOc1ccccc1CNCCCN1CCOCC1.Cl,0,22,0.45389825105667114,0.5461017489433289
Plain-GCN,5,501,COc1ccc(CCNC(=O)c2c(-c3ccccc3)noc2C)cc1OC,0,27,0.5660942196846008,0.43390578031539917
Plain-GCN,5,502,Cn1nccc1NC(=O)c1nccnc1C(=O)O,0,18,0.7070814371109009,0.2929185628890991
Plain-GCN,5,503,C/C(=N\Nc1nc2c(s1)CCCC2)c1ccc(Cl)cc1.Cl,0,21,0.6419618129730225,0.35803818702697754
Plain-GCN,5,504,Oc1ccc(-c2cnc3ccccc3n2)cc1,0,17,0.7735313177108765,0.22646868228912354
Plain-GCN,5,505,COc1cc(C(=O)N2CCC[C@@H](N)C2)cc2nc(-c3ccc(C#N)n3CC3CCOCC3)n(C)c12,0,35,0.4439196288585663,0.5560803711414337
Plain-GCN,5,506,COc1cc(C(=O)OCC(=O)Nc2ccc(S(=O)(=O)N3CCCC3)cc2)cc(OC)c1OC,0,33,0.49904853105545044,0.5009514689445496
Plain-GCN,5,0,O=C1CSC(=Nc2cccc(Cl)c2Cl)N1,0,15,0.7068525552749634,0.2931474447250366
Plain-GCN,5,1,Cc1sc2c3ccsc3ccc2[n+]1C.[I-],0,15,0.5049118399620056,0.4950881600379944
Plain-GCN,5,2,CCc1cc(=O)oc2c(C)c(OC(C)C(=O)N3CCC[C@@H]3C(=O)O)ccc12,0,27,0.5667609572410583,0.43323904275894165
Plain-GCN,5,3,Cc1ccc(OCC(=O)N2CCN(S(=O)(=O)c3ccccc3[N+](=O)[O-])CC2)cc1,0,29,0.6611104011535645,0.33888959884643555
Plain-GCN,5,4,CCc1cc(NC(C)=O)ccc1-c1ccc2cc(-c3nc4cc(C(=O)N5CC6CCC5[C@@H]6N)cc(OC)c4n3C)n(CC3CC3)c2n1,1,47,0.5538761615753174,0.4461238384246826
Plain-GCN,5,5,COc1cc(-c2ccc3cc(-c4nc5cc(C(=O)N6CC7CCC6[C@@H]7N)cc(OC)c5n4C)n(CC4CC4)c3n2)ccc1CC(N)=O,1,47,0.5375134944915771,0.46248650550842285
Plain-GCN,5,6,C/C(=N\NS(C)(=O)=O)c1ccccc1,0,14,0.5063294768333435,0.4936705231666565
Plain-GCN,5,7,Cc1nn2c(N3CCN(C)CC3)c3c(nc2c1-c1ccccc1)CCCC3,0,27,0.6356788277626038,0.36432117223739624
Plain-GCN,5,8,Cc1ccc([C@@H]2C3COCC=C3C(C#N)=C(N)C2(C#N)C#N)o1,0,23,0.5745882987976074,0.4254117012023926
Plain-GCN,5,9,CCN(c1ccccc1)S(=O)(=O)c1ccc(F)c(C(=O)O)c1,0,22,0.4605880081653595,0.5394119918346405
Plain-GCN,5,10,COc1cc(C(=O)N2C[C@H](N)C[C@@H](F)C2)cc2nc(-c3cc4ccc(-c5ccc(C(N)=O)cc5C(F)(F)F)nc4n3CC3CC3)n(C)c12,1,48,0.47925814986228943,0.5207418501377106
Plain-GCN,5,11,O=C(CCNC(=O)C1CCN(S(=O)(=O)c2ccc(F)cc2)CC1)NCc1ccccc1Cl,0,32,0.5668599605560303,0.4331400394439697
Plain-GCN,5,12,Cn1nnnc1SCc1ccccc1F,0,15,0.5336542129516602,0.46634578704833984
Plain-GCN,5,13,C/C(N)=C(/C#N)C(=O)COC(=O)C(NS(=O)(=O)c1ccc(Cl)cc1)C(C)O,0,27,0.5470033884048462,0.4529966115951538
Plain-GCN,5,14,C=CCOC(=O)C1=C(C)NC(C)=C(C(=O)OCC=C)C1c1ccc(C)o1,0,26,0.7147156596183777,0.2852843403816223
Plain-GCN,5,15,Cc1ccc(-n2ncc3c2CCCC3NC(=O)c2ccoc2)cc1C,0,25,0.4173215925693512,0.5826784074306488
Plain-GCN,5,16,CCCN1CCN(S(=O)(=O)c2ccc3c(c2)CC(C)N3C(=O)C2CC2)CC1,0,27,0.5310750007629395,0.46892499923706055
Plain-GCN,5,17,CCN1CCN(Cc2c(O)c(Cl)cc3c(C)cc(=O)oc23)CC1,0,23,0.44351789355278015,0.5564821064472198
Plain-GCN,5,18,COc1cc(C(=O)N2[C@H]3CC[C@@H]2[C@H](N)C3)cc2nc(-c3cc4ccc([C@@H](C)NC(=O)CCC(=O)O)nc4n3CC3CC3)c(C)n12,1,45,0.4969681203365326,0.5030318796634674
Plain-GCN,5,19,COc1cc(C(=O)N2C[C@H](N)C[C@@H](F)C2)cc2nc(-c3cc4ccc(C5=CC(F)C=C6N=C(C)C(=O)N=C65)nc4n3CC3CC3)n(C)c12,1,48,0.5621560215950012,0.4378439784049988
Plain-GCN,5,20,Cc1cc(C(C)(C)C)ccc1OCCN1CCCC1,0,19,0.6610897779464722,0.33891022205352783
Plain-GCN,5,21,CC1(C)CC(=O)c2cc(C(=O)NC3CCSC3=O)c(=O)n(-c3ccc(Cl)cc3)c2C1,0,30,0.430800199508667,0.569199800491333
Plain-GCN,5,22,COc1cccc(CN2CCN(C(=O)Nc3ccc([N+](=O)[O-])cc3)CC2)c1,0,27,0.6459699869155884,0.3540300130844116
Plain-GCN,5,23,CCCCn1nc2cc(C(=O)NCC34CC5CC(CC(C5)C3)C4)ccc2c1OCC,0,30,0.4294213354587555,0.5705786645412445
Plain-GCN,5,24,CCCCCCn1c(=O)[nH]c2nc3cc(N)ccc3nc2c1=O,0,23,0.6914478540420532,0.3085521459579468
Plain-GCN,5,25,Cn1cccc1/C=C1\SC(=S)N(NC(=O)c2ccc(F)cc2)C1=O,0,24,0.6769791841506958,0.3230208158493042
Plain-GCN,5,26,O=C(CSc1nc2ccccc2s1)NC1CCCC1,0,19,0.5286431312561035,0.4713568687438965
Plain-GCN,5,27,COc1cc(C(=O)N2CC3CCC2[C@@H]3N)cc2nc(-c3cc4ccc(-c5cc(O)ccc5F)cc4n3CC3CC3)n(C)c12,1,43,0.6058892607688904,0.3941107392311096
Plain-GCN,5,28,COc1ccccc1N1CCN(C(=O)C(=O)c2cn(CC(=O)N3CCOCC3)c3ccccc23)CC1,0,36,0.47291406989097595,0.527085930109024
Plain-GCN,5,29,O=C(COC(=O)c1cccnc1Cl)c1ccc(OC(F)F)cc1,0,23,0.5912004709243774,0.40879952907562256
Plain-GCN,5,30,COc1cc(C(=O)N2C[C@H](N)C[C@@H](F)C2)cc2nc(-c3cc4ccc(-c5ccc6[nH]c(=O)cc(O)c6c5)nc4n3CC3CC3)n(C)c12,1,47,0.47874248027801514,0.5212575197219849
Plain-GCN,5,31,CCCN=C1N(C)C[C@@H]2[C@@H]3C(=O)N(Cc4ccccc4)C(=O)[C@@H]3[C@](Cc3ccccc3)(C(=O)OC)N12.O=C(O)C(F)(F)F,0,43,0.5764331817626953,0.4235668182373047
Plain-GCN,5,32,CCCc1nc([N+](=O)[O-])c(S(=O)(=O)c2ccccc2)n1CC(C)C,0,24,0.5471144914627075,0.4528855085372925
Plain-GCN,5,33,Cc1ccc2c(c1)N(C(C)C(=O)NCc1ccccn1)C(=O)CO2,0,24,0.6288003325462341,0.37119966745376587
Plain-GCN,5,34,CCOC(=O)C1CCCN(C(=S)Nc2cc(C)cc(C)c2)C1,0,22,0.6286126971244812,0.3713873028755188
Plain-GCN,5,35,OCCC1CN(CCCc2ccccc2)CCN1Cc1ccccc1,0,25,0.6033681631088257,0.3966318368911743
Plain-GCN,5,36,COc1cc(C(=O)N2CC3CCC2[C@@H]3N)cc2nc(-c3cc4ccc(Nc5cncnc5)cc4n3CC3CC3)n(C)c12,1,42,0.5744189023971558,0.42558109760284424
Plain-GCN,5,37,CN1C2C=C3C(C#N)=C(N)C(C#N)(C#N)[C@@H](c4cccs4)C3C1CC2,0,25,0.5335825681686401,0.46641743183135986
Plain-GCN,5,38,CCOc1ccccc1NC(=S)NCc1ccccc1,0,20,0.7607924342155457,0.23920756578445435
Plain-GCN,5,39,CCCCNC(=O)CCC(=O)Nc1ccc2nc(N3CCN(C)CC3)cc(C)c2c1,0,30,0.5119121670722961,0.48808783292770386
Plain-GCN,5,40,COc1cc(C(=O)N2C[C@H](N)C[C@@H](F)C2)cc2nc(-c3cc4ccc(C(=O)NC5CCC(=O)NC5=O)nc4n3CC3CC3)n(C)c12,1,46,0.5648677945137024,0.4351322054862976
Plain-GCN,5,41,CC(C)=N/N=C(/c1ccc([N+](=O)[O-])cc1)C12CN3CN(CN(C3)C1)C2,0,25,0.5666722655296326,0.43332773447036743
Plain-GCN,5,42,CNC(=O)Nc1ccccc1NC(=O)NC,0,16,0.7004970908164978,0.2995029091835022
Plain-GCN,5,43,Cc1c(NC(=O)CN2CCCc3ccccc32)c(=O)n(-c2ccccc2)n1C,0,28,0.589453399181366,0.41054660081863403
Plain-GCN,5,44,COc1ccc(C2CC(c3ccc(C)cc3)Nc3ncnn32)cc1,0,24,0.46738776564598083,0.5326122343540192
Plain-GCN,5,45,COc1cc(C(=O)N2CC3CCC2[C@@H]3N)cc2nc(-c3cc4ccc(C5C=CC6=NC(=O)NC6=C5)nc4n3CC3CC3)n(C)c12,1,45,0.6148688197135925,0.38513118028640747
Plain-GCN,5,46,Nn1c(SCC(=O)Nc2cc(C(F)(F)F)ccc2Cl)nncc1=O,0,24,0.5520132184028625,0.44798678159713745
Plain-GCN,5,47,COc1ccc(C2CC(c3ccc(Br)cc3)=NN2C(=O)c2cccnc2)cc1,0,28,0.6666838526725769,0.3333161473274231
Plain-GCN,5,48,Cc1cc(N/N=C/c2ccc(O)cc2O)nc(-c2ccccc2O)n1,0,25,0.6133254170417786,0.38667458295822144
Plain-GCN,5,49,COc1cc(-c2ccc3cc(-c4nc5cc(C(=O)N6CC7CCC6[C@@H]7N)cc(OC)c5n4C)n(CC4CC4)c3c2)c(F)cc1O,1,45,0.5764908194541931,0.4235091805458069
Plain-GCN,5,50,Cc1ccc(NC2=C/C(=N/S(=O)(=O)c3cccs3)c3ccccc3C2=O)cc1,0,28,0.5145888328552246,0.4854111671447754
Plain-GCN,5,51,COc1cc(C(=O)N2CC3CCC2[C@@H]3N)cc2nc(-c3cc4ccc(-c5ccc6c(c5)C(=O)CS(=O)(=O)N6C)cc4n3CC3CC3)n(C)c12,1,49,0.461452454328537,0.538547545671463
Plain-GCN,5,52,COc1cc(C(=O)N2CC3CCC2[C@@H]3N)cc2nc(-c3cc4ccc(Nc5cnc(C#N)nc5)nc4n3CC3CC3)n(C)c12,1,44,0.62563157081604,0.37436842918395996
Plain-GCN,5,53,C=CCn1c(SCC(=O)N2CCOCC2)nc2sc3c(c2c1=O)CCCC3,0,27,0.6009132862091064,0.39908671379089355
Plain-GCN,5,54,COc1cc(C(=O)N2C[C@H](N)C[C@@H](F)C2)cc2nc(-c3cc4ccc(C5=CC6=NC(=O)NC6N=C5)cc4n3CC3CC3)n(C)c12,1,45,0.5917065143585205,0.4082934856414795
Plain-GCN,5,55,O=C(Nc1ccc(F)cc1F)c1c(C(F)(F)F)ccnc1Oc1ccccc1,0,28,0.5021979212760925,0.49780207872390747
Plain-GCN,5,56,CCC1CCCCN1C(=O)CCNS(=O)(=O)c1ccc2c(c1)oc(=O)n2C,0,27,0.553607165813446,0.44639283418655396
Plain-GCN,5,57,S=c1nccc(-c2ccc3c(c2)CCO3)[nH]1,0,16,0.6483705043792725,0.35162949562072754
Plain-GCN,5,58,COc1cc(C(=O)N2C[C@H](N)CC[C@@H]2C)cc2nc(-c3cc4ccc(-c5ccc(C(N)=O)c(F)c5)nc4n3CC3CC3)n(C)c12,1,45,0.46475881338119507,0.5352411866188049
Plain-GCN,5,59,Cc1ccc(Nc2ncccc2C(N)=O)cc1,0,17,0.7056562304496765,0.2943437695503235
Plain-GCN,5,60,CCOc1ccccc1NC(=O)CSc1nc(=O)n(Cc2ccncc2)c2c1CCC2,0,31,0.5860976576805115,0.4139023423194885
Plain-GCN,5,61,COc1ccc(NC2=NC(=S)N(c3ccc(C)cc3)C23CCCCC3)cc1,0,27,0.5808618664741516,0.4191381335258484
Plain-GCN,5,62,COc1ccc(-n2ncc3c2CC(C)(C)CC3NC(=O)C2CCN(C(C)=O)CC2)cc1,0,31,0.4094753563404083,0.5905246436595917
Plain-GCN,5,63,Cc1ccc(/C=N/c2sc3c(c2C(N)=O)CCCC3)o1,0,20,0.6260194778442383,0.3739805221557617
Plain-GCN,5,64,COc1cc(C(=O)N2CC3CCC2[C@@H]3N)cc2nc(-c3cc4ccc(N5CCC6(CC5)CNC6=O)nc4n3CC3CC3)n(C)c12,1,45,0.5024271011352539,0.4975728988647461
Plain-GCN,5,65,CC1N=C2c3ccccc3N=C(SCc3cc(=O)n4cc(Cl)ccc4n3)N2C1=O,0,29,0.6632771492004395,0.33672285079956055
Plain-GCN,5,66,COc1cc(C(=O)N2CC3CCC2[C@@H]3N)cc2nc(-c3cc4ccc(-c5cnc6[nH]c(=O)ccc6c5)cc4n3CC3CC3)n(C)c12,1,46,0.5612925887107849,0.4387074112892151
Plain-GCN,5,67,Cc1ccc(C(=O)NCC(=O)OCC(=O)c2c(N)n(C)c(=O)n(C)c2=O)s1,0,27,0.5831950902938843,0.4168049097061157
Plain-GCN,5,68,COc1cc(C(=O)N2CC3CCC2[C@@H]3N)cc2nc(-c3cc4ccc(Nc5ccnc(C#N)c5)nc4n3CC3CC3)n(C)c12,1,44,0.5337827205657959,0.4662172794342041
Plain-GCN,5,69,O=C(O)CSCC(=O)N1CCN(c2nc3cc(Cl)ccc3s2)CC1,0,24,0.7175100445747375,0.28248995542526245
Plain-GCN,5,70,COc1cc(C(=O)N2CC3CCC2[C@@H]3N)cc2nc(-c3cc4ccc(-c5ccc(C(=O)Nc6ccncc6)cc5)cc4n3CC3CC3)n(C)c12,1,50,0.4265020191669464,0.5734979808330536
Plain-GCN,5,71,O=C(Oc1ccc(Br)cc1)c1cccnc1,0,16,0.7174838185310364,0.2825161814689636
Plain-GCN,5,72,COc1cc(C(=O)N2C[C@H](N)C[C@@H](F)C2)cc2nc(-c3cc4ccc(-c5ccn(C)c(=O)c5)nc4n3CC3CC3)n(C)c12,1,43,0.5330114960670471,0.4669885039329529
Plain-GCN,5,73,COc1ccc(C2C3=C(N=C4SCC(=O)N42)c2ccccc2CC3)cc1OC,0,28,0.5214946866035461,0.47850531339645386
Plain-GCN,5,74,Fc1ccc(-c2ccc(Nc3cccc(F)c3)nn2)cc1,0,21,0.6478515863418579,0.3521484136581421
Plain-GCN,5,75,S=c1[nH]nc(-c2ccc3ccccc3n2)n1-c1ccc2c(c1)OCCO2,0,26,0.730274498462677,0.269725501537323
Plain-GCN,5,76,CC1(C)CC(NC(=O)N2c3ccccc3Sc3ccccc32)CC(C)(C)N1,0,27,0.5681939125061035,0.4318060874938965
Plain-GCN,5,77,Cc1c(-c2cc3ccccc3n2Cc2ccoc2)nc2cc(C(=O)N3CCC[C@@H](N)C3)ccn12,1,34,0.35968703031539917,0.6403129696846008
Plain-GCN,5,78,Cc1cccc(C)c1NC(=O)CSc1nnc(C2CCCCC2)o1,0,24,0.5691050887107849,0.4308949112892151
Plain-GCN,5,79,COc1cc(C(=O)N2CC3CCC2[C@@H]3N)cc2nc(-c3cc4ccc(-c5[nH]ccc(=O)c5F)nc4n3CC3CC3)n(C)c12,1,43,0.5309690833091736,0.4690309166908264
Plain-GCN,5,80,COc1cc(C(=O)N2CC3CCC2[C@@H]3N)cc2nc(-c3cc4ccc(-c5ccc(N6CCCC(O)C6=O)c(F)c5)nc4n3CC3CC3)n(C)c12,1,50,0.5452856421470642,0.4547143578529358
Plain-GCN,5,81,COc1ccc(N)cc1-n1c(C)ccc1C,0,16,0.6026532053947449,0.3973467946052551
Plain-GCN,5,82,Cc1cc(C)n(/N=C/c2cccs2)c(=O)c1C#N,0,18,0.58304363489151,0.41695636510849
Plain-GCN,5,83,COc1ccc(C(=O)CSC#N)cc1OC,0,16,0.5588285326957703,0.44117146730422974
Plain-GCN,5,84,O=C1OCCN1C(=O)[C@H]1[C@H](c2ccc(Cl)cc2)C(c2ccc(F)cc2)=NN1c1ccccc1,0,33,0.657705545425415,0.34229445457458496
Plain-GCN,5,85,CCOC(=O)c1[nH]c2c(c1-c1ccccc1)C(=O)CC(c1ccc(Cl)cc1)C2,0,28,0.5142156481742859,0.4857843518257141
Plain-GCN,5,86,COc1cc(C(=O)N2CCC[C@@H](N)C2)cc2nc(-c3ccc(C(=O)N(Cc4ccccc4)c4ccccc4)n3CC3CC3)n(C)c12,0,46,0.3632947504520416,0.6367052495479584
Plain-GCN,5,87,CC(=O)Nc1cccc(-c2nnc(-c3ccccc3)o2)c1,0,21,0.5896466970443726,0.41035330295562744
Plain-GCN,5,88,O=C1CCC(C(=O)OC(C(=O)c2c[nH]c3ccccc23)c2ccccc2)=NN1,0,28,0.4743996858596802,0.5256003141403198
Plain-GCN,5,89,O=C(CSS(=O)(=O)[O-])N1CCN(C(=O)c2ccoc2)CC1.[Na+],0,22,0.6730596423149109,0.3269403576850891
Plain-GCN,5,90,O=C(COc1ccc(F)cc1)N/N=C/c1cccc2cccnc12,0,24,0.554764449596405,0.44523555040359497
Plain-GCN,5,91,COc1cc(C(=O)N2CC3CCC2[C@@H]3N)cc2nc(-c3cc4ccc(-c5ccc(CC(N)=O)cc5)nc4n3CC3CC3)n(C)c12,1,45,0.5064358115196228,0.4935641884803772
Plain-GCN,5,92,COc1ccc(CN2CC[C@H]3C=CCc4cccc(c43)C2)cc1,0,23,0.47021690011024475,0.5297830998897552
Plain-GCN,5,93,COc1ccc(/C=N\N=C(N)N)cc1.O=[N+]([O-])O,0,18,0.6115599870681763,0.38844001293182373
Plain-GCN,5,94,COc1cccc(/C=N/NC(=O)c2cnn(-c3ccccc3)c2N)c1,0,25,0.5825473070144653,0.41745269298553467
Plain-GCN,5,95,COc1cc(C(=O)N2CC3CCC2[C@@H]3N)cc2nc(-c3cc4ccc(-c5cnc(C(N)=O)c(F)c5)nc4n3CC3CC3)n(C)c12,1,45,0.667826235294342,0.33217376470565796
Plain-GCN,5,96,COc1cccc(Cn2c(-c3nc4cc(C(=O)N5CCC[C@@H](N)C5)ccn4c3C)cc3cc(F)ccc32)c1,1,38,0.3907500207424164,0.6092499792575836
Plain-GCN,5,97,Cc1noc(NC(=O)c2ccc(Cl)cc2)c1Cl,0,17,0.6453787684440613,0.3546212315559387
Plain-GCN,5,98,CCOC(=O)CSC1=NC(=O)/C(=C\c2ccc(OC(C)=O)cc2)S1,0,24,0.6756854057312012,0.32431459426879883
Plain-GCN,5,99,C=CCn1sc(N)c(C(=O)OCC)c1=S,0,15,0.6425156593322754,0.3574843406677246
Plain-GCN,5,100,CC(c1nc2ccccc2s1)N(C)C(=O)c1ccccc1F,0,22,0.6849516034126282,0.3150483965873718
Plain-GCN,5,101,COCCn1c(C)cc(C(=O)COC(=O)c2ccc(N3CCCC3=O)cc2)c1C,0,29,0.5266550183296204,0.47334498167037964
Plain-GCN,5,102,CC1CCC2(CC1)SCC(=O)N2c1ccc(F)cc1,0,19,0.5128302574157715,0.4871697425842285
Plain-GCN,5,103,O=C1C(Cl)=C(N2CCOCC2)C(=O)N1c1cccc(C(F)(F)F)c1,0,24,0.5280687808990479,0.47193121910095215
Plain-GCN,5,104,COc1ncc(-c2ccc3cc(-c4nc5cc(C(=O)N6CC7CCC6[C@@H]7N)cc(OC)c5n4C)n(CC4CC4)c3n2)cc1O,1,44,0.6866451501846313,0.31335484981536865
Plain-GCN,5,105,COc1cc(C(=O)N2C[C@H](N)C[C@@H](F)C2)cc2nc(-c3cc4ccc(-c5cccc(O)c5F)nc4n3CC3CC3)n(C)c12,1,43,0.5507444143295288,0.4492555856704712
Plain-GCN,5,106,CC(C)c1nccn1CCN1C(=O)NC(C)(C)C1=O,0,19,0.432844340801239,0.567155659198761
Plain-GCN,5,107,CC(C)C(=O)N(c1cc2sc(=O)oc2c2ccccc12)S(=O)(=O)c1cccs1,0,28,0.55781489610672,0.44218510389328003
Plain-GCN,5,108,Cc1oc2c(c1C(=O)NCc1cccnc1)C(=O)c1ccccc1C2=O,0,26,0.493664413690567,0.506335586309433
Plain-GCN,5,109,COc1cc(C(=O)N2C[C@H](N)C[C@@H](F)C2)cc2nc(-c3cc4ccc(-c5cc(Cl)c(O)cc5C)nc4n3CC3CC3)n(C)c12,1,44,0.5299973487854004,0.4700026512145996
Plain-GCN,5,110,Cc1cccc(NC(=S)N2CCCCCC2)c1,0,17,0.682107150554657,0.317892849445343
Plain-GCN,5,111,CCC1c2ccc(C)n2CCN1C(=O)Nc1cc(Cl)ccc1OC,0,24,0.664433479309082,0.33556652069091797
Plain-GCN,5,112,CC1CC(C)(C)NC(=S)N1CC(=O)N1CCN(Cc2ccccc2)CC1,0,26,0.5332233905792236,0.46677660942077637
Plain-GCN,5,113,COc1cc(C(=O)N2C[C@H](N)C[C@@H](F)C2)cc2nc(-c3cc4ccc(-c5ccc(N6CCCC(O)C6=O)cc5)nc4n3CC3CC3)n(C)c12,1,49,0.4385457932949066,0.5614542067050934
Plain-GCN,5,114,Cc1cccc(-n2cc[nH]c2=S)c1,0,13,0.8070338368415833,0.19296616315841675
Plain-GCN,5,115,CC(C)(C)NC(=O)/C(=C/c1ccccc1F)NC(=O)c1ccc([N+](=O)[O-])cc1,0,28,0.5071495175361633,0.49285048246383667
Plain-GCN,5,116,COc1cccc(C2CC(c3cccs3)=NN2C(=O)CSC2=NCCS2)c1OC,0,29,0.5978366136550903,0.40216338634490967
Plain-GCN,5,117,O=C(O)c1ccc(Cl)c2c1C1C=CCC1C(c1ccccn1)N2,0,23,0.5030284523963928,0.4969715476036072
Plain-GCN,5,118,CCOC(=O)Cn1c(=NC(=O)CSC(C)=O)sc2ccccc21,0,23,0.5976674556732178,0.4023325443267822
Plain-GCN,5,119,O=[N+]([O-])c1ccc(Sc2nccn2Cc2ccccc2)c([N+](=O)[O-])c1,0,25,0.6558487415313721,0.34415125846862793
Plain-GCN,5,120,CCCN(Cc1nnc(-c2ccccc2Cl)o1)C(=O)c1cccc(S(=O)(=O)N2CCOCC2)c1,0,34,0.5332555770874023,0.46674442291259766
Plain-GCN,5,121,COc1ccc2cc(-c3nc4cc(C(=O)N5CCC[C@@H](N)C5)ccn4c3C)n(Cc3ccc(F)cc3)c2c1,1,38,0.3665052652359009,0.6334947347640991
Plain-GCN,5,122,CCN(CC)c1ccc(N=Cc2cc(Br)ccc2O)cc1,0,21,0.7729440331459045,0.22705596685409546
Plain-GCN,5,123,N#Cc1ccc(C23CC4(C2)[C@H](CN(P(=O)(c2ccccc2)c2ccccc2)[C@@H]4c2ccccc2)C3c2ccc(Cl)nc2)cc1,0,44,0.5766782164573669,0.42332178354263306
Plain-GCN,5,124,COc1ccc(-c2nc3ccccc3n2OC(=O)N(C)C)cc1,0,23,0.7214508652687073,0.2785491347312927
Plain-GCN,5,125,N=C(CCl)NCCCc1cn(Cc2ccccc2)c2ccccc12,1,24,0.4247035086154938,0.5752964913845062
Plain-GCN,5,126,O=c1c2ccccc2nc(/C=C/c2ccc(Br)cc2)n1CCO,0,23,0.521219789981842,0.47878021001815796
Plain-GCN,5,127,COc1cc(C(=O)N2C[C@H]3CC[C@@H]2[C@@H]3N)cc2nc(-c3cc4ccc(C5COC5)nc4n3CC3CC3)n(C)c12,1,39,0.5172753930091858,0.4827246069908142
Plain-GCN,5,128,CC(=O)Oc1ccc(N(C(C)=O)S(=O)(=O)c2ccc(C)c([N+](=O)[O-])c2)cc1,0,27,0.6162606477737427,0.3837393522262573
Plain-GCN,5,129,COc1cc(C(=O)N2CC3CCC2[C@@H]3N)cc2nc(-c3cc4ccc(-c5cccc(S(N)(=O)=O)c5)nc4n3CC3CC3)n(C)c12,1,45,0.5208788514137268,0.4791211485862732
Plain-GCN,5,130,COc1cc(C(=O)N2C[C@H](N)C[C@@H](F)C2)cc2nc(-c3cc4ccc(-c5ccc(C6CNC(=O)N6)cc5)nc4n3CC3CC3)n(C)c12,1,47,0.5902199149131775,0.4097800850868225
Plain-GCN,5,131,CCn1c(-c2cnn(-c3ccccc3)c2C2CC2)nc2cc(C(=O)N3CCC[C@@H](N)C3)ccc21,0,34,0.3636346459388733,0.6363653540611267
Plain-GCN,5,132,Cn1c(=O)c(C(=O)Nc2ccccc2S(N)(=O)=O)c(O)c2ccccc21,0,26,0.4823087155818939,0.5176912844181061
Plain-GCN,5,133,CC(=O)Nc1cccc(NC=C(C#N)C#N)c1,0,17,0.5213422179222107,0.4786577820777893
Plain-GCN,5,134,Cc1nn(CC(=O)N2CCOCC2)c(=O)c2ccccc12,0,21,0.4951827824115753,0.5048172175884247
Plain-GCN,5,135,CCOC(=O)c1c2c3c(cccc3n(C)c1=O)C(=O)c1ccccc1-2,0,25,0.5795933604240417,0.42040663957595825
Plain-GCN,5,136,O=C(NCc1cccnc1)c1ccc(Cl)cc1[N+](=O)[O-],0,20,0.6018765568733215,0.39812344312667847
Plain-GCN,5,137,CCOc1ccc(-c2cc(C(=O)NCCCN3CCN(CC)CC3)c3ccccc3n2)cc1,0,33,0.5566825866699219,0.4433174133300781
Plain-GCN,5,138,COc1cc(C(=O)N2C[C@H](N)C[C@@H](F)C2)cc2nc(-c3cc4ccc(-c5c(F)ccc(O)c5Cl)nc4n3CC3CC3)n(C)c12,1,44,0.5700551867485046,0.42994481325149536
Plain-GCN,5,139,COC(=O)Nc1ccc(-c2ccc3cc(-c4nc5cc(C(=O)N6CC7CCC6[C@@H]7N)cc(OC)c5n4C)n(CC4CC4)c3c2)cc1,1,46,0.46930432319641113,0.5306956768035889
Plain-GCN,5,140,CCOc1ccc(S(=O)(=O)Nc2nc3ccccc3nc2Nc2ccc(N3CCOCC3)cc2)cc1,0,36,0.6499249339103699,0.3500750660896301
Plain-GCN,5,141,COc1ccccc1NC(=S)N1CCN(c2ccccn2)CC1,0,23,0.7317866086959839,0.2682133913040161
Plain-GCN,5,142,CCOC(=O)c1sc(-c2ccccc2)cc1NC(=O)c1ccc(S(=O)(=O)N(CCOC)CCOC)cc1,0,37,0.5192356109619141,0.48076438903808594
Plain-GCN,5,143,Cn1c(-c2ccc(Cc3ccccc3)n2CC2CC2)nc2cc(C(=O)N3CCC[C@@H](N)C3)cnc21,1,35,0.4295791685581207,0.5704208314418793
Plain-GCN,5,144,CC1=C(C(=O)OC2CCCCC2)C(c2ccc(C)o2)C2=C(CC(C)(C)CC2=O)N1,0,29,0.5544945597648621,0.44550544023513794
Plain-GCN,5,145,CC(C)N1OC2CC1c1nc3ccccc3n1C2,0,18,0.6157687902450562,0.38423120975494385
Plain-GCN,5,146,Cl.O=C(NC1CCN(Cc2ccccc2)CC1)c1cccc(S(=O)(=O)Nc2ccc(SC(F)F)cc2)c1,0,37,0.5478429198265076,0.45215708017349243
Plain-GCN,5,147,N#Cc1cccc(CS(=O)(=O)c2ccc(Cl)cc2)c1,0,19,0.5630336403846741,0.4369663596153259
Plain-GCN,5,148,CCOc1cc2c(cc1/C=C/c1noc(C)c1[N+](=O)[O-])OC(C)C2,0,24,0.5545135736465454,0.4454864263534546
Plain-GCN,5,149,O=C(O)c1ccccc1CSc1nc2ccccc2s1,0,20,0.6068959832191467,0.39310401678085327
Plain-GCN,5,150,CCC(C)N=CC1=C(O)CC(c2ccccc2)CC1=O,0,20,0.5222347974777222,0.47776520252227783
Plain-GCN,5,151,O=C(CSc1nc2ccccc2[nH]1)NCCN1CCCCC1,0,22,0.551620602607727,0.44837939739227295
Plain-GCN,5,152,COc1cc(C(=O)N2CC3CCC2[C@@H]3N)cc2nc(-c3cc4ccc(C5=CC6NC(=O)N=C6N=C5)cc4n3CC3CC3)n(C)c12,1,45,0.6075924038887024,0.3924075961112976
Plain-GCN,5,153,CCn1ncc(Br)c1C(=O)Nc1ccc(C(C)C)cc1,0,20,0.7084898352622986,0.2915101647377014
Plain-GCN,5,154,CC(=O)Nc1ccc(SCC(=O)NC(=O)c2ccc(S(=O)(=O)N(C)C)cc2)cc1,0,29,0.6615467667579651,0.3384532332420349
Plain-GCN,5,155,COc1cc(C(=O)N2C[C@H](N)C[C@@H](F)C2)cc2nc(-c3cc4ccc(N5CCC6(CC5)CN(C)C(=O)O6)cc4n3CC3CC3)n(C)c12,1,47,0.4555056691169739,0.5444943308830261
Plain-GCN,5,156,Cc1c(-c2cc3ccccc3n2Cc2ccc(F)cn2)nc2cc(C(=O)N3CCC[C@@H](N)C3)ccn12,1,36,0.36611711978912354,0.6338828802108765
Plain-GCN,5,157,Cc1cccc(CN2CCN(Cc3cnn(-c4ccccc4F)c3)CC2CCO)n1,0,30,0.5853130221366882,0.41468697786331177
Plain-GCN,5,158,COc1ccc2[nH]cc(CCNC(=O)Nc3ccccc3)c2c1,0,23,0.5040605664253235,0.4959394335746765
Plain-GCN,5,159,CCn1c(-c2cnc(-c3ccccc3)n2CC2CC2)nc2cc(C(=O)N3CCC[C@@H](N)C3)ccc21,1,35,0.37439602613449097,0.625603973865509
Plain-GCN,5,160,Cc1ccccc1C(=O)NCC(=O)Nc1ccccc1C(F)(F)F,0,24,0.5882076025009155,0.4117923974990845
Plain-GCN,5,161,O=C1CN(C(=O)COc2ccc([N+](=O)[O-])cc2Cl)c2ccccc2N1,0,25,0.6303512454032898,0.3696487545967102
Plain-GCN,5,162,COC(=O)C1=CC(=O)N=C2C=CC(c3ccc4cc(-c5nc6cc(C(=O)N7CC8CCC7[C@@H]8N)cc(OC)c6n5C)n(CC5CC5)c4c3)C=C12,1,50,0.5422501564025879,0.4577498435974121
Plain-GCN,5,163,COC(=O)c1cn(-c2ccccc2)c(C)c1C(=O)OC,0,20,0.43466734886169434,0.5653326511383057
Plain-GCN,5,164,CCN(CC(=O)Nc1c(F)cccc1F)C(=O)Cc1ccc(OC)c(S(=O)(=O)N2CCOCC2)c1,0,35,0.5758801102638245,0.42411988973617554
Plain-GCN,5,165,COc1cc(C(=O)N2C[C@H](N)C[C@@H](F)C2)cc2nc(-c3cc4ccc(-c5c(C)ccc(O)c5C)nc4n3CC3CC3)n(C)c12,1,44,0.5188281536102295,0.4811718463897705
Plain-GCN,5,166,Cc1ccc(-n2ncc(C#N)c2/N=C/N2CCN(C)CC2)cc1,0,23,0.6670635938644409,0.3329364061355591
Plain-GCN,5,167,O=C(COC(=O)c1ccccc1SCC(=O)N1CCCC1)Nc1ccc(OC(F)F)cc1,0,32,0.6414739489555359,0.3585260510444641
Plain-GCN,5,168,CC1CCN(c2nc3c(=O)[nH]c(N)nc3n2[C@@H]2O[C@H](CO)[C@@H](O)[C@H]2O)CC1,0,27,0.6789670586585999,0.32103294134140015
Plain-GCN,5,169,CN(c1ccc(C(=O)NCCCn2ccnc2)cc1)S(C)(=O)=O,0,23,0.5640014410018921,0.4359985589981079
Plain-GCN,5,170,Cn1c(-c2cc3ccc(-c4ccc5[nH]c(=O)[nH]c(=O)c5c4)cc3n2CC2CC2)nc2cc(C(=O)N3C[C@H](N)C[C@@H](F)C3)cc(F)c21,1,46,0.46757057309150696,0.532429426908493
Plain-GCN,5,171,COc1cc(C(=O)N2CC3CCC2[C@@H]3N)cc2nc(-c3cc4ccc(-c5cccc(C(N)=O)c5F)nc4n3CC3CC3)n(C)c12,1,45,0.5152063965797424,0.48479360342025757
Plain-GCN,5,172,Cc1cc(C(=O)Nc2ccc3c(c2)CCC3)ccc1[N+](=O)[O-],0,22,0.5164859890937805,0.4835140109062195
Plain-GCN,5,173,CCCCOc1ccc(CSc2nc(C)[nH]c2[N+](=O)[O-])cc1[N+](=O)[O-],0,25,0.7089034914970398,0.2910965085029602
Plain-GCN,5,174,CC(C)c1oc(=O)cc2c1[C@@H](O)[C@H]1OC(=O)[C@@]3(C)CC[C@@H](O)[C@@]2(C)C13,0,25,0.7230263948440552,0.2769736051559448
Plain-GCN,5,175,CCc1cc2c(SCC(=O)Nc3cc(C)on3)ncnc2s1,0,22,0.650213360786438,0.349786639213562
Plain-GCN,5,176,COc1cc(C(=O)N2CC3CCC2[C@@H]3N)cc2nc(-c3cc4ccc(Nc5ccc(N)cc5)nc4n3CC3CC3)n(C)c12,1,43,0.5195887684822083,0.48041123151779175
Plain-GCN,5,177,C=CCn1c(SCC(=O)Nc2nc3ccccc3s2)nc(O)c(CC)c1=O,0,27,0.6118102073669434,0.38818979263305664
Plain-GCN,5,178,COc1cc(C(=O)N2CC3CCC2[C@@H]3N)cc2nc(-c3cc4ccc(CCN5CCOC5=O)cc4n3CC3CC3)n(C)c12,1,43,0.5206834077835083,0.4793165922164917
Plain-GCN,5,179,COc1cc(-c2ccc3cc(-c4nc5cc(C(=O)N6C[C@H](N)C[C@@H](F)C6)cc(OC)c5n4C)n(CC4CC4)c3n2)c(F)cc1CO,1,46,0.6124708652496338,0.3875291347503662
Plain-GCN,5,180,Cn1c(-c2ccc(-c3ccccc3)n2CC2CC2)nc2cc(C(=O)N3CC[C@@H]4CCN[C@@H]4C3)ccc21,1,36,0.34242093563079834,0.6575790643692017
Plain-GCN,5,181,O=C1NC(=O)/C(=C/c2ccc(OS(=O)(=O)c3ccc(F)cc3F)cc2)N1,0,26,0.5624180436134338,0.43758195638656616
Plain-GCN,5,182,COc1cc(C(=O)N2CC3CCC2[C@@H]3N)cc2nc(-c3cc4ccc(Nc5ccc6c(c5)CCC(=O)N6)nc4n3CC3CC3)n(C)c12,1,47,0.4753193259239197,0.5246806740760803
Plain-GCN,5,183,Cc1ccc(CN2CCc3c(OCc4ccc(F)cc4)cccc3C2=O)cc1,0,28,0.603065013885498,0.39693498611450195
Plain-GCN,5,184,COc1ccc(C(=O)C[n+]2ccc3c(c2)nc(-c2ccccc2)n3C)cc1.[Br-],0,28,0.5200753211975098,0.47992467880249023
Plain-GCN,5,185,CCCOC(=O)C(C)n1cnc2scc(-c3ccc(C)cc3)c2c1=O,0,25,0.4858202338218689,0.5141797661781311
Plain-GCN,5,186,Cc1ccc(-c2nn(-c3ccccn3)c(=O)c3ccccc23)cc1C,0,25,0.6725189089775085,0.32748109102249146
Plain-GCN,5,187,COc1cc(C(=O)N2C[C@H](N)C[C@@H](F)C2)cc2nc(-c3cc4ccc(N5CCC6(CC5)CNC(=O)O6)cc4n3CC3CC3)n(C)c12,1,46,0.45739808678627014,0.5426019132137299
Plain-GCN,5,188,COc1cc(C(=O)N2CC3CCC2[C@@H]3N)cc2nc(-c3cc4ccc(C5C=CC6=NC(=O)C=C(CO)C6=C5)nc4n3CC3CC3)n(C)c12,1,48,0.5623527765274048,0.4376472234725952
Plain-GCN,5,189,Brc1ccc(-c2csc3[n+]2CCCCC3)cc1.[Br-],0,18,0.47142109274864197,0.528578907251358
Plain-GCN,5,190,CCCCCn1c(=O)c2ccccc2n2c(=S)[nH]nc12,0,20,0.652194619178772,0.347805380821228
Plain-GCN,5,191,CN(C)c1ccc2cc(C(=O)N[C@@H](CCCN=C(N)CCl)C(=O)NCc3ccccc3)ccc2c1,1,35,0.39697304368019104,0.603026956319809
Plain-GCN,5,192,CNc1ccccc(-c2ccc3cc4c(cc3n2)OCO4)c1=O,0,23,0.5883424878120422,0.41165751218795776
Plain-GCN,5,193,CC(C)NC(=O)CSc1c2c(nc3ccccc13)CCCC2,0,22,0.5023006796836853,0.4976993203163147
Plain-GCN,5,194,COc1cc(C(=O)N2CC3CCC2[C@@H]3N)cc2nc(-c3cc4ccc(-c5ccc(C(N)=O)c(F)c5)nc4n3CC3CC3)n(C)c12,1,45,0.5940998196601868,0.40590018033981323
Plain-GCN,5,195,COC(=O)c1cc(-c2ccc3cc(-c4nc5cc(C(=O)N6C[C@H](N)C[C@@H](F)C6)cc(OC)c5n4C)n(CC4CC4)c3n2)n(C)n1,1,45,0.5157157778739929,0.4842842221260071
Plain-GCN,5,196,CCn1c(C(=O)NCc2cccnc2)cc2sc(Cl)cc21,0,21,0.46068114042282104,0.539318859577179
Plain-GCN,5,197,CC(/C=C/c1ccc(N(C)C)cc1)=N/N=C1/NC(=O)CC(C(=O)Nc2ccc(Cl)cc2)S1,0,32,0.5738157629966736,0.4261842370033264
Plain-GCN,5,198,COC(=O)Cc1cnc(NC(=O)CSc2nc(C(C)C)cc(=O)[nH]2)s1,0,25,0.6816574335098267,0.31834256649017334
Plain-GCN,5,199,O=C(Cc1cccs1)NNC(=S)NC(=O)c1ccc(F)c(F)c1,0,23,0.5005322098731995,0.49946779012680054
Plain-GCN,5,200,COc1cc(C(=O)N2CC3CCC2[C@@H]3N)cc2nc(-c3cc4ccc(-c5ccc6c(c5)C(=O)NCC6)nc4n3CC3CC3)n(C)c12,1,46,0.6376906037330627,0.36230939626693726
Plain-GCN,5,201,COc1cc(C(=O)N2CC3CCC2[C@@H]3N)cc2nc(-c3cc4ccc(C(C)O)cc4n3CC3CC3)n(Cc3cnn(C)c3)c12,1,44,0.5139636993408203,0.4860363006591797
Plain-GCN,5,202,Cc1cc(C)c(Nc2cc(S(=O)(=O)[O-])c(N)c3c2C(=O)c2ccccc2C3=O)c(C)c1.[Na+],0,32,0.4443025290966034,0.5556974709033966
Plain-GCN,5,203,CCCc1c(-c2nc3cc(C(=O)N4CCC[C@@H](N)C4)ccc3n2C)cnn1-c1ccccc1,0,33,0.3446490168571472,0.6553509831428528
Plain-GCN,5,204,Cc1ccc(OCCC(=O)NNC(=O)c2cc(C)oc2C)cc1,0,23,0.6887302398681641,0.31126976013183594
Plain-GCN,5,205,CC1(C)NC(=O)N(CCc2nn[nH]n2)C1=O,1,16,0.656528115272522,0.343471884727478
Plain-GCN,5,206,CCOC(=O)c1sc(NC(=O)CSc2nc(O)c(Cc3ccccc3)c(=O)[nH]2)nc1C,0,31,0.5921363234519958,0.40786367654800415
Plain-GCN,5,207,NS(=O)(=O)c1ccc(S(=O)(=O)c2ccccc2)nc1,0,19,0.49175384640693665,0.5082461535930634
Plain-GCN,5,208,Nc1nnc2c(n1)CCCC2,0,11,0.7368068099021912,0.26319319009780884
Plain-GCN,5,209,O=C(COc1ccccc1)Nc1nc(-c2ccc(S(=O)(=O)N3CCOCC3)cc2)cs1,0,31,0.6110345125198364,0.3889654874801636
Plain-GCN,5,210,CN1CN(C)c2ccc([N+](=O)[O-])c3cccc1c23,0,18,0.6605054140090942,0.33949458599090576
Plain-GCN,5,211,COc1cc(C(=O)N2C[C@H](N)C[C@@H](F)C2)cc2nc(-c3cc4ccc(-c5ccc6c(c5)C(=O)NCC(=O)N6)nc4n3CC3CC3)n(C)c12,1,48,0.48974958062171936,0.5102504193782806
Plain-GCN,5,212,CCOC(=O)CSc1cc(C)nc2ccc(OC)cc12,0,20,0.6103693842887878,0.38963061571121216
Plain-GCN,5,213,CCc1cc(NC(C)=O)ncc1-c1ccc2cc(-c3nc4cc(C(=O)N5C[C@H](N)C[C@@H](F)C5)cc(OC)c4n3C)n(CC3CC3)c2n1,1,47,0.5682748556137085,0.4317251443862915
Plain-GCN,5,214,O=C(NCc1ccccc1)C(c1ccccc1)N(Cc1cccs1)C(=O)c1cnccn1,0,32,0.612082839012146,0.387917160987854
Plain-GCN,5,215,COc1cc(C(=O)N2CC3CCC2[C@@H]3N)cc2nc(-c3cc4ccc(Oc5cc(C)nc(C)c5)nc4n3CC3CC3)n(C)c12,1,44,0.498339980840683,0.501660019159317
Plain-GCN,5,216,CC(=O)OCc1nc2ccccc2s1,0,14,0.6270475387573242,0.3729524612426758
Plain-GCN,5,217,COc1cc(C(=O)N2CC3CCC2[C@@H]3N)cc2nc(-c3cc4ccc(-c5cn(C)nc5-c5ccc(F)cc5)nc4n3CC3CC3)n(C)c12,1,48,0.4889427125453949,0.5110572874546051
Plain-GCN,5,218,COc1cc(/C=N/NC(=O)C(=O)/C=C2\NC(C)(C)Cc3ccccc32)ccc1O,0,29,0.39387279748916626,0.6061272025108337
Plain-GCN,5,219,Cc1cc(C)nc(/N=C(\N)Nc2ccc3c(c2)OCCO3)n1,0,22,0.5966911911964417,0.40330880880355835
Plain-GCN,5,220,CCN1CCN(c2ccc(N3CCN(C(=O)c4ccc(Br)o4)CC3)nn2)CC1,0,28,0.6986813545227051,0.3013186454772949
Plain-GCN,5,221,O=C(C1=C[C@H](C2CC2)C[C@H](OCCCCO)O1)N1CCN(Cc2ccc3c(c2)OCO3)CC1,0,33,0.5820608735084534,0.41793912649154663
Plain-GCN,5,222,COc1cc(C(=O)N2C[C@H]3CC[C@@H]2[C@@H]3N)cc2nc(-c3ccc(C#N)n3CC3CC3)n([C@@H](C)c3ccccn3)c12,0,40,0.4423961043357849,0.5576038956642151
Plain-GCN,5,223,COc1cccc(CNS(=O)(=O)c2c(C)[nH]c(C)c2C(=O)N2CCCCC2)c1,0,28,0.5796235203742981,0.4203764796257019
Plain-GCN,5,224,COc1cc(-c2ccc3cc(-c4nc5cc(C(=O)N6C[C@H]7CC[C@@H]6[C@@H]7N)cc(OC)c5n4C)n(CC4CC4)c3n2)ccc1F,1,44,0.5240602493286133,0.4759397506713867
Plain-GCN,5,225,COc1cc(C(=O)N2CC3CCC2[C@@H]3N)cc2nc(-c3cc4ccc(N5CC6(CCS6(=O)=O)C5)cc4n3CC3CC3)n(C)c12,1,44,0.5258755683898926,0.4741244316101074
Plain-GCN,5,226,COc1cc(C(=O)N2C[C@H](N)C[C@@H](F)C2)cc2nc(-c3cc4ccc(-c5ccn6nc(C)cc6n5)nc4n3CC3CC3)n(C)c12,1,45,0.48958107829093933,0.5104189217090607
Plain-GCN,5,227,CC1CCN(C(=O)C2CCN(S(=O)(=O)c3cccc4nonc34)CC2)CC1,0,27,0.5059996247291565,0.4940003752708435
Plain-GCN,5,228,COc1cc(C(=O)N2CC3CCC2[C@@H]3N)cc2nc(-c3cc4ccc(N5CCNCC5=O)cc4n3CC3CC3)n(C)c12,1,42,0.5491570830345154,0.4508429169654846
Plain-GCN,5,229,COc1ccc(-n2c(CNC(=O)c3ccc(S(=O)(=O)N4CCCC4)cc3)n[nH]c2=S)cc1,0,32,0.5912563800811768,0.40874361991882324
Plain-GCN,5,230,CC(=O)c1ccccc1NC(=O)CC1(CC(=O)O)CCCCC1,0,23,0.5108146071434021,0.4891853928565979
Plain-GCN,5,231,COc1cc(C(=O)NC(C)C2CC3CCC2C3)cc(OC)c1OC,0,24,0.43129658699035645,0.5687034130096436
Plain-GCN,5,232,COc1cc(C(=O)N2CC3CCC2[C@@H]3N)cc2nc(-c3cc4ccc(Nc5cc(=O)[nH]cn5)nc4n3CC3CC3)n(C)c12,1,43,0.5225180387496948,0.4774819612503052
Plain-GCN,5,233,O=C(N/C(=C/c1ccccc1F)C(=O)N1CCCCC1)c1ccccc1,0,26,0.4894010126590729,0.5105989873409271
Plain-GCN,5,234,O=C(COC(=O)c1ccc([N+](=O)[O-])s1)NNC(=O)c1ccccc1,0,24,0.6106204986572266,0.38937950134277344
Plain-GCN,5,235,Cn1c2c(c(=O)n(C)c1=O)C(CC(=O)Nc1ccccc1F)C(=O)N2,0,25,0.5800620913505554,0.4199379086494446
Plain-GCN,5,236,O=C(COc1ccccc1)N/N=C/c1sc(=O)n(Cc2cccc(C(=O)O)c2)c1Cl,0,30,0.5895355343818665,0.41046446561813354
Plain-GCN,5,237,CCN(CC)C(=S)SCC(=O)c1ccc(F)cc1,0,18,0.6198326349258423,0.3801673650741577
Plain-GCN,5,238,O=C(NC(=S)NNC(=O)c1ccccc1[N+](=O)[O-])c1ccc(Br)cc1,0,25,0.6747552156448364,0.3252447843551636
Plain-GCN,5,239,CCn1c(SCC(=O)NC2=NCCS2)nnc1C(C)NC(=O)c1ccccc1F,0,29,0.5275306701660156,0.4724693298339844
Plain-GCN,5,240,COc1cc(C(=O)N2CC3CCC2[C@@H]3N)cc2nc(-c3cc4ccc(-c5cnc(NC(C)=O)cc5Cl)nc4n3CC3CC3)n(C)c12,1,46,0.5297536253929138,0.4702463746070862
Plain-GCN,5,241,COc1cc(C(=O)N2C[C@H](N)C[C@@H](F)C2)cc2nc(-c3cc4ccc(C5=CC(C(F)(F)F)=CC6=NC(=O)NC56)nc4n3CC3CC3)n(C)c12,1,49,0.5337228178977966,0.46627718210220337
Plain-GCN,5,242,CCCc1cc2c(=O)c(-c3ccccn3)c(C)oc2cc1O,0,22,0.5412837862968445,0.4587162137031555
Plain-GCN,5,243,O=C(NCc1csc(-c2cccs2)n1)C1CCC1,0,18,0.5793416500091553,0.4206583499908447
Plain-GCN,5,244,Cc1cc(/C=C(\C#N)c2nnc(N3CCOCC3)n2-c2ccccc2)c(C)n1-c1ccccc1,0,34,0.519336462020874,0.480663537979126
Plain-GCN,5,245,COC1=CC(=O)c2ccccc2C1=O,0,14,0.500747799873352,0.49925220012664795
Plain-GCN,5,246,COC(=O)c1ccc(NC(=O)CSc2nc3cccnc3n2C)cc1,0,25,0.5838184356689453,0.4161815643310547
Plain-GCN,5,247,COC(=O)CNC(=O)COc1ccc(-c2ccc3cc(-c4nc5cc(C(=O)N6CC7CCC6[C@@H]7N)cc(OC)c5n4C)n(CC4CC4)c3n2)cc1,1,51,0.4440884292125702,0.5559115707874298
Plain-GCN,5,248,O=C1CCN2C=Nc3cccc4ccc1c2c34,0,17,0.5544130802154541,0.4455869197845459
Plain-GCN,5,249,O=C(O)CCSc1ccc([N+](=O)[O-])cc1[N+](=O)[O-],0,18,0.7635393142700195,0.23646068572998047
Plain-GCN,5,250,COc1cc(C(=O)N2C[C@H](N)C[C@@H](F)C2)cc2nc(-c3cc4ccc(-c5ccc(N6CCCC6=O)cc5)nc4n3CC3CC3)n(C)c12,1,47,0.4531934857368469,0.5468065142631531
Plain-GCN,5,251,Cc1cc(OCC(=O)N2CCOCC2)ccc1NC(=O)c1ccccc1C,0,27,0.6373851895332336,0.36261481046676636
Plain-GCN,5,252,CCc1c(O)nc(SCc2nc3ccccc3c(=O)[nH]2)[nH]c1=O,0,23,0.6471686959266663,0.35283130407333374
Plain-GCN,5,253,COC(=O)C1=C(N)Oc2cc(N(C)C)ccc2C1c1ccccc1OC,0,26,0.5773148536682129,0.4226851463317871
Plain-GCN,5,254,Cc1ccc(C2CC(=O)Oc3cc(O)ccc32)cc1,0,19,0.5541812181472778,0.44581878185272217
Plain-GCN,5,255,Cc1ccc(C)c(-n2nnnc2SCC(=O)Nc2cccc(-c3nnc4n3CCCCC4)c2)c1,0,34,0.5220898985862732,0.4779101014137268
Plain-GCN,5,256,Cc1csc(CNc2ncnc3ccc(-c4ccc5c(c4)OCO5)cc23)c1,0,27,0.4421781003475189,0.5578218996524811
Plain-GCN,5,257,COc1cc(C(=O)N2C[C@H](N)C[C@@H](F)C2)cc2nc(-c3cc4ccc(-c5cnc(C#N)nc5)nc4n3CC3CC3)n(C)c12,1,43,0.7179076671600342,0.2820923328399658
Plain-GCN,5,258,COC(=O)C(Cc1csc2ccc(Cl)cc12)NC(=O)c1ccc(Cl)cc1,0,26,0.4406595528125763,0.5593404471874237
Plain-GCN,5,259,CCN1C(=NCc2ccco2)N[C@@H](c2cccc(F)c2)C(C(=O)OC)=C1C,0,27,0.575042188167572,0.424957811832428
Plain-GCN,5,260,CC1(C)CC(=O)c2c(O)cc(OCC(=O)Nc3ccc(S(N)(=O)=O)cc3)cc2O1,0,29,0.48452022671699524,0.5154797732830048
Plain-GCN,5,261,Cc1c(C(c2cccs2)c2c(C)n(C)n(-c3ccccc3)c2=O)c(=O)n(-c2ccccc2)n1C,0,34,0.6999841332435608,0.3000158667564392
Plain-GCN,5,262,Cn1c(-n2nccc2-c2ccccc2)nc2cc(C(=O)N3CCC[C@@H](N)C3)ccc21,0,30,0.43924322724342346,0.5607567727565765
Plain-GCN,5,263,Cc1ccc(C(C)NC(=O)Cc2cccs2)cc1C,0,19,0.5877565145492554,0.41224348545074463
Plain-GCN,5,264,COc1ccccc1CCC(=O)Nc1cc(S(=O)(=O)N2CCCCC2)ccc1N1CCN(C)CC1,0,35,0.617649257183075,0.38235074281692505
Plain-GCN,5,265,CC(C)CN1Cc2ccccc2Oc2cc(Br)ccc2S1(=O)=O,0,23,0.5682913661003113,0.4317086338996887
Plain-GCN,5,266,CCN(CC)S(=O)(=O)c1cc(C(=O)Oc2cccc(-c3cnc4ccccc4n3)c2)ccc1OC,0,35,0.5850254893302917,0.41497451066970825
Plain-GCN,5,267,CCOc1ccc(C(=O)N/N=C/c2cccc3cccnc23)cc1,0,24,0.6004446744918823,0.3995553255081177
Plain-GCN,5,268,CC1(c2nnc(-c3cccc(Cl)c3)o2)CC(c2ccc(C#N)cc2)=NO1,0,26,0.45049402117729187,0.5495059788227081
Plain-GCN,5,269,O=C(NC(=S)N(Cc1ccccc1)c1ccccn1)C1CC1,0,22,0.6272450685501099,0.37275493144989014
Plain-GCN,5,270,O=C(Nc1ccc(S(=O)(=O)Nc2nccs2)cc1)C1CC(=O)N(c2ccc(Cl)cc2)C1,0,31,0.6293407082557678,0.3706592917442322
Plain-GCN,5,271,CCCCN(Cc1ccco1)C(=O)Cn1ncc2c(=O)oc3ccc(C)cc3c21,0,29,0.6029936075210571,0.39700639247894287
Plain-GCN,5,272,COc1cc(C(=O)N2C[C@H](N)C[C@@H](F)C2)cc2nc(-c3cc4ccc(-c5ccc(C(N)=O)nc5C)nc4n3CC3CC3)n(C)c12,1,45,0.503071129322052,0.496928870677948
Plain-GCN,5,273,Cc1sc2nc(SCc3nc(-c4cccs4)no3)n(-c3ccccc3)c(=O)c2c1C,0,30,0.531000018119812,0.468999981880188
Plain-GCN,5,274,COC(=O)C1=C(C(=O)OC)C(c2ccc(OC)c(OC)c2)c2sc(=O)[nH]c2S1,0,28,0.6019302010536194,0.3980697989463806
Plain-GCN,5,275,COc1cc(C(=O)N2C[C@H](N)C[C@@H](F)C2)cc2nc(-c3cc4ccc(-c5cccc(O)c5Cl)nc4n3CC3CC3)n(C)c12,1,43,0.5206498503684998,0.47935014963150024
Plain-GCN,5,276,Cc1c(-c2cc3cccc(Cl)c3n2Cc2ccc(F)cc2)nc2cc(C(=O)N3CCC[C@@H](N)C3)ccn12,1,37,0.37218886613845825,0.6278111338615417
Plain-GCN,5,277,CCOc1c(Br)cc(CNc2ccc(N3CCOCC3)cc2)cc1OC,0,26,0.6418798565864563,0.3581201434135437
Plain-GCN,5,278,CC(C)(C)OC(=O)NCCC(=O)N/N=C/c1cccc2nccnc12,0,25,0.5217627882957458,0.47823721170425415
Plain-GCN,5,279,CC(CNC(=O)C1CCCCC1C(=O)O)c1ccccc1,0,21,0.4578838050365448,0.5421161949634552
Plain-GCN,5,280,COC(=O)c1cc(C(=O)OCC(=O)NCc2cccs2)cc([N+](=O)[O-])c1,0,26,0.5605436563491821,0.43945634365081787
Plain-GCN,5,281,CCCCCCCCCCCCN1[C@@H](CC(=O)O)c2cc(C(F)(F)F)ccc2S1(=O)=O,0,31,0.667888343334198,0.332111656665802
Plain-GCN,5,282,CCOC(=O)N1CCN(C(=O)c2c(-c3ccccc3)noc2C)CC1,0,25,0.5350189208984375,0.4649810791015625
Plain-GCN,5,283,CCn1c(N)[n+](CC(=O)Nc2ccc(SC(F)F)cc2)c2ccccc21.[Cl-],0,27,0.5064743161201477,0.4935256838798523
Plain-GCN,5,284,CC1=CC(=O)C2=C(C)CC[C@@H]3[C@H](OC(=O)[C@H]3C)[C@@H]12,0,18,0.7707655429840088,0.2292344570159912
Plain-GCN,5,285,CC(C)CCOc1cccc(OCC(=O)NC2CCS(=O)(=O)C2)c1,0,24,0.5854563117027283,0.41454368829727173
Plain-GCN,5,286,NNC(=O)c1ccc(N2CCc3ccccc32)c([N+](=O)[O-])c1,0,22,0.5190565586090088,0.4809434413909912
Plain-GCN,5,287,COc1cc(C(=O)N2CC3CCC2[C@@H]3N)cc2nc(-c3cc4ccc(C5CNNC5OC)nc4n3CC3CC3)n(C)c12,1,42,0.5965519547462463,0.40344804525375366
Plain-GCN,5,288,CCOc1ccc(N2C(=O)/C(=C/c3cc(OC)c(OC)c(OC)c3)N(CC(=O)OC)C2=S)cc1,0,34,0.5281067490577698,0.4718932509422302
Plain-GCN,5,289,CN(C)S(=O)(=O)c1cc(NC(=O)CN2CCN(c3ccccc3O)CC2)ccc1Cl,0,30,0.6268121600151062,0.3731878399848938
Plain-GCN,5,290,CNC(=O)NC1CCCCc2sccc21,0,15,0.5649244785308838,0.4350755214691162
Plain-GCN,5,291,CC1(OC(=O)C2CCCC2)C(=O)C=C2C=C(c3ccsc3)N(CC3CC3)C=C2C1=O,0,30,0.5350226163864136,0.4649773836135864
Plain-GCN,5,292,COc1ccc(Oc2nnnn2-c2ccccc2)cc1,0,20,0.6324701905250549,0.36752980947494507
Plain-GCN,5,293,COc1cc(C(=O)N2CC3CCC2[C@@H]3N)cc2nc(-c3cc4ccc(-c5cnn(C)c5-c5ccc(F)cc5)nc4n3CC3CC3)n(C)c12,1,48,0.5279426574707031,0.4720573425292969
Plain-GCN,5,294,CC(C)OCCCNC(=O)C1CC(=O)N(C2CCCCCCC2)C1,0,24,0.6382769346237183,0.36172306537628174
Plain-GCN,5,295,COc1ccc(-n2c(C)n[nH]c2=O)cc1OC,0,17,0.690822184085846,0.30917781591415405
Plain-GCN,5,296,COc1cc(C(=O)N2CC3CCC2[C@@H]3N)cc2nc(-c3cc4ccc(C5CNC(=O)NC5=O)nc4n3CC3CC3)n(C)c12,1,43,0.6395564079284668,0.3604435920715332
Plain-GCN,5,297,Cc1ccc(CC(CC(=O)NCCc2ccc3c(c2)OCO3)C(=O)O)cc1,0,27,0.5755900144577026,0.42440998554229736
Plain-GCN,5,298,O=C(CSc1nnc(CNc2ccc(Cl)cc2)n1Cc1ccccc1)NCc1ccco1,0,32,0.5959587097167969,0.4040412902832031
Plain-GCN,5,299,Cc1ccc(S(=O)(=O)NNC(=O)C(=O)NNc2ccccn2)cc1,0,24,0.5738574862480164,0.42614251375198364
Plain-GCN,5,300,CCOC(=O)c1[nH]c2ccc(F)cc2c1NC(=O)c1cc(OC)c(OC)c(OC)c1,0,30,0.5015479326248169,0.4984520673751831
Plain-GCN,5,301,COc1cc(C(=O)N2CC3CCC2C3)cc2nc(-c3cc4ccc(N(C)C)cc4n3CC3CC3)n(C)c12,1,37,0.48777318000793457,0.5122268199920654
Plain-GCN,5,302,CCOc1ccc2nc(N/C(N)=N/C(=S)Nc3ccc(C)c(C)c3)nc(C)c2c1,0,29,0.5938806533813477,0.40611934661865234
Plain-GCN,5,303,CCOc1cc(/C=C\c2[nH]c(=O)[nH]c(=O)c2[N+](=O)[O-])ccc1OC(C)CC,0,27,0.6053147912025452,0.39468520879745483
Plain-GCN,5,304,Cc1nc(SCC(=O)N(C)C2(C#N)CCCCC2)c2ccccc2n1,0,25,0.5163564085960388,0.4836435914039612
Plain-GCN,5,305,Cc1noc(C(F)(F)F)c1C(=O)NNC(=O)c1ccccc1,0,22,0.4788134694099426,0.5211865305900574
Plain-GCN,5,306,COc1cc(C(=O)N2C[C@H](N)C[C@@H](F)C2)cc2nc(-c3cc4ccc(-c5ccc(C(N)=O)cc5Cl)nc4n3CC3CC3)n(C)c12,1,45,0.5047292113304138,0.4952707886695862
Plain-GCN,5,307,COC(=O)c1cc(-c2ccc3cc(-c4nc5cc(C(=O)N6CC7CCC6[C@@H]7N)cc(OC)c5n4C)n(CC4CC4)c3n2)n(C)n1,1,45,0.5268211960792542,0.47317880392074585
Plain-GCN,5,308,Cc1cc2cc(CNC(=O)c3cccs3)ccc2n1C,0,20,0.4734021723270416,0.5265978276729584
Plain-GCN,5,309,C=CCSc1nnc(CNC(=O)c2ccc(Cl)cc2)n1CC,0,22,0.6114300489425659,0.3885699510574341
Plain-GCN,5,310,O=C(NC1CCCC1)NS(=O)(=O)c1ccccc1Cl,0,19,0.49837231636047363,0.5016276836395264
Plain-GCN,5,311,CC(=O)Nc1ccc2c(c1)CCCC2,0,14,0.569562554359436,0.43043744564056396
Plain-GCN,5,312,Cc1ccc2c(CN3CCOCC3)cc(=O)oc2c1C,0,20,0.4651957154273987,0.5348042845726013
Plain-GCN,5,313,CC(=O)NCCNC(=O)CCNC(=O)c1ccc(Cl)cc1,0,21,0.5142741203308105,0.48572587966918945
Plain-GCN,5,314,COc1cc(C(=O)N2CC3CCC2[C@@H]3N)cc2nc(-c3cc4ccc(C5=CC=CC6=NC(=O)C=CC56)nc4n3CC3CC3)n(C)c12,1,46,0.7066171169281006,0.2933828830718994
Plain-GCN,5,315,Cn1ccnc1C(=O)c1ccccc1Cl,0,15,0.6570064425468445,0.3429935574531555
Plain-GCN,5,316,COc1ccc(-c2cc(=O)[nH][nH]2)cc1,0,14,0.8214643001556396,0.17853569984436035
Plain-GCN,5,317,O=C(C1=C[C@@H](c2ccc(C(F)(F)F)cc2)C[C@@H](OCc2ccc(CO)cc2)O1)N1CCN(Cc2ccc3c(c2)OCO3)CC1,0,44,0.5287159085273743,0.47128409147262573
Plain-GCN,5,318,COc1cc(/C=N/Nc2ccccc2[N+](=O)[O-])ccc1OC(=O)c1ccccc1F,0,30,0.5686554312705994,0.43134456872940063
Plain-GCN,5,319,Cc1ccccc1Cn1ccc(NC(=O)c2onc(C)c2Cl)n1,0,23,0.4973306357860565,0.5026693642139435
Plain-GCN,5,320,CCOc1ccc(N(C(=O)c2cnsn2)C(C(=O)NC2CCCCC2)c2ccncc2)cc1,0,33,0.5249612331390381,0.4750387668609619
Plain-GCN,5,321,COc1ccc(-c2nn(-c3ccccc3)cc2C(=O)NC(=S)NNC(=O)c2ccncc2)cc1,0,34,0.6633937358856201,0.3366062641143799
Plain-GCN,5,322,COc1cc(C(=O)N2CC3CCC2[C@@H]3N)cc2nc(-c3cc4ccc(-c5cnc(C#N)cc5C)nc4n3CC3CC3)n(C)c12,1,44,0.6933891773223877,0.3066108226776123
Plain-GCN,5,323,COc1cc([N+](=O)[O-])c(OC)cc1SCc1n[nH]c(=S)n1-c1ccc(F)cc1,0,28,0.6291838884353638,0.37081611156463623
Plain-GCN,5,324,Cc1sc2ncn(CC(=O)NCC(=O)N3CCN(c4ccccc4F)CC3)c(=O)c2c1C,0,32,0.5245703458786011,0.4754296541213989
Plain-GCN,5,325,CCCC[n+]1c(C)sc2cc(OC)ccc21.[I-],0,17,0.566634476184845,0.43336552381515503
Plain-GCN,5,326,COc1cc(C(=O)N2CC3CCC2[C@@H]3N)cc2nc(-c3cc4ccc(N5CCC(O)(c6ccccc6)C5)nc4n3CC3CC3)n(C)c12,1,47,0.47193172574043274,0.5280682742595673
Plain-GCN,5,327,COc1cc(C(=O)N2CC3CCC2[C@@H]3N)cc2nc(-c3cc4ccc(-c5ccc6c(c5)CCNC6=O)nc4n3CC3CC3)n(C)c12,1,46,0.619944155216217,0.38005584478378296
Plain-GCN,5,328,NS(=O)(=O)c1cc(C(=O)NNC(=O)c2ccc3c(c2)OCO3)ccc1Cl,0,26,0.604752779006958,0.395247220993042
Plain-GCN,5,329,Fc1ccc(OCc2nnc(-c3ccccc3Br)o2)c(Cl)c1,0,22,0.5733819603919983,0.4266180396080017
Plain-GCN,5,330,COc1cc(C(=O)N2C[C@H](N)C[C@@H](F)C2)cc2nc(-c3cc4ccc(-c5cnc6c(c5)C(=O)NC6)nc4n3CC3CC3)n(C)c12,1,45,0.6954010128974915,0.30459898710250854
Plain-GCN,5,331,COc1cc(C(=O)N2C[C@H](N)C[C@@H](F)C2)cc2nc(-c3cc4ccc(-c5ccc(N6CCC(O)C6=O)c(C)n5)nc4n3CC3CC3)n(C)c12,1,49,0.44383561611175537,0.5561643838882446
Plain-GCN,5,332,CCc1ccc(S(=O)(=O)Nc2ccc(O)c3ccccc23)cc1,0,23,0.6037366390228271,0.39626336097717285
Plain-GCN,5,333,COC(=O)c1sc2ccccc2c1NC(=O)c1ccc(S(=O)(=O)N2CC(C)CC(C)C2)cc1,0,33,0.41875579953193665,0.5812442004680634
Plain-GCN,5,334,CCCS(=O)(=O)c1csc(C(=O)OC)c1N,0,16,0.522150456905365,0.477849543094635
Plain-GCN,5,335,O=c1[nH]c(Nc2ccccn2)cc2ccccc12,0,18,0.7360551953315735,0.2639448046684265
Plain-GCN,5,336,CS(=O)(=O)N(CC(=O)N1CCOCC1)Cc1ccc(Cl)cc1,0,22,0.6042323112487793,0.3957676887512207
Plain-GCN,5,337,COc1ccc(OCC(=O)Nc2ccccc2C(=O)Nc2ccc(C(=O)O)cc2)cc1,0,31,0.6774097681045532,0.3225902318954468
Plain-GCN,5,338,COc1cc(C(=O)N2CC3CCC2[C@@H]3N)cc2nc(-c3cc4ccc(-c5cn[nH]c5C)cc4n3CC3CC3)n(C)c12,1,41,0.5696939826011658,0.43030601739883423
Plain-GCN,5,339,Cc1ccccc1OC(C)C(=O)NCCC1=CCCCC1,0,21,0.5405479073524475,0.4594520926475525
Plain-GCN,5,340,CCOc1ccc(N(CC(=O)N/N=C/c2cc([N+](=O)[O-])ccc2Cl)S(C)(=O)=O)cc1,0,30,0.619526743888855,0.380473256111145
Plain-GCN,5,341,COc1cc(C(=O)N2CC3CCC2[C@@H]3N)cc2nc(-c3cc4ccc(-c5ccc(S(C)(=O)=O)nc5)nc4n3CC3CC3)n(C)c12,1,45,0.5527574419975281,0.4472425580024719
Plain-GCN,5,342,O=C1CN(S(=O)(=O)c2cc(C(=O)O)ccc2Cl)c2ccccc2N1,0,24,0.5089276432991028,0.4910723567008972
Plain-GCN,5,343,CC(=O)c1ccc(OCc2cc(C(=O)NCCN3CCCC(O)C3)no2)cc1,0,28,0.6026192903518677,0.3973807096481323
Plain-GCN,5,344,CSC1=NC(C)(C)CC2(C)Nc3ccccc3N12,0,18,0.4446396231651306,0.5553603768348694
Plain-GCN,5,345,S=c1[nH]nc(-c2c[nH]c3ccccc23)o1,0,15,0.681446373462677,0.318553626537323
Plain-GCN,5,346,CC(C)c1nc(SCC(=O)N2CC(=O)Nc3ccccc32)c2ccccc2n1,0,28,0.6373520493507385,0.3626479506492615
Plain-GCN,5,347,COc1cc(C(=O)N2CC3CCC2[C@@H]3N)cc2nc(-c3cc4ccc(N5CCC(S(C)(=O)=O)CC5)cc4n3CC3CC3)n(C)c12,1,45,0.48241403698921204,0.517585963010788
Plain-GCN,5,348,COc1cc(C(=O)N2C[C@H](N)C[C@@H](F)C2)cc2nc(-c3cc4ccc(CCN5CCOC5=O)nc4n3CC3CC3)n(C)c12,1,43,0.5208772420883179,0.47912275791168213
Plain-GCN,5,349,Cc1cccc(-c2nc3ccccc3c(=O)n2NC(=O)c2ccc([N+](=O)[O-])c(C)c2)c1,0,31,0.6479367613792419,0.35206323862075806
Plain-GCN,5,350,CN(C)C(CNC(=O)C1CCN(S(=O)(=O)c2cccc(Cl)c2Cl)CC1)c1ccccc1,0,31,0.5954655408859253,0.4045344591140747
Plain-GCN,5,351,Cn1sc(=O)c2cc(S(=O)(=O)NC3CC3)ccc21,0,18,0.6648436188697815,0.3351563811302185
Plain-GCN,5,352,CCCc1c(C(=O)N/N=C/c2ccc(OC)c(OCc3ccccc3)c2)nnn1-c1nonc1N,0,35,0.5823980569839478,0.41760194301605225
Plain-GCN,5,353,CCNC(=O)c1c(NC(=O)C2COc3ccccc3O2)sc2c1CCCC2,0,27,0.637315034866333,0.362684965133667
Plain-GCN,5,354,COc1cc2nc(N(CCCN(C)C)C(=O)c3ccc(S(=O)(=O)N4CCc5ccccc54)cc3)sc2cc1OC.Cl,0,41,0.5303568243980408,0.46964317560195923
Plain-GCN,5,355,COc1cc(C(=O)N2CC3CCC2[C@@H]3N)cc2nc(-c3cc4ccc(-c5ccc6nnnn6c5)nc4n3CC3CC3)n(C)c12,1,44,0.5606417655944824,0.4393582344055176
Plain-GCN,5,356,CNC(=O)n1ccc(C(=O)N2CCCCC2)n1,0,17,0.7276598811149597,0.2723401188850403
Plain-GCN,5,357,CC(NC(=O)c1ccccc1)C(=O)OCC(=O)c1ccc(Br)cc1,0,24,0.5445588827133179,0.45544111728668213
Plain-GCN,5,358,CCOC(=O)c1ccc(NC(=O)CSc2nc3cccnc3n2C)cc1,0,26,0.6302679181098938,0.3697320818901062
Plain-GCN,5,359,O=C(COc1ccc(S(=O)(=O)N2CCCC2)cc1)NCc1cccnc1,0,26,0.5694274306297302,0.4305725693702698
Plain-GCN,5,360,COC(=O)C1=C(C(=O)OC)SC2(S1)C(C(=O)OC)=C(C(=O)OC)SC1=C2c2cc(C)cc(C)c2NC1(C)C,0,38,0.5606094598770142,0.43939054012298584
Plain-GCN,5,361,COC(=O)c1cn(C(=O)c2cc(OC)cc(OC)c2)c2ccccc12,0,25,0.45749858021736145,0.5425014197826385
Plain-GCN,5,362,COc1ccc(Cn2c(-c3nc4cc(C(=O)N5CCC[C@@H](N)C5)ccn4c3C)cc3ccccc32)nc1,1,37,0.3446509540081024,0.6553490459918976
Plain-GCN,5,363,COc1ccc(/C=N/n2c(=O)c(C(C)(C)C)nn3cnnc23)cc1,0,24,0.63863205909729,0.36136794090270996
Plain-GCN,5,364,COc1cccc2cc(C(=O)NC3CC(C)(C)NC(C)(C)C3)c(=O)oc12,0,26,0.5252151489257812,0.47478485107421875
Plain-GCN,5,365,COc1ccc(C(=O)NCCc2ccc(C(F)(F)F)cc2)cc1S(=O)(=O)N1CCOCC1,0,32,0.525775671005249,0.474224328994751
Plain-GCN,5,366,O=C(O)CN1C(=O)/C(=C\c2ccccc2OCc2ccc(Cl)cc2Cl)SC1=S,0,28,0.6596135497093201,0.34038645029067993
Plain-GCN,5,367,Cc1cc(C)cc(-n2ccnc2SCC(=O)Nc2cccc(S(=O)(=O)NC3=NCCC3)c2)c1,0,33,0.5476158857345581,0.4523841142654419
Plain-GCN,5,368,O=C(NNC(=O)c1cccc(C(F)(F)F)c1)c1ccc(-n2cnnn2)cc1,0,27,0.5500996112823486,0.44990038871765137
Plain-GCN,5,369,Cc1c(-c2cc3ccccc3n2CC2CC2)nc2cc(C(=O)N3CCC4OCCNC4C3)ccn12,1,35,0.3782593011856079,0.6217406988143921
Plain-GCN,5,370,COc1cc(C(=O)N2CC3CCC2[C@@H]3N)cc2nc(-c3cc4ccc(-c5nnnn5C)nc4n3CC3CC3)n(C)c12,1,41,0.5597430467605591,0.4402569532394409
Plain-GCN,5,371,Cc1sc2nc(-c3ccco3)oc(=O)c2c1C,0,17,0.5455771088600159,0.45442289113998413
Plain-GCN,5,372,Cc1cc(C(C#N)c2ccccc2)n2ncnc2n1,0,19,0.517244815826416,0.482755184173584
Plain-GCN,5,373,O=C(C1CCCO1)N1CCN(S(=O)(=O)c2ccc(Cl)cc2)CC1,0,23,0.6210163235664368,0.37898367643356323
Plain-GCN,5,374,Cn1c(-c2cncn2CC2CC2)nc2cc(C(=O)N3CCC[C@@H](N)C3)ccc21,0,28,0.3967706859111786,0.6032293140888214
Plain-GCN,5,375,COc1cc(C(=O)N2CC3CCC2[C@@H]3N)cc2nc(-c3cc4ccc(-c5ccnc(F)c5C)nc4n3CC3CC3)n(C)c12,1,43,0.6375702023506165,0.36242979764938354
Plain-GCN,5,376,O=C(Oc1cccc([N+](=O)[O-])c1)c1ccc2c(=O)n3c(nc2c1)CCC3,0,26,0.558354377746582,0.44164562225341797
Plain-GCN,5,377,COCCn1nnnc1SCC(=O)N1CCCCC1,0,19,0.6125262379646301,0.3874737620353699
Plain-GCN,5,378,Cc1ccc([N+](=O)[O-])c(C(=O)N/N=C/c2cccnc2)c1,0,21,0.5390452742576599,0.4609547257423401
Plain-GCN,5,379,c1ccc2c(CNC3CCCCC3)c[nH]c2c1,0,17,0.45064759254455566,0.5493524074554443
Plain-GCN,5,380,COC(=O)c1ccc(-c2ncc[nH]2)cc1,0,15,0.5615124106407166,0.43848758935928345
Plain-GCN,5,381,O=S(=O)(/C=C/c1ccccc1)N1CCN(Cc2ccc3c(c2)OCO3)CC1,0,27,0.5291465520858765,0.47085344791412354
Plain-GCN,5,382,COc1ccc(Cl)cc1NC(=O)c1[nH]c(C)c(C(C)=O)c1C,0,22,0.6168156266212463,0.38318437337875366
Plain-GCN,5,383,COc1cccc(NC(=O)Nc2cccs2)c1,0,17,0.7182802557945251,0.28171974420547485
Plain-GCN,5,384,Cn1cnc([N+](=O)[O-])c1Sc1ccc(C(C)(C)C)cc1,0,20,0.7027485370635986,0.29725146293640137
Plain-GCN,5,385,CC(=O)Nc1c(O)nc(SCC(=O)Nc2sc3c(c2C#N)CCCCCC3)[nH]c1=O,0,30,0.6591896414756775,0.3408103585243225
Plain-GCN,5,386,COc1cc(C(=O)N2C[C@H](N)C[C@@H](F)C2)cc2nc(-c3cc4ccc(-c5cccc(F)c5C(=O)O)nc4n3CC3CC3)n(C)c12,1,45,0.5140288472175598,0.4859711527824402
Plain-GCN,5,387,COc1cc(C(=O)N2CC3CCC2[C@@H]3N)cc2nc(-c3cc4ccc(-c5cc(O)ccc5Cl)nc4n3CC3CC3)n(C)c12,1,43,0.5412619709968567,0.4587380290031433
Plain-GCN,5,388,CC(=O)Nc1ccc(NC(=O)C(C)OC(=O)CC2CCCCC2)cc1,0,25,0.5129557251930237,0.4870442748069763
Plain-GCN,5,389,N#Cc1ccc(N2Cc3ccccc3C2=NC(=O)c2cccs2)cc1,0,25,0.5712080001831055,0.42879199981689453
Plain-GCN,5,390,COc1cc(C(=O)N2CC3CCC2[C@@H]3N)cc2nc(-c3cc4ccc(-c5ccc(Cl)c(C(N)=O)c5)nc4n3CC3CC3)n(C)c12,1,45,0.5113322734832764,0.48866772651672363
Plain-GCN,5,391,Cc1[nH]n2c(=O)c3c(nc2c1-c1ccccc1)CCCC3,0,21,0.6170275211334229,0.38297247886657715
Plain-GCN,5,392,COc1ccc(N(C(=O)c2cccnc2)S(=O)(=O)c2cccc([N+](=O)[O-])c2)cc1,0,29,0.5489144325256348,0.45108556747436523
Plain-GCN,5,393,Cc1ccc(S(=O)(=O)NCCC(=O)Nc2ccc(S(=O)(=O)NC(C)C)cc2)cc1,0,29,0.6127336025238037,0.3872663974761963
Plain-GCN,5,394,O=S(=O)(c1ccc2ccccc2c1)N1CCN(S(=O)(=O)N2CCCCC2)CC1,0,28,0.5948972105979919,0.40510278940200806
Plain-GCN,5,395,O=c1cc(-c2ccc(Cl)cc2)[nH][nH]1,0,13,0.8645864725112915,0.1354135274887085
Plain-GCN,5,396,Cc1sc2ccccc2[n+]1CC(=O)O.[Br-],0,15,0.5730345249176025,0.42696547508239746
Plain-GCN,5,397,Cc1ccc(N(C(=O)c2cccs2)C2C=CS(=O)(=O)C2)cc1,0,22,0.6319413781166077,0.36805862188339233
Plain-GCN,5,398,CC(C)c1ccc(NC2CCCN(C(=O)CCN3CCOCC3)C2)cc1,0,26,0.4842992126941681,0.5157007873058319
Plain-GCN,5,399,COC1CCCN(C(=O)c2cccc(OC3CCN(S(=O)(=O)N(C)C)CC3)c2)C1,0,29,0.5415230393409729,0.4584769606590271
Plain-GCN,5,400,COc1cc(C(=O)N2C[C@H](N)C[C@@H](F)C2)cc2nc(-c3cc4ccc(-c5ccc(OCC(N)=O)cc5)nc4n3CC3CC3)n(C)c12,1,46,0.48038989305496216,0.5196101069450378
Plain-GCN,5,401,COc1ccc(CCNS(=O)(=O)c2cccc(C(=O)O)c2)cc1OC,0,25,0.6287883520126343,0.3712116479873657
Plain-GCN,5,402,COc1cc(C(=O)N2CC3CCC2[C@@H]3N)cc2nc(-c3cc4ccc(-c5cc(F)c6c(c5)CCC(=O)N6)cc4n3CC3CC3)n(C)c12,1,47,0.6418994665145874,0.3581005334854126
Plain-GCN,5,403,COc1cc(OC)cc(C2C(C#N)=C(N)Oc3n[nH]c(-c4cccnc4)c32)c1,0,28,0.5118467807769775,0.48815321922302246
Plain-GCN,5,404,Cc1sc2ccccc2[n+]1CCC(C)S(=O)(=O)[O-],0,18,0.5958578586578369,0.4041421413421631
Plain-GCN,5,405,Cc1cccc2sc(N(CCCN(C)C)C(=O)c3ccc4ncsc4c3)nc12,0,28,0.5345951914787292,0.46540480852127075
Plain-GCN,5,406,CN(C)CCCn1c(SCC(=O)N2c3ccccc3Sc3ccccc32)nc2ccccc2c1=O,0,35,0.6213439106941223,0.3786560893058777
Plain-GCN,5,407,C[C@H](CO)N1C[C@H](C)[C@@H](CN(C)Cc2ccc(C(=O)O)cc2)Oc2ccc(NS(=O)(=O)c3cn(C)cn3)cc2C1=O,0,41,0.574724018573761,0.425275981426239
Plain-GCN,5,408,O=C(Cc1cc(=O)[nH][nH]1)N/N=C/c1cccc(Cl)c1Cl,0,20,0.6854828000068665,0.31451719999313354
Plain-GCN,5,409,CN1CCc2c(sc3nc(SCC(N)=O)n(-c4ccccc4)c(=O)c23)C1,0,26,0.4752812385559082,0.5247187614440918
Plain-GCN,5,410,COc1ccc(OC)c(S(=O)(=O)Nc2ccccc2C(=O)O)c1,0,23,0.5624871253967285,0.4375128746032715
Plain-GCN,5,411,CCc1ccccc1N(CC)C(=O)c1cn(C)c(=O)c2cc(OC)c(OC)cc12,0,29,0.4862176179885864,0.5137823820114136
Plain-GCN,5,412,NC(=O)COC(=O)c1ccccc1Nc1ccc(SC(F)F)cc1,0,24,0.5867270827293396,0.4132729172706604
Plain-GCN,5,413,CCOC(=O)N1CCN(c2c(N3CCN(c4cccc(C(F)(F)F)c4)CC3)c(=O)c2=O)CC1,0,33,0.5925993919372559,0.40740060806274414
Plain-GCN,5,414,CCOC(=O)c1[nH]c(=O)c2ccccc2c1O,0,17,0.5607667565345764,0.4392332434654236
Plain-GCN,5,415,COc1cc(C(=O)N2CC3CCC2[C@@H]3N)cc2nc(-c3cc4ccc(-c5ccc(CS(C)(=O)=O)cc5F)nc4n3CC3CC3)n(C)c12,1,47,0.6314074993133545,0.3685925006866455
Plain-GCN,5,416,COc1ccc([N+](=O)[O-])cc1NC(=O)CCS(=O)(=O)c1ccc(Br)cc1,0,26,0.6024754047393799,0.3975245952606201
Plain-GCN,5,417,COc1cc(C(=O)N2[C@H]3CC[C@@H]2[C@H](N)C3)cc2nc(-c3cc4ccc([C@@H](C)NC(=O)N5CCO[C@@H](C)C5)nc4n3CC3CC3)c(C)n12,1,47,0.48090407252311707,0.5190959274768829
Plain-GCN,5,418,Cc1nn(Cc2c(F)c(F)c(F)c(F)c2F)c(C)c1NC(=O)c1c([N+](=O)[O-])c(C)nn1C,0,32,0.6250433921813965,0.3749566078186035
Plain-GCN,5,419,CCC(C)c1ccccc1NC(=O)CN1CCN(C/C=C/c2ccccc2)CC1,0,29,0.5428586006164551,0.4571413993835449
Plain-GCN,5,420,COc1cc(C(=O)N2C[C@H](N)C[C@@H](F)C2)cc2nc(-c3cc4ccc(-c5ccc6c(c5)CCC(=O)N6)nc4n3CC3CC3)n(C)c12,1,46,0.5462847352027893,0.4537152647972107
Plain-GCN,5,421,COc1cc(C(=O)N2C[C@H](N)C[C@@H](F)C2)cc2nc(-c3cc4ccc(-c5ccc(CS(C)(=O)=O)cc5)cc4n3CC3CC3)n(C)c12,1,46,0.4633246064186096,0.5366753935813904
Plain-GCN,5,422,COc1cc(C(=O)N2C[C@H](N)C[C@@H](F)C2)cc2nc(-c3cc4ccc(C5CCNC(=O)C5)nc4n3CC3CC3)n(C)c12,1,42,0.665139377117157,0.334860622882843
Plain-GCN,5,423,O=C1Nc2ccc(Br)cc2/C1=C/C(=O)c1ccc2c(c1)OCO2,0,23,0.6548131704330444,0.34518682956695557
Plain-GCN,5,424,COc1ccc(CCN(Cc2ccccn2)C(=S)Nc2ccccc2F)cc1OC,0,30,0.7072941660881042,0.29270583391189575
Plain-GCN,5,425,CCc1c(C)nc2c(C)cccc2c1SCCC#N,0,19,0.3689853549003601,0.6310146450996399
Plain-GCN,5,426,Cn1nc(C(F)(F)F)cc1-c1ccc(S(N)(=O)=O)s1,0,19,0.5475106239318848,0.45248937606811523
Plain-GCN,5,427,CC(=O)Nc1ccc(OC(=O)c2ccco2)cc1,0,18,0.7395909428596497,0.26040905714035034
Plain-GCN,5,428,Cc1cccc(NS(=O)(=O)c2ccc(OCC(=O)N3CCCC3)cc2)c1,0,26,0.6200279593467712,0.37997204065322876
Plain-GCN,5,429,Cc1ccc(C)c(OCCCC(C)(C)C(=O)O)c1,0,18,0.5975807905197144,0.40241920948028564
Plain-GCN,5,430,COC(=O)c1ccc(=O)c2nc3/c(=C/O)c(O)cc(=O)c3[nH]c12,0,23,0.531943142414093,0.468056857585907
Plain-GCN,5,431,O=C(NCc1ccccn1)c1ccc2nc(-c3ccco3)c(-c3ccco3)nc2c1,0,30,0.7000340223312378,0.2999659776687622
Plain-GCN,5,432,COc1cc(C(=O)N2CC3CCC2[C@@H]3N)cc2nc(-c3cc4ccc(-c5ccc(C(N)=O)cn5)nc4n3CC3CC3)n(C)c12,1,44,0.5285760164260864,0.4714239835739136
Plain-GCN,5,433,CC12CCC(C(=O)Nc3ccc(SC(F)F)cc3)(CC1=O)C2(C)C,0,24,0.6344232559204102,0.36557674407958984
Plain-GCN,5,434,O=C(Nc1ccc2ccccc2n1)C1CCCCC1,0,19,0.5436020493507385,0.4563979506492615
Plain-GCN,5,435,COc1cc(C(=O)N2CC3CCC2[C@@H]3N)cc2nc(-c3cc4ccc(-c5ccc(O)c(-c6ccno6)c5)nc4n3CC3CC3)n(C)c12,1,47,0.48767542839050293,0.5123245716094971
Plain-GCN,5,436,CCCOc1cccc(OCC(=O)Nc2nc3ccccc3[nH]2)c1,0,24,0.6973088383674622,0.30269116163253784
Plain-GCN,5,437,Cc1ccc(/C=N/n2c(-c3cccnc3)n[nH]c2=S)o1,0,20,0.7169221043586731,0.2830778956413269
Plain-GCN,5,438,COc1cc(C(=O)N2C[C@H](N)C[C@@H](F)C2)cc2nc(-c3cc4ccc(-c5cnc6c(c5)OCC(=O)N6)cc4n3CC3CC3)n(C)c12,1,46,0.514913022518158,0.48508697748184204
Plain-GCN,5,439,CCOC(=O)N1CCN(C(=O)c2cn(CC)c3cc(N4CCN(C)CC4)c(F)cc3c2=O)CC1.Cl,0,35,0.5125338435173035,0.48746615648269653
Plain-GCN,5,440,COc1cc(C(=O)N2C[C@H]3CC[C@@H]2[C@@H]3N)cc2nc(-c3ccc(F)nc3CC3CC3)n(C)c12,1,33,0.5570240616798401,0.4429759383201599
Plain-GCN,5,441,COc1cc(C(=O)N2CC3CCC2[C@@H]3N)cc2nc(-c3cc4ccc(-c5cccc(NS(C)(=O)=O)c5)nc4n3CC3CC3)n(C)c12,1,46,0.5165754556655884,0.4834245443344116
Plain-GCN,5,442,COc1cc(C2OC(=O)c3ccccc3S2)cc(OC)c1OC,0,23,0.554267168045044,0.44573283195495605
Plain-GCN,5,443,O=C(c1cc(N2CCOCC2)c(F)cc1[N+](=O)[O-])N1CCOCC1,0,24,0.6837385892868042,0.3162614107131958
Plain-GCN,5,444,O=C(COC(=O)CCCc1c[nH]c2ccccc12)Nc1ccc2c(c1)OCO2,0,28,0.5263844132423401,0.4736155867576599
Plain-GCN,5,445,CC(C)c1ccccc1NC(=S)NC1CCN(Cc2ccccc2)CC1,0,26,0.6134931445121765,0.3865068554878235
Plain-GCN,5,446,CCOc1ccc2c(c1)-c1c(ssc1=S)C(C)(C)N2C(=O)CSC1=NCCS1,0,28,0.446570485830307,0.553429514169693
Plain-GCN,5,447,O=C(CSc1n[nH]c(-c2ccccc2)n1)N1CCCC1,0,20,0.5943272113800049,0.4056727886199951
Plain-GCN,5,448,O=C(NNC(=S)NC(=O)c1cn(-c2ccccc2)nc1-c1ccccc1)c1ccncc1,0,32,0.6684579849243164,0.3315420150756836
Plain-GCN,5,449,O=C(COC(=O)c1ccc(Br)o1)NCc1ccc(Cl)cc1,0,21,0.6283379197120667,0.37166208028793335
Plain-GCN,5,450,CCCOC(=S)NC(=O)c1sc2ccccc2c1Cl,0,19,0.5857996344566345,0.4142003655433655
Plain-GCN,5,451,CN(C(=O)COC(=O)c1cccc(S(=O)(=O)N2CCOCC2)c1)C1CCS(=O)(=O)C1,0,30,0.6502776741981506,0.34972232580184937
Plain-GCN,5,452,O=C(NCc1cccs1)c1ccc2c(c1)ncn2C1CCCC1,0,23,0.4318208396434784,0.5681791603565216
Plain-GCN,5,453,COc1cc2oc3ccccc3c(=O)c2cc1OC,0,19,0.5699205994606018,0.4300794005393982
Plain-GCN,5,454,O=C1c2ccccc2C(=O)N1CCCc1cn(C[C@H]2CC[C@@H]([C@@H]3CC[C@H](Cn4cc(CCCN5C(=O)c6ccccc6C5=O)nn4)O3)O2)nn1,0,50,0.510093092918396,0.489906907081604
Plain-GCN,5,455,N#C/C(=C\C=C\c1ccccc1)C(=O)NCc1cccnc1,0,22,0.44689905643463135,0.5531009435653687
Plain-GCN,5,456,COCCN(CCOC)C(=O)c1ccc(CSc2nc3ccccc3s2)cc1,0,28,0.5948033332824707,0.4051966667175293
Plain-GCN,5,457,C=CCN(Cc1ccc(Cl)s1)C(=O)c1cc(S(=O)(=O)N2CCOCC2)ccc1F,0,29,0.5055423974990845,0.4944576025009155
Plain-GCN,5,458,COc1cc(C(=O)N2C[C@H](N)C[C@@H](F)C2)cc2nc(-c3cc4ccc(-c5ccc(CC(N)=O)nc5)nc4n3CC3CC3)n(C)c12,1,45,0.564155101776123,0.43584489822387695
Plain-GCN,5,459,COc1ccc(OC)c(N2Cc3cc(C)c(C)cc3C2)c1,0,21,0.41750314831733704,0.582496851682663
Plain-GCN,5,460,COc1ccccc1-c1nnc(NC(=O)c2ccc3ncsc3c2)o1,0,25,0.5096475481987,0.49035245180130005
Plain-GCN,5,461,O=C(C1CCCC1)N1CCC(CC2CC(c3ccc(Cl)cc3)=NO2)(C(=O)NCC2CCCCC2)CC1,0,36,0.49067026376724243,0.5093297362327576
Plain-GCN,5,462,C=CC(COCc1ccccc1)N(Cc1ccccc1)S(=O)(=O)c1ccccc1Br,0,30,0.6514931917190552,0.3485068082809448
Plain-GCN,5,463,CN(C)C(=O)c1ccc(NC(=O)c2cccc(S(=O)(=O)N3CCCc4ccccc43)c2)cc1,0,33,0.5400118231773376,0.45998817682266235
Plain-GCN,5,464,O=C1c2ccccc2-c2onc3c(N4CCN(CCO)CC4)cc(N4CCN(C(=O)c5ccco5)CC4)c1c23,0,39,0.48525044322013855,0.5147495567798615
Plain-GCN,5,465,COc1ccc(Cl)cc1C(=O)NNC(=O)c1cccs1,0,20,0.7096988558769226,0.2903011441230774
Plain-GCN,5,466,COC(=O)c1ccc(-c2ccc3cc(-c4nc5cc(C(=O)N6CC7CCC6[C@@H]7N)cc(OC)c5n4C)n(CC4CC4)c3n2)cc1O,1,46,0.5247774124145508,0.4752225875854492
Plain-GCN,5,467,Cc1nc(Cl)c2c(n1)NC1=C(O2)C(=O)CCC1,0,17,0.5750282406806946,0.4249717593193054
Plain-GCN,5,468,CC1Cc2ccccc2N1C(=O)CSc1nnc(CSc2ncccn2)n1C,0,28,0.5471543073654175,0.4528456926345825
Plain-GCN,5,469,CCCCn1c(=O)c(C(=O)Nc2ccccc2F)c(O)c2ccccc21,0,26,0.5069705247879028,0.49302947521209717
Plain-GCN,5,470,CCN(c1ccccc1)S(=O)(=O)c1ccc(Cl)c(C(=O)O)c1,0,22,0.5362499356269836,0.46375006437301636
Plain-GCN,5,471,COc1cc(C(=O)N2CC3CCC2[C@@H]3N)cc2nc(-c3cc4ccc(Nc5cccc(C(N)=O)c5)nc4n3CC3CC3)n(C)c12,1,45,0.4907554090023041,0.5092445909976959
Plain-GCN,5,472,COc1cc(C(=O)N2C[C@H](N)CC[C@@H]2C)cc2nc(-c3cc4ccc(-c5ccc6c(c5)CC(=O)N6)nc4n3CC3CC3)n(C)c12,1,45,0.5043267011642456,0.4956732988357544
Plain-GCN,5,473,COc1cc(C(=O)N2CC3CCC2[C@@H]3N)cc2nc(-c3cc4ccc(-c5ccc(NC(C)=O)c(C(=O)O)c5)nc4n3CC3CC3)n(C)c12,1,48,0.47687968611717224,0.5231203138828278
Plain-GCN,5,474,O=C(N1CCOCC1)N1CCN(c2ccccc2F)CC1,0,21,0.6615104079246521,0.3384895920753479
Plain-GCN,5,475,CC1(OC(=O)c2ccc(Cl)nc2)C(=O)C=C2C=C(C3CC3)OC=C2C1=O,0,26,0.6249097585678101,0.37509024143218994
Plain-GCN,5,476,CCCNC(=S)Nc1ccc(CC(=O)OC)cc1,0,18,0.5764623284339905,0.4235376715660095
Plain-GCN,5,477,COc1ccc(OC)c(NC(=S)NCc2cccs2)c1,0,20,0.7133576273918152,0.2866423726081848
Plain-GCN,5,478,CCCN(CCC)S(=O)(=O)c1ccc(NC(=O)c2cc(C(=O)OC)cc([N+](=O)[O-])c2)cc1,0,32,0.5851171016693115,0.4148828983306885
Plain-GCN,5,479,COc1ccc(C2CC(c3cccs3)=NN2C(=O)CSC2=NCCS2)cc1,0,27,0.650162398815155,0.34983760118484497
Plain-GCN,5,480,O=C1C2CCCCC2C(=O)N1c1ccc(NC2CCCCC2)c([N+](=O)[O-])c1,0,27,0.555922269821167,0.444077730178833
Plain-GCN,5,481,COc1ccc(N(CC(O)CN2C(=O)NC(C)(C)C2=O)S(=O)(=O)c2ccc(C)cc2)cc1,0,32,0.41077107191085815,0.5892289280891418
Plain-GCN,5,482,CCOc1ccc(OCC(=O)Nc2ccc(OC)cc2)cc1,0,22,0.7793834209442139,0.22061657905578613
Plain-GCN,5,483,Cc1ccc(N(NC(=O)C(O)(c2ccccc2)c2ccccc2)C(=O)CCl)cc1,0,29,0.6222022175788879,0.37779778242111206
Plain-GCN,5,484,O=C(Oc1ccccc1C(=O)Nc1ccccc1)c1ccc(Br)c([N+](=O)[O-])c1,0,28,0.6589365005493164,0.3410634994506836
Plain-GCN,5,485,CC(C)Cc1nn2c(=O)cc(O)nc2s1,0,15,0.702612042427063,0.297387957572937
Plain-GCN,5,486,COc1ccc(C(=O)C2CCCN(C(=O)c3ccc4nccnc4c3)C2)c(C)c1,0,29,0.5346242189407349,0.46537578105926514
Plain-GCN,5,487,COc1cc(C(=O)N2C[C@H](N)C[C@@H](F)C2)cc2nc(-c3cc4ccc(C(=O)Nc5ccc(S(N)(=O)=O)cc5)nc4n3CC3CC3)n(C)c12,1,48,0.46027788519859314,0.5397221148014069
Plain-GCN,5,488,COc1ccc(OC(C)C(=O)N(C)Cc2nc(-c3ccccc3)no2)cc1,0,27,0.61724454164505,0.38275545835494995
Plain-GCN,5,489,COc1cc(C(=O)N2CC3CCC2[C@@H]3N)cc2nc(-c3cc4ccc(Nc5ccncc5CO)nc4n3CC3CC3)n(C)c12,1,44,0.5192549228668213,0.4807450771331787
Plain-GCN,5,490,CN(C)/C=C(\C#N)S(=O)(=O)c1ccccc1,0,16,0.5583226680755615,0.4416773319244385
Plain-GCN,5,491,CC(=O)N1CCC(=NNc2nc3ccccc3[nH]2)CC1.O=C(O)C(=O)O,0,26,0.5715924501419067,0.42840754985809326
Plain-GCN,5,492,COc1cc(C(=O)N2CC3CCC2[C@@H]3N)cc2nc(-c3cc4ccc(-c5cc(F)c6c(c5)CCN(C(C)=O)C6)nc4n3CC3CC3)n(C)c12,1,49,0.6046113967895508,0.3953886032104492
Plain-GCN,5,493,CCc1ncc(/C=C2\C(=O)Nc3ccccc32)[nH]1,0,18,0.5509700775146484,0.44902992248535156
Plain-GCN,5,494,COc1cc(C(=O)N2CC3CCC2[C@@H]3N)cc2nc(-c3cc4ccc(-c5ccc6oc(=O)[nH]c6c5)cc4n3CC3CC3)n(C)c12,1,45,0.48385536670684814,0.5161446332931519
Plain-GCN,5,495,C/C(CC(=O)Nc1ccc(Cl)c(C(F)(F)F)c1)=N\NC(=O)c1cnccn1,0,27,0.5647405982017517,0.4352594017982483
Plain-GCN,5,496,COc1ccc(-c2ccc3cc(-c4nc5cc(C(=O)N6C[C@H]7CC[C@@H]6[C@@H]7N)cc(OC)c5n4C)n(CC4CC4)c3c2)c(F)c1,1,44,0.4888414740562439,0.5111585259437561
Plain-GCN,5,497,COc1ccccc1-c1oc2ccccc2c1-c1ccccc1OC,0,25,0.7328306436538696,0.26716935634613037
Plain-GCN,5,498,CCC1(C)Cc2c(sc(NC(=O)CCC(=O)O)c2C#N)CO1,0,22,0.48301175236701965,0.5169882476329803
Plain-GCN,5,499,C=CCn1c(Cc2csc(N)n2)nnc1SCC(=O)OCC,0,22,0.5973443388938904,0.4026556611061096
Plain-GCN,5,500,C=CCOc1ccccc1CNCCCN1CCOCC1.Cl,0,22,0.580377995967865,0.419622004032135
Plain-GCN,5,501,COc1ccc(CCNC(=O)c2c(-c3ccccc3)noc2C)cc1OC,0,27,0.5653882026672363,0.43461179733276367
Plain-GCN,5,502,Cn1nccc1NC(=O)c1nccnc1C(=O)O,0,18,0.6394200325012207,0.3605799674987793
Plain-GCN,5,503,C/C(=N\Nc1nc2c(s1)CCCC2)c1ccc(Cl)cc1.Cl,0,21,0.5793867111206055,0.42061328887939453
Plain-GCN,5,504,Oc1ccc(-c2cnc3ccccc3n2)cc1,0,17,0.7703149318695068,0.22968506813049316
Plain-GCN,5,505,COc1cc(C(=O)N2CCC[C@@H](N)C2)cc2nc(-c3ccc(C#N)n3CC3CCOCC3)n(C)c12,0,35,0.516659140586853,0.483340859413147
Plain-GCN,5,506,COc1cc(C(=O)OCC(=O)Nc2ccc(S(=O)(=O)N3CCCC3)cc2)cc(OC)c1OC,0,33,0.560329020023346,0.43967097997665405
Plain-GCN,5,0,O=C1CSC(=Nc2cccc(Cl)c2Cl)N1,0,15,0.6547179222106934,0.34528207778930664
Plain-GCN,5,1,Cc1sc2c3ccsc3ccc2[n+]1C.[I-],0,15,0.6326141357421875,0.3673858642578125
Plain-GCN,5,2,CCc1cc(=O)oc2c(C)c(OC(C)C(=O)N3CCC[C@@H]3C(=O)O)ccc12,0,27,0.6209598779678345,0.3790401220321655
Plain-GCN,5,3,Cc1ccc(OCC(=O)N2CCN(S(=O)(=O)c3ccccc3[N+](=O)[O-])CC2)cc1,0,29,0.6021947860717773,0.39780521392822266
Plain-GCN,5,4,CCc1cc(NC(C)=O)ccc1-c1ccc2cc(-c3nc4cc(C(=O)N5CC6CCC5[C@@H]6N)cc(OC)c4n3C)n(CC3CC3)c2n1,1,47,0.43231040239334106,0.5676895976066589
Plain-GCN,5,5,COc1cc(-c2ccc3cc(-c4nc5cc(C(=O)N6CC7CCC6[C@@H]7N)cc(OC)c5n4C)n(CC4CC4)c3n2)ccc1CC(N)=O,1,47,0.5005874037742615,0.4994125962257385
Plain-GCN,5,6,C/C(=N\NS(C)(=O)=O)c1ccccc1,0,14,0.5069055557250977,0.49309444427490234
Plain-GCN,5,7,Cc1nn2c(N3CCN(C)CC3)c3c(nc2c1-c1ccccc1)CCCC3,0,27,0.5648080110549927,0.4351919889450073
Plain-GCN,5,8,Cc1ccc([C@@H]2C3COCC=C3C(C#N)=C(N)C2(C#N)C#N)o1,0,23,0.6121954917907715,0.3878045082092285
Plain-GCN,5,9,CCN(c1ccccc1)S(=O)(=O)c1ccc(F)c(C(=O)O)c1,0,22,0.5875093340873718,0.4124906659126282
Plain-GCN,5,10,COc1cc(C(=O)N2C[C@H](N)C[C@@H](F)C2)cc2nc(-c3cc4ccc(-c5ccc(C(N)=O)cc5C(F)(F)F)nc4n3CC3CC3)n(C)c12,1,48,0.454490065574646,0.545509934425354
Plain-GCN,5,11,O=C(CCNC(=O)C1CCN(S(=O)(=O)c2ccc(F)cc2)CC1)NCc1ccccc1Cl,0,32,0.5080454349517822,0.4919545650482178
Plain-GCN,5,12,Cn1nnnc1SCc1ccccc1F,0,15,0.520513653755188,0.479486346244812
Plain-GCN,5,13,C/C(N)=C(/C#N)C(=O)COC(=O)C(NS(=O)(=O)c1ccc(Cl)cc1)C(C)O,0,27,0.5235171318054199,0.4764828681945801
Plain-GCN,5,14,C=CCOC(=O)C1=C(C)NC(C)=C(C(=O)OCC=C)C1c1ccc(C)o1,0,26,0.5386559963226318,0.46134400367736816
Plain-GCN,5,15,Cc1ccc(-n2ncc3c2CCCC3NC(=O)c2ccoc2)cc1C,0,25,0.474656879901886,0.525343120098114
Plain-GCN,5,16,CCCN1CCN(S(=O)(=O)c2ccc3c(c2)CC(C)N3C(=O)C2CC2)CC1,0,27,0.5502774715423584,0.4497225284576416
Plain-GCN,5,17,CCN1CCN(Cc2c(O)c(Cl)cc3c(C)cc(=O)oc23)CC1,0,23,0.6352964043617249,0.36470359563827515
Plain-GCN,5,18,COc1cc(C(=O)N2[C@H]3CC[C@@H]2[C@H](N)C3)cc2nc(-c3cc4ccc([C@@H](C)NC(=O)CCC(=O)O)nc4n3CC3CC3)c(C)n12,1,45,0.39317619800567627,0.6068238019943237
Plain-GCN,5,19,COc1cc(C(=O)N2C[C@H](N)C[C@@H](F)C2)cc2nc(-c3cc4ccc(C5=CC(F)C=C6N=C(C)C(=O)N=C65)nc4n3CC3CC3)n(C)c12,1,48,0.47032630443573,0.52967369556427
Plain-GCN,5,20,Cc1cc(C(C)(C)C)ccc1OCCN1CCCC1,0,19,0.606839656829834,0.393160343170166
Plain-GCN,5,21,CC1(C)CC(=O)c2cc(C(=O)NC3CCSC3=O)c(=O)n(-c3ccc(Cl)cc3)c2C1,0,30,0.4849056601524353,0.5150943398475647
Plain-GCN,5,22,COc1cccc(CN2CCN(C(=O)Nc3ccc([N+](=O)[O-])cc3)CC2)c1,0,27,0.550261914730072,0.449738085269928
Plain-GCN,5,23,CCCCn1nc2cc(C(=O)NCC34CC5CC(CC(C5)C3)C4)ccc2c1OCC,0,30,0.46876242756843567,0.5312375724315643
Plain-GCN,5,24,CCCCCCn1c(=O)[nH]c2nc3cc(N)ccc3nc2c1=O,0,23,0.5405455827713013,0.45945441722869873
Plain-GCN,5,25,Cn1cccc1/C=C1\SC(=S)N(NC(=O)c2ccc(F)cc2)C1=O,0,24,0.621353805065155,0.37864619493484497
Plain-GCN,5,26,O=C(CSc1nc2ccccc2s1)NC1CCCC1,0,19,0.5081241726875305,0.4918758273124695
Plain-GCN,5,27,COc1cc(C(=O)N2CC3CCC2[C@@H]3N)cc2nc(-c3cc4ccc(-c5cc(O)ccc5F)cc4n3CC3CC3)n(C)c12,1,43,0.5206739902496338,0.4793260097503662
Plain-GCN,5,28,COc1ccccc1N1CCN(C(=O)C(=O)c2cn(CC(=O)N3CCOCC3)c3ccccc23)CC1,0,36,0.5336415767669678,0.4663584232330322
Plain-GCN,5,29,O=C(COC(=O)c1cccnc1Cl)c1ccc(OC(F)F)cc1,0,23,0.5219096541404724,0.4780903458595276
Plain-GCN,5,30,COc1cc(C(=O)N2C[C@H](N)C[C@@H](F)C2)cc2nc(-c3cc4ccc(-c5ccc6[nH]c(=O)cc(O)c6c5)nc4n3CC3CC3)n(C)c12,1,47,0.439336359500885,0.560663640499115
Plain-GCN,5,31,CCCN=C1N(C)C[C@@H]2[C@@H]3C(=O)N(Cc4ccccc4)C(=O)[C@@H]3[C@](Cc3ccccc3)(C(=O)OC)N12.O=C(O)C(F)(F)F,0,43,0.47381579875946045,0.5261842012405396
Plain-GCN,5,32,CCCc1nc([N+](=O)[O-])c(S(=O)(=O)c2ccccc2)n1CC(C)C,0,24,0.5570828318595886,0.4429171681404114
Plain-GCN,5,33,Cc1ccc2c(c1)N(C(C)C(=O)NCc1ccccn1)C(=O)CO2,0,24,0.5980544686317444,0.4019455313682556
Plain-GCN,5,34,CCOC(=O)C1CCCN(C(=S)Nc2cc(C)cc(C)c2)C1,0,22,0.6209232807159424,0.3790767192840576
Plain-GCN,5,35,OCCC1CN(CCCc2ccccc2)CCN1Cc1ccccc1,0,25,0.5643094778060913,0.4356905221939087
Plain-GCN,5,36,COc1cc(C(=O)N2CC3CCC2[C@@H]3N)cc2nc(-c3cc4ccc(Nc5cncnc5)cc4n3CC3CC3)n(C)c12,1,42,0.5189167857170105,0.4810832142829895
Plain-GCN,5,37,CN1C2C=C3C(C#N)=C(N)C(C#N)(C#N)[C@@H](c4cccs4)C3C1CC2,0,25,0.5160718560218811,0.4839281439781189
Plain-GCN,5,38,CCOc1ccccc1NC(=S)NCc1ccccc1,0,20,0.6962006092071533,0.3037993907928467
Plain-GCN,5,39,CCCCNC(=O)CCC(=O)Nc1ccc2nc(N3CCN(C)CC3)cc(C)c2c1,0,30,0.5161501169204712,0.4838498830795288
Plain-GCN,5,40,COc1cc(C(=O)N2C[C@H](N)C[C@@H](F)C2)cc2nc(-c3cc4ccc(C(=O)NC5CCC(=O)NC5=O)nc4n3CC3CC3)n(C)c12,1,46,0.4564535617828369,0.5435464382171631
Plain-GCN,5,41,CC(C)=N/N=C(/c1ccc([N+](=O)[O-])cc1)C12CN3CN(CN(C3)C1)C2,0,25,0.5086677074432373,0.4913322925567627
Plain-GCN,5,42,CNC(=O)Nc1ccccc1NC(=O)NC,0,16,0.6458424925804138,0.3541575074195862
Plain-GCN,5,43,Cc1c(NC(=O)CN2CCCc3ccccc32)c(=O)n(-c2ccccc2)n1C,0,28,0.5203291773796082,0.47967082262039185
Plain-GCN,5,44,COc1ccc(C2CC(c3ccc(C)cc3)Nc3ncnn32)cc1,0,24,0.5255537033081055,0.47444629669189453
Plain-GCN,5,45,COc1cc(C(=O)N2CC3CCC2[C@@H]3N)cc2nc(-c3cc4ccc(C5C=CC6=NC(=O)NC6=C5)nc4n3CC3CC3)n(C)c12,1,45,0.578741192817688,0.421258807182312
Plain-GCN,5,46,Nn1c(SCC(=O)Nc2cc(C(F)(F)F)ccc2Cl)nncc1=O,0,24,0.5529565811157227,0.44704341888427734
Plain-GCN,5,47,COc1ccc(C2CC(c3ccc(Br)cc3)=NN2C(=O)c2cccnc2)cc1,0,28,0.6287548542022705,0.3712451457977295
Plain-GCN,5,48,Cc1cc(N/N=C/c2ccc(O)cc2O)nc(-c2ccccc2O)n1,0,25,0.558872401714325,0.44112759828567505
Plain-GCN,5,49,COc1cc(-c2ccc3cc(-c4nc5cc(C(=O)N6CC7CCC6[C@@H]7N)cc(OC)c5n4C)n(CC4CC4)c3c2)c(F)cc1O,1,45,0.5172981023788452,0.4827018976211548
Plain-GCN,5,50,Cc1ccc(NC2=C/C(=N/S(=O)(=O)c3cccs3)c3ccccc3C2=O)cc1,0,28,0.5920282602310181,0.40797173976898193
Plain-GCN,5,51,COc1cc(C(=O)N2CC3CCC2[C@@H]3N)cc2nc(-c3cc4ccc(-c5ccc6c(c5)C(=O)CS(=O)(=O)N6C)cc4n3CC3CC3)n(C)c12,1,49,0.44171836972236633,0.5582816302776337
Plain-GCN,5,52,COc1cc(C(=O)N2CC3CCC2[C@@H]3N)cc2nc(-c3cc4ccc(Nc5cnc(C#N)nc5)nc4n3CC3CC3)n(C)c12,1,44,0.4846028685569763,0.5153971314430237
Plain-GCN,5,53,C=CCn1c(SCC(=O)N2CCOCC2)nc2sc3c(c2c1=O)CCCC3,0,27,0.5944107174873352,0.4055892825126648
Plain-GCN,5,54,COc1cc(C(=O)N2C[C@H](N)C[C@@H](F)C2)cc2nc(-c3cc4ccc(C5=CC6=NC(=O)NC6N=C5)cc4n3CC3CC3)n(C)c12,1,45,0.4867657721042633,0.5132342278957367
Plain-GCN,5,55,O=C(Nc1ccc(F)cc1F)c1c(C(F)(F)F)ccnc1Oc1ccccc1,0,28,0.47364211082458496,0.526357889175415
Plain-GCN,5,56,CCC1CCCCN1C(=O)CCNS(=O)(=O)c1ccc2c(c1)oc(=O)n2C,0,27,0.500656008720398,0.49934399127960205
Plain-GCN,5,57,S=c1nccc(-c2ccc3c(c2)CCO3)[nH]1,0,16,0.6551235318183899,0.3448764681816101
Plain-GCN,5,58,COc1cc(C(=O)N2C[C@H](N)CC[C@@H]2C)cc2nc(-c3cc4ccc(-c5ccc(C(N)=O)c(F)c5)nc4n3CC3CC3)n(C)c12,1,45,0.4754696786403656,0.5245303213596344
Plain-GCN,5,59,Cc1ccc(Nc2ncccc2C(N)=O)cc1,0,17,0.6452509760856628,0.35474902391433716
Plain-GCN,5,60,CCOc1ccccc1NC(=O)CSc1nc(=O)n(Cc2ccncc2)c2c1CCC2,0,31,0.5233384966850281,0.4766615033149719
Plain-GCN,5,61,COc1ccc(NC2=NC(=S)N(c3ccc(C)cc3)C23CCCCC3)cc1,0,27,0.575140655040741,0.42485934495925903
Plain-GCN,5,62,COc1ccc(-n2ncc3c2CC(C)(C)CC3NC(=O)C2CCN(C(C)=O)CC2)cc1,0,31,0.4673404395580292,0.5326595604419708
Plain-GCN,5,63,Cc1ccc(/C=N/c2sc3c(c2C(N)=O)CCCC3)o1,0,20,0.5726245641708374,0.4273754358291626
Plain-GCN,5,64,COc1cc(C(=O)N2CC3CCC2[C@@H]3N)cc2nc(-c3cc4ccc(N5CCC6(CC5)CNC6=O)nc4n3CC3CC3)n(C)c12,1,45,0.45578059554100037,0.5442194044589996
Plain-GCN,5,65,CC1N=C2c3ccccc3N=C(SCc3cc(=O)n4cc(Cl)ccc4n3)N2C1=O,0,29,0.6025227308273315,0.39747726917266846
Plain-GCN,5,66,COc1cc(C(=O)N2CC3CCC2[C@@H]3N)cc2nc(-c3cc4ccc(-c5cnc6[nH]c(=O)ccc6c5)cc4n3CC3CC3)n(C)c12,1,46,0.5337650179862976,0.4662349820137024
Plain-GCN,5,67,Cc1ccc(C(=O)NCC(=O)OCC(=O)c2c(N)n(C)c(=O)n(C)c2=O)s1,0,27,0.626887321472168,0.37311267852783203
Plain-GCN,5,68,COc1cc(C(=O)N2CC3CCC2[C@@H]3N)cc2nc(-c3cc4ccc(Nc5ccnc(C#N)c5)nc4n3CC3CC3)n(C)c12,1,44,0.4826160669326782,0.5173839330673218
Plain-GCN,5,69,O=C(O)CSCC(=O)N1CCN(c2nc3cc(Cl)ccc3s2)CC1,0,24,0.6223403215408325,0.3776596784591675
Plain-GCN,5,70,COc1cc(C(=O)N2CC3CCC2[C@@H]3N)cc2nc(-c3cc4ccc(-c5ccc(C(=O)Nc6ccncc6)cc5)cc4n3CC3CC3)n(C)c12,1,50,0.43319544196128845,0.5668045580387115
Plain-GCN,5,71,O=C(Oc1ccc(Br)cc1)c1cccnc1,0,16,0.7893412709236145,0.2106587290763855
Plain-GCN,5,72,COc1cc(C(=O)N2C[C@H](N)C[C@@H](F)C2)cc2nc(-c3cc4ccc(-c5ccn(C)c(=O)c5)nc4n3CC3CC3)n(C)c12,1,43,0.4875495731830597,0.5124504268169403
Plain-GCN,5,73,COc1ccc(C2C3=C(N=C4SCC(=O)N42)c2ccccc2CC3)cc1OC,0,28,0.5732710957527161,0.42672890424728394
Plain-GCN,5,74,Fc1ccc(-c2ccc(Nc3cccc(F)c3)nn2)cc1,0,21,0.68211430311203,0.31788569688796997
Plain-GCN,5,75,S=c1[nH]nc(-c2ccc3ccccc3n2)n1-c1ccc2c(c1)OCCO2,0,26,0.7113258242607117,0.28867417573928833
Plain-GCN,5,76,CC1(C)CC(NC(=O)N2c3ccccc3Sc3ccccc32)CC(C)(C)N1,0,27,0.5157949924468994,0.4842050075531006
Plain-GCN,5,77,Cc1c(-c2cc3ccccc3n2Cc2ccoc2)nc2cc(C(=O)N3CCC[C@@H](N)C3)ccn12,1,34,0.3768067955970764,0.6231932044029236
Plain-GCN,5,78,Cc1cccc(C)c1NC(=O)CSc1nnc(C2CCCCC2)o1,0,24,0.5332105755805969,0.4667894244194031
Plain-GCN,5,79,COc1cc(C(=O)N2CC3CCC2[C@@H]3N)cc2nc(-c3cc4ccc(-c5[nH]ccc(=O)c5F)nc4n3CC3CC3)n(C)c12,1,43,0.4843139052391052,0.5156860947608948
Plain-GCN,5,80,COc1cc(C(=O)N2CC3CCC2[C@@H]3N)cc2nc(-c3cc4ccc(-c5ccc(N6CCCC(O)C6=O)c(F)c5)nc4n3CC3CC3)n(C)c12,1,50,0.4530225694179535,0.5469774305820465
Plain-GCN,5,81,COc1ccc(N)cc1-n1c(C)ccc1C,0,16,0.5757450461387634,0.4242549538612366
Plain-GCN,5,82,Cc1cc(C)n(/N=C/c2cccs2)c(=O)c1C#N,0,18,0.5898710489273071,0.41012895107269287
Plain-GCN,5,83,COc1ccc(C(=O)CSC#N)cc1OC,0,16,0.5752857327461243,0.42471426725387573
Plain-GCN,5,84,O=C1OCCN1C(=O)[C@H]1[C@H](c2ccc(Cl)cc2)C(c2ccc(F)cc2)=NN1c1ccccc1,0,33,0.6034154295921326,0.39658457040786743
Plain-GCN,5,85,CCOC(=O)c1[nH]c2c(c1-c1ccccc1)C(=O)CC(c1ccc(Cl)cc1)C2,0,28,0.5023719668388367,0.49762803316116333
Plain-GCN,5,86,COc1cc(C(=O)N2CCC[C@@H](N)C2)cc2nc(-c3ccc(C(=O)N(Cc4ccccc4)c4ccccc4)n3CC3CC3)n(C)c12,0,46,0.35836535692214966,0.6416346430778503
Plain-GCN,5,87,CC(=O)Nc1cccc(-c2nnc(-c3ccccc3)o2)c1,0,21,0.6039422154426575,0.39605778455734253
Plain-GCN,5,88,O=C1CCC(C(=O)OC(C(=O)c2c[nH]c3ccccc23)c2ccccc2)=NN1,0,28,0.5242429971694946,0.47575700283050537
Plain-GCN,5,89,O=C(CSS(=O)(=O)[O-])N1CCN(C(=O)c2ccoc2)CC1.[Na+],0,22,0.564167320728302,0.435832679271698
Plain-GCN,5,90,O=C(COc1ccc(F)cc1)N/N=C/c1cccc2cccnc12,0,24,0.5986514091491699,0.4013485908508301
Plain-GCN,5,91,COc1cc(C(=O)N2CC3CCC2[C@@H]3N)cc2nc(-c3cc4ccc(-c5ccc(CC(N)=O)cc5)nc4n3CC3CC3)n(C)c12,1,45,0.4856182932853699,0.5143817067146301
Plain-GCN,5,92,COc1ccc(CN2CC[C@H]3C=CCc4cccc(c43)C2)cc1,0,23,0.4907194674015045,0.5092805325984955
Plain-GCN,5,93,COc1ccc(/C=N\N=C(N)N)cc1.O=[N+]([O-])O,0,18,0.4811265170574188,0.5188734829425812
Plain-GCN,5,94,COc1cccc(/C=N/NC(=O)c2cnn(-c3ccccc3)c2N)c1,0,25,0.5742060542106628,0.42579394578933716
Plain-GCN,5,95,COc1cc(C(=O)N2CC3CCC2[C@@H]3N)cc2nc(-c3cc4ccc(-c5cnc(C(N)=O)c(F)c5)nc4n3CC3CC3)n(C)c12,1,45,0.5771739482879639,0.42282605171203613
Plain-GCN,5,96,COc1cccc(Cn2c(-c3nc4cc(C(=O)N5CCC[C@@H](N)C5)ccn4c3C)cc3cc(F)ccc32)c1,1,38,0.3915228247642517,0.6084771752357483
Plain-GCN,5,97,Cc1noc(NC(=O)c2ccc(Cl)cc2)c1Cl,0,17,0.5987170934677124,0.4012829065322876
Plain-GCN,5,98,CCOC(=O)CSC1=NC(=O)/C(=C\c2ccc(OC(C)=O)cc2)S1,0,24,0.6197945475578308,0.3802054524421692
Plain-GCN,5,99,C=CCn1sc(N)c(C(=O)OCC)c1=S,0,15,0.6367299556732178,0.3632700443267822
Plain-GCN,5,100,CC(c1nc2ccccc2s1)N(C)C(=O)c1ccccc1F,0,22,0.5938789248466492,0.40612107515335083
Plain-GCN,5,101,COCCn1c(C)cc(C(=O)COC(=O)c2ccc(N3CCCC3=O)cc2)c1C,0,29,0.5673763155937195,0.4326236844062805
Plain-GCN,5,102,CC1CCC2(CC1)SCC(=O)N2c1ccc(F)cc1,0,19,0.5515619516372681,0.44843804836273193
Plain-GCN,5,103,O=C1C(Cl)=C(N2CCOCC2)C(=O)N1c1cccc(C(F)(F)F)c1,0,24,0.4901188313961029,0.5098811686038971
Plain-GCN,5,104,COc1ncc(-c2ccc3cc(-c4nc5cc(C(=O)N6CC7CCC6[C@@H]7N)cc(OC)c5n4C)n(CC4CC4)c3n2)cc1O,1,44,0.5365137457847595,0.4634862542152405
Plain-GCN,5,105,COc1cc(C(=O)N2C[C@H](N)C[C@@H](F)C2)cc2nc(-c3cc4ccc(-c5cccc(O)c5F)nc4n3CC3CC3)n(C)c12,1,43,0.4508333206176758,0.5491666793823242
Plain-GCN,5,106,CC(C)c1nccn1CCN1C(=O)NC(C)(C)C1=O,0,19,0.475536048412323,0.524463951587677
Plain-GCN,5,107,CC(C)C(=O)N(c1cc2sc(=O)oc2c2ccccc12)S(=O)(=O)c1cccs1,0,28,0.6342556476593018,0.36574435234069824
Plain-GCN,5,108,Cc1oc2c(c1C(=O)NCc1cccnc1)C(=O)c1ccccc1C2=O,0,26,0.5336143374443054,0.4663856625556946
Plain-GCN,5,109,COc1cc(C(=O)N2C[C@H](N)C[C@@H](F)C2)cc2nc(-c3cc4ccc(-c5cc(Cl)c(O)cc5C)nc4n3CC3CC3)n(C)c12,1,44,0.4475550651550293,0.5524449348449707
Plain-GCN,5,110,Cc1cccc(NC(=S)N2CCCCCC2)c1,0,17,0.5703867673873901,0.42961323261260986
Plain-GCN,5,111,CCC1c2ccc(C)n2CCN1C(=O)Nc1cc(Cl)ccc1OC,0,24,0.5945428609848022,0.40545713901519775
Plain-GCN,5,112,CC1CC(C)(C)NC(=S)N1CC(=O)N1CCN(Cc2ccccc2)CC1,0,26,0.5351657271385193,0.4648342728614807
Plain-GCN,5,113,COc1cc(C(=O)N2C[C@H](N)C[C@@H](F)C2)cc2nc(-c3cc4ccc(-c5ccc(N6CCCC(O)C6=O)cc5)nc4n3CC3CC3)n(C)c12,1,49,0.39857497811317444,0.6014250218868256
Plain-GCN,5,114,Cc1cccc(-n2cc[nH]c2=S)c1,0,13,0.7144138813018799,0.2855861186981201
Plain-GCN,5,115,CC(C)(C)NC(=O)/C(=C/c1ccccc1F)NC(=O)c1ccc([N+](=O)[O-])cc1,0,28,0.4830006957054138,0.5169993042945862
Plain-GCN,5,116,COc1cccc(C2CC(c3cccs3)=NN2C(=O)CSC2=NCCS2)c1OC,0,29,0.6269206404685974,0.3730793595314026
Plain-GCN,5,117,O=C(O)c1ccc(Cl)c2c1C1C=CCC1C(c1ccccn1)N2,0,23,0.4615461826324463,0.5384538173675537
Plain-GCN,5,118,CCOC(=O)Cn1c(=NC(=O)CSC(C)=O)sc2ccccc21,0,23,0.6274193525314331,0.3725806474685669
Plain-GCN,5,119,O=[N+]([O-])c1ccc(Sc2nccn2Cc2ccccc2)c([N+](=O)[O-])c1,0,25,0.6052382588386536,0.39476174116134644
Plain-GCN,5,120,CCCN(Cc1nnc(-c2ccccc2Cl)o1)C(=O)c1cccc(S(=O)(=O)N2CCOCC2)c1,0,34,0.5575256943702698,0.4424743056297302
Plain-GCN,5,121,COc1ccc2cc(-c3nc4cc(C(=O)N5CCC[C@@H](N)C5)ccn4c3C)n(Cc3ccc(F)cc3)c2c1,1,38,0.379031777381897,0.620968222618103
Plain-GCN,5,122,CCN(CC)c1ccc(N=Cc2cc(Br)ccc2O)cc1,0,21,0.6636155843734741,0.3363844156265259
Plain-GCN,5,123,N#Cc1ccc(C23CC4(C2)[C@H](CN(P(=O)(c2ccccc2)c2ccccc2)[C@@H]4c2ccccc2)C3c2ccc(Cl)nc2)cc1,0,44,0.466600626707077,0.533399373292923
Plain-GCN,5,124,COc1ccc(-c2nc3ccccc3n2OC(=O)N(C)C)cc1,0,23,0.6103626489639282,0.3896373510360718
Plain-GCN,5,125,N=C(CCl)NCCCc1cn(Cc2ccccc2)c2ccccc12,1,24,0.43599027395248413,0.5640097260475159
Plain-GCN,5,126,O=c1c2ccccc2nc(/C=C/c2ccc(Br)cc2)n1CCO,0,23,0.6121341586112976,0.3878658413887024
Plain-GCN,5,127,COc1cc(C(=O)N2C[C@H]3CC[C@@H]2[C@@H]3N)cc2nc(-c3cc4ccc(C5COC5)nc4n3CC3CC3)n(C)c12,1,39,0.42658737301826477,0.5734126269817352
Plain-GCN,5,128,CC(=O)Oc1ccc(N(C(C)=O)S(=O)(=O)c2ccc(C)c([N+](=O)[O-])c2)cc1,0,27,0.5910555124282837,0.4089444875717163
Plain-GCN,5,129,COc1cc(C(=O)N2CC3CCC2[C@@H]3N)cc2nc(-c3cc4ccc(-c5cccc(S(N)(=O)=O)c5)nc4n3CC3CC3)n(C)c12,1,45,0.4765157401561737,0.5234842598438263
Plain-GCN,5,130,COc1cc(C(=O)N2C[C@H](N)C[C@@H](F)C2)cc2nc(-c3cc4ccc(-c5ccc(C6CNC(=O)N6)cc5)nc4n3CC3CC3)n(C)c12,1,47,0.4621632993221283,0.5378367006778717
Plain-GCN,5,131,CCn1c(-c2cnn(-c3ccccc3)c2C2CC2)nc2cc(C(=O)N3CCC[C@@H](N)C3)ccc21,0,34,0.3872005045413971,0.6127994954586029
Plain-GCN,5,132,Cn1c(=O)c(C(=O)Nc2ccccc2S(N)(=O)=O)c(O)c2ccccc21,0,26,0.5421247482299805,0.45787525177001953
Plain-GCN,5,133,CC(=O)Nc1cccc(NC=C(C#N)C#N)c1,0,17,0.5056599974632263,0.4943400025367737
Plain-GCN,5,134,Cc1nn(CC(=O)N2CCOCC2)c(=O)c2ccccc12,0,21,0.5671051144599915,0.43289488554000854
Plain-GCN,5,135,CCOC(=O)c1c2c3c(cccc3n(C)c1=O)C(=O)c1ccccc1-2,0,25,0.5739354491233826,0.42606455087661743
Plain-GCN,5,136,O=C(NCc1cccnc1)c1ccc(Cl)cc1[N+](=O)[O-],0,20,0.5655635595321655,0.4344364404678345
Plain-GCN,5,137,CCOc1ccc(-c2cc(C(=O)NCCCN3CCN(CC)CC3)c3ccccc3n2)cc1,0,33,0.5500983595848083,0.44990164041519165
Plain-GCN,5,138,COc1cc(C(=O)N2C[C@H](N)C[C@@H](F)C2)cc2nc(-c3cc4ccc(-c5c(F)ccc(O)c5Cl)nc4n3CC3CC3)n(C)c12,1,44,0.4615531265735626,0.5384468734264374
Plain-GCN,5,139,COC(=O)Nc1ccc(-c2ccc3cc(-c4nc5cc(C(=O)N6CC7CCC6[C@@H]7N)cc(OC)c5n4C)n(CC4CC4)c3c2)cc1,1,46,0.4633823037147522,0.5366176962852478
Plain-GCN,5,140,CCOc1ccc(S(=O)(=O)Nc2nc3ccccc3nc2Nc2ccc(N3CCOCC3)cc2)cc1,0,36,0.6160334348678589,0.3839665651321411
Plain-GCN,5,141,COc1ccccc1NC(=S)N1CCN(c2ccccn2)CC1,0,23,0.6080002784729004,0.3919997215270996
Plain-GCN,5,142,CCOC(=O)c1sc(-c2ccccc2)cc1NC(=O)c1ccc(S(=O)(=O)N(CCOC)CCOC)cc1,0,37,0.5999947786331177,0.4000052213668823
Plain-GCN,5,143,Cn1c(-c2ccc(Cc3ccccc3)n2CC2CC2)nc2cc(C(=O)N3CCC[C@@H](N)C3)cnc21,1,35,0.338657945394516,0.661342054605484
Plain-GCN,5,144,CC1=C(C(=O)OC2CCCCC2)C(c2ccc(C)o2)C2=C(CC(C)(C)CC2=O)N1,0,29,0.5249658823013306,0.47503411769866943
Plain-GCN,5,145,CC(C)N1OC2CC1c1nc3ccccc3n1C2,0,18,0.5594385266304016,0.4405614733695984
Plain-GCN,5,146,Cl.O=C(NC1CCN(Cc2ccccc2)CC1)c1cccc(S(=O)(=O)Nc2ccc(SC(F)F)cc2)c1,0,37,0.47131583094596863,0.5286841690540314
Plain-GCN,5,147,N#Cc1cccc(CS(=O)(=O)c2ccc(Cl)cc2)c1,0,19,0.5405992865562439,0.4594007134437561
Plain-GCN,5,148,CCOc1cc2c(cc1/C=C/c1noc(C)c1[N+](=O)[O-])OC(C)C2,0,24,0.5620290637016296,0.43797093629837036
Plain-GCN,5,149,O=C(O)c1ccccc1CSc1nc2ccccc2s1,0,20,0.7014619708061218,0.2985380291938782
Plain-GCN,5,150,CCC(C)N=CC1=C(O)CC(c2ccccc2)CC1=O,0,20,0.45962461829185486,0.5403753817081451
Plain-GCN,5,151,O=C(CSc1nc2ccccc2[nH]1)NCCN1CCCCC1,0,22,0.5152595639228821,0.4847404360771179
Plain-GCN,5,152,COc1cc(C(=O)N2CC3CCC2[C@@H]3N)cc2nc(-c3cc4ccc(C5=CC6NC(=O)N=C6N=C5)cc4n3CC3CC3)n(C)c12,1,45,0.5530422925949097,0.44695770740509033
Plain-GCN,5,153,CCn1ncc(Br)c1C(=O)Nc1ccc(C(C)C)cc1,0,20,0.6153780817985535,0.38462191820144653
Plain-GCN,5,154,CC(=O)Nc1ccc(SCC(=O)NC(=O)c2ccc(S(=O)(=O)N(C)C)cc2)cc1,0,29,0.5800890326499939,0.4199109673500061
Plain-GCN,5,155,COc1cc(C(=O)N2C[C@H](N)C[C@@H](F)C2)cc2nc(-c3cc4ccc(N5CCC6(CC5)CN(C)C(=O)O6)cc4n3CC3CC3)n(C)c12,1,47,0.40979450941085815,0.5902054905891418
Plain-GCN,5,156,Cc1c(-c2cc3ccccc3n2Cc2ccc(F)cn2)nc2cc(C(=O)N3CCC[C@@H](N)C3)ccn12,1,36,0.3722984790802002,0.6277015209197998
Plain-GCN,5,157,Cc1cccc(CN2CCN(Cc3cnn(-c4ccccc4F)c3)CC2CCO)n1,0,30,0.49219149351119995,0.5078085064888
Plain-GCN,5,158,COc1ccc2[nH]cc(CCNC(=O)Nc3ccccc3)c2c1,0,23,0.5312744975090027,0.4687255024909973
Plain-GCN,5,159,CCn1c(-c2cnc(-c3ccccc3)n2CC2CC2)nc2cc(C(=O)N3CCC[C@@H](N)C3)ccc21,1,35,0.3389488458633423,0.6610511541366577
Plain-GCN,5,160,Cc1ccccc1C(=O)NCC(=O)Nc1ccccc1C(F)(F)F,0,24,0.5525722503662109,0.44742774963378906
Plain-GCN,5,161,O=C1CN(C(=O)COc2ccc([N+](=O)[O-])cc2Cl)c2ccccc2N1,0,25,0.6577655076980591,0.3422344923019409
Plain-GCN,5,162,COC(=O)C1=CC(=O)N=C2C=CC(c3ccc4cc(-c5nc6cc(C(=O)N7CC8CCC7[C@@H]8N)cc(OC)c6n5C)n(CC5CC5)c4c3)C=C12,1,50,0.5370478630065918,0.4629521369934082
Plain-GCN,5,163,COC(=O)c1cn(-c2ccccc2)c(C)c1C(=O)OC,0,20,0.49251654744148254,0.5074834525585175
Plain-GCN,5,164,CCN(CC(=O)Nc1c(F)cccc1F)C(=O)Cc1ccc(OC)c(S(=O)(=O)N2CCOCC2)c1,0,35,0.5235567688941956,0.47644323110580444
Plain-GCN,5,165,COc1cc(C(=O)N2C[C@H](N)C[C@@H](F)C2)cc2nc(-c3cc4ccc(-c5c(C)ccc(O)c5C)nc4n3CC3CC3)n(C)c12,1,44,0.45376327633857727,0.5462367236614227
Plain-GCN,5,166,Cc1ccc(-n2ncc(C#N)c2/N=C/N2CCN(C)CC2)cc1,0,23,0.5344184041023254,0.46558159589767456
Plain-GCN,5,167,O=C(COC(=O)c1ccccc1SCC(=O)N1CCCC1)Nc1ccc(OC(F)F)cc1,0,32,0.4970688819885254,0.5029311180114746
Plain-GCN,5,168,CC1CCN(c2nc3c(=O)[nH]c(N)nc3n2[C@@H]2O[C@H](CO)[C@@H](O)[C@H]2O)CC1,0,27,0.5880803465843201,0.41191965341567993
Plain-GCN,5,169,CN(c1ccc(C(=O)NCCCn2ccnc2)cc1)S(C)(=O)=O,0,23,0.46909114718437195,0.530908852815628
Plain-GCN,5,170,Cn1c(-c2cc3ccc(-c4ccc5[nH]c(=O)[nH]c(=O)c5c4)cc3n2CC2CC2)nc2cc(C(=O)N3C[C@H](N)C[C@@H](F)C3)cc(F)c21,1,46,0.465323805809021,0.534676194190979
Plain-GCN,5,171,COc1cc(C(=O)N2CC3CCC2[C@@H]3N)cc2nc(-c3cc4ccc(-c5cccc(C(N)=O)c5F)nc4n3CC3CC3)n(C)c12,1,45,0.4583519697189331,0.5416480302810669
Plain-GCN,5,172,Cc1cc(C(=O)Nc2ccc3c(c2)CCC3)ccc1[N+](=O)[O-],0,22,0.4968595504760742,0.5031404495239258
Plain-GCN,5,173,CCCCOc1ccc(CSc2nc(C)[nH]c2[N+](=O)[O-])cc1[N+](=O)[O-],0,25,0.6190925240516663,0.38090747594833374
Plain-GCN,5,174,CC(C)c1oc(=O)cc2c1[C@@H](O)[C@H]1OC(=O)[C@@]3(C)CC[C@@H](O)[C@@]2(C)C13,0,25,0.7406208515167236,0.25937914848327637
Plain-GCN,5,175,CCc1cc2c(SCC(=O)Nc3cc(C)on3)ncnc2s1,0,22,0.6781141757965088,0.3218858242034912
Plain-GCN,5,176,COc1cc(C(=O)N2CC3CCC2[C@@H]3N)cc2nc(-c3cc4ccc(Nc5ccc(N)cc5)nc4n3CC3CC3)n(C)c12,1,43,0.48759812116622925,0.5124018788337708
Plain-GCN,5,177,C=CCn1c(SCC(=O)Nc2nc3ccccc3s2)nc(O)c(CC)c1=O,0,27,0.5557228922843933,0.4442771077156067
Plain-GCN,5,178,COc1cc(C(=O)N2CC3CCC2[C@@H]3N)cc2nc(-c3cc4ccc(CCN5CCOC5=O)cc4n3CC3CC3)n(C)c12,1,43,0.47883397340774536,0.5211660265922546
Plain-GCN,5,179,COc1cc(-c2ccc3cc(-c4nc5cc(C(=O)N6C[C@H](N)C[C@@H](F)C6)cc(OC)c5n4C)n(CC4CC4)c3n2)c(F)cc1CO,1,46,0.4977054297924042,0.5022945702075958
Plain-GCN,5,180,Cn1c(-c2ccc(-c3ccccc3)n2CC2CC2)nc2cc(C(=O)N3CC[C@@H]4CCN[C@@H]4C3)ccc21,1,36,0.3900246322154999,0.6099753677845001
Plain-GCN,5,181,O=C1NC(=O)/C(=C/c2ccc(OS(=O)(=O)c3ccc(F)cc3F)cc2)N1,0,26,0.4570625126361847,0.5429374873638153
Plain-GCN,5,182,COc1cc(C(=O)N2CC3CCC2[C@@H]3N)cc2nc(-c3cc4ccc(Nc5ccc6c(c5)CCC(=O)N6)nc4n3CC3CC3)n(C)c12,1,47,0.42352503538131714,0.5764749646186829
Plain-GCN,5,183,Cc1ccc(CN2CCc3c(OCc4ccc(F)cc4)cccc3C2=O)cc1,0,28,0.6645399332046509,0.3354600667953491
Plain-GCN,5,184,COc1ccc(C(=O)C[n+]2ccc3c(c2)nc(-c2ccccc2)n3C)cc1.[Br-],0,28,0.5125452280044556,0.48745477199554443
Plain-GCN,5,185,CCCOC(=O)C(C)n1cnc2scc(-c3ccc(C)cc3)c2c1=O,0,25,0.5645723342895508,0.4354276657104492
Plain-GCN,5,186,Cc1ccc(-c2nn(-c3ccccn3)c(=O)c3ccccc23)cc1C,0,25,0.6311304569244385,0.3688695430755615
Plain-GCN,5,187,COc1cc(C(=O)N2C[C@H](N)C[C@@H](F)C2)cc2nc(-c3cc4ccc(N5CCC6(CC5)CNC(=O)O6)cc4n3CC3CC3)n(C)c12,1,46,0.4164690673351288,0.5835309326648712
Plain-GCN,5,188,COc1cc(C(=O)N2CC3CCC2[C@@H]3N)cc2nc(-c3cc4ccc(C5C=CC6=NC(=O)C=C(CO)C6=C5)nc4n3CC3CC3)n(C)c12,1,48,0.5588767528533936,0.44112324714660645
Plain-GCN,5,189,Brc1ccc(-c2csc3[n+]2CCCCC3)cc1.[Br-],0,18,0.5652113556861877,0.43478864431381226
Plain-GCN,5,190,CCCCCn1c(=O)c2ccccc2n2c(=S)[nH]nc12,0,20,0.568269670009613,0.43173032999038696
Plain-GCN,5,191,CN(C)c1ccc2cc(C(=O)N[C@@H](CCCN=C(N)CCl)C(=O)NCc3ccccc3)ccc2c1,1,35,0.4302043914794922,0.5697956085205078
Plain-GCN,5,192,CNc1ccccc(-c2ccc3cc4c(cc3n2)OCO4)c1=O,0,23,0.7398315072059631,0.26016849279403687
Plain-GCN,5,193,CC(C)NC(=O)CSc1c2c(nc3ccccc13)CCCC2,0,22,0.5477805137634277,0.45221948623657227
Plain-GCN,5,194,COc1cc(C(=O)N2CC3CCC2[C@@H]3N)cc2nc(-c3cc4ccc(-c5ccc(C(N)=O)c(F)c5)nc4n3CC3CC3)n(C)c12,1,45,0.5415486693382263,0.4584513306617737
Plain-GCN,5,195,COC(=O)c1cc(-c2ccc3cc(-c4nc5cc(C(=O)N6C[C@H](N)C[C@@H](F)C6)cc(OC)c5n4C)n(CC4CC4)c3n2)n(C)n1,1,45,0.442245215177536,0.557754784822464
Plain-GCN,5,196,CCn1c(C(=O)NCc2cccnc2)cc2sc(Cl)cc21,0,21,0.5715860724449158,0.42841392755508423
Plain-GCN,5,197,CC(/C=C/c1ccc(N(C)C)cc1)=N/N=C1/NC(=O)CC(C(=O)Nc2ccc(Cl)cc2)S1,0,32,0.5541713833808899,0.4458286166191101
Plain-GCN,5,198,COC(=O)Cc1cnc(NC(=O)CSc2nc(C(C)C)cc(=O)[nH]2)s1,0,25,0.6656944155693054,0.3343055844306946
Plain-GCN,5,199,O=C(Cc1cccs1)NNC(=S)NC(=O)c1ccc(F)c(F)c1,0,23,0.4881255328655243,0.5118744671344757
Plain-GCN,5,200,COc1cc(C(=O)N2CC3CCC2[C@@H]3N)cc2nc(-c3cc4ccc(-c5ccc6c(c5)C(=O)NCC6)nc4n3CC3CC3)n(C)c12,1,46,0.48698753118515015,0.5130124688148499
Plain-GCN,5,201,COc1cc(C(=O)N2CC3CCC2[C@@H]3N)cc2nc(-c3cc4ccc(C(C)O)cc4n3CC3CC3)n(Cc3cnn(C)c3)c12,1,44,0.45965060591697693,0.5403493940830231
Plain-GCN,5,202,Cc1cc(C)c(Nc2cc(S(=O)(=O)[O-])c(N)c3c2C(=O)c2ccccc2C3=O)c(C)c1.[Na+],0,32,0.5172223448753357,0.4827776551246643
Plain-GCN,5,203,CCCc1c(-c2nc3cc(C(=O)N4CCC[C@@H](N)C4)ccc3n2C)cnn1-c1ccccc1,0,33,0.3928717374801636,0.6071282625198364
Plain-GCN,5,204,Cc1ccc(OCCC(=O)NNC(=O)c2cc(C)oc2C)cc1,0,23,0.6533928513526917,0.34660714864730835
Plain-GCN,5,205,CC1(C)NC(=O)N(CCc2nn[nH]n2)C1=O,1,16,0.46096113324165344,0.5390388667583466
Plain-GCN,5,206,CCOC(=O)c1sc(NC(=O)CSc2nc(O)c(Cc3ccccc3)c(=O)[nH]2)nc1C,0,31,0.5949745178222656,0.4050254821777344
Plain-GCN,5,207,NS(=O)(=O)c1ccc(S(=O)(=O)c2ccccc2)nc1,0,19,0.5763090252876282,0.4236909747123718
Plain-GCN,5,208,Nc1nnc2c(n1)CCCC2,0,11,0.7701490521430969,0.22985094785690308
Plain-GCN,5,209,O=C(COc1ccccc1)Nc1nc(-c2ccc(S(=O)(=O)N3CCOCC3)cc2)cs1,0,31,0.5952214002609253,0.4047785997390747
Plain-GCN,5,210,CN1CN(C)c2ccc([N+](=O)[O-])c3cccc1c23,0,18,0.5836709141731262,0.4163290858268738
Plain-GCN,5,211,COc1cc(C(=O)N2C[C@H](N)C[C@@H](F)C2)cc2nc(-c3cc4ccc(-c5ccc6c(c5)C(=O)NCC(=O)N6)nc4n3CC3CC3)n(C)c12,1,48,0.4194692373275757,0.5805307626724243
Plain-GCN,5,212,CCOC(=O)CSc1cc(C)nc2ccc(OC)cc12,0,20,0.6574996709823608,0.34250032901763916
Plain-GCN,5,213,CCc1cc(NC(C)=O)ncc1-c1ccc2cc(-c3nc4cc(C(=O)N5C[C@H](N)C[C@@H](F)C5)cc(OC)c4n3C)n(CC3CC3)c2n1,1,47,0.4224666655063629,0.5775333344936371
Plain-GCN,5,214,O=C(NCc1ccccc1)C(c1ccccc1)N(Cc1cccs1)C(=O)c1cnccn1,0,32,0.5710191130638123,0.42898088693618774
Plain-GCN,5,215,COc1cc(C(=O)N2CC3CCC2[C@@H]3N)cc2nc(-c3cc4ccc(Oc5cc(C)nc(C)c5)nc4n3CC3CC3)n(C)c12,1,44,0.435346394777298,0.564653605222702
Plain-GCN,5,216,CC(=O)OCc1nc2ccccc2s1,0,14,0.6645470857620239,0.3354529142379761
Plain-GCN,5,217,COc1cc(C(=O)N2CC3CCC2[C@@H]3N)cc2nc(-c3cc4ccc(-c5cn(C)nc5-c5ccc(F)cc5)nc4n3CC3CC3)n(C)c12,1,48,0.4417165517807007,0.5582834482192993
Plain-GCN,5,218,COc1cc(/C=N/NC(=O)C(=O)/C=C2\NC(C)(C)Cc3ccccc32)ccc1O,0,29,0.475721150636673,0.524278849363327
Plain-GCN,5,219,Cc1cc(C)nc(/N=C(\N)Nc2ccc3c(c2)OCCO3)n1,0,22,0.5700604319572449,0.4299395680427551
Plain-GCN,5,220,CCN1CCN(c2ccc(N3CCN(C(=O)c4ccc(Br)o4)CC3)nn2)CC1,0,28,0.6730072498321533,0.3269927501678467
Plain-GCN,5,221,O=C(C1=C[C@H](C2CC2)C[C@H](OCCCCO)O1)N1CCN(Cc2ccc3c(c2)OCO3)CC1,0,33,0.5603428483009338,0.43965715169906616
Plain-GCN,5,222,COc1cc(C(=O)N2C[C@H]3CC[C@@H]2[C@@H]3N)cc2nc(-c3ccc(C#N)n3CC3CC3)n([C@@H](C)c3ccccn3)c12,0,40,0.3551575541496277,0.6448424458503723
Plain-GCN,5,223,COc1cccc(CNS(=O)(=O)c2c(C)[nH]c(C)c2C(=O)N2CCCCC2)c1,0,28,0.5105549693107605,0.4894450306892395
Plain-GCN,5,224,COc1cc(-c2ccc3cc(-c4nc5cc(C(=O)N6C[C@H]7CC[C@@H]6[C@@H]7N)cc(OC)c5n4C)n(CC4CC4)c3n2)ccc1F,1,44,0.4221150875091553,0.5778849124908447
Plain-GCN,5,225,COc1cc(C(=O)N2CC3CCC2[C@@H]3N)cc2nc(-c3cc4ccc(N5CC6(CCS6(=O)=O)C5)cc4n3CC3CC3)n(C)c12,1,44,0.48305395245552063,0.5169460475444794
Plain-GCN,5,226,COc1cc(C(=O)N2C[C@H](N)C[C@@H](F)C2)cc2nc(-c3cc4ccc(-c5ccn6nc(C)cc6n5)nc4n3CC3CC3)n(C)c12,1,45,0.4302213490009308,0.5697786509990692
Plain-GCN,5,227,CC1CCN(C(=O)C2CCN(S(=O)(=O)c3cccc4nonc34)CC2)CC1,0,27,0.5866814851760864,0.4133185148239136
Plain-GCN,5,228,COc1cc(C(=O)N2CC3CCC2[C@@H]3N)cc2nc(-c3cc4ccc(N5CCNCC5=O)cc4n3CC3CC3)n(C)c12,1,42,0.48226994276046753,0.5177300572395325
Plain-GCN,5,229,COc1ccc(-n2c(CNC(=O)c3ccc(S(=O)(=O)N4CCCC4)cc3)n[nH]c2=S)cc1,0,32,0.5578470230102539,0.4421529769897461
Plain-GCN,5,230,CC(=O)c1ccccc1NC(=O)CC1(CC(=O)O)CCCCC1,0,23,0.4737366735935211,0.5262633264064789
Plain-GCN,5,231,COc1cc(C(=O)NC(C)C2CC3CCC2C3)cc(OC)c1OC,0,24,0.4546910226345062,0.5453089773654938
Plain-GCN,5,232,COc1cc(C(=O)N2CC3CCC2[C@@H]3N)cc2nc(-c3cc4ccc(Nc5cc(=O)[nH]cn5)nc4n3CC3CC3)n(C)c12,1,43,0.4724409282207489,0.5275590717792511
Plain-GCN,5,233,O=C(N/C(=C/c1ccccc1F)C(=O)N1CCCCC1)c1ccccc1,0,26,0.4925726652145386,0.5074273347854614
Plain-GCN,5,234,O=C(COC(=O)c1ccc([N+](=O)[O-])s1)NNC(=O)c1ccccc1,0,24,0.5987555384635925,0.40124446153640747
Plain-GCN,5,235,Cn1c2c(c(=O)n(C)c1=O)C(CC(=O)Nc1ccccc1F)C(=O)N2,0,25,0.5250792503356934,0.47492074966430664
Plain-GCN,5,236,O=C(COc1ccccc1)N/N=C/c1sc(=O)n(Cc2cccc(C(=O)O)c2)c1Cl,0,30,0.5336436033248901,0.46635639667510986
Plain-GCN,5,237,CCN(CC)C(=S)SCC(=O)c1ccc(F)cc1,0,18,0.5560409426689148,0.4439590573310852
Plain-GCN,5,238,O=C(NC(=S)NNC(=O)c1ccccc1[N+](=O)[O-])c1ccc(Br)cc1,0,25,0.6498557329177856,0.35014426708221436
Plain-GCN,5,239,CCn1c(SCC(=O)NC2=NCCS2)nnc1C(C)NC(=O)c1ccccc1F,0,29,0.5756964087486267,0.4243035912513733
Plain-GCN,5,240,COc1cc(C(=O)N2CC3CCC2[C@@H]3N)cc2nc(-c3cc4ccc(-c5cnc(NC(C)=O)cc5Cl)nc4n3CC3CC3)n(C)c12,1,46,0.4413498044013977,0.5586501955986023
Plain-GCN,5,241,COc1cc(C(=O)N2C[C@H](N)C[C@@H](F)C2)cc2nc(-c3cc4ccc(C5=CC(C(F)(F)F)=CC6=NC(=O)NC56)nc4n3CC3CC3)n(C)c12,1,49,0.47941774129867554,0.5205822587013245
Plain-GCN,5,242,CCCc1cc2c(=O)c(-c3ccccn3)c(C)oc2cc1O,0,22,0.607450544834137,0.39254945516586304
Plain-GCN,5,243,O=C(NCc1csc(-c2cccs2)n1)C1CCC1,0,18,0.549831211566925,0.45016878843307495
Plain-GCN,5,244,Cc1cc(/C=C(\C#N)c2nnc(N3CCOCC3)n2-c2ccccc2)c(C)n1-c1ccccc1,0,34,0.48453524708747864,0.5154647529125214
Plain-GCN,5,245,COC1=CC(=O)c2ccccc2C1=O,0,14,0.5998847484588623,0.4001152515411377
Plain-GCN,5,246,COC(=O)c1ccc(NC(=O)CSc2nc3cccnc3n2C)cc1,0,25,0.5302433967590332,0.4697566032409668
Plain-GCN,5,247,COC(=O)CNC(=O)COc1ccc(-c2ccc3cc(-c4nc5cc(C(=O)N6CC7CCC6[C@@H]7N)cc(OC)c5n4C)n(CC4CC4)c3n2)cc1,1,51,0.40694645047187805,0.593053549528122
Plain-GCN,5,248,O=C1CCN2C=Nc3cccc4ccc1c2c34,0,17,0.5443869233131409,0.45561307668685913
Plain-GCN,5,249,O=C(O)CCSc1ccc([N+](=O)[O-])cc1[N+](=O)[O-],0,18,0.6764378547668457,0.3235621452331543
Plain-GCN,5,250,COc1cc(C(=O)N2C[C@H](N)C[C@@H](F)C2)cc2nc(-c3cc4ccc(-c5ccc(N6CCCC6=O)cc5)nc4n3CC3CC3)n(C)c12,1,47,0.4083116948604584,0.5916883051395416
Plain-GCN,5,251,Cc1cc(OCC(=O)N2CCOCC2)ccc1NC(=O)c1ccccc1C,0,27,0.59583979845047,0.40416020154953003
Plain-GCN,5,252,CCc1c(O)nc(SCc2nc3ccccc3c(=O)[nH]2)[nH]c1=O,0,23,0.6273365020751953,0.3726634979248047
Plain-GCN,5,253,COC(=O)C1=C(N)Oc2cc(N(C)C)ccc2C1c1ccccc1OC,0,26,0.5322954654693604,0.46770453453063965
Plain-GCN,5,254,Cc1ccc(C2CC(=O)Oc3cc(O)ccc32)cc1,0,19,0.6215229034423828,0.3784770965576172
Plain-GCN,5,255,Cc1ccc(C)c(-n2nnnc2SCC(=O)Nc2cccc(-c3nnc4n3CCCCC4)c2)c1,0,34,0.5005223751068115,0.4994776248931885
Plain-GCN,5,256,Cc1csc(CNc2ncnc3ccc(-c4ccc5c(c4)OCO5)cc23)c1,0,27,0.5613644123077393,0.43863558769226074
Plain-GCN,5,257,COc1cc(C(=O)N2C[C@H](N)C[C@@H](F)C2)cc2nc(-c3cc4ccc(-c5cnc(C#N)nc5)nc4n3CC3CC3)n(C)c12,1,43,0.545807421207428,0.454192578792572
Plain-GCN,5,258,COC(=O)C(Cc1csc2ccc(Cl)cc12)NC(=O)c1ccc(Cl)cc1,0,26,0.5777157545089722,0.42228424549102783
Plain-GCN,5,259,CCN1C(=NCc2ccco2)N[C@@H](c2cccc(F)c2)C(C(=O)OC)=C1C,0,27,0.5013665556907654,0.4986334443092346
Plain-GCN,5,260,CC1(C)CC(=O)c2c(O)cc(OCC(=O)Nc3ccc(S(N)(=O)=O)cc3)cc2O1,0,29,0.5280114412307739,0.4719885587692261
Plain-GCN,5,261,Cc1c(C(c2cccs2)c2c(C)n(C)n(-c3ccccc3)c2=O)c(=O)n(-c2ccccc2)n1C,0,34,0.6036805510520935,0.3963194489479065
Plain-GCN,5,262,Cn1c(-n2nccc2-c2ccccc2)nc2cc(C(=O)N3CCC[C@@H](N)C3)ccc21,0,30,0.421708881855011,0.578291118144989
Plain-GCN,5,263,Cc1ccc(C(C)NC(=O)Cc2cccs2)cc1C,0,19,0.5967236757278442,0.40327632427215576
Plain-GCN,5,264,COc1ccccc1CCC(=O)Nc1cc(S(=O)(=O)N2CCCCC2)ccc1N1CCN(C)CC1,0,35,0.5504557490348816,0.4495442509651184
Plain-GCN,5,265,CC(C)CN1Cc2ccccc2Oc2cc(Br)ccc2S1(=O)=O,0,23,0.661129355430603,0.338870644569397
Plain-GCN,5,266,CCN(CC)S(=O)(=O)c1cc(C(=O)Oc2cccc(-c3cnc4ccccc4n3)c2)ccc1OC,0,35,0.6219486594200134,0.3780513405799866
Plain-GCN,5,267,CCOc1ccc(C(=O)N/N=C/c2cccc3cccnc23)cc1,0,24,0.653546929359436,0.34645307064056396
Plain-GCN,5,268,CC1(c2nnc(-c3cccc(Cl)c3)o2)CC(c2ccc(C#N)cc2)=NO1,0,26,0.4981915354728699,0.5018084645271301
Plain-GCN,5,269,O=C(NC(=S)N(Cc1ccccc1)c1ccccn1)C1CC1,0,22,0.5454440712928772,0.4545559287071228
Plain-GCN,5,270,O=C(Nc1ccc(S(=O)(=O)Nc2nccs2)cc1)C1CC(=O)N(c2ccc(Cl)cc2)C1,0,31,0.5870648622512817,0.41293513774871826
Plain-GCN,5,271,CCCCN(Cc1ccco1)C(=O)Cn1ncc2c(=O)oc3ccc(C)cc3c21,0,29,0.5622856616973877,0.4377143383026123
Plain-GCN,5,272,COc1cc(C(=O)N2C[C@H](N)C[C@@H](F)C2)cc2nc(-c3cc4ccc(-c5ccc(C(N)=O)nc5C)nc4n3CC3CC3)n(C)c12,1,45,0.44005119800567627,0.5599488019943237
Plain-GCN,5,273,Cc1sc2nc(SCc3nc(-c4cccs4)no3)n(-c3ccccc3)c(=O)c2c1C,0,30,0.6183193922042847,0.38168060779571533
Plain-GCN,5,274,COC(=O)C1=C(C(=O)OC)C(c2ccc(OC)c(OC)c2)c2sc(=O)[nH]c2S1,0,28,0.5349723100662231,0.46502768993377686
Plain-GCN,5,275,COc1cc(C(=O)N2C[C@H](N)C[C@@H](F)C2)cc2nc(-c3cc4ccc(-c5cccc(O)c5Cl)nc4n3CC3CC3)n(C)c12,1,43,0.44758546352386475,0.5524145364761353
Plain-GCN,5,276,Cc1c(-c2cc3cccc(Cl)c3n2Cc2ccc(F)cc2)nc2cc(C(=O)N3CCC[C@@H](N)C3)ccn12,1,37,0.36573174595832825,0.6342682540416718
Plain-GCN,5,277,CCOc1c(Br)cc(CNc2ccc(N3CCOCC3)cc2)cc1OC,0,26,0.6022640466690063,0.39773595333099365
Plain-GCN,5,278,CC(C)(C)OC(=O)NCCC(=O)N/N=C/c1cccc2nccnc12,0,25,0.48805516958236694,0.5119448304176331
Plain-GCN,5,279,CC(CNC(=O)C1CCCCC1C(=O)O)c1ccccc1,0,21,0.48828592896461487,0.5117140710353851
Plain-GCN,5,280,COC(=O)c1cc(C(=O)OCC(=O)NCc2cccs2)cc([N+](=O)[O-])c1,0,26,0.5319251418113708,0.46807485818862915
Plain-GCN,5,281,CCCCCCCCCCCCN1[C@@H](CC(=O)O)c2cc(C(F)(F)F)ccc2S1(=O)=O,0,31,0.5494212508201599,0.4505787491798401
Plain-GCN,5,282,CCOC(=O)N1CCN(C(=O)c2c(-c3ccccc3)noc2C)CC1,0,25,0.598982036113739,0.401017963886261
Plain-GCN,5,283,CCn1c(N)[n+](CC(=O)Nc2ccc(SC(F)F)cc2)c2ccccc21.[Cl-],0,27,0.4722459614276886,0.5277540385723114
Plain-GCN,5,284,CC1=CC(=O)C2=C(C)CC[C@@H]3[C@H](OC(=O)[C@H]3C)[C@@H]12,0,18,0.6871434450149536,0.3128565549850464
Plain-GCN,5,285,CC(C)CCOc1cccc(OCC(=O)NC2CCS(=O)(=O)C2)c1,0,24,0.5107587575912476,0.48924124240875244
Plain-GCN,5,286,NNC(=O)c1ccc(N2CCc3ccccc32)c([N+](=O)[O-])c1,0,22,0.5568928122520447,0.4431071877479553
Plain-GCN,5,287,COc1cc(C(=O)N2CC3CCC2[C@@H]3N)cc2nc(-c3cc4ccc(C5CNNC5OC)nc4n3CC3CC3)n(C)c12,1,42,0.5465239882469177,0.4534760117530823
Plain-GCN,5,288,CCOc1ccc(N2C(=O)/C(=C/c3cc(OC)c(OC)c(OC)c3)N(CC(=O)OC)C2=S)cc1,0,34,0.5347936153411865,0.4652063846588135
Plain-GCN,5,289,CN(C)S(=O)(=O)c1cc(NC(=O)CN2CCN(c3ccccc3O)CC2)ccc1Cl,0,30,0.5401710271835327,0.4598289728164673
Plain-GCN,5,290,CNC(=O)NC1CCCCc2sccc21,0,15,0.5032787919044495,0.49672120809555054
Plain-GCN,5,291,CC1(OC(=O)C2CCCC2)C(=O)C=C2C=C(c3ccsc3)N(CC3CC3)C=C2C1=O,0,30,0.47229257225990295,0.527707427740097
Plain-GCN,5,292,COc1ccc(Oc2nnnn2-c2ccccc2)cc1,0,20,0.69362473487854,0.30637526512145996
Plain-GCN,5,293,COc1cc(C(=O)N2CC3CCC2[C@@H]3N)cc2nc(-c3cc4ccc(-c5cnn(C)c5-c5ccc(F)cc5)nc4n3CC3CC3)n(C)c12,1,48,0.44390684366226196,0.556093156337738
Plain-GCN,5,294,CC(C)OCCCNC(=O)C1CC(=O)N(C2CCCCCCC2)C1,0,24,0.5462537407875061,0.4537462592124939
Plain-GCN,5,295,COc1ccc(-n2c(C)n[nH]c2=O)cc1OC,0,17,0.5557082295417786,0.44429177045822144
Plain-GCN,5,296,COc1cc(C(=O)N2CC3CCC2[C@@H]3N)cc2nc(-c3cc4ccc(C5CNC(=O)NC5=O)nc4n3CC3CC3)n(C)c12,1,43,0.5106703639030457,0.48932963609695435
Plain-GCN,5,297,Cc1ccc(CC(CC(=O)NCCc2ccc3c(c2)OCO3)C(=O)O)cc1,0,27,0.5450647473335266,0.4549352526664734
Plain-GCN,5,298,O=C(CSc1nnc(CNc2ccc(Cl)cc2)n1Cc1ccccc1)NCc1ccco1,0,32,0.5976903438568115,0.4023096561431885
Plain-GCN,5,299,Cc1ccc(S(=O)(=O)NNC(=O)C(=O)NNc2ccccn2)cc1,0,24,0.6205869317054749,0.37941306829452515
Plain-GCN,5,300,CCOC(=O)c1[nH]c2ccc(F)cc2c1NC(=O)c1cc(OC)c(OC)c(OC)c1,0,30,0.5520567893981934,0.44794321060180664
Plain-GCN,5,301,COc1cc(C(=O)N2CC3CCC2C3)cc2nc(-c3cc4ccc(N(C)C)cc4n3CC3CC3)n(C)c12,1,37,0.4594874680042267,0.5405125319957733
Plain-GCN,5,302,CCOc1ccc2nc(N/C(N)=N/C(=S)Nc3ccc(C)c(C)c3)nc(C)c2c1,0,29,0.6016438007354736,0.39835619926452637
Plain-GCN,5,303,CCOc1cc(/C=C\c2[nH]c(=O)[nH]c(=O)c2[N+](=O)[O-])ccc1OC(C)CC,0,27,0.5884270668029785,0.4115729331970215
Plain-GCN,5,304,Cc1nc(SCC(=O)N(C)C2(C#N)CCCCC2)c2ccccc2n1,0,25,0.5274364948272705,0.4725635051727295
Plain-GCN,5,305,Cc1noc(C(F)(F)F)c1C(=O)NNC(=O)c1ccccc1,0,22,0.546392560005188,0.453607439994812
Plain-GCN,5,306,COc1cc(C(=O)N2C[C@H](N)C[C@@H](F)C2)cc2nc(-c3cc4ccc(-c5ccc(C(N)=O)cc5Cl)nc4n3CC3CC3)n(C)c12,1,45,0.44435107707977295,0.555648922920227
Plain-GCN,5,307,COC(=O)c1cc(-c2ccc3cc(-c4nc5cc(C(=O)N6CC7CCC6[C@@H]7N)cc(OC)c5n4C)n(CC4CC4)c3n2)n(C)n1,1,45,0.4664815366268158,0.5335184633731842
Plain-GCN,5,308,Cc1cc2cc(CNC(=O)c3cccs3)ccc2n1C,0,20,0.5181898474693298,0.48181015253067017
Plain-GCN,5,309,C=CCSc1nnc(CNC(=O)c2ccc(Cl)cc2)n1CC,0,22,0.5664470791816711,0.43355292081832886
Plain-GCN,5,310,O=C(NC1CCCC1)NS(=O)(=O)c1ccccc1Cl,0,19,0.4475829005241394,0.5524170994758606
Plain-GCN,5,311,CC(=O)Nc1ccc2c(c1)CCCC2,0,14,0.5182434916496277,0.4817565083503723
Plain-GCN,5,312,Cc1ccc2c(CN3CCOCC3)cc(=O)oc2c1C,0,20,0.5959782600402832,0.4040217399597168
Plain-GCN,5,313,CC(=O)NCCNC(=O)CCNC(=O)c1ccc(Cl)cc1,0,21,0.5165590047836304,0.48344099521636963
Plain-GCN,5,314,COc1cc(C(=O)N2CC3CCC2[C@@H]3N)cc2nc(-c3cc4ccc(C5=CC=CC6=NC(=O)C=CC56)nc4n3CC3CC3)n(C)c12,1,46,0.6052597761154175,0.3947402238845825
Plain-GCN,5,315,Cn1ccnc1C(=O)c1ccccc1Cl,0,15,0.5592814087867737,0.4407185912132263
Plain-GCN,5,316,COc1ccc(-c2cc(=O)[nH][nH]2)cc1,0,14,0.7326102256774902,0.26738977432250977
Plain-GCN,5,317,O=C(C1=C[C@@H](c2ccc(C(F)(F)F)cc2)C[C@@H](OCc2ccc(CO)cc2)O1)N1CCN(Cc2ccc3c(c2)OCO3)CC1,0,44,0.4939529299736023,0.5060470700263977
Plain-GCN,5,318,COc1cc(/C=N/Nc2ccccc2[N+](=O)[O-])ccc1OC(=O)c1ccccc1F,0,30,0.6568718552589417,0.34312814474105835
Plain-GCN,5,319,Cc1ccccc1Cn1ccc(NC(=O)c2onc(C)c2Cl)n1,0,23,0.5796241760253906,0.4203758239746094
Plain-GCN,5,320,CCOc1ccc(N(C(=O)c2cnsn2)C(C(=O)NC2CCCCC2)c2ccncc2)cc1,0,33,0.44759559631347656,0.5524044036865234
Plain-GCN,5,321,COc1ccc(-c2nn(-c3ccccc3)cc2C(=O)NC(=S)NNC(=O)c2ccncc2)cc1,0,34,0.6468338370323181,0.3531661629676819
Plain-GCN,5,322,COc1cc(C(=O)N2CC3CCC2[C@@H]3N)cc2nc(-c3cc4ccc(-c5cnc(C#N)cc5C)nc4n3CC3CC3)n(C)c12,1,44,0.5157454013824463,0.4842545986175537
Plain-GCN,5,323,COc1cc([N+](=O)[O-])c(OC)cc1SCc1n[nH]c(=S)n1-c1ccc(F)cc1,0,28,0.586272120475769,0.41372787952423096
Plain-GCN,5,324,Cc1sc2ncn(CC(=O)NCC(=O)N3CCN(c4ccccc4F)CC3)c(=O)c2c1C,0,32,0.5434790849685669,0.4565209150314331
Plain-GCN,5,325,CCCC[n+]1c(C)sc2cc(OC)ccc21.[I-],0,17,0.6058010458946228,0.3941989541053772
Plain-GCN,5,326,COc1cc(C(=O)N2CC3CCC2[C@@H]3N)cc2nc(-c3cc4ccc(N5CCC(O)(c6ccccc6)C5)nc4n3CC3CC3)n(C)c12,1,47,0.4327831268310547,0.5672168731689453
Plain-GCN,5,327,COc1cc(C(=O)N2CC3CCC2[C@@H]3N)cc2nc(-c3cc4ccc(-c5ccc6c(c5)CCNC6=O)nc4n3CC3CC3)n(C)c12,1,46,0.5031203031539917,0.4968796968460083
Plain-GCN,5,328,NS(=O)(=O)c1cc(C(=O)NNC(=O)c2ccc3c(c2)OCO3)ccc1Cl,0,26,0.5895452499389648,0.41045475006103516
Plain-GCN,5,329,Fc1ccc(OCc2nnc(-c3ccccc3Br)o2)c(Cl)c1,0,22,0.6561625599861145,0.3438374400138855
Plain-GCN,5,330,COc1cc(C(=O)N2C[C@H](N)C[C@@H](F)C2)cc2nc(-c3cc4ccc(-c5cnc6c(c5)C(=O)NC6)nc4n3CC3CC3)n(C)c12,1,45,0.47640666365623474,0.5235933363437653
Plain-GCN,5,331,COc1cc(C(=O)N2C[C@H](N)C[C@@H](F)C2)cc2nc(-c3cc4ccc(-c5ccc(N6CCC(O)C6=O)c(C)n5)nc4n3CC3CC3)n(C)c12,1,49,0.3968908190727234,0.6031091809272766
Plain-GCN,5,332,CCc1ccc(S(=O)(=O)Nc2ccc(O)c3ccccc23)cc1,0,23,0.718941330909729,0.281058669090271
Plain-GCN,5,333,COC(=O)c1sc2ccccc2c1NC(=O)c1ccc(S(=O)(=O)N2CC(C)CC(C)C2)cc1,0,33,0.533035159111023,0.46696484088897705
Plain-GCN,5,334,CCCS(=O)(=O)c1csc(C(=O)OC)c1N,0,16,0.5899112820625305,0.4100887179374695
Plain-GCN,5,335,O=c1[nH]c(Nc2ccccn2)cc2ccccc12,0,18,0.7591152191162109,0.24088478088378906
Plain-GCN,5,336,CS(=O)(=O)N(CC(=O)N1CCOCC1)Cc1ccc(Cl)cc1,0,22,0.5936934351921082,0.40630656480789185
Plain-GCN,5,337,COc1ccc(OCC(=O)Nc2ccccc2C(=O)Nc2ccc(C(=O)O)cc2)cc1,0,31,0.6999876499176025,0.30001235008239746
Plain-GCN,5,338,COc1cc(C(=O)N2CC3CCC2[C@@H]3N)cc2nc(-c3cc4ccc(-c5cn[nH]c5C)cc4n3CC3CC3)n(C)c12,1,41,0.5262678265571594,0.4737321734428406
Plain-GCN,5,339,Cc1ccccc1OC(C)C(=O)NCCC1=CCCCC1,0,21,0.47771576046943665,0.5222842395305634
Plain-GCN,5,340,CCOc1ccc(N(CC(=O)N/N=C/c2cc([N+](=O)[O-])ccc2Cl)S(C)(=O)=O)cc1,0,30,0.5592715740203857,0.44072842597961426
Plain-GCN,5,341,COc1cc(C(=O)N2CC3CCC2[C@@H]3N)cc2nc(-c3cc4ccc(-c5ccc(S(C)(=O)=O)nc5)nc4n3CC3CC3)n(C)c12,1,45,0.5015191435813904,0.4984808564186096
Plain-GCN,5,342,O=C1CN(S(=O)(=O)c2cc(C(=O)O)ccc2Cl)c2ccccc2N1,0,24,0.613926887512207,0.38607311248779297
Plain-GCN,5,343,CC(=O)c1ccc(OCc2cc(C(=O)NCCN3CCCC(O)C3)no2)cc1,0,28,0.495868980884552,0.504131019115448
Plain-GCN,5,344,CSC1=NC(C)(C)CC2(C)Nc3ccccc3N12,0,18,0.534225583076477,0.46577441692352295
Plain-GCN,5,345,S=c1[nH]nc(-c2c[nH]c3ccccc23)o1,0,15,0.7170668840408325,0.2829331159591675
Plain-GCN,5,346,CC(C)c1nc(SCC(=O)N2CC(=O)Nc3ccccc32)c2ccccc2n1,0,28,0.6405441761016846,0.35945582389831543
Plain-GCN,5,347,COc1cc(C(=O)N2CC3CCC2[C@@H]3N)cc2nc(-c3cc4ccc(N5CCC(S(C)(=O)=O)CC5)cc4n3CC3CC3)n(C)c12,1,45,0.46182501316070557,0.5381749868392944
Plain-GCN,5,348,COc1cc(C(=O)N2C[C@H](N)C[C@@H](F)C2)cc2nc(-c3cc4ccc(CCN5CCOC5=O)nc4n3CC3CC3)n(C)c12,1,43,0.43752115964889526,0.5624788403511047
Plain-GCN,5,349,Cc1cccc(-c2nc3ccccc3c(=O)n2NC(=O)c2ccc([N+](=O)[O-])c(C)c2)c1,0,31,0.6038808822631836,0.3961191177368164
Plain-GCN,5,350,CN(C)C(CNC(=O)C1CCN(S(=O)(=O)c2cccc(Cl)c2Cl)CC1)c1ccccc1,0,31,0.5054644346237183,0.49453556537628174
Plain-GCN,5,351,Cn1sc(=O)c2cc(S(=O)(=O)NC3CC3)ccc21,0,18,0.49666061997413635,0.5033393800258636
Plain-GCN,5,352,CCCc1c(C(=O)N/N=C/c2ccc(OC)c(OCc3ccccc3)c2)nnn1-c1nonc1N,0,35,0.5177158713340759,0.4822841286659241
Plain-GCN,5,353,CCNC(=O)c1c(NC(=O)C2COc3ccccc3O2)sc2c1CCCC2,0,27,0.5754446387290955,0.42455536127090454
Plain-GCN,5,354,COc1cc2nc(N(CCCN(C)C)C(=O)c3ccc(S(=O)(=O)N4CCc5ccccc54)cc3)sc2cc1OC.Cl,0,41,0.5586953163146973,0.44130468368530273
Plain-GCN,5,355,COc1cc(C(=O)N2CC3CCC2[C@@H]3N)cc2nc(-c3cc4ccc(-c5ccc6nnnn6c5)nc4n3CC3CC3)n(C)c12,1,44,0.497705340385437,0.502294659614563
Plain-GCN,5,356,CNC(=O)n1ccc(C(=O)N2CCCCC2)n1,0,17,0.5795966386795044,0.4204033613204956
Plain-GCN,5,357,CC(NC(=O)c1ccccc1)C(=O)OCC(=O)c1ccc(Br)cc1,0,24,0.5933024883270264,0.40669751167297363
Plain-GCN,5,358,CCOC(=O)c1ccc(NC(=O)CSc2nc3cccnc3n2C)cc1,0,26,0.5633439421653748,0.43665605783462524
Plain-GCN,5,359,O=C(COc1ccc(S(=O)(=O)N2CCCC2)cc1)NCc1cccnc1,0,26,0.5652997493743896,0.43470025062561035
Plain-GCN,5,360,COC(=O)C1=C(C(=O)OC)SC2(S1)C(C(=O)OC)=C(C(=O)OC)SC1=C2c2cc(C)cc(C)c2NC1(C)C,0,38,0.5967028737068176,0.4032971262931824
Plain-GCN,5,361,COC(=O)c1cn(C(=O)c2cc(OC)cc(OC)c2)c2ccccc12,0,25,0.573973536491394,0.42602646350860596
Plain-GCN,5,362,COc1ccc(Cn2c(-c3nc4cc(C(=O)N5CCC[C@@H](N)C5)ccn4c3C)cc3ccccc32)nc1,1,37,0.35624733567237854,0.6437526643276215
Plain-GCN,5,363,COc1ccc(/C=N/n2c(=O)c(C(C)(C)C)nn3cnnc23)cc1,0,24,0.5523391962051392,0.44766080379486084
Plain-GCN,5,364,COc1cccc2cc(C(=O)NC3CC(C)(C)NC(C)(C)C3)c(=O)oc12,0,26,0.4649799168109894,0.5350200831890106
Plain-GCN,5,365,COc1ccc(C(=O)NCCc2ccc(C(F)(F)F)cc2)cc1S(=O)(=O)N1CCOCC1,0,32,0.4989684224128723,0.5010315775871277
Plain-GCN,5,366,O=C(O)CN1C(=O)/C(=C\c2ccccc2OCc2ccc(Cl)cc2Cl)SC1=S,0,28,0.5705059766769409,0.4294940233230591
Plain-GCN,5,367,Cc1cc(C)cc(-n2ccnc2SCC(=O)Nc2cccc(S(=O)(=O)NC3=NCCC3)c2)c1,0,33,0.46986129879951477,0.5301387012004852
Plain-GCN,5,368,O=C(NNC(=O)c1cccc(C(F)(F)F)c1)c1ccc(-n2cnnn2)cc1,0,27,0.5409302115440369,0.45906978845596313
Plain-GCN,5,369,Cc1c(-c2cc3ccccc3n2CC2CC2)nc2cc(C(=O)N3CCC4OCCNC4C3)ccn12,1,35,0.3948424756526947,0.6051575243473053
Plain-GCN,5,370,COc1cc(C(=O)N2CC3CCC2[C@@H]3N)cc2nc(-c3cc4ccc(-c5nnnn5C)nc4n3CC3CC3)n(C)c12,1,41,0.5022628307342529,0.49773716926574707
Plain-GCN,5,371,Cc1sc2nc(-c3ccco3)oc(=O)c2c1C,0,17,0.6399970054626465,0.3600029945373535
Plain-GCN,5,372,Cc1cc(C(C#N)c2ccccc2)n2ncnc2n1,0,19,0.47450122237205505,0.525498777627945
Plain-GCN,5,373,O=C(C1CCCO1)N1CCN(S(=O)(=O)c2ccc(Cl)cc2)CC1,0,23,0.6322059631347656,0.3677940368652344
Plain-GCN,5,374,Cn1c(-c2cncn2CC2CC2)nc2cc(C(=O)N3CCC[C@@H](N)C3)ccc21,0,28,0.3601910471916199,0.6398089528083801
Plain-GCN,5,375,COc1cc(C(=O)N2CC3CCC2[C@@H]3N)cc2nc(-c3cc4ccc(-c5ccnc(F)c5C)nc4n3CC3CC3)n(C)c12,1,43,0.5410677790641785,0.45893222093582153
Plain-GCN,5,376,O=C(Oc1cccc([N+](=O)[O-])c1)c1ccc2c(=O)n3c(nc2c1)CCC3,0,26,0.5269513726234436,0.4730486273765564
Plain-GCN,5,377,COCCn1nnnc1SCC(=O)N1CCCCC1,0,19,0.667039155960083,0.332960844039917
Plain-GCN,5,378,Cc1ccc([N+](=O)[O-])c(C(=O)N/N=C/c2cccnc2)c1,0,21,0.4818504750728607,0.5181495249271393
Plain-GCN,5,379,c1ccc2c(CNC3CCCCC3)c[nH]c2c1,0,17,0.5428259968757629,0.45717400312423706
Plain-GCN,5,380,COC(=O)c1ccc(-c2ncc[nH]2)cc1,0,15,0.5870513916015625,0.4129486083984375
Plain-GCN,5,381,O=S(=O)(/C=C/c1ccccc1)N1CCN(Cc2ccc3c(c2)OCO3)CC1,0,27,0.5146440863609314,0.4853559136390686
Plain-GCN,5,382,COc1ccc(Cl)cc1NC(=O)c1[nH]c(C)c(C(C)=O)c1C,0,22,0.5797380805015564,0.4202619194984436
Plain-GCN,5,383,COc1cccc(NC(=O)Nc2cccs2)c1,0,17,0.7191420197486877,0.28085798025131226
Plain-GCN,5,384,Cn1cnc([N+](=O)[O-])c1Sc1ccc(C(C)(C)C)cc1,0,20,0.6206169128417969,0.3793830871582031
Plain-GCN,5,385,CC(=O)Nc1c(O)nc(SCC(=O)Nc2sc3c(c2C#N)CCCCCC3)[nH]c1=O,0,30,0.5646422505378723,0.4353577494621277
Plain-GCN,5,386,COc1cc(C(=O)N2C[C@H](N)C[C@@H](F)C2)cc2nc(-c3cc4ccc(-c5cccc(F)c5C(=O)O)nc4n3CC3CC3)n(C)c12,1,45,0.4249246418476105,0.5750753581523895
Plain-GCN,5,387,COc1cc(C(=O)N2CC3CCC2[C@@H]3N)cc2nc(-c3cc4ccc(-c5cc(O)ccc5Cl)nc4n3CC3CC3)n(C)c12,1,43,0.47760945558547974,0.5223905444145203
Plain-GCN,5,388,CC(=O)Nc1ccc(NC(=O)C(C)OC(=O)CC2CCCCC2)cc1,0,25,0.46794378757476807,0.5320562124252319
Plain-GCN,5,389,N#Cc1ccc(N2Cc3ccccc3C2=NC(=O)c2cccs2)cc1,0,25,0.6013944149017334,0.3986055850982666
Plain-GCN,5,390,COc1cc(C(=O)N2CC3CCC2[C@@H]3N)cc2nc(-c3cc4ccc(-c5ccc(Cl)c(C(N)=O)c5)nc4n3CC3CC3)n(C)c12,1,45,0.4735688269138336,0.5264311730861664
Plain-GCN,5,391,Cc1[nH]n2c(=O)c3c(nc2c1-c1ccccc1)CCCC3,0,21,0.547896146774292,0.452103853225708
Plain-GCN,5,392,COc1ccc(N(C(=O)c2cccnc2)S(=O)(=O)c2cccc([N+](=O)[O-])c2)cc1,0,29,0.645325243473053,0.354674756526947
Plain-GCN,5,393,Cc1ccc(S(=O)(=O)NCCC(=O)Nc2ccc(S(=O)(=O)NC(C)C)cc2)cc1,0,29,0.5681359767913818,0.43186402320861816
Plain-GCN,5,394,O=S(=O)(c1ccc2ccccc2c1)N1CCN(S(=O)(=O)N2CCCCC2)CC1,0,28,0.6068758368492126,0.39312416315078735
Plain-GCN,5,395,O=c1cc(-c2ccc(Cl)cc2)[nH][nH]1,0,13,0.7644169330596924,0.23558306694030762
Plain-GCN,5,396,Cc1sc2ccccc2[n+]1CC(=O)O.[Br-],0,15,0.5627943277359009,0.4372056722640991
Plain-GCN,5,397,Cc1ccc(N(C(=O)c2cccs2)C2C=CS(=O)(=O)C2)cc1,0,22,0.5525649189949036,0.44743508100509644
Plain-GCN,5,398,CC(C)c1ccc(NC2CCCN(C(=O)CCN3CCOCC3)C2)cc1,0,26,0.4930008053779602,0.5069991946220398
Plain-GCN,5,399,COC1CCCN(C(=O)c2cccc(OC3CCN(S(=O)(=O)N(C)C)CC3)c2)C1,0,29,0.5319384336471558,0.46806156635284424
Plain-GCN,5,400,COc1cc(C(=O)N2C[C@H](N)C[C@@H](F)C2)cc2nc(-c3cc4ccc(-c5ccc(OCC(N)=O)cc5)nc4n3CC3CC3)n(C)c12,1,46,0.4246367812156677,0.5753632187843323
Plain-GCN,5,401,COc1ccc(CCNS(=O)(=O)c2cccc(C(=O)O)c2)cc1OC,0,25,0.599816620349884,0.40018337965011597
Plain-GCN,5,402,COc1cc(C(=O)N2CC3CCC2[C@@H]3N)cc2nc(-c3cc4ccc(-c5cc(F)c6c(c5)CCC(=O)N6)cc4n3CC3CC3)n(C)c12,1,47,0.5626329183578491,0.4373670816421509
Plain-GCN,5,403,COc1cc(OC)cc(C2C(C#N)=C(N)Oc3n[nH]c(-c4cccnc4)c32)c1,0,28,0.48715144395828247,0.5128485560417175
Plain-GCN,5,404,Cc1sc2ccccc2[n+]1CCC(C)S(=O)(=O)[O-],0,18,0.5789228081703186,0.4210771918296814
Plain-GCN,5,405,Cc1cccc2sc(N(CCCN(C)C)C(=O)c3ccc4ncsc4c3)nc12,0,28,0.56462162733078,0.43537837266921997
Plain-GCN,5,406,CN(C)CCCn1c(SCC(=O)N2c3ccccc3Sc3ccccc32)nc2ccccc2c1=O,0,35,0.6112940311431885,0.3887059688568115
Plain-GCN,5,407,C[C@H](CO)N1C[C@H](C)[C@@H](CN(C)Cc2ccc(C(=O)O)cc2)Oc2ccc(NS(=O)(=O)c3cn(C)cn3)cc2C1=O,0,41,0.4968562722206116,0.5031437277793884
Plain-GCN,5,408,O=C(Cc1cc(=O)[nH][nH]1)N/N=C/c1cccc(Cl)c1Cl,0,20,0.587688148021698,0.412311851978302
Plain-GCN,5,409,CN1CCc2c(sc3nc(SCC(N)=O)n(-c4ccccc4)c(=O)c23)C1,0,26,0.5125992298126221,0.48740077018737793
Plain-GCN,5,410,COc1ccc(OC)c(S(=O)(=O)Nc2ccccc2C(=O)O)c1,0,23,0.6485242247581482,0.3514757752418518
Plain-GCN,5,411,CCc1ccccc1N(CC)C(=O)c1cn(C)c(=O)c2cc(OC)c(OC)cc12,0,29,0.5013288855552673,0.49867111444473267
Plain-GCN,5,412,NC(=O)COC(=O)c1ccccc1Nc1ccc(SC(F)F)cc1,0,24,0.5151990652084351,0.48480093479156494
Plain-GCN,5,413,CCOC(=O)N1CCN(c2c(N3CCN(c4cccc(C(F)(F)F)c4)CC3)c(=O)c2=O)CC1,0,33,0.5905632972717285,0.4094367027282715
Plain-GCN,5,414,CCOC(=O)c1[nH]c(=O)c2ccccc2c1O,0,17,0.6296194195747375,0.37038058042526245
Plain-GCN,5,415,COc1cc(C(=O)N2CC3CCC2[C@@H]3N)cc2nc(-c3cc4ccc(-c5ccc(CS(C)(=O)=O)cc5F)nc4n3CC3CC3)n(C)c12,1,47,0.5246222019195557,0.47537779808044434
Plain-GCN,5,416,COc1ccc([N+](=O)[O-])cc1NC(=O)CCS(=O)(=O)c1ccc(Br)cc1,0,26,0.5871684551239014,0.41283154487609863
Plain-GCN,5,417,COc1cc(C(=O)N2[C@H]3CC[C@@H]2[C@H](N)C3)cc2nc(-c3cc4ccc([C@@H](C)NC(=O)N5CCO[C@@H](C)C5)nc4n3CC3CC3)c(C)n12,1,47,0.3733495771884918,0.6266504228115082
Plain-GCN,5,418,Cc1nn(Cc2c(F)c(F)c(F)c(F)c2F)c(C)c1NC(=O)c1c([N+](=O)[O-])c(C)nn1C,0,32,0.7440826296806335,0.25591737031936646
Plain-GCN,5,419,CCC(C)c1ccccc1NC(=O)CN1CCN(C/C=C/c2ccccc2)CC1,0,29,0.47237294912338257,0.5276270508766174
Plain-GCN,5,420,COc1cc(C(=O)N2C[C@H](N)C[C@@H](F)C2)cc2nc(-c3cc4ccc(-c5ccc6c(c5)CCC(=O)N6)nc4n3CC3CC3)n(C)c12,1,46,0.4762755334377289,0.5237244665622711
Plain-GCN,5,421,COc1cc(C(=O)N2C[C@H](N)C[C@@H](F)C2)cc2nc(-c3cc4ccc(-c5ccc(CS(C)(=O)=O)cc5)cc4n3CC3CC3)n(C)c12,1,46,0.44322359561920166,0.5567764043807983
Plain-GCN,5,422,COc1cc(C(=O)N2C[C@H](N)C[C@@H](F)C2)cc2nc(-c3cc4ccc(C5CCNC(=O)C5)nc4n3CC3CC3)n(C)c12,1,42,0.5387814044952393,0.46121859550476074
Plain-GCN,5,423,O=C1Nc2ccc(Br)cc2/C1=C/C(=O)c1ccc2c(c1)OCO2,0,23,0.6362466216087341,0.36375337839126587
Plain-GCN,5,424,COc1ccc(CCN(Cc2ccccn2)C(=S)Nc2ccccc2F)cc1OC,0,30,0.6288630366325378,0.37113696336746216
Plain-GCN,5,425,CCc1c(C)nc2c(C)cccc2c1SCCC#N,0,19,0.4691385328769684,0.5308614671230316
Plain-GCN,5,426,Cn1nc(C(F)(F)F)cc1-c1ccc(S(N)(=O)=O)s1,0,19,0.6027671098709106,0.39723289012908936
Plain-GCN,5,427,CC(=O)Nc1ccc(OC(=O)c2ccco2)cc1,0,18,0.7012854814529419,0.2987145185470581
Plain-GCN,5,428,Cc1cccc(NS(=O)(=O)c2ccc(OCC(=O)N3CCCC3)cc2)c1,0,26,0.5465439558029175,0.4534560441970825
Plain-GCN,5,429,Cc1ccc(C)c(OCCCC(C)(C)C(=O)O)c1,0,18,0.592502236366272,0.407497763633728
Plain-GCN,5,430,COC(=O)c1ccc(=O)c2nc3/c(=C/O)c(O)cc(=O)c3[nH]c12,0,23,0.6194720268249512,0.38052797317504883
Plain-GCN,5,431,O=C(NCc1ccccn1)c1ccc2nc(-c3ccco3)c(-c3ccco3)nc2c1,0,30,0.7643455266952515,0.23565447330474854
Plain-GCN,5,432,COc1cc(C(=O)N2CC3CCC2[C@@H]3N)cc2nc(-c3cc4ccc(-c5ccc(C(N)=O)cn5)nc4n3CC3CC3)n(C)c12,1,44,0.49394065141677856,0.5060593485832214
Plain-GCN,5,433,CC12CCC(C(=O)Nc3ccc(SC(F)F)cc3)(CC1=O)C2(C)C,0,24,0.5100477933883667,0.4899522066116333
Plain-GCN,5,434,O=C(Nc1ccc2ccccc2n1)C1CCCCC1,0,19,0.5357163548469543,0.46428364515304565
Plain-GCN,5,435,COc1cc(C(=O)N2CC3CCC2[C@@H]3N)cc2nc(-c3cc4ccc(-c5ccc(O)c(-c6ccno6)c5)nc4n3CC3CC3)n(C)c12,1,47,0.46241092681884766,0.5375890731811523
Plain-GCN,5,436,CCCOc1cccc(OCC(=O)Nc2nc3ccccc3[nH]2)c1,0,24,0.6518930792808533,0.34810692071914673
Plain-GCN,5,437,Cc1ccc(/C=N/n2c(-c3cccnc3)n[nH]c2=S)o1,0,20,0.6231667399406433,0.3768332600593567
Plain-GCN,5,438,COc1cc(C(=O)N2C[C@H](N)C[C@@H](F)C2)cc2nc(-c3cc4ccc(-c5cnc6c(c5)OCC(=O)N6)cc4n3CC3CC3)n(C)c12,1,46,0.4653645157814026,0.5346354842185974
Plain-GCN,5,439,CCOC(=O)N1CCN(C(=O)c2cn(CC)c3cc(N4CCN(C)CC4)c(F)cc3c2=O)CC1.Cl,0,35,0.5620049834251404,0.4379950165748596
Plain-GCN,5,440,COc1cc(C(=O)N2C[C@H]3CC[C@@H]2[C@@H]3N)cc2nc(-c3ccc(F)nc3CC3CC3)n(C)c12,1,33,0.3891136050224304,0.6108863949775696
Plain-GCN,5,441,COc1cc(C(=O)N2CC3CCC2[C@@H]3N)cc2nc(-c3cc4ccc(-c5cccc(NS(C)(=O)=O)c5)nc4n3CC3CC3)n(C)c12,1,46,0.4866487979888916,0.5133512020111084
Plain-GCN,5,442,COc1cc(C2OC(=O)c3ccccc3S2)cc(OC)c1OC,0,23,0.633613109588623,0.36638689041137695
Plain-GCN,5,443,O=C(c1cc(N2CCOCC2)c(F)cc1[N+](=O)[O-])N1CCOCC1,0,24,0.604938805103302,0.395061194896698
Plain-GCN,5,444,O=C(COC(=O)CCCc1c[nH]c2ccccc12)Nc1ccc2c(c1)OCO2,0,28,0.5871576070785522,0.41284239292144775
Plain-GCN,5,445,CC(C)c1ccccc1NC(=S)NC1CCN(Cc2ccccc2)CC1,0,26,0.5027649402618408,0.4972350597381592
Plain-GCN,5,446,CCOc1ccc2c(c1)-c1c(ssc1=S)C(C)(C)N2C(=O)CSC1=NCCS1,0,28,0.5864850282669067,0.41351497173309326
Plain-GCN,5,447,O=C(CSc1n[nH]c(-c2ccccc2)n1)N1CCCC1,0,20,0.545788586139679,0.45421141386032104
Plain-GCN,5,448,O=C(NNC(=S)NC(=O)c1cn(-c2ccccc2)nc1-c1ccccc1)c1ccncc1,0,32,0.6602266430854797,0.33977335691452026
Plain-GCN,5,449,O=C(COC(=O)c1ccc(Br)o1)NCc1ccc(Cl)cc1,0,21,0.6524137258529663,0.3475862741470337
Plain-GCN,5,450,CCCOC(=S)NC(=O)c1sc2ccccc2c1Cl,0,19,0.6218245625495911,0.37817543745040894
Plain-GCN,5,451,CN(C(=O)COC(=O)c1cccc(S(=O)(=O)N2CCOCC2)c1)C1CCS(=O)(=O)C1,0,30,0.5510547757148743,0.44894522428512573
Plain-GCN,5,452,O=C(NCc1cccs1)c1ccc2c(c1)ncn2C1CCCC1,0,23,0.46826788783073425,0.5317321121692657
Plain-GCN,5,453,COc1cc2oc3ccccc3c(=O)c2cc1OC,0,19,0.7705444097518921,0.2294555902481079
Plain-GCN,5,454,O=C1c2ccccc2C(=O)N1CCCc1cn(C[C@H]2CC[C@@H]([C@@H]3CC[C@H](Cn4cc(CCCN5C(=O)c6ccccc6C5=O)nn4)O3)O2)nn1,0,50,0.4903065264225006,0.5096934735774994
Plain-GCN,5,455,N#C/C(=C\C=C\c1ccccc1)C(=O)NCc1cccnc1,0,22,0.4862408936023712,0.5137591063976288
Plain-GCN,5,456,COCCN(CCOC)C(=O)c1ccc(CSc2nc3ccccc3s2)cc1,0,28,0.6407423615455627,0.35925763845443726
Plain-GCN,5,457,C=CCN(Cc1ccc(Cl)s1)C(=O)c1cc(S(=O)(=O)N2CCOCC2)ccc1F,0,29,0.5475706458091736,0.4524293541908264
Plain-GCN,5,458,COc1cc(C(=O)N2C[C@H](N)C[C@@H](F)C2)cc2nc(-c3cc4ccc(-c5ccc(CC(N)=O)nc5)nc4n3CC3CC3)n(C)c12,1,45,0.47369620203971863,0.5263037979602814
Plain-GCN,5,459,COc1ccc(OC)c(N2Cc3cc(C)c(C)cc3C2)c1,0,21,0.479078471660614,0.520921528339386
Plain-GCN,5,460,COc1ccccc1-c1nnc(NC(=O)c2ccc3ncsc3c2)o1,0,25,0.6730469465255737,0.32695305347442627
Plain-GCN,5,461,O=C(C1CCCC1)N1CCC(CC2CC(c3ccc(Cl)cc3)=NO2)(C(=O)NCC2CCCCC2)CC1,0,36,0.5249718427658081,0.4750281572341919
Plain-GCN,5,462,C=CC(COCc1ccccc1)N(Cc1ccccc1)S(=O)(=O)c1ccccc1Br,0,30,0.6323362588882446,0.36766374111175537
Plain-GCN,5,463,CN(C)C(=O)c1ccc(NC(=O)c2cccc(S(=O)(=O)N3CCCc4ccccc43)c2)cc1,0,33,0.6148244738578796,0.38517552614212036
Plain-GCN,5,464,O=C1c2ccccc2-c2onc3c(N4CCN(CCO)CC4)cc(N4CCN(C(=O)c5ccco5)CC4)c1c23,0,39,0.5684554576873779,0.43154454231262207
Plain-GCN,5,465,COc1ccc(Cl)cc1C(=O)NNC(=O)c1cccs1,0,20,0.7422930598258972,0.2577069401741028
Plain-GCN,5,466,COC(=O)c1ccc(-c2ccc3cc(-c4nc5cc(C(=O)N6CC7CCC6[C@@H]7N)cc(OC)c5n4C)n(CC4CC4)c3n2)cc1O,1,46,0.47532573342323303,0.524674266576767
Plain-GCN,5,467,Cc1nc(Cl)c2c(n1)NC1=C(O2)C(=O)CCC1,0,17,0.7021910548210144,0.2978089451789856
Plain-GCN,5,468,CC1Cc2ccccc2N1C(=O)CSc1nnc(CSc2ncccn2)n1C,0,28,0.5755192041397095,0.4244807958602905
Plain-GCN,5,469,CCCCn1c(=O)c(C(=O)Nc2ccccc2F)c(O)c2ccccc21,0,26,0.5393743515014648,0.46062564849853516
Plain-GCN,5,470,CCN(c1ccccc1)S(=O)(=O)c1ccc(Cl)c(C(=O)O)c1,0,22,0.6180558800697327,0.38194411993026733
Plain-GCN,5,471,COc1cc(C(=O)N2CC3CCC2[C@@H]3N)cc2nc(-c3cc4ccc(Nc5cccc(C(N)=O)c5)nc4n3CC3CC3)n(C)c12,1,45,0.45907023549079895,0.540929764509201
Plain-GCN,5,472,COc1cc(C(=O)N2C[C@H](N)CC[C@@H]2C)cc2nc(-c3cc4ccc(-c5ccc6c(c5)CC(=O)N6)nc4n3CC3CC3)n(C)c12,1,45,0.47580698132514954,0.5241930186748505
Plain-GCN,5,473,COc1cc(C(=O)N2CC3CCC2[C@@H]3N)cc2nc(-c3cc4ccc(-c5ccc(NC(C)=O)c(C(=O)O)c5)nc4n3CC3CC3)n(C)c12,1,48,0.4392063617706299,0.5607936382293701
Plain-GCN,5,474,O=C(N1CCOCC1)N1CCN(c2ccccc2F)CC1,0,21,0.6284399628639221,0.3715600371360779
Plain-GCN,5,475,CC1(OC(=O)c2ccc(Cl)nc2)C(=O)C=C2C=C(C3CC3)OC=C2C1=O,0,26,0.47359365224838257,0.5264063477516174
Plain-GCN,5,476,CCCNC(=S)Nc1ccc(CC(=O)OC)cc1,0,18,0.563349187374115,0.436650812625885
Plain-GCN,5,477,COc1ccc(OC)c(NC(=S)NCc2cccs2)c1,0,20,0.7010619640350342,0.2989380359649658
Plain-GCN,5,478,CCCN(CCC)S(=O)(=O)c1ccc(NC(=O)c2cc(C(=O)OC)cc([N+](=O)[O-])c2)cc1,0,32,0.503601610660553,0.496398389339447
Plain-GCN,5,479,COc1ccc(C2CC(c3cccs3)=NN2C(=O)CSC2=NCCS2)cc1,0,27,0.6506636142730713,0.3493363857269287
Plain-GCN,5,480,O=C1C2CCCCC2C(=O)N1c1ccc(NC2CCCCC2)c([N+](=O)[O-])c1,0,27,0.5075603127479553,0.4924396872520447
Plain-GCN,5,481,COc1ccc(N(CC(O)CN2C(=O)NC(C)(C)C2=O)S(=O)(=O)c2ccc(C)cc2)cc1,0,32,0.4405047595500946,0.5594952404499054
Plain-GCN,5,482,CCOc1ccc(OCC(=O)Nc2ccc(OC)cc2)cc1,0,22,0.7378026247024536,0.2621973752975464
Plain-GCN,5,483,Cc1ccc(N(NC(=O)C(O)(c2ccccc2)c2ccccc2)C(=O)CCl)cc1,0,29,0.6011992692947388,0.39880073070526123
Plain-GCN,5,484,O=C(Oc1ccccc1C(=O)Nc1ccccc1)c1ccc(Br)c([N+](=O)[O-])c1,0,28,0.6722159385681152,0.32778406143188477
Plain-GCN,5,485,CC(C)Cc1nn2c(=O)cc(O)nc2s1,0,15,0.716424286365509,0.28357571363449097
Plain-GCN,5,486,COc1ccc(C(=O)C2CCCN(C(=O)c3ccc4nccnc4c3)C2)c(C)c1,0,29,0.5208513736724854,0.47914862632751465
Plain-GCN,5,487,COc1cc(C(=O)N2C[C@H](N)C[C@@H](F)C2)cc2nc(-c3cc4ccc(C(=O)Nc5ccc(S(N)(=O)=O)cc5)nc4n3CC3CC3)n(C)c12,1,48,0.420919805765152,0.579080194234848
Plain-GCN,5,488,COc1ccc(OC(C)C(=O)N(C)Cc2nc(-c3ccccc3)no2)cc1,0,27,0.5688489079475403,0.4311510920524597
Plain-GCN,5,489,COc1cc(C(=O)N2CC3CCC2[C@@H]3N)cc2nc(-c3cc4ccc(Nc5ccncc5CO)nc4n3CC3CC3)n(C)c12,1,44,0.4832591712474823,0.5167408287525177
Plain-GCN,5,490,CN(C)/C=C(\C#N)S(=O)(=O)c1ccccc1,0,16,0.5296132564544678,0.4703867435455322
Plain-GCN,5,491,CC(=O)N1CCC(=NNc2nc3ccccc3[nH]2)CC1.O=C(O)C(=O)O,0,26,0.4796670377254486,0.5203329622745514
Plain-GCN,5,492,COc1cc(C(=O)N2CC3CCC2[C@@H]3N)cc2nc(-c3cc4ccc(-c5cc(F)c6c(c5)CCN(C(C)=O)C6)nc4n3CC3CC3)n(C)c12,1,49,0.5435614585876465,0.4564385414123535
Plain-GCN,5,493,CCc1ncc(/C=C2\C(=O)Nc3ccccc32)[nH]1,0,18,0.5831776857376099,0.41682231426239014
Plain-GCN,5,494,COc1cc(C(=O)N2CC3CCC2[C@@H]3N)cc2nc(-c3cc4ccc(-c5ccc6oc(=O)[nH]c6c5)cc4n3CC3CC3)n(C)c12,1,45,0.4771052300930023,0.5228947699069977
Plain-GCN,5,495,C/C(CC(=O)Nc1ccc(Cl)c(C(F)(F)F)c1)=N\NC(=O)c1cnccn1,0,27,0.5691413283348083,0.43085867166519165
Plain-GCN,5,496,COc1ccc(-c2ccc3cc(-c4nc5cc(C(=O)N6C[C@H]7CC[C@@H]6[C@@H]7N)cc(OC)c5n4C)n(CC4CC4)c3c2)c(F)c1,1,44,0.40839171409606934,0.5916082859039307
Plain-GCN,5,497,COc1ccccc1-c1oc2ccccc2c1-c1ccccc1OC,0,25,0.8561804294586182,0.14381957054138184
Plain-GCN,5,498,CCC1(C)Cc2c(sc(NC(=O)CCC(=O)O)c2C#N)CO1,0,22,0.6054608225822449,0.3945391774177551
Plain-GCN,5,499,C=CCn1c(Cc2csc(N)n2)nnc1SCC(=O)OCC,0,22,0.6466631889343262,0.35333681106567383
Plain-GCN,5,500,C=CCOc1ccccc1CNCCCN1CCOCC1.Cl,0,22,0.5207075476646423,0.47929245233535767
Plain-GCN,5,501,COc1ccc(CCNC(=O)c2c(-c3ccccc3)noc2C)cc1OC,0,27,0.5663245320320129,0.43367546796798706
Plain-GCN,5,502,Cn1nccc1NC(=O)c1nccnc1C(=O)O,0,18,0.6676579117774963,0.33234208822250366
Plain-GCN,5,503,C/C(=N\Nc1nc2c(s1)CCCC2)c1ccc(Cl)cc1.Cl,0,21,0.5387656092643738,0.4612343907356262
Plain-GCN,5,504,Oc1ccc(-c2cnc3ccccc3n2)cc1,0,17,0.8147739171981812,0.18522608280181885
Plain-GCN,5,505,COc1cc(C(=O)N2CCC[C@@H](N)C2)cc2nc(-c3ccc(C#N)n3CC3CCOCC3)n(C)c12,0,35,0.4103994071483612,0.5896005928516388
Plain-GCN,5,506,COc1cc(C(=O)OCC(=O)Nc2ccc(S(=O)(=O)N3CCCC3)cc2)cc(OC)c1OC,0,33,0.545947253704071,0.45405274629592896
Plain-GCN,7,0,O=C1CSC(=Nc2cccc(Cl)c2Cl)N1,0,15,0.7320624589920044,0.2679375410079956
Plain-GCN,7,1,Cc1sc2c3ccsc3ccc2[n+]1C.[I-],0,15,0.5638695359230042,0.43613046407699585
Plain-GCN,7,2,CCc1cc(=O)oc2c(C)c(OC(C)C(=O)N3CCC[C@@H]3C(=O)O)ccc12,0,27,0.4055498242378235,0.5944501757621765
Plain-GCN,7,3,Cc1ccc(OCC(=O)N2CCN(S(=O)(=O)c3ccccc3[N+](=O)[O-])CC2)cc1,0,29,0.7276429533958435,0.2723570466041565
Plain-GCN,7,4,CCc1cc(NC(C)=O)ccc1-c1ccc2cc(-c3nc4cc(C(=O)N5CC6CCC5[C@@H]6N)cc(OC)c4n3C)n(CC3CC3)c2n1,1,47,0.6154975295066833,0.38450247049331665
Plain-GCN,7,5,COc1cc(-c2ccc3cc(-c4nc5cc(C(=O)N6CC7CCC6[C@@H]7N)cc(OC)c5n4C)n(CC4CC4)c3n2)ccc1CC(N)=O,1,47,0.5907951593399048,0.4092048406600952
Plain-GCN,7,6,C/C(=N\NS(C)(=O)=O)c1ccccc1,0,14,0.5638670921325684,0.43613290786743164
Plain-GCN,7,7,Cc1nn2c(N3CCN(C)CC3)c3c(nc2c1-c1ccccc1)CCCC3,0,27,0.6455898284912109,0.35441017150878906
Plain-GCN,7,8,Cc1ccc([C@@H]2C3COCC=C3C(C#N)=C(N)C2(C#N)C#N)o1,0,23,0.6166584491729736,0.38334155082702637
Plain-GCN,7,9,CCN(c1ccccc1)S(=O)(=O)c1ccc(F)c(C(=O)O)c1,0,22,0.57449871301651,0.42550128698349
Plain-GCN,7,10,COc1cc(C(=O)N2C[C@H](N)C[C@@H](F)C2)cc2nc(-c3cc4ccc(-c5ccc(C(N)=O)cc5C(F)(F)F)nc4n3CC3CC3)n(C)c12,1,48,0.5569507479667664,0.44304925203323364
Plain-GCN,7,11,O=C(CCNC(=O)C1CCN(S(=O)(=O)c2ccc(F)cc2)CC1)NCc1ccccc1Cl,0,32,0.5137786865234375,0.4862213134765625
Plain-GCN,7,12,Cn1nnnc1SCc1ccccc1F,0,15,0.5615456700325012,0.4384543299674988
Plain-GCN,7,13,C/C(N)=C(/C#N)C(=O)COC(=O)C(NS(=O)(=O)c1ccc(Cl)cc1)C(C)O,0,27,0.5098342895507812,0.49016571044921875
Plain-GCN,7,14,C=CCOC(=O)C1=C(C)NC(C)=C(C(=O)OCC=C)C1c1ccc(C)o1,0,26,0.573318600654602,0.42668139934539795
Plain-GCN,7,15,Cc1ccc(-n2ncc3c2CCCC3NC(=O)c2ccoc2)cc1C,0,25,0.6831161379814148,0.3168838620185852
Plain-GCN,7,16,CCCN1CCN(S(=O)(=O)c2ccc3c(c2)CC(C)N3C(=O)C2CC2)CC1,0,27,0.5829162001609802,0.4170837998390198
Plain-GCN,7,17,CCN1CCN(Cc2c(O)c(Cl)cc3c(C)cc(=O)oc23)CC1,0,23,0.4451838433742523,0.5548161566257477
Plain-GCN,7,18,COc1cc(C(=O)N2[C@H]3CC[C@@H]2[C@H](N)C3)cc2nc(-c3cc4ccc([C@@H](C)NC(=O)CCC(=O)O)nc4n3CC3CC3)c(C)n12,1,45,0.6301328539848328,0.36986714601516724
Plain-GCN,7,19,COc1cc(C(=O)N2C[C@H](N)C[C@@H](F)C2)cc2nc(-c3cc4ccc(C5=CC(F)C=C6N=C(C)C(=O)N=C65)nc4n3CC3CC3)n(C)c12,1,48,0.8279543519020081,0.17204564809799194
Plain-GCN,7,20,Cc1cc(C(C)(C)C)ccc1OCCN1CCCC1,0,19,0.7165728807449341,0.2834271192550659
Plain-GCN,7,21,CC1(C)CC(=O)c2cc(C(=O)NC3CCSC3=O)c(=O)n(-c3ccc(Cl)cc3)c2C1,0,30,0.46142205595970154,0.5385779440402985
Plain-GCN,7,22,COc1cccc(CN2CCN(C(=O)Nc3ccc([N+](=O)[O-])cc3)CC2)c1,0,27,0.6640349626541138,0.33596503734588623
Plain-GCN,7,23,CCCCn1nc2cc(C(=O)NCC34CC5CC(CC(C5)C3)C4)ccc2c1OCC,0,30,0.3777439594268799,0.6222560405731201
Plain-GCN,7,24,CCCCCCn1c(=O)[nH]c2nc3cc(N)ccc3nc2c1=O,0,23,0.5676217079162598,0.43237829208374023
Plain-GCN,7,25,Cn1cccc1/C=C1\SC(=S)N(NC(=O)c2ccc(F)cc2)C1=O,0,24,0.6507036685943604,0.34929633140563965
Plain-GCN,7,26,O=C(CSc1nc2ccccc2s1)NC1CCCC1,0,19,0.6534937620162964,0.3465062379837036
Plain-GCN,7,27,COc1cc(C(=O)N2CC3CCC2[C@@H]3N)cc2nc(-c3cc4ccc(-c5cc(O)ccc5F)cc4n3CC3CC3)n(C)c12,1,43,0.6368306875228882,0.3631693124771118
Plain-GCN,7,28,COc1ccccc1N1CCN(C(=O)C(=O)c2cn(CC(=O)N3CCOCC3)c3ccccc23)CC1,0,36,0.6403952836990356,0.35960471630096436
Plain-GCN,7,29,O=C(COC(=O)c1cccnc1Cl)c1ccc(OC(F)F)cc1,0,23,0.8019877672195435,0.19801223278045654
Plain-GCN,7,30,COc1cc(C(=O)N2C[C@H](N)C[C@@H](F)C2)cc2nc(-c3cc4ccc(-c5ccc6[nH]c(=O)cc(O)c6c5)nc4n3CC3CC3)n(C)c12,1,47,0.5869673490524292,0.4130326509475708
Plain-GCN,7,31,CCCN=C1N(C)C[C@@H]2[C@@H]3C(=O)N(Cc4ccccc4)C(=O)[C@@H]3[C@](Cc3ccccc3)(C(=O)OC)N12.O=C(O)C(F)(F)F,0,43,0.4201178252696991,0.5798821747303009
Plain-GCN,7,32,CCCc1nc([N+](=O)[O-])c(S(=O)(=O)c2ccccc2)n1CC(C)C,0,24,0.5490524768829346,0.45094752311706543
Plain-GCN,7,33,Cc1ccc2c(c1)N(C(C)C(=O)NCc1ccccn1)C(=O)CO2,0,24,0.7982710003852844,0.20172899961471558
Plain-GCN,7,34,CCOC(=O)C1CCCN(C(=S)Nc2cc(C)cc(C)c2)C1,0,22,0.3659231960773468,0.6340768039226532
Plain-GCN,7,35,OCCC1CN(CCCc2ccccc2)CCN1Cc1ccccc1,0,25,0.596835196018219,0.403164803981781
Plain-GCN,7,36,COc1cc(C(=O)N2CC3CCC2[C@@H]3N)cc2nc(-c3cc4ccc(Nc5cncnc5)cc4n3CC3CC3)n(C)c12,1,42,0.6317100524902344,0.3682899475097656
Plain-GCN,7,37,CN1C2C=C3C(C#N)=C(N)C(C#N)(C#N)[C@@H](c4cccs4)C3C1CC2,0,25,0.48072510957717896,0.519274890422821
Plain-GCN,7,38,CCOc1ccccc1NC(=S)NCc1ccccc1,0,20,0.7856969237327576,0.21430307626724243
Plain-GCN,7,39,CCCCNC(=O)CCC(=O)Nc1ccc2nc(N3CCN(C)CC3)cc(C)c2c1,0,30,0.5663144588470459,0.4336855411529541
Plain-GCN,7,40,COc1cc(C(=O)N2C[C@H](N)C[C@@H](F)C2)cc2nc(-c3cc4ccc(C(=O)NC5CCC(=O)NC5=O)nc4n3CC3CC3)n(C)c12,1,46,0.8251160383224487,0.17488396167755127
Plain-GCN,7,41,CC(C)=N/N=C(/c1ccc([N+](=O)[O-])cc1)C12CN3CN(CN(C3)C1)C2,0,25,0.4925769567489624,0.5074230432510376
Plain-GCN,7,42,CNC(=O)Nc1ccccc1NC(=O)NC,0,16,0.8068332076072693,0.1931667923927307
Plain-GCN,7,43,Cc1c(NC(=O)CN2CCCc3ccccc32)c(=O)n(-c2ccccc2)n1C,0,28,0.5665513277053833,0.4334486722946167
Plain-GCN,7,44,COc1ccc(C2CC(c3ccc(C)cc3)Nc3ncnn32)cc1,0,24,0.6767216920852661,0.3232783079147339
Plain-GCN,7,45,COc1cc(C(=O)N2CC3CCC2[C@@H]3N)cc2nc(-c3cc4ccc(C5C=CC6=NC(=O)NC6=C5)nc4n3CC3CC3)n(C)c12,1,45,0.7594771981239319,0.24052280187606812
Plain-GCN,7,46,Nn1c(SCC(=O)Nc2cc(C(F)(F)F)ccc2Cl)nncc1=O,0,24,0.6021206974983215,0.39787930250167847
Plain-GCN,7,47,COc1ccc(C2CC(c3ccc(Br)cc3)=NN2C(=O)c2cccnc2)cc1,0,28,0.7660320401191711,0.23396795988082886
Plain-GCN,7,48,Cc1cc(N/N=C/c2ccc(O)cc2O)nc(-c2ccccc2O)n1,0,25,0.7607958316802979,0.23920416831970215
Plain-GCN,7,49,COc1cc(-c2ccc3cc(-c4nc5cc(C(=O)N6CC7CCC6[C@@H]7N)cc(OC)c5n4C)n(CC4CC4)c3c2)c(F)cc1O,1,45,0.6235872507095337,0.3764127492904663
Plain-GCN,7,50,Cc1ccc(NC2=C/C(=N/S(=O)(=O)c3cccs3)c3ccccc3C2=O)cc1,0,28,0.5750099420547485,0.42499005794525146
Plain-GCN,7,51,COc1cc(C(=O)N2CC3CCC2[C@@H]3N)cc2nc(-c3cc4ccc(-c5ccc6c(c5)C(=O)CS(=O)(=O)N6C)cc4n3CC3CC3)n(C)c12,1,49,0.5154959559440613,0.4845040440559387
Plain-GCN,7,52,COc1cc(C(=O)N2CC3CCC2[C@@H]3N)cc2nc(-c3cc4ccc(Nc5cnc(C#N)nc5)nc4n3CC3CC3)n(C)c12,1,44,0.5980308651924133,0.40196913480758667
Plain-GCN,7,53,C=CCn1c(SCC(=O)N2CCOCC2)nc2sc3c(c2c1=O)CCCC3,0,27,0.4963935613632202,0.5036064386367798
Plain-GCN,7,54,COc1cc(C(=O)N2C[C@H](N)C[C@@H](F)C2)cc2nc(-c3cc4ccc(C5=CC6=NC(=O)NC6N=C5)cc4n3CC3CC3)n(C)c12,1,45,0.6290344595909119,0.37096554040908813
Plain-GCN,7,55,O=C(Nc1ccc(F)cc1F)c1c(C(F)(F)F)ccnc1Oc1ccccc1,0,28,0.6141576170921326,0.38584238290786743
Plain-GCN,7,56,CCC1CCCCN1C(=O)CCNS(=O)(=O)c1ccc2c(c1)oc(=O)n2C,0,27,0.58622807264328,0.41377192735671997
Plain-GCN,7,57,S=c1nccc(-c2ccc3c(c2)CCO3)[nH]1,0,16,0.7159124612808228,0.28408753871917725
Plain-GCN,7,58,COc1cc(C(=O)N2C[C@H](N)CC[C@@H]2C)cc2nc(-c3cc4ccc(-c5ccc(C(N)=O)c(F)c5)nc4n3CC3CC3)n(C)c12,1,45,0.6681316494941711,0.33186835050582886
Plain-GCN,7,59,Cc1ccc(Nc2ncccc2C(N)=O)cc1,0,17,0.7856777310371399,0.2143222689628601
Plain-GCN,7,60,CCOc1ccccc1NC(=O)CSc1nc(=O)n(Cc2ccncc2)c2c1CCC2,0,31,0.6632415056228638,0.33675849437713623
Plain-GCN,7,61,COc1ccc(NC2=NC(=S)N(c3ccc(C)cc3)C23CCCCC3)cc1,0,27,0.4954832196235657,0.5045167803764343
Plain-GCN,7,62,COc1ccc(-n2ncc3c2CC(C)(C)CC3NC(=O)C2CCN(C(C)=O)CC2)cc1,0,31,0.5672626495361328,0.4327373504638672
Plain-GCN,7,63,Cc1ccc(/C=N/c2sc3c(c2C(N)=O)CCCC3)o1,0,20,0.6692836284637451,0.3307163715362549
Plain-GCN,7,64,COc1cc(C(=O)N2CC3CCC2[C@@H]3N)cc2nc(-c3cc4ccc(N5CCC6(CC5)CNC6=O)nc4n3CC3CC3)n(C)c12,1,45,0.6456977128982544,0.3543022871017456
Plain-GCN,7,65,CC1N=C2c3ccccc3N=C(SCc3cc(=O)n4cc(Cl)ccc4n3)N2C1=O,0,29,0.5701006054878235,0.4298993945121765
Plain-GCN,7,66,COc1cc(C(=O)N2CC3CCC2[C@@H]3N)cc2nc(-c3cc4ccc(-c5cnc6[nH]c(=O)ccc6c5)cc4n3CC3CC3)n(C)c12,1,46,0.5774751305580139,0.4225248694419861
Plain-GCN,7,67,Cc1ccc(C(=O)NCC(=O)OCC(=O)c2c(N)n(C)c(=O)n(C)c2=O)s1,0,27,0.7302178144454956,0.2697821855545044
Plain-GCN,7,68,COc1cc(C(=O)N2CC3CCC2[C@@H]3N)cc2nc(-c3cc4ccc(Nc5ccnc(C#N)c5)nc4n3CC3CC3)n(C)c12,1,44,0.6406789422035217,0.35932105779647827
Plain-GCN,7,69,O=C(O)CSCC(=O)N1CCN(c2nc3cc(Cl)ccc3s2)CC1,0,24,0.7049955725669861,0.2950044274330139
Plain-GCN,7,70,COc1cc(C(=O)N2CC3CCC2[C@@H]3N)cc2nc(-c3cc4ccc(-c5ccc(C(=O)Nc6ccncc6)cc5)cc4n3CC3CC3)n(C)c12,1,50,0.5041167140007019,0.4958832859992981
Plain-GCN,7,71,O=C(Oc1ccc(Br)cc1)c1cccnc1,0,16,0.7793271541595459,0.2206728458404541
Plain-GCN,7,72,COc1cc(C(=O)N2C[C@H](N)C[C@@H](F)C2)cc2nc(-c3cc4ccc(-c5ccn(C)c(=O)c5)nc4n3CC3CC3)n(C)c12,1,43,0.6186562776565552,0.3813437223434448
Plain-GCN,7,73,COc1ccc(C2C3=C(N=C4SCC(=O)N42)c2ccccc2CC3)cc1OC,0,28,0.685326874256134,0.31467312574386597
Plain-GCN,7,74,Fc1ccc(-c2ccc(Nc3cccc(F)c3)nn2)cc1,0,21,0.6814352869987488,0.3185647130012512
Plain-GCN,7,75,S=c1[nH]nc(-c2ccc3ccccc3n2)n1-c1ccc2c(c1)OCCO2,0,26,0.8385154604911804,0.16148453950881958
Plain-GCN,7,76,CC1(C)CC(NC(=O)N2c3ccccc3Sc3ccccc32)CC(C)(C)N1,0,27,0.6283150315284729,0.3716849684715271
Plain-GCN,7,77,Cc1c(-c2cc3ccccc3n2Cc2ccoc2)nc2cc(C(=O)N3CCC[C@@H](N)C3)ccn12,1,34,0.4868554472923279,0.5131445527076721
Plain-GCN,7,78,Cc1cccc(C)c1NC(=O)CSc1nnc(C2CCCCC2)o1,0,24,0.4395786225795746,0.5604213774204254
Plain-GCN,7,79,COc1cc(C(=O)N2CC3CCC2[C@@H]3N)cc2nc(-c3cc4ccc(-c5[nH]ccc(=O)c5F)nc4n3CC3CC3)n(C)c12,1,43,0.6064154505729675,0.39358454942703247
Plain-GCN,7,80,COc1cc(C(=O)N2CC3CCC2[C@@H]3N)cc2nc(-c3cc4ccc(-c5ccc(N6CCCC(O)C6=O)c(F)c5)nc4n3CC3CC3)n(C)c12,1,50,0.8481629490852356,0.1518370509147644
Plain-GCN,7,81,COc1ccc(N)cc1-n1c(C)ccc1C,0,16,0.6383954882621765,0.3616045117378235
Plain-GCN,7,82,Cc1cc(C)n(/N=C/c2cccs2)c(=O)c1C#N,0,18,0.5953239798545837,0.40467602014541626
Plain-GCN,7,83,COc1ccc(C(=O)CSC#N)cc1OC,0,16,0.6403741240501404,0.3596258759498596
Plain-GCN,7,84,O=C1OCCN1C(=O)[C@H]1[C@H](c2ccc(Cl)cc2)C(c2ccc(F)cc2)=NN1c1ccccc1,0,33,0.5957735180854797,0.40422648191452026
Plain-GCN,7,85,CCOC(=O)c1[nH]c2c(c1-c1ccccc1)C(=O)CC(c1ccc(Cl)cc1)C2,0,28,0.49758365750312805,0.502416342496872
Plain-GCN,7,86,COc1cc(C(=O)N2CCC[C@@H](N)C2)cc2nc(-c3ccc(C(=O)N(Cc4ccccc4)c4ccccc4)n3CC3CC3)n(C)c12,0,46,0.4411991238594055,0.5588008761405945
Plain-GCN,7,87,CC(=O)Nc1cccc(-c2nnc(-c3ccccc3)o2)c1,0,21,0.6813902854919434,0.31860971450805664
Plain-GCN,7,88,O=C1CCC(C(=O)OC(C(=O)c2c[nH]c3ccccc23)c2ccccc2)=NN1,0,28,0.6342416405677795,0.36575835943222046
Plain-GCN,7,89,O=C(CSS(=O)(=O)[O-])N1CCN(C(=O)c2ccoc2)CC1.[Na+],0,22,0.6502412557601929,0.34975874423980713
Plain-GCN,7,90,O=C(COc1ccc(F)cc1)N/N=C/c1cccc2cccnc12,0,24,0.7258843779563904,0.2741156220436096
Plain-GCN,7,91,COc1cc(C(=O)N2CC3CCC2[C@@H]3N)cc2nc(-c3cc4ccc(-c5ccc(CC(N)=O)cc5)nc4n3CC3CC3)n(C)c12,1,45,0.6184237599372864,0.3815762400627136
Plain-GCN,7,92,COc1ccc(CN2CC[C@H]3C=CCc4cccc(c43)C2)cc1,0,23,0.6341116428375244,0.3658883571624756
Plain-GCN,7,93,COc1ccc(/C=N\N=C(N)N)cc1.O=[N+]([O-])O,0,18,0.6836450099945068,0.31635499000549316
Plain-GCN,7,94,COc1cccc(/C=N/NC(=O)c2cnn(-c3ccccc3)c2N)c1,0,25,0.624919593334198,0.375080406665802
Plain-GCN,7,95,COc1cc(C(=O)N2CC3CCC2[C@@H]3N)cc2nc(-c3cc4ccc(-c5cnc(C(N)=O)c(F)c5)nc4n3CC3CC3)n(C)c12,1,45,0.6355286836624146,0.36447131633758545
Plain-GCN,7,96,COc1cccc(Cn2c(-c3nc4cc(C(=O)N5CCC[C@@H](N)C5)ccn4c3C)cc3cc(F)ccc32)c1,1,38,0.5119166374206543,0.4880833625793457
Plain-GCN,7,97,Cc1noc(NC(=O)c2ccc(Cl)cc2)c1Cl,0,17,0.6634516716003418,0.3365483283996582
Plain-GCN,7,98,CCOC(=O)CSC1=NC(=O)/C(=C\c2ccc(OC(C)=O)cc2)S1,0,24,0.6824103593826294,0.3175896406173706
Plain-GCN,7,99,C=CCn1sc(N)c(C(=O)OCC)c1=S,0,15,0.6251417994499207,0.37485820055007935
Plain-GCN,7,100,CC(c1nc2ccccc2s1)N(C)C(=O)c1ccccc1F,0,22,0.8745099902153015,0.1254900097846985
Plain-GCN,7,101,COCCn1c(C)cc(C(=O)COC(=O)c2ccc(N3CCCC3=O)cc2)c1C,0,29,0.5924723744392395,0.4075276255607605
Plain-GCN,7,102,CC1CCC2(CC1)SCC(=O)N2c1ccc(F)cc1,0,19,0.5356689095497131,0.46433109045028687
Plain-GCN,7,103,O=C1C(Cl)=C(N2CCOCC2)C(=O)N1c1cccc(C(F)(F)F)c1,0,24,0.5436860918998718,0.4563139081001282
Plain-GCN,7,104,COc1ncc(-c2ccc3cc(-c4nc5cc(C(=O)N6CC7CCC6[C@@H]7N)cc(OC)c5n4C)n(CC4CC4)c3n2)cc1O,1,44,0.6096606254577637,0.39033937454223633
Plain-GCN,7,105,COc1cc(C(=O)N2C[C@H](N)C[C@@H](F)C2)cc2nc(-c3cc4ccc(-c5cccc(O)c5F)nc4n3CC3CC3)n(C)c12,1,43,0.5960643291473389,0.40393567085266113
Plain-GCN,7,106,CC(C)c1nccn1CCN1C(=O)NC(C)(C)C1=O,0,19,0.4097311794757843,0.5902688205242157
Plain-GCN,7,107,CC(C)C(=O)N(c1cc2sc(=O)oc2c2ccccc12)S(=O)(=O)c1cccs1,0,28,0.7028486132621765,0.2971513867378235
Plain-GCN,7,108,Cc1oc2c(c1C(=O)NCc1cccnc1)C(=O)c1ccccc1C2=O,0,26,0.5923920273780823,0.4076079726219177
Plain-GCN,7,109,COc1cc(C(=O)N2C[C@H](N)C[C@@H](F)C2)cc2nc(-c3cc4ccc(-c5cc(Cl)c(O)cc5C)nc4n3CC3CC3)n(C)c12,1,44,0.6001193523406982,0.39988064765930176
Plain-GCN,7,110,Cc1cccc(NC(=S)N2CCCCCC2)c1,0,17,0.39315810799598694,0.6068418920040131
Plain-GCN,7,111,CCC1c2ccc(C)n2CCN1C(=O)Nc1cc(Cl)ccc1OC,0,24,0.7958503365516663,0.20414966344833374
Plain-GCN,7,112,CC1CC(C)(C)NC(=S)N1CC(=O)N1CCN(Cc2ccccc2)CC1,0,26,0.5683605074882507,0.43163949251174927
Plain-GCN,7,113,COc1cc(C(=O)N2C[C@H](N)C[C@@H](F)C2)cc2nc(-c3cc4ccc(-c5ccc(N6CCCC(O)C6=O)cc5)nc4n3CC3CC3)n(C)c12,1,49,0.6906833648681641,0.30931663513183594
Plain-GCN,7,114,Cc1cccc(-n2cc[nH]c2=S)c1,0,13,0.8024609088897705,0.1975390911102295
Plain-GCN,7,115,CC(C)(C)NC(=O)/C(=C/c1ccccc1F)NC(=O)c1ccc([N+](=O)[O-])cc1,0,28,0.5906737446784973,0.4093262553215027
Plain-GCN,7,116,COc1cccc(C2CC(c3cccs3)=NN2C(=O)CSC2=NCCS2)c1OC,0,29,0.700609564781189,0.29939043521881104
Plain-GCN,7,117,O=C(O)c1ccc(Cl)c2c1C1C=CCC1C(c1ccccn1)N2,0,23,0.7167878746986389,0.2832121253013611
Plain-GCN,7,118,CCOC(=O)Cn1c(=NC(=O)CSC(C)=O)sc2ccccc21,0,23,0.7292958498001099,0.27070415019989014
Plain-GCN,7,119,O=[N+]([O-])c1ccc(Sc2nccn2Cc2ccccc2)c([N+](=O)[O-])c1,0,25,0.7958762645721436,0.20412373542785645
Plain-GCN,7,120,CCCN(Cc1nnc(-c2ccccc2Cl)o1)C(=O)c1cccc(S(=O)(=O)N2CCOCC2)c1,0,34,0.491100937128067,0.508899062871933
Plain-GCN,7,121,COc1ccc2cc(-c3nc4cc(C(=O)N5CCC[C@@H](N)C5)ccn4c3C)n(Cc3ccc(F)cc3)c2c1,1,38,0.46922552585601807,0.5307744741439819
Plain-GCN,7,122,CCN(CC)c1ccc(N=Cc2cc(Br)ccc2O)cc1,0,21,0.7571966648101807,0.24280333518981934
Plain-GCN,7,123,N#Cc1ccc(C23CC4(C2)[C@H](CN(P(=O)(c2ccccc2)c2ccccc2)[C@@H]4c2ccccc2)C3c2ccc(Cl)nc2)cc1,0,44,0.6240284442901611,0.37597155570983887
Plain-GCN,7,124,COc1ccc(-c2nc3ccccc3n2OC(=O)N(C)C)cc1,0,23,0.847450852394104,0.152549147605896
Plain-GCN,7,125,N=C(CCl)NCCCc1cn(Cc2ccccc2)c2ccccc12,1,24,0.4552307724952698,0.5447692275047302
Plain-GCN,7,126,O=c1c2ccccc2nc(/C=C/c2ccc(Br)cc2)n1CCO,0,23,0.5958135724067688,0.4041864275932312
Plain-GCN,7,127,COc1cc(C(=O)N2C[C@H]3CC[C@@H]2[C@@H]3N)cc2nc(-c3cc4ccc(C5COC5)nc4n3CC3CC3)n(C)c12,1,39,0.6395145654678345,0.3604854345321655
Plain-GCN,7,128,CC(=O)Oc1ccc(N(C(C)=O)S(=O)(=O)c2ccc(C)c([N+](=O)[O-])c2)cc1,0,27,0.697083055973053,0.302916944026947
Plain-GCN,7,129,COc1cc(C(=O)N2CC3CCC2[C@@H]3N)cc2nc(-c3cc4ccc(-c5cccc(S(N)(=O)=O)c5)nc4n3CC3CC3)n(C)c12,1,45,0.5902944207191467,0.40970557928085327
Plain-GCN,7,130,COc1cc(C(=O)N2C[C@H](N)C[C@@H](F)C2)cc2nc(-c3cc4ccc(-c5ccc(C6CNC(=O)N6)cc5)nc4n3CC3CC3)n(C)c12,1,47,0.6529252529144287,0.3470747470855713
Plain-GCN,7,131,CCn1c(-c2cnn(-c3ccccc3)c2C2CC2)nc2cc(C(=O)N3CCC[C@@H](N)C3)ccc21,0,34,0.37864792346954346,0.6213520765304565
Plain-GCN,7,132,Cn1c(=O)c(C(=O)Nc2ccccc2S(N)(=O)=O)c(O)c2ccccc21,0,26,0.6179513335227966,0.38204866647720337
Plain-GCN,7,133,CC(=O)Nc1cccc(NC=C(C#N)C#N)c1,0,17,0.44808700680732727,0.5519129931926727
Plain-GCN,7,134,Cc1nn(CC(=O)N2CCOCC2)c(=O)c2ccccc12,0,21,0.7327975630760193,0.2672024369239807
Plain-GCN,7,135,CCOC(=O)c1c2c3c(cccc3n(C)c1=O)C(=O)c1ccccc1-2,0,25,0.7301051020622253,0.26989489793777466
Plain-GCN,7,136,O=C(NCc1cccnc1)c1ccc(Cl)cc1[N+](=O)[O-],0,20,0.6541160345077515,0.34588396549224854
Plain-GCN,7,137,CCOc1ccc(-c2cc(C(=O)NCCCN3CCN(CC)CC3)c3ccccc3n2)cc1,0,33,0.5702033042907715,0.4297966957092285
Plain-GCN,7,138,COc1cc(C(=O)N2C[C@H](N)C[C@@H](F)C2)cc2nc(-c3cc4ccc(-c5c(F)ccc(O)c5Cl)nc4n3CC3CC3)n(C)c12,1,44,0.6742828488349915,0.32571715116500854
Plain-GCN,7,139,COC(=O)Nc1ccc(-c2ccc3cc(-c4nc5cc(C(=O)N6CC7CCC6[C@@H]7N)cc(OC)c5n4C)n(CC4CC4)c3c2)cc1,1,46,0.552671492099762,0.44732850790023804
Plain-GCN,7,140,CCOc1ccc(S(=O)(=O)Nc2nc3ccccc3nc2Nc2ccc(N3CCOCC3)cc2)cc1,0,36,0.7255256175994873,0.2744743824005127
Plain-GCN,7,141,COc1ccccc1NC(=S)N1CCN(c2ccccn2)CC1,0,23,0.7884576320648193,0.21154236793518066
Plain-GCN,7,142,CCOC(=O)c1sc(-c2ccccc2)cc1NC(=O)c1ccc(S(=O)(=O)N(CCOC)CCOC)cc1,0,37,0.536467432975769,0.46353256702423096
Plain-GCN,7,143,Cn1c(-c2ccc(Cc3ccccc3)n2CC2CC2)nc2cc(C(=O)N3CCC[C@@H](N)C3)cnc21,1,35,0.49734070897102356,0.5026592910289764
Plain-GCN,7,144,CC1=C(C(=O)OC2CCCCC2)C(c2ccc(C)o2)C2=C(CC(C)(C)CC2=O)N1,0,29,0.4641861021518707,0.5358138978481293
Plain-GCN,7,145,CC(C)N1OC2CC1c1nc3ccccc3n1C2,0,18,0.6662833094596863,0.3337166905403137
Plain-GCN,7,146,Cl.O=C(NC1CCN(Cc2ccccc2)CC1)c1cccc(S(=O)(=O)Nc2ccc(SC(F)F)cc2)c1,0,37,0.5843289494514465,0.41567105054855347
Plain-GCN,7,147,N#Cc1cccc(CS(=O)(=O)c2ccc(Cl)cc2)c1,0,19,0.5999875068664551,0.4000124931335449
Plain-GCN,7,148,CCOc1cc2c(cc1/C=C/c1noc(C)c1[N+](=O)[O-])OC(C)C2,0,24,0.6492894887924194,0.35071051120758057
Plain-GCN,7,149,O=C(O)c1ccccc1CSc1nc2ccccc2s1,0,20,0.770484209060669,0.22951579093933105
Plain-GCN,7,150,CCC(C)N=CC1=C(O)CC(c2ccccc2)CC1=O,0,20,0.4080533981323242,0.5919466018676758
Plain-GCN,7,151,O=C(CSc1nc2ccccc2[nH]1)NCCN1CCCCC1,0,22,0.4996999204158783,0.5003000795841217
Plain-GCN,7,152,COc1cc(C(=O)N2CC3CCC2[C@@H]3N)cc2nc(-c3cc4ccc(C5=CC6NC(=O)N=C6N=C5)cc4n3CC3CC3)n(C)c12,1,45,0.7739325761795044,0.2260674238204956
Plain-GCN,7,153,CCn1ncc(Br)c1C(=O)Nc1ccc(C(C)C)cc1,0,20,0.6706748604774475,0.3293251395225525
Plain-GCN,7,154,CC(=O)Nc1ccc(SCC(=O)NC(=O)c2ccc(S(=O)(=O)N(C)C)cc2)cc1,0,29,0.6724964380264282,0.3275035619735718
Plain-GCN,7,155,COc1cc(C(=O)N2C[C@H](N)C[C@@H](F)C2)cc2nc(-c3cc4ccc(N5CCC6(CC5)CN(C)C(=O)O6)cc4n3CC3CC3)n(C)c12,1,47,0.5815995335578918,0.41840046644210815
Plain-GCN,7,156,Cc1c(-c2cc3ccccc3n2Cc2ccc(F)cn2)nc2cc(C(=O)N3CCC[C@@H](N)C3)ccn12,1,36,0.4623393714427948,0.5376606285572052
Plain-GCN,7,157,Cc1cccc(CN2CCN(Cc3cnn(-c4ccccc4F)c3)CC2CCO)n1,0,30,0.6271309852600098,0.37286901473999023
Plain-GCN,7,158,COc1ccc2[nH]cc(CCNC(=O)Nc3ccccc3)c2c1,0,23,0.5210976004600525,0.4789023995399475
Plain-GCN,7,159,CCn1c(-c2cnc(-c3ccccc3)n2CC2CC2)nc2cc(C(=O)N3CCC[C@@H](N)C3)ccc21,1,35,0.5051583647727966,0.49484163522720337
Plain-GCN,7,160,Cc1ccccc1C(=O)NCC(=O)Nc1ccccc1C(F)(F)F,0,24,0.7122334241867065,0.28776657581329346
Plain-GCN,7,161,O=C1CN(C(=O)COc2ccc([N+](=O)[O-])cc2Cl)c2ccccc2N1,0,25,0.796829879283905,0.20317012071609497
Plain-GCN,7,162,COC(=O)C1=CC(=O)N=C2C=CC(c3ccc4cc(-c5nc6cc(C(=O)N7CC8CCC7[C@@H]8N)cc(OC)c6n5C)n(CC5CC5)c4c3)C=C12,1,50,0.7396383285522461,0.2603616714477539
Plain-GCN,7,163,COC(=O)c1cn(-c2ccccc2)c(C)c1C(=O)OC,0,20,0.5188461542129517,0.48115384578704834
Plain-GCN,7,164,CCN(CC(=O)Nc1c(F)cccc1F)C(=O)Cc1ccc(OC)c(S(=O)(=O)N2CCOCC2)c1,0,35,0.6379426121711731,0.3620573878288269
Plain-GCN,7,165,COc1cc(C(=O)N2C[C@H](N)C[C@@H](F)C2)cc2nc(-c3cc4ccc(-c5c(C)ccc(O)c5C)nc4n3CC3CC3)n(C)c12,1,44,0.5777458548545837,0.42225414514541626
Plain-GCN,7,166,Cc1ccc(-n2ncc(C#N)c2/N=C/N2CCN(C)CC2)cc1,0,23,0.7291126251220703,0.2708873748779297
Plain-GCN,7,167,O=C(COC(=O)c1ccccc1SCC(=O)N1CCCC1)Nc1ccc(OC(F)F)cc1,0,32,0.6405561566352844,0.3594438433647156
Plain-GCN,7,168,CC1CCN(c2nc3c(=O)[nH]c(N)nc3n2[C@@H]2O[C@H](CO)[C@@H](O)[C@H]2O)CC1,0,27,0.5756529569625854,0.42434704303741455
Plain-GCN,7,169,CN(c1ccc(C(=O)NCCCn2ccnc2)cc1)S(C)(=O)=O,0,23,0.5961980223655701,0.40380197763442993
Plain-GCN,7,170,Cn1c(-c2cc3ccc(-c4ccc5[nH]c(=O)[nH]c(=O)c5c4)cc3n2CC2CC2)nc2cc(C(=O)N3C[C@H](N)C[C@@H](F)C3)cc(F)c21,1,46,0.5511268973350525,0.4488731026649475
Plain-GCN,7,171,COc1cc(C(=O)N2CC3CCC2[C@@H]3N)cc2nc(-c3cc4ccc(-c5cccc(C(N)=O)c5F)nc4n3CC3CC3)n(C)c12,1,45,0.5815567970275879,0.4184432029724121
Plain-GCN,7,172,Cc1cc(C(=O)Nc2ccc3c(c2)CCC3)ccc1[N+](=O)[O-],0,22,0.6455999612808228,0.35440003871917725
Plain-GCN,7,173,CCCCOc1ccc(CSc2nc(C)[nH]c2[N+](=O)[O-])cc1[N+](=O)[O-],0,25,0.7145488858222961,0.28545111417770386
Plain-GCN,7,174,CC(C)c1oc(=O)cc2c1[C@@H](O)[C@H]1OC(=O)[C@@]3(C)CC[C@@H](O)[C@@]2(C)C13,0,25,0.7730542421340942,0.22694575786590576
Plain-GCN,7,175,CCc1cc2c(SCC(=O)Nc3cc(C)on3)ncnc2s1,0,22,0.74692702293396,0.25307297706604004
Plain-GCN,7,176,COc1cc(C(=O)N2CC3CCC2[C@@H]3N)cc2nc(-c3cc4ccc(Nc5ccc(N)cc5)nc4n3CC3CC3)n(C)c12,1,43,0.6066734790802002,0.3933265209197998
Plain-GCN,7,177,C=CCn1c(SCC(=O)Nc2nc3ccccc3s2)nc(O)c(CC)c1=O,0,27,0.4548512101173401,0.5451487898826599
Plain-GCN,7,178,COc1cc(C(=O)N2CC3CCC2[C@@H]3N)cc2nc(-c3cc4ccc(CCN5CCOC5=O)cc4n3CC3CC3)n(C)c12,1,43,0.6292721033096313,0.37072789669036865
Plain-GCN,7,179,COc1cc(-c2ccc3cc(-c4nc5cc(C(=O)N6C[C@H](N)C[C@@H](F)C6)cc(OC)c5n4C)n(CC4CC4)c3n2)c(F)cc1CO,1,46,0.6110266447067261,0.3889733552932739
Plain-GCN,7,180,Cn1c(-c2ccc(-c3ccccc3)n2CC2CC2)nc2cc(C(=O)N3CC[C@@H]4CCN[C@@H]4C3)ccc21,1,36,0.37663811445236206,0.6233618855476379
Plain-GCN,7,181,O=C1NC(=O)/C(=C/c2ccc(OS(=O)(=O)c3ccc(F)cc3F)cc2)N1,0,26,0.5660996437072754,0.4339003562927246
Plain-GCN,7,182,COc1cc(C(=O)N2CC3CCC2[C@@H]3N)cc2nc(-c3cc4ccc(Nc5ccc6c(c5)CCC(=O)N6)nc4n3CC3CC3)n(C)c12,1,47,0.5656739473342896,0.43432605266571045
Plain-GCN,7,183,Cc1ccc(CN2CCc3c(OCc4ccc(F)cc4)cccc3C2=O)cc1,0,28,0.668648898601532,0.331351101398468
Plain-GCN,7,184,COc1ccc(C(=O)C[n+]2ccc3c(c2)nc(-c2ccccc2)n3C)cc1.[Br-],0,28,0.7183246612548828,0.2816753387451172
Plain-GCN,7,185,CCCOC(=O)C(C)n1cnc2scc(-c3ccc(C)cc3)c2c1=O,0,25,0.6415484547615051,0.3584515452384949
Plain-GCN,7,186,Cc1ccc(-c2nn(-c3ccccn3)c(=O)c3ccccc23)cc1C,0,25,0.7823683023452759,0.21763169765472412
Plain-GCN,7,187,COc1cc(C(=O)N2C[C@H](N)C[C@@H](F)C2)cc2nc(-c3cc4ccc(N5CCC6(CC5)CNC(=O)O6)cc4n3CC3CC3)n(C)c12,1,46,0.5484163761138916,0.4515836238861084
Plain-GCN,7,188,COc1cc(C(=O)N2CC3CCC2[C@@H]3N)cc2nc(-c3cc4ccc(C5C=CC6=NC(=O)C=C(CO)C6=C5)nc4n3CC3CC3)n(C)c12,1,48,0.751991868019104,0.248008131980896
Plain-GCN,7,189,Brc1ccc(-c2csc3[n+]2CCCCC3)cc1.[Br-],0,18,0.5786758065223694,0.4213241934776306
Plain-GCN,7,190,CCCCCn1c(=O)c2ccccc2n2c(=S)[nH]nc12,0,20,0.6548219919204712,0.3451780080795288
Plain-GCN,7,191,CN(C)c1ccc2cc(C(=O)N[C@@H](CCCN=C(N)CCl)C(=O)NCc3ccccc3)ccc2c1,1,35,0.4144611954689026,0.5855388045310974
Plain-GCN,7,192,CNc1ccccc(-c2ccc3cc4c(cc3n2)OCO4)c1=O,0,23,0.6553406119346619,0.34465938806533813
Plain-GCN,7,193,CC(C)NC(=O)CSc1c2c(nc3ccccc13)CCCC2,0,22,0.6463782787322998,0.3536217212677002
Plain-GCN,7,194,COc1cc(C(=O)N2CC3CCC2[C@@H]3N)cc2nc(-c3cc4ccc(-c5ccc(C(N)=O)c(F)c5)nc4n3CC3CC3)n(C)c12,1,45,0.6654166579246521,0.3345833420753479
Plain-GCN,7,195,COC(=O)c1cc(-c2ccc3cc(-c4nc5cc(C(=O)N6C[C@H](N)C[C@@H](F)C6)cc(OC)c5n4C)n(CC4CC4)c3n2)n(C)n1,1,45,0.5561811327934265,0.4438188672065735
Plain-GCN,7,196,CCn1c(C(=O)NCc2cccnc2)cc2sc(Cl)cc21,0,21,0.688312828540802,0.311687171459198
Plain-GCN,7,197,CC(/C=C/c1ccc(N(C)C)cc1)=N/N=C1/NC(=O)CC(C(=O)Nc2ccc(Cl)cc2)S1,0,32,0.6913822889328003,0.3086177110671997
Plain-GCN,7,198,COC(=O)Cc1cnc(NC(=O)CSc2nc(C(C)C)cc(=O)[nH]2)s1,0,25,0.7496134042739868,0.2503865957260132
Plain-GCN,7,199,O=C(Cc1cccs1)NNC(=S)NC(=O)c1ccc(F)c(F)c1,0,23,0.5777809023857117,0.42221909761428833
Plain-GCN,7,200,COc1cc(C(=O)N2CC3CCC2[C@@H]3N)cc2nc(-c3cc4ccc(-c5ccc6c(c5)C(=O)NCC6)nc4n3CC3CC3)n(C)c12,1,46,0.6299022436141968,0.3700977563858032
Plain-GCN,7,201,COc1cc(C(=O)N2CC3CCC2[C@@H]3N)cc2nc(-c3cc4ccc(C(C)O)cc4n3CC3CC3)n(Cc3cnn(C)c3)c12,1,44,0.5921079516410828,0.40789204835891724
Plain-GCN,7,202,Cc1cc(C)c(Nc2cc(S(=O)(=O)[O-])c(N)c3c2C(=O)c2ccccc2C3=O)c(C)c1.[Na+],0,32,0.5593360066413879,0.44066399335861206
Plain-GCN,7,203,CCCc1c(-c2nc3cc(C(=O)N4CCC[C@@H](N)C4)ccc3n2C)cnn1-c1ccccc1,0,33,0.3645629286766052,0.6354370713233948
Plain-GCN,7,204,Cc1ccc(OCCC(=O)NNC(=O)c2cc(C)oc2C)cc1,0,23,0.7423672080039978,0.2576327919960022
Plain-GCN,7,205,CC1(C)NC(=O)N(CCc2nn[nH]n2)C1=O,1,16,0.7746688723564148,0.2253311276435852
Plain-GCN,7,206,CCOC(=O)c1sc(NC(=O)CSc2nc(O)c(Cc3ccccc3)c(=O)[nH]2)nc1C,0,31,0.6656478643417358,0.33435213565826416
Plain-GCN,7,207,NS(=O)(=O)c1ccc(S(=O)(=O)c2ccccc2)nc1,0,19,0.581636369228363,0.41836363077163696
Plain-GCN,7,208,Nc1nnc2c(n1)CCCC2,0,11,0.7879789471626282,0.21202105283737183
Plain-GCN,7,209,O=C(COc1ccccc1)Nc1nc(-c2ccc(S(=O)(=O)N3CCOCC3)cc2)cs1,0,31,0.6566444635391235,0.34335553646087646
Plain-GCN,7,210,CN1CN(C)c2ccc([N+](=O)[O-])c3cccc1c23,0,18,0.7630618214607239,0.23693817853927612
Plain-GCN,7,211,COc1cc(C(=O)N2C[C@H](N)C[C@@H](F)C2)cc2nc(-c3cc4ccc(-c5ccc6c(c5)C(=O)NCC(=O)N6)nc4n3CC3CC3)n(C)c12,1,48,0.5763421654701233,0.4236578345298767
Plain-GCN,7,212,CCOC(=O)CSc1cc(C)nc2ccc(OC)cc12,0,20,0.662441074848175,0.33755892515182495
Plain-GCN,7,213,CCc1cc(NC(C)=O)ncc1-c1ccc2cc(-c3nc4cc(C(=O)N5C[C@H](N)C[C@@H](F)C5)cc(OC)c4n3C)n(CC3CC3)c2n1,1,47,0.6459789276123047,0.3540210723876953
Plain-GCN,7,214,O=C(NCc1ccccc1)C(c1ccccc1)N(Cc1cccs1)C(=O)c1cnccn1,0,32,0.6889763474464417,0.31102365255355835
Plain-GCN,7,215,COc1cc(C(=O)N2CC3CCC2[C@@H]3N)cc2nc(-c3cc4ccc(Oc5cc(C)nc(C)c5)nc4n3CC3CC3)n(C)c12,1,44,0.5679726004600525,0.4320273995399475
Plain-GCN,7,216,CC(=O)OCc1nc2ccccc2s1,0,14,0.8429310917854309,0.1570689082145691
Plain-GCN,7,217,COc1cc(C(=O)N2CC3CCC2[C@@H]3N)cc2nc(-c3cc4ccc(-c5cn(C)nc5-c5ccc(F)cc5)nc4n3CC3CC3)n(C)c12,1,48,0.5941006541252136,0.4058993458747864
Plain-GCN,7,218,COc1cc(/C=N/NC(=O)C(=O)/C=C2\NC(C)(C)Cc3ccccc32)ccc1O,0,29,0.5242771506309509,0.4757228493690491
Plain-GCN,7,219,Cc1cc(C)nc(/N=C(\N)Nc2ccc3c(c2)OCCO3)n1,0,22,0.6490462422370911,0.35095375776290894
Plain-GCN,7,220,CCN1CCN(c2ccc(N3CCN(C(=O)c4ccc(Br)o4)CC3)nn2)CC1,0,28,0.7804291248321533,0.21957087516784668
Plain-GCN,7,221,O=C(C1=C[C@H](C2CC2)C[C@H](OCCCCO)O1)N1CCN(Cc2ccc3c(c2)OCO3)CC1,0,33,0.6013213396072388,0.39867866039276123
Plain-GCN,7,222,COc1cc(C(=O)N2C[C@H]3CC[C@@H]2[C@@H]3N)cc2nc(-c3ccc(C#N)n3CC3CC3)n([C@@H](C)c3ccccn3)c12,0,40,0.4952322244644165,0.5047677755355835
Plain-GCN,7,223,COc1cccc(CNS(=O)(=O)c2c(C)[nH]c(C)c2C(=O)N2CCCCC2)c1,0,28,0.4620020389556885,0.5379979610443115
Plain-GCN,7,224,COc1cc(-c2ccc3cc(-c4nc5cc(C(=O)N6C[C@H]7CC[C@@H]6[C@@H]7N)cc(OC)c5n4C)n(CC4CC4)c3n2)ccc1F,1,44,0.6006780862808228,0.39932191371917725
Plain-GCN,7,225,COc1cc(C(=O)N2CC3CCC2[C@@H]3N)cc2nc(-c3cc4ccc(N5CC6(CCS6(=O)=O)C5)cc4n3CC3CC3)n(C)c12,1,44,0.7188024520874023,0.28119754791259766
Plain-GCN,7,226,COc1cc(C(=O)N2C[C@H](N)C[C@@H](F)C2)cc2nc(-c3cc4ccc(-c5ccn6nc(C)cc6n5)nc4n3CC3CC3)n(C)c12,1,45,0.572753369808197,0.427246630191803
Plain-GCN,7,227,CC1CCN(C(=O)C2CCN(S(=O)(=O)c3cccc4nonc34)CC2)CC1,0,27,0.4871253967285156,0.5128746032714844
Plain-GCN,7,228,COc1cc(C(=O)N2CC3CCC2[C@@H]3N)cc2nc(-c3cc4ccc(N5CCNCC5=O)cc4n3CC3CC3)n(C)c12,1,42,0.7653778791427612,0.23462212085723877
Plain-GCN,7,229,COc1ccc(-n2c(CNC(=O)c3ccc(S(=O)(=O)N4CCCC4)cc3)n[nH]c2=S)cc1,0,32,0.6110281944274902,0.38897180557250977
Plain-GCN,7,230,CC(=O)c1ccccc1NC(=O)CC1(CC(=O)O)CCCCC1,0,23,0.3832714259624481,0.6167285740375519
Plain-GCN,7,231,COc1cc(C(=O)NC(C)C2CC3CCC2C3)cc(OC)c1OC,0,24,0.5795133113861084,0.4204866886138916
Plain-GCN,7,232,COc1cc(C(=O)N2CC3CCC2[C@@H]3N)cc2nc(-c3cc4ccc(Nc5cc(=O)[nH]cn5)nc4n3CC3CC3)n(C)c12,1,43,0.6098536252975464,0.3901463747024536
Plain-GCN,7,233,O=C(N/C(=C/c1ccccc1F)C(=O)N1CCCCC1)c1ccccc1,0,26,0.4855838716030121,0.5144161283969879
Plain-GCN,7,234,O=C(COC(=O)c1ccc([N+](=O)[O-])s1)NNC(=O)c1ccccc1,0,24,0.7343922257423401,0.2656077742576599
Plain-GCN,7,235,Cn1c2c(c(=O)n(C)c1=O)C(CC(=O)Nc1ccccc1F)C(=O)N2,0,25,0.7064224481582642,0.29357755184173584
Plain-GCN,7,236,O=C(COc1ccccc1)N/N=C/c1sc(=O)n(Cc2cccc(C(=O)O)c2)c1Cl,0,30,0.6339840292930603,0.3660159707069397
Plain-GCN,7,237,CCN(CC)C(=S)SCC(=O)c1ccc(F)cc1,0,18,0.5578756928443909,0.44212430715560913
Plain-GCN,7,238,O=C(NC(=S)NNC(=O)c1ccccc1[N+](=O)[O-])c1ccc(Br)cc1,0,25,0.7652466297149658,0.23475337028503418
Plain-GCN,7,239,CCn1c(SCC(=O)NC2=NCCS2)nnc1C(C)NC(=O)c1ccccc1F,0,29,0.6725107431411743,0.3274892568588257
Plain-GCN,7,240,COc1cc(C(=O)N2CC3CCC2[C@@H]3N)cc2nc(-c3cc4ccc(-c5cnc(NC(C)=O)cc5Cl)nc4n3CC3CC3)n(C)c12,1,46,0.6097951531410217,0.39020484685897827
Plain-GCN,7,241,COc1cc(C(=O)N2C[C@H](N)C[C@@H](F)C2)cc2nc(-c3cc4ccc(C5=CC(C(F)(F)F)=CC6=NC(=O)NC56)nc4n3CC3CC3)n(C)c12,1,49,0.5212071537971497,0.47879284620285034
Plain-GCN,7,242,CCCc1cc2c(=O)c(-c3ccccn3)c(C)oc2cc1O,0,22,0.5643194317817688,0.4356805682182312
Plain-GCN,7,243,O=C(NCc1csc(-c2cccs2)n1)C1CCC1,0,18,0.5414688587188721,0.45853114128112793
Plain-GCN,7,244,Cc1cc(/C=C(\C#N)c2nnc(N3CCOCC3)n2-c2ccccc2)c(C)n1-c1ccccc1,0,34,0.5592138171195984,0.4407861828804016
Plain-GCN,7,245,COC1=CC(=O)c2ccccc2C1=O,0,14,0.49204063415527344,0.5079593658447266
Plain-GCN,7,246,COC(=O)c1ccc(NC(=O)CSc2nc3cccnc3n2C)cc1,0,25,0.6461846828460693,0.35381531715393066
Plain-GCN,7,247,COC(=O)CNC(=O)COc1ccc(-c2ccc3cc(-c4nc5cc(C(=O)N6CC7CCC6[C@@H]7N)cc(OC)c5n4C)n(CC4CC4)c3n2)cc1,1,51,0.48896369338035583,0.5110363066196442
Plain-GCN,7,248,O=C1CCN2C=Nc3cccc4ccc1c2c34,0,17,0.6293853521347046,0.3706146478652954
Plain-GCN,7,249,O=C(O)CCSc1ccc([N+](=O)[O-])cc1[N+](=O)[O-],0,18,0.7920230031013489,0.20797699689865112
Plain-GCN,7,250,COc1cc(C(=O)N2C[C@H](N)C[C@@H](F)C2)cc2nc(-c3cc4ccc(-c5ccc(N6CCCC6=O)cc5)nc4n3CC3CC3)n(C)c12,1,47,0.5691498517990112,0.43085014820098877
Plain-GCN,7,251,Cc1cc(OCC(=O)N2CCOCC2)ccc1NC(=O)c1ccccc1C,0,27,0.7513280510902405,0.24867194890975952
Plain-GCN,7,252,CCc1c(O)nc(SCc2nc3ccccc3c(=O)[nH]2)[nH]c1=O,0,23,0.7432838678359985,0.25671613216400146
Plain-GCN,7,253,COC(=O)C1=C(N)Oc2cc(N(C)C)ccc2C1c1ccccc1OC,0,26,0.6493754982948303,0.3506245017051697
Plain-GCN,7,254,Cc1ccc(C2CC(=O)Oc3cc(O)ccc32)cc1,0,19,0.6663762927055359,0.3336237072944641
Plain-GCN,7,255,Cc1ccc(C)c(-n2nnnc2SCC(=O)Nc2cccc(-c3nnc4n3CCCCC4)c2)c1,0,34,0.5703980922698975,0.42960190773010254
Plain-GCN,7,256,Cc1csc(CNc2ncnc3ccc(-c4ccc5c(c4)OCO5)cc23)c1,0,27,0.5382556319236755,0.46174436807632446
Plain-GCN,7,257,COc1cc(C(=O)N2C[C@H](N)C[C@@H](F)C2)cc2nc(-c3cc4ccc(-c5cnc(C#N)nc5)nc4n3CC3CC3)n(C)c12,1,43,0.642950177192688,0.357049822807312
Plain-GCN,7,258,COC(=O)C(Cc1csc2ccc(Cl)cc12)NC(=O)c1ccc(Cl)cc1,0,26,0.4752287268638611,0.5247712731361389
Plain-GCN,7,259,CCN1C(=NCc2ccco2)N[C@@H](c2cccc(F)c2)C(C(=O)OC)=C1C,0,27,0.43121394515037537,0.5687860548496246
Plain-GCN,7,260,CC1(C)CC(=O)c2c(O)cc(OCC(=O)Nc3ccc(S(N)(=O)=O)cc3)cc2O1,0,29,0.5450153946876526,0.4549846053123474
Plain-GCN,7,261,Cc1c(C(c2cccs2)c2c(C)n(C)n(-c3ccccc3)c2=O)c(=O)n(-c2ccccc2)n1C,0,34,0.8163257241249084,0.18367427587509155
Plain-GCN,7,262,Cn1c(-n2nccc2-c2ccccc2)nc2cc(C(=O)N3CCC[C@@H](N)C3)ccc21,0,30,0.38093674182891846,0.6190632581710815
Plain-GCN,7,263,Cc1ccc(C(C)NC(=O)Cc2cccs2)cc1C,0,19,0.7517603635787964,0.2482396364212036
Plain-GCN,7,264,COc1ccccc1CCC(=O)Nc1cc(S(=O)(=O)N2CCCCC2)ccc1N1CCN(C)CC1,0,35,0.5333078503608704,0.46669214963912964
Plain-GCN,7,265,CC(C)CN1Cc2ccccc2Oc2cc(Br)ccc2S1(=O)=O,0,23,0.6342225074768066,0.36577749252319336
Plain-GCN,7,266,CCN(CC)S(=O)(=O)c1cc(C(=O)Oc2cccc(-c3cnc4ccccc4n3)c2)ccc1OC,0,35,0.6441648602485657,0.3558351397514343
Plain-GCN,7,267,CCOc1ccc(C(=O)N/N=C/c2cccc3cccnc23)cc1,0,24,0.7152626514434814,0.28473734855651855
Plain-GCN,7,268,CC1(c2nnc(-c3cccc(Cl)c3)o2)CC(c2ccc(C#N)cc2)=NO1,0,26,0.4600052535533905,0.5399947464466095
Plain-GCN,7,269,O=C(NC(=S)N(Cc1ccccc1)c1ccccn1)C1CC1,0,22,0.6149317026138306,0.38506829738616943
Plain-GCN,7,270,O=C(Nc1ccc(S(=O)(=O)Nc2nccs2)cc1)C1CC(=O)N(c2ccc(Cl)cc2)C1,0,31,0.5852644443511963,0.4147355556488037
Plain-GCN,7,271,CCCCN(Cc1ccco1)C(=O)Cn1ncc2c(=O)oc3ccc(C)cc3c21,0,29,0.6062166690826416,0.3937833309173584
Plain-GCN,7,272,COc1cc(C(=O)N2C[C@H](N)C[C@@H](F)C2)cc2nc(-c3cc4ccc(-c5ccc(C(N)=O)nc5C)nc4n3CC3CC3)n(C)c12,1,45,0.6035305261611938,0.39646947383880615
Plain-GCN,7,273,Cc1sc2nc(SCc3nc(-c4cccs4)no3)n(-c3ccccc3)c(=O)c2c1C,0,30,0.46716347336769104,0.532836526632309
Plain-GCN,7,274,COC(=O)C1=C(C(=O)OC)C(c2ccc(OC)c(OC)c2)c2sc(=O)[nH]c2S1,0,28,0.5393977165222168,0.4606022834777832
Plain-GCN,7,275,COc1cc(C(=O)N2C[C@H](N)C[C@@H](F)C2)cc2nc(-c3cc4ccc(-c5cccc(O)c5Cl)nc4n3CC3CC3)n(C)c12,1,43,0.5957024097442627,0.4042975902557373
Plain-GCN,7,276,Cc1c(-c2cc3cccc(Cl)c3n2Cc2ccc(F)cc2)nc2cc(C(=O)N3CCC[C@@H](N)C3)ccn12,1,37,0.6086048483848572,0.3913951516151428
Plain-GCN,7,277,CCOc1c(Br)cc(CNc2ccc(N3CCOCC3)cc2)cc1OC,0,26,0.6550232172012329,0.3449767827987671
Plain-GCN,7,278,CC(C)(C)OC(=O)NCCC(=O)N/N=C/c1cccc2nccnc12,0,25,0.5638535022735596,0.43614649772644043
Plain-GCN,7,279,CC(CNC(=O)C1CCCCC1C(=O)O)c1ccccc1,0,21,0.5860405564308167,0.41395944356918335
Plain-GCN,7,280,COC(=O)c1cc(C(=O)OCC(=O)NCc2cccs2)cc([N+](=O)[O-])c1,0,26,0.7081912159919739,0.2918087840080261
Plain-GCN,7,281,CCCCCCCCCCCCN1[C@@H](CC(=O)O)c2cc(C(F)(F)F)ccc2S1(=O)=O,0,31,0.6439244151115417,0.35607558488845825
Plain-GCN,7,282,CCOC(=O)N1CCN(C(=O)c2c(-c3ccccc3)noc2C)CC1,0,25,0.5840529203414917,0.4159470796585083
Plain-GCN,7,283,CCn1c(N)[n+](CC(=O)Nc2ccc(SC(F)F)cc2)c2ccccc21.[Cl-],0,27,0.6421812772750854,0.35781872272491455
Plain-GCN,7,284,CC1=CC(=O)C2=C(C)CC[C@@H]3[C@H](OC(=O)[C@H]3C)[C@@H]12,0,18,0.7896991968154907,0.21030080318450928
Plain-GCN,7,285,CC(C)CCOc1cccc(OCC(=O)NC2CCS(=O)(=O)C2)c1,0,24,0.40551480650901794,0.5944851934909821
Plain-GCN,7,286,NNC(=O)c1ccc(N2CCc3ccccc32)c([N+](=O)[O-])c1,0,22,0.8427947163581848,0.15720528364181519
Plain-GCN,7,287,COc1cc(C(=O)N2CC3CCC2[C@@H]3N)cc2nc(-c3cc4ccc(C5CNNC5OC)nc4n3CC3CC3)n(C)c12,1,42,0.5989798903465271,0.4010201096534729
Plain-GCN,7,288,CCOc1ccc(N2C(=O)/C(=C/c3cc(OC)c(OC)c(OC)c3)N(CC(=O)OC)C2=S)cc1,0,34,0.5422820448875427,0.4577179551124573
Plain-GCN,7,289,CN(C)S(=O)(=O)c1cc(NC(=O)CN2CCN(c3ccccc3O)CC2)ccc1Cl,0,30,0.6466982960700989,0.3533017039299011
Plain-GCN,7,290,CNC(=O)NC1CCCCc2sccc21,0,15,0.6676152348518372,0.33238476514816284
Plain-GCN,7,291,CC1(OC(=O)C2CCCC2)C(=O)C=C2C=C(c3ccsc3)N(CC3CC3)C=C2C1=O,0,30,0.42130911350250244,0.5786908864974976
Plain-GCN,7,292,COc1ccc(Oc2nnnn2-c2ccccc2)cc1,0,20,0.6801221370697021,0.31987786293029785
Plain-GCN,7,293,COc1cc(C(=O)N2CC3CCC2[C@@H]3N)cc2nc(-c3cc4ccc(-c5cnn(C)c5-c5ccc(F)cc5)nc4n3CC3CC3)n(C)c12,1,48,0.6224579215049744,0.37754207849502563
Plain-GCN,7,294,CC(C)OCCCNC(=O)C1CC(=O)N(C2CCCCCCC2)C1,0,24,0.5564982891082764,0.44350171089172363
Plain-GCN,7,295,COc1ccc(-n2c(C)n[nH]c2=O)cc1OC,0,17,0.7269822359085083,0.2730177640914917
Plain-GCN,7,296,COc1cc(C(=O)N2CC3CCC2[C@@H]3N)cc2nc(-c3cc4ccc(C5CNC(=O)NC5=O)nc4n3CC3CC3)n(C)c12,1,43,0.6382138729095459,0.3617861270904541
Plain-GCN,7,297,Cc1ccc(CC(CC(=O)NCCc2ccc3c(c2)OCO3)C(=O)O)cc1,0,27,0.6607556343078613,0.33924436569213867
Plain-GCN,7,298,O=C(CSc1nnc(CNc2ccc(Cl)cc2)n1Cc1ccccc1)NCc1ccco1,0,32,0.7396063208580017,0.2603936791419983
Plain-GCN,7,299,Cc1ccc(S(=O)(=O)NNC(=O)C(=O)NNc2ccccn2)cc1,0,24,0.7195439338684082,0.2804560661315918
Plain-GCN,7,300,CCOC(=O)c1[nH]c2ccc(F)cc2c1NC(=O)c1cc(OC)c(OC)c(OC)c1,0,30,0.6005192399024963,0.39948076009750366
Plain-GCN,7,301,COc1cc(C(=O)N2CC3CCC2C3)cc2nc(-c3cc4ccc(N(C)C)cc4n3CC3CC3)n(C)c12,1,37,0.6004374027252197,0.3995625972747803
Plain-GCN,7,302,CCOc1ccc2nc(N/C(N)=N/C(=S)Nc3ccc(C)c(C)c3)nc(C)c2c1,0,29,0.6591005921363831,0.34089940786361694
Plain-GCN,7,303,CCOc1cc(/C=C\c2[nH]c(=O)[nH]c(=O)c2[N+](=O)[O-])ccc1OC(C)CC,0,27,0.66280198097229,0.33719801902770996
Plain-GCN,7,304,Cc1nc(SCC(=O)N(C)C2(C#N)CCCCC2)c2ccccc2n1,0,25,0.5509431958198547,0.44905680418014526
Plain-GCN,7,305,Cc1noc(C(F)(F)F)c1C(=O)NNC(=O)c1ccccc1,0,22,0.6473631858825684,0.35263681411743164
Plain-GCN,7,306,COc1cc(C(=O)N2C[C@H](N)C[C@@H](F)C2)cc2nc(-c3cc4ccc(-c5ccc(C(N)=O)cc5Cl)nc4n3CC3CC3)n(C)c12,1,45,0.6128603219985962,0.3871396780014038
Plain-GCN,7,307,COC(=O)c1cc(-c2ccc3cc(-c4nc5cc(C(=O)N6CC7CCC6[C@@H]7N)cc(OC)c5n4C)n(CC4CC4)c3n2)n(C)n1,1,45,0.5708285570144653,0.42917144298553467
Plain-GCN,7,308,Cc1cc2cc(CNC(=O)c3cccs3)ccc2n1C,0,20,0.5947050452232361,0.4052949547767639
Plain-GCN,7,309,C=CCSc1nnc(CNC(=O)c2ccc(Cl)cc2)n1CC,0,22,0.614927351474762,0.38507264852523804
Plain-GCN,7,310,O=C(NC1CCCC1)NS(=O)(=O)c1ccccc1Cl,0,19,0.5925081968307495,0.4074918031692505
Plain-GCN,7,311,CC(=O)Nc1ccc2c(c1)CCCC2,0,14,0.7393779158592224,0.2606220841407776
Plain-GCN,7,312,Cc1ccc2c(CN3CCOCC3)cc(=O)oc2c1C,0,20,0.6621937155723572,0.3378062844276428
Plain-GCN,7,313,CC(=O)NCCNC(=O)CCNC(=O)c1ccc(Cl)cc1,0,21,0.6290693283081055,0.37093067169189453
Plain-GCN,7,314,COc1cc(C(=O)N2CC3CCC2[C@@H]3N)cc2nc(-c3cc4ccc(C5=CC=CC6=NC(=O)C=CC56)nc4n3CC3CC3)n(C)c12,1,46,0.7474483847618103,0.2525516152381897
Plain-GCN,7,315,Cn1ccnc1C(=O)c1ccccc1Cl,0,15,0.7712138295173645,0.2287861704826355
Plain-GCN,7,316,COc1ccc(-c2cc(=O)[nH][nH]2)cc1,0,14,0.8563240170478821,0.14367598295211792
Plain-GCN,7,317,O=C(C1=C[C@@H](c2ccc(C(F)(F)F)cc2)C[C@@H](OCc2ccc(CO)cc2)O1)N1CCN(Cc2ccc3c(c2)OCO3)CC1,0,44,0.679556667804718,0.320443332195282
Plain-GCN,7,318,COc1cc(/C=N/Nc2ccccc2[N+](=O)[O-])ccc1OC(=O)c1ccccc1F,0,30,0.7421361207962036,0.2578638792037964
Plain-GCN,7,319,Cc1ccccc1Cn1ccc(NC(=O)c2onc(C)c2Cl)n1,0,23,0.7206990718841553,0.2793009281158447
Plain-GCN,7,320,CCOc1ccc(N(C(=O)c2cnsn2)C(C(=O)NC2CCCCC2)c2ccncc2)cc1,0,33,0.6013039946556091,0.39869600534439087
Plain-GCN,7,321,COc1ccc(-c2nn(-c3ccccc3)cc2C(=O)NC(=S)NNC(=O)c2ccncc2)cc1,0,34,0.7808558344841003,0.21914416551589966
Plain-GCN,7,322,COc1cc(C(=O)N2CC3CCC2[C@@H]3N)cc2nc(-c3cc4ccc(-c5cnc(C#N)cc5C)nc4n3CC3CC3)n(C)c12,1,44,0.735489547252655,0.26451045274734497
Plain-GCN,7,323,COc1cc([N+](=O)[O-])c(OC)cc1SCc1n[nH]c(=S)n1-c1ccc(F)cc1,0,28,0.604641318321228,0.395358681678772
Plain-GCN,7,324,Cc1sc2ncn(CC(=O)NCC(=O)N3CCN(c4ccccc4F)CC3)c(=O)c2c1C,0,32,0.5448228716850281,0.4551771283149719
Plain-GCN,7,325,CCCC[n+]1c(C)sc2cc(OC)ccc21.[I-],0,17,0.5451344847679138,0.4548655152320862
Plain-GCN,7,326,COc1cc(C(=O)N2CC3CCC2[C@@H]3N)cc2nc(-c3cc4ccc(N5CCC(O)(c6ccccc6)C5)nc4n3CC3CC3)n(C)c12,1,47,0.5589402318000793,0.44105976819992065
Plain-GCN,7,327,COc1cc(C(=O)N2CC3CCC2[C@@H]3N)cc2nc(-c3cc4ccc(-c5ccc6c(c5)CCNC6=O)nc4n3CC3CC3)n(C)c12,1,46,0.6324614882469177,0.3675385117530823
Plain-GCN,7,328,NS(=O)(=O)c1cc(C(=O)NNC(=O)c2ccc3c(c2)OCO3)ccc1Cl,0,26,0.6978840827941895,0.30211591720581055
Plain-GCN,7,329,Fc1ccc(OCc2nnc(-c3ccccc3Br)o2)c(Cl)c1,0,22,0.5181745886802673,0.48182541131973267
Plain-GCN,7,330,COc1cc(C(=O)N2C[C@H](N)C[C@@H](F)C2)cc2nc(-c3cc4ccc(-c5cnc6c(c5)C(=O)NC6)nc4n3CC3CC3)n(C)c12,1,45,0.5760645866394043,0.4239354133605957
Plain-GCN,7,331,COc1cc(C(=O)N2C[C@H](N)C[C@@H](F)C2)cc2nc(-c3cc4ccc(-c5ccc(N6CCC(O)C6=O)c(C)n5)nc4n3CC3CC3)n(C)c12,1,49,0.6403996348381042,0.35960036516189575
Plain-GCN,7,332,CCc1ccc(S(=O)(=O)Nc2ccc(O)c3ccccc23)cc1,0,23,0.7458499670028687,0.25415003299713135
Plain-GCN,7,333,COC(=O)c1sc2ccccc2c1NC(=O)c1ccc(S(=O)(=O)N2CC(C)CC(C)C2)cc1,0,33,0.46736007928848267,0.5326399207115173
Plain-GCN,7,334,CCCS(=O)(=O)c1csc(C(=O)OC)c1N,0,16,0.6082319617271423,0.39176803827285767
Plain-GCN,7,335,O=c1[nH]c(Nc2ccccn2)cc2ccccc12,0,18,0.7963259220123291,0.2036740779876709
Plain-GCN,7,336,CS(=O)(=O)N(CC(=O)N1CCOCC1)Cc1ccc(Cl)cc1,0,22,0.584542453289032,0.415457546710968
Plain-GCN,7,337,COc1ccc(OCC(=O)Nc2ccccc2C(=O)Nc2ccc(C(=O)O)cc2)cc1,0,31,0.7573253512382507,0.24267464876174927
Plain-GCN,7,338,COc1cc(C(=O)N2CC3CCC2[C@@H]3N)cc2nc(-c3cc4ccc(-c5cn[nH]c5C)cc4n3CC3CC3)n(C)c12,1,41,0.652863085269928,0.347136914730072
Plain-GCN,7,339,Cc1ccccc1OC(C)C(=O)NCCC1=CCCCC1,0,21,0.5773430466651917,0.42265695333480835
Plain-GCN,7,340,CCOc1ccc(N(CC(=O)N/N=C/c2cc([N+](=O)[O-])ccc2Cl)S(C)(=O)=O)cc1,0,30,0.6115612983703613,0.38843870162963867
Plain-GCN,7,341,COc1cc(C(=O)N2CC3CCC2[C@@H]3N)cc2nc(-c3cc4ccc(-c5ccc(S(C)(=O)=O)nc5)nc4n3CC3CC3)n(C)c12,1,45,0.6807504296302795,0.31924957036972046
Plain-GCN,7,342,O=C1CN(S(=O)(=O)c2cc(C(=O)O)ccc2Cl)c2ccccc2N1,0,24,0.62760990858078,0.37239009141921997
Plain-GCN,7,343,CC(=O)c1ccc(OCc2cc(C(=O)NCCN3CCCC(O)C3)no2)cc1,0,28,0.4315425157546997,0.5684574842453003
Plain-GCN,7,344,CSC1=NC(C)(C)CC2(C)Nc3ccccc3N12,0,18,0.4401143491268158,0.5598856508731842
Plain-GCN,7,345,S=c1[nH]nc(-c2c[nH]c3ccccc23)o1,0,15,0.848771333694458,0.151228666305542
Plain-GCN,7,346,CC(C)c1nc(SCC(=O)N2CC(=O)Nc3ccccc32)c2ccccc2n1,0,28,0.7724896669387817,0.22751033306121826
Plain-GCN,7,347,COc1cc(C(=O)N2CC3CCC2[C@@H]3N)cc2nc(-c3cc4ccc(N5CCC(S(C)(=O)=O)CC5)cc4n3CC3CC3)n(C)c12,1,45,0.6496149897575378,0.35038501024246216
Plain-GCN,7,348,COc1cc(C(=O)N2C[C@H](N)C[C@@H](F)C2)cc2nc(-c3cc4ccc(CCN5CCOC5=O)nc4n3CC3CC3)n(C)c12,1,43,0.618126630783081,0.38187336921691895
Plain-GCN,7,349,Cc1cccc(-c2nc3ccccc3c(=O)n2NC(=O)c2ccc([N+](=O)[O-])c(C)c2)c1,0,31,0.7886272072792053,0.21137279272079468
Plain-GCN,7,350,CN(C)C(CNC(=O)C1CCN(S(=O)(=O)c2cccc(Cl)c2Cl)CC1)c1ccccc1,0,31,0.5351671576499939,0.4648328423500061
Plain-GCN,7,351,Cn1sc(=O)c2cc(S(=O)(=O)NC3CC3)ccc21,0,18,0.5614622831344604,0.43853771686553955
Plain-GCN,7,352,CCCc1c(C(=O)N/N=C/c2ccc(OC)c(OCc3ccccc3)c2)nnn1-c1nonc1N,0,35,0.6165485382080078,0.3834514617919922
Plain-GCN,7,353,CCNC(=O)c1c(NC(=O)C2COc3ccccc3O2)sc2c1CCCC2,0,27,0.6325344443321228,0.3674655556678772
Plain-GCN,7,354,COc1cc2nc(N(CCCN(C)C)C(=O)c3ccc(S(=O)(=O)N4CCc5ccccc54)cc3)sc2cc1OC.Cl,0,41,0.5940508246421814,0.4059491753578186
Plain-GCN,7,355,COc1cc(C(=O)N2CC3CCC2[C@@H]3N)cc2nc(-c3cc4ccc(-c5ccc6nnnn6c5)nc4n3CC3CC3)n(C)c12,1,44,0.6199690699577332,0.38003093004226685
Plain-GCN,7,356,CNC(=O)n1ccc(C(=O)N2CCCCC2)n1,0,17,0.46856948733329773,0.5314305126667023
Plain-GCN,7,357,CC(NC(=O)c1ccccc1)C(=O)OCC(=O)c1ccc(Br)cc1,0,24,0.6918460130691528,0.30815398693084717
Plain-GCN,7,358,CCOC(=O)c1ccc(NC(=O)CSc2nc3cccnc3n2C)cc1,0,26,0.6767441630363464,0.32325583696365356
Plain-GCN,7,359,O=C(COc1ccc(S(=O)(=O)N2CCCC2)cc1)NCc1cccnc1,0,26,0.5376154184341431,0.46238458156585693
Plain-GCN,7,360,COC(=O)C1=C(C(=O)OC)SC2(S1)C(C(=O)OC)=C(C(=O)OC)SC1=C2c2cc(C)cc(C)c2NC1(C)C,0,38,0.549301028251648,0.45069897174835205
Plain-GCN,7,361,COC(=O)c1cn(C(=O)c2cc(OC)cc(OC)c2)c2ccccc12,0,25,0.6160650849342346,0.3839349150657654
Plain-GCN,7,362,COc1ccc(Cn2c(-c3nc4cc(C(=O)N5CCC[C@@H](N)C5)ccn4c3C)cc3ccccc32)nc1,1,37,0.4349104166030884,0.5650895833969116
Plain-GCN,7,363,COc1ccc(/C=N/n2c(=O)c(C(C)(C)C)nn3cnnc23)cc1,0,24,0.5891263484954834,0.4108736515045166
Plain-GCN,7,364,COc1cccc2cc(C(=O)NC3CC(C)(C)NC(C)(C)C3)c(=O)oc12,0,26,0.5978773236274719,0.4021226763725281
Plain-GCN,7,365,COc1ccc(C(=O)NCCc2ccc(C(F)(F)F)cc2)cc1S(=O)(=O)N1CCOCC1,0,32,0.6416778564453125,0.3583221435546875
Plain-GCN,7,366,O=C(O)CN1C(=O)/C(=C\c2ccccc2OCc2ccc(Cl)cc2Cl)SC1=S,0,28,0.6622989177703857,0.33770108222961426
Plain-GCN,7,367,Cc1cc(C)cc(-n2ccnc2SCC(=O)Nc2cccc(S(=O)(=O)NC3=NCCC3)c2)c1,0,33,0.5368629693984985,0.46313703060150146
Plain-GCN,7,368,O=C(NNC(=O)c1cccc(C(F)(F)F)c1)c1ccc(-n2cnnn2)cc1,0,27,0.7872917652130127,0.2127082347869873
Plain-GCN,7,369,Cc1c(-c2cc3ccccc3n2CC2CC2)nc2cc(C(=O)N3CCC4OCCNC4C3)ccn12,1,35,0.39680230617523193,0.6031976938247681
Plain-GCN,7,370,COc1cc(C(=O)N2CC3CCC2[C@@H]3N)cc2nc(-c3cc4ccc(-c5nnnn5C)nc4n3CC3CC3)n(C)c12,1,41,0.6584421992301941,0.3415578007698059
Plain-GCN,7,371,Cc1sc2nc(-c3ccco3)oc(=O)c2c1C,0,17,0.6078171133995056,0.3921828866004944
Plain-GCN,7,372,Cc1cc(C(C#N)c2ccccc2)n2ncnc2n1,0,19,0.5919545292854309,0.4080454707145691
Plain-GCN,7,373,O=C(C1CCCO1)N1CCN(S(=O)(=O)c2ccc(Cl)cc2)CC1,0,23,0.6879834532737732,0.3120165467262268
Plain-GCN,7,374,Cn1c(-c2cncn2CC2CC2)nc2cc(C(=O)N3CCC[C@@H](N)C3)ccc21,0,28,0.42280149459838867,0.5771985054016113
Plain-GCN,7,375,COc1cc(C(=O)N2CC3CCC2[C@@H]3N)cc2nc(-c3cc4ccc(-c5ccnc(F)c5C)nc4n3CC3CC3)n(C)c12,1,43,0.7045937776565552,0.2954062223434448
Plain-GCN,7,376,O=C(Oc1cccc([N+](=O)[O-])c1)c1ccc2c(=O)n3c(nc2c1)CCC3,0,26,0.549370288848877,0.45062971115112305
Plain-GCN,7,377,COCCn1nnnc1SCC(=O)N1CCCCC1,0,19,0.47481095790863037,0.5251890420913696
Plain-GCN,7,378,Cc1ccc([N+](=O)[O-])c(C(=O)N/N=C/c2cccnc2)c1,0,21,0.5080873370170593,0.4919126629829407
Plain-GCN,7,379,c1ccc2c(CNC3CCCCC3)c[nH]c2c1,0,17,0.5797905325889587,0.42020946741104126
Plain-GCN,7,380,COC(=O)c1ccc(-c2ncc[nH]2)cc1,0,15,0.7303110957145691,0.2696889042854309
Plain-GCN,7,381,O=S(=O)(/C=C/c1ccccc1)N1CCN(Cc2ccc3c(c2)OCO3)CC1,0,27,0.6405954957008362,0.3594045042991638
Plain-GCN,7,382,COc1ccc(Cl)cc1NC(=O)c1[nH]c(C)c(C(C)=O)c1C,0,22,0.7102539539337158,0.2897460460662842
Plain-GCN,7,383,COc1cccc(NC(=O)Nc2cccs2)c1,0,17,0.7027432918548584,0.2972567081451416
Plain-GCN,7,384,Cn1cnc([N+](=O)[O-])c1Sc1ccc(C(C)(C)C)cc1,0,20,0.7689252495765686,0.2310747504234314
Plain-GCN,7,385,CC(=O)Nc1c(O)nc(SCC(=O)Nc2sc3c(c2C#N)CCCCCC3)[nH]c1=O,0,30,0.6958519220352173,0.3041480779647827
Plain-GCN,7,386,COc1cc(C(=O)N2C[C@H](N)C[C@@H](F)C2)cc2nc(-c3cc4ccc(-c5cccc(F)c5C(=O)O)nc4n3CC3CC3)n(C)c12,1,45,0.5994462966918945,0.40055370330810547
Plain-GCN,7,387,COc1cc(C(=O)N2CC3CCC2[C@@H]3N)cc2nc(-c3cc4ccc(-c5cc(O)ccc5Cl)nc4n3CC3CC3)n(C)c12,1,43,0.6202991604804993,0.37970083951950073
Plain-GCN,7,388,CC(=O)Nc1ccc(NC(=O)C(C)OC(=O)CC2CCCCC2)cc1,0,25,0.4399757385253906,0.5600242614746094
Plain-GCN,7,389,N#Cc1ccc(N2Cc3ccccc3C2=NC(=O)c2cccs2)cc1,0,25,0.5910910367965698,0.4089089632034302
Plain-GCN,7,390,COc1cc(C(=O)N2CC3CCC2[C@@H]3N)cc2nc(-c3cc4ccc(-c5ccc(Cl)c(C(N)=O)c5)nc4n3CC3CC3)n(C)c12,1,45,0.618436872959137,0.38156312704086304
Plain-GCN,7,391,Cc1[nH]n2c(=O)c3c(nc2c1-c1ccccc1)CCCC3,0,21,0.6527228951454163,0.34727710485458374
Plain-GCN,7,392,COc1ccc(N(C(=O)c2cccnc2)S(=O)(=O)c2cccc([N+](=O)[O-])c2)cc1,0,29,0.6902985572814941,0.30970144271850586
Plain-GCN,7,393,Cc1ccc(S(=O)(=O)NCCC(=O)Nc2ccc(S(=O)(=O)NC(C)C)cc2)cc1,0,29,0.6419697403907776,0.3580302596092224
Plain-GCN,7,394,O=S(=O)(c1ccc2ccccc2c1)N1CCN(S(=O)(=O)N2CCCCC2)CC1,0,28,0.47368454933166504,0.526315450668335
Plain-GCN,7,395,O=c1cc(-c2ccc(Cl)cc2)[nH][nH]1,0,13,0.896548867225647,0.10345113277435303
Plain-GCN,7,396,Cc1sc2ccccc2[n+]1CC(=O)O.[Br-],0,15,0.7508319020271301,0.24916809797286987
Plain-GCN,7,397,Cc1ccc(N(C(=O)c2cccs2)C2C=CS(=O)(=O)C2)cc1,0,22,0.5646229982376099,0.43537700176239014
Plain-GCN,7,398,CC(C)c1ccc(NC2CCCN(C(=O)CCN3CCOCC3)C2)cc1,0,26,0.348059743642807,0.651940256357193
Plain-GCN,7,399,COC1CCCN(C(=O)c2cccc(OC3CCN(S(=O)(=O)N(C)C)CC3)c2)C1,0,29,0.36746522784233093,0.6325347721576691
Plain-GCN,7,400,COc1cc(C(=O)N2C[C@H](N)C[C@@H](F)C2)cc2nc(-c3cc4ccc(-c5ccc(OCC(N)=O)cc5)nc4n3CC3CC3)n(C)c12,1,46,0.5373550057411194,0.4626449942588806
Plain-GCN,7,401,COc1ccc(CCNS(=O)(=O)c2cccc(C(=O)O)c2)cc1OC,0,25,0.7014905214309692,0.29850947856903076
Plain-GCN,7,402,COc1cc(C(=O)N2CC3CCC2[C@@H]3N)cc2nc(-c3cc4ccc(-c5cc(F)c6c(c5)CCC(=O)N6)cc4n3CC3CC3)n(C)c12,1,47,0.6181658506393433,0.38183414936065674
Plain-GCN,7,403,COc1cc(OC)cc(C2C(C#N)=C(N)Oc3n[nH]c(-c4cccnc4)c32)c1,0,28,0.6600415110588074,0.3399584889411926
Plain-GCN,7,404,Cc1sc2ccccc2[n+]1CCC(C)S(=O)(=O)[O-],0,18,0.6366577744483948,0.3633422255516052
Plain-GCN,7,405,Cc1cccc2sc(N(CCCN(C)C)C(=O)c3ccc4ncsc4c3)nc12,0,28,0.575393557548523,0.42460644245147705
Plain-GCN,7,406,CN(C)CCCn1c(SCC(=O)N2c3ccccc3Sc3ccccc32)nc2ccccc2c1=O,0,35,0.6794629693031311,0.3205370306968689
Plain-GCN,7,407,C[C@H](CO)N1C[C@H](C)[C@@H](CN(C)Cc2ccc(C(=O)O)cc2)Oc2ccc(NS(=O)(=O)c3cn(C)cn3)cc2C1=O,0,41,0.45042747259140015,0.5495725274085999
Plain-GCN,7,408,O=C(Cc1cc(=O)[nH][nH]1)N/N=C/c1cccc(Cl)c1Cl,0,20,0.6975092887878418,0.3024907112121582
Plain-GCN,7,409,CN1CCc2c(sc3nc(SCC(N)=O)n(-c4ccccc4)c(=O)c23)C1,0,26,0.5259160995483398,0.47408390045166016
Plain-GCN,7,410,COc1ccc(OC)c(S(=O)(=O)Nc2ccccc2C(=O)O)c1,0,23,0.7514209747314453,0.2485790252685547
Plain-GCN,7,411,CCc1ccccc1N(CC)C(=O)c1cn(C)c(=O)c2cc(OC)c(OC)cc12,0,29,0.602819561958313,0.397180438041687
Plain-GCN,7,412,NC(=O)COC(=O)c1ccccc1Nc1ccc(SC(F)F)cc1,0,24,0.6447682976722717,0.35523170232772827
Plain-GCN,7,413,CCOC(=O)N1CCN(c2c(N3CCN(c4cccc(C(F)(F)F)c4)CC3)c(=O)c2=O)CC1,0,33,0.5523608326911926,0.4476391673088074
Plain-GCN,7,414,CCOC(=O)c1[nH]c(=O)c2ccccc2c1O,0,17,0.7409408688545227,0.2590591311454773
Plain-GCN,7,415,COc1cc(C(=O)N2CC3CCC2[C@@H]3N)cc2nc(-c3cc4ccc(-c5ccc(CS(C)(=O)=O)cc5F)nc4n3CC3CC3)n(C)c12,1,47,0.7931111454963684,0.2068888545036316
Plain-GCN,7,416,COc1ccc([N+](=O)[O-])cc1NC(=O)CCS(=O)(=O)c1ccc(Br)cc1,0,26,0.6835365891456604,0.3164634108543396
Plain-GCN,7,417,COc1cc(C(=O)N2[C@H]3CC[C@@H]2[C@H](N)C3)cc2nc(-c3cc4ccc([C@@H](C)NC(=O)N5CCO[C@@H](C)C5)nc4n3CC3CC3)c(C)n12,1,47,0.5540645122528076,0.4459354877471924
Plain-GCN,7,418,Cc1nn(Cc2c(F)c(F)c(F)c(F)c2F)c(C)c1NC(=O)c1c([N+](=O)[O-])c(C)nn1C,0,32,0.8227342963218689,0.1772657036781311
Plain-GCN,7,419,CCC(C)c1ccccc1NC(=O)CN1CCN(C/C=C/c2ccccc2)CC1,0,29,0.6333930492401123,0.3666069507598877
Plain-GCN,7,420,COc1cc(C(=O)N2C[C@H](N)C[C@@H](F)C2)cc2nc(-c3cc4ccc(-c5ccc6c(c5)CCC(=O)N6)nc4n3CC3CC3)n(C)c12,1,46,0.6836081147193909,0.31639188528060913
Plain-GCN,7,421,COc1cc(C(=O)N2C[C@H](N)C[C@@H](F)C2)cc2nc(-c3cc4ccc(-c5ccc(CS(C)(=O)=O)cc5)cc4n3CC3CC3)n(C)c12,1,46,0.6371833086013794,0.3628166913986206
Plain-GCN,7,422,COc1cc(C(=O)N2C[C@H](N)C[C@@H](F)C2)cc2nc(-c3cc4ccc(C5CCNC(=O)C5)nc4n3CC3CC3)n(C)c12,1,42,0.7796643376350403,0.22033566236495972
Plain-GCN,7,423,O=C1Nc2ccc(Br)cc2/C1=C/C(=O)c1ccc2c(c1)OCO2,0,23,0.5133014917373657,0.4866985082626343
Plain-GCN,7,424,COc1ccc(CCN(Cc2ccccn2)C(=S)Nc2ccccc2F)cc1OC,0,30,0.7529022693634033,0.24709773063659668
Plain-GCN,7,425,CCc1c(C)nc2c(C)cccc2c1SCCC#N,0,19,0.4737379252910614,0.5262620747089386
Plain-GCN,7,426,Cn1nc(C(F)(F)F)cc1-c1ccc(S(N)(=O)=O)s1,0,19,0.6256475448608398,0.37435245513916016
Plain-GCN,7,427,CC(=O)Nc1ccc(OC(=O)c2ccco2)cc1,0,18,0.7845578789710999,0.21544212102890015
Plain-GCN,7,428,Cc1cccc(NS(=O)(=O)c2ccc(OCC(=O)N3CCCC3)cc2)c1,0,26,0.6095374226570129,0.39046257734298706
Plain-GCN,7,429,Cc1ccc(C)c(OCCCC(C)(C)C(=O)O)c1,0,18,0.4986715018749237,0.5013284981250763
Plain-GCN,7,430,COC(=O)c1ccc(=O)c2nc3/c(=C/O)c(O)cc(=O)c3[nH]c12,0,23,0.5979055166244507,0.4020944833755493
Plain-GCN,7,431,O=C(NCc1ccccn1)c1ccc2nc(-c3ccco3)c(-c3ccco3)nc2c1,0,30,0.8292125463485718,0.17078745365142822
Plain-GCN,7,432,COc1cc(C(=O)N2CC3CCC2[C@@H]3N)cc2nc(-c3cc4ccc(-c5ccc(C(N)=O)cn5)nc4n3CC3CC3)n(C)c12,1,44,0.6034847497940063,0.39651525020599365
Plain-GCN,7,433,CC12CCC(C(=O)Nc3ccc(SC(F)F)cc3)(CC1=O)C2(C)C,0,24,0.6146571040153503,0.38534289598464966
Plain-GCN,7,434,O=C(Nc1ccc2ccccc2n1)C1CCCCC1,0,19,0.5339861512184143,0.4660138487815857
Plain-GCN,7,435,COc1cc(C(=O)N2CC3CCC2[C@@H]3N)cc2nc(-c3cc4ccc(-c5ccc(O)c(-c6ccno6)c5)nc4n3CC3CC3)n(C)c12,1,47,0.5733482241630554,0.4266517758369446
Plain-GCN,7,436,CCCOc1cccc(OCC(=O)Nc2nc3ccccc3[nH]2)c1,0,24,0.7502781748771667,0.24972182512283325
Plain-GCN,7,437,Cc1ccc(/C=N/n2c(-c3cccnc3)n[nH]c2=S)o1,0,20,0.7526080012321472,0.24739199876785278
Plain-GCN,7,438,COc1cc(C(=O)N2C[C@H](N)C[C@@H](F)C2)cc2nc(-c3cc4ccc(-c5cnc6c(c5)OCC(=O)N6)cc4n3CC3CC3)n(C)c12,1,46,0.5839753746986389,0.4160246253013611
Plain-GCN,7,439,CCOC(=O)N1CCN(C(=O)c2cn(CC)c3cc(N4CCN(C)CC4)c(F)cc3c2=O)CC1.Cl,0,35,0.5076597929000854,0.49234020709991455
Plain-GCN,7,440,COc1cc(C(=O)N2C[C@H]3CC[C@@H]2[C@@H]3N)cc2nc(-c3ccc(F)nc3CC3CC3)n(C)c12,1,33,0.7016860246658325,0.2983139753341675
Plain-GCN,7,441,COc1cc(C(=O)N2CC3CCC2[C@@H]3N)cc2nc(-c3cc4ccc(-c5cccc(NS(C)(=O)=O)c5)nc4n3CC3CC3)n(C)c12,1,46,0.56910240650177,0.43089759349823
Plain-GCN,7,442,COc1cc(C2OC(=O)c3ccccc3S2)cc(OC)c1OC,0,23,0.6847581267356873,0.31524187326431274
Plain-GCN,7,443,O=C(c1cc(N2CCOCC2)c(F)cc1[N+](=O)[O-])N1CCOCC1,0,24,0.6254630088806152,0.37453699111938477
Plain-GCN,7,444,O=C(COC(=O)CCCc1c[nH]c2ccccc12)Nc1ccc2c(c1)OCO2,0,28,0.6759281754493713,0.32407182455062866
Plain-GCN,7,445,CC(C)c1ccccc1NC(=S)NC1CCN(Cc2ccccc2)CC1,0,26,0.5696006417274475,0.4303993582725525
Plain-GCN,7,446,CCOc1ccc2c(c1)-c1c(ssc1=S)C(C)(C)N2C(=O)CSC1=NCCS1,0,28,0.570879340171814,0.42912065982818604
Plain-GCN,7,447,O=C(CSc1n[nH]c(-c2ccccc2)n1)N1CCCC1,0,20,0.6058820486068726,0.39411795139312744
Plain-GCN,7,448,O=C(NNC(=S)NC(=O)c1cn(-c2ccccc2)nc1-c1ccccc1)c1ccncc1,0,32,0.7970747947692871,0.2029252052307129
Plain-GCN,7,449,O=C(COC(=O)c1ccc(Br)o1)NCc1ccc(Cl)cc1,0,21,0.7856841087341309,0.21431589126586914
Plain-GCN,7,450,CCCOC(=S)NC(=O)c1sc2ccccc2c1Cl,0,19,0.726187527179718,0.273812472820282
Plain-GCN,7,451,CN(C(=O)COC(=O)c1cccc(S(=O)(=O)N2CCOCC2)c1)C1CCS(=O)(=O)C1,0,30,0.5402995944023132,0.45970040559768677
Plain-GCN,7,452,O=C(NCc1cccs1)c1ccc2c(c1)ncn2C1CCCC1,0,23,0.4784432053565979,0.5215567946434021
Plain-GCN,7,453,COc1cc2oc3ccccc3c(=O)c2cc1OC,0,19,0.7577394843101501,0.24226051568984985
Plain-GCN,7,454,O=C1c2ccccc2C(=O)N1CCCc1cn(C[C@H]2CC[C@@H]([C@@H]3CC[C@H](Cn4cc(CCCN5C(=O)c6ccccc6C5=O)nn4)O3)O2)nn1,0,50,0.5239222049713135,0.4760777950286865
Plain-GCN,7,455,N#C/C(=C\C=C\c1ccccc1)C(=O)NCc1cccnc1,0,22,0.40792059898376465,0.5920794010162354
Plain-GCN,7,456,COCCN(CCOC)C(=O)c1ccc(CSc2nc3ccccc3s2)cc1,0,28,0.5492314696311951,0.45076853036880493
Plain-GCN,7,457,C=CCN(Cc1ccc(Cl)s1)C(=O)c1cc(S(=O)(=O)N2CCOCC2)ccc1F,0,29,0.4954373240470886,0.5045626759529114
Plain-GCN,7,458,COc1cc(C(=O)N2C[C@H](N)C[C@@H](F)C2)cc2nc(-c3cc4ccc(-c5ccc(CC(N)=O)nc5)nc4n3CC3CC3)n(C)c12,1,45,0.6237637996673584,0.3762362003326416
Plain-GCN,7,459,COc1ccc(OC)c(N2Cc3cc(C)c(C)cc3C2)c1,0,21,0.6325124502182007,0.3674875497817993
Plain-GCN,7,460,COc1ccccc1-c1nnc(NC(=O)c2ccc3ncsc3c2)o1,0,25,0.6690036058425903,0.33099639415740967
Plain-GCN,7,461,O=C(C1CCCC1)N1CCC(CC2CC(c3ccc(Cl)cc3)=NO2)(C(=O)NCC2CCCCC2)CC1,0,36,0.41087502241134644,0.5891249775886536
Plain-GCN,7,462,C=CC(COCc1ccccc1)N(Cc1ccccc1)S(=O)(=O)c1ccccc1Br,0,30,0.69182288646698,0.30817711353302
Plain-GCN,7,463,CN(C)C(=O)c1ccc(NC(=O)c2cccc(S(=O)(=O)N3CCCc4ccccc43)c2)cc1,0,33,0.5920788049697876,0.4079211950302124
Plain-GCN,7,464,O=C1c2ccccc2-c2onc3c(N4CCN(CCO)CC4)cc(N4CCN(C(=O)c5ccco5)CC4)c1c23,0,39,0.7017327547073364,0.2982672452926636
Plain-GCN,7,465,COc1ccc(Cl)cc1C(=O)NNC(=O)c1cccs1,0,20,0.8028029799461365,0.19719702005386353
Plain-GCN,7,466,COC(=O)c1ccc(-c2ccc3cc(-c4nc5cc(C(=O)N6CC7CCC6[C@@H]7N)cc(OC)c5n4C)n(CC4CC4)c3n2)cc1O,1,46,0.6632081866264343,0.3367918133735657
Plain-GCN,7,467,Cc1nc(Cl)c2c(n1)NC1=C(O2)C(=O)CCC1,0,17,0.6070996522903442,0.39290034770965576
Plain-GCN,7,468,CC1Cc2ccccc2N1C(=O)CSc1nnc(CSc2ncccn2)n1C,0,28,0.6445435285568237,0.35545647144317627
Plain-GCN,7,469,CCCCn1c(=O)c(C(=O)Nc2ccccc2F)c(O)c2ccccc21,0,26,0.4684341549873352,0.5315658450126648
Plain-GCN,7,470,CCN(c1ccccc1)S(=O)(=O)c1ccc(Cl)c(C(=O)O)c1,0,22,0.5899649858474731,0.41003501415252686
Plain-GCN,7,471,COc1cc(C(=O)N2CC3CCC2[C@@H]3N)cc2nc(-c3cc4ccc(Nc5cccc(C(N)=O)c5)nc4n3CC3CC3)n(C)c12,1,45,0.5718332529067993,0.4281667470932007
Plain-GCN,7,472,COc1cc(C(=O)N2C[C@H](N)CC[C@@H]2C)cc2nc(-c3cc4ccc(-c5ccc6c(c5)CC(=O)N6)nc4n3CC3CC3)n(C)c12,1,45,0.774993360042572,0.22500663995742798
Plain-GCN,7,473,COc1cc(C(=O)N2CC3CCC2[C@@H]3N)cc2nc(-c3cc4ccc(-c5ccc(NC(C)=O)c(C(=O)O)c5)nc4n3CC3CC3)n(C)c12,1,48,0.5769813060760498,0.4230186939239502
Plain-GCN,7,474,O=C(N1CCOCC1)N1CCN(c2ccccc2F)CC1,0,21,0.6557595729827881,0.3442404270172119
Plain-GCN,7,475,CC1(OC(=O)c2ccc(Cl)nc2)C(=O)C=C2C=C(C3CC3)OC=C2C1=O,0,26,0.5231974720954895,0.4768025279045105
Plain-GCN,7,476,CCCNC(=S)Nc1ccc(CC(=O)OC)cc1,0,18,0.6539831161499023,0.34601688385009766
Plain-GCN,7,477,COc1ccc(OC)c(NC(=S)NCc2cccs2)c1,0,20,0.8131593465805054,0.18684065341949463
Plain-GCN,7,478,CCCN(CCC)S(=O)(=O)c1ccc(NC(=O)c2cc(C(=O)OC)cc([N+](=O)[O-])c2)cc1,0,32,0.5768485069274902,0.42315149307250977
Plain-GCN,7,479,COc1ccc(C2CC(c3cccs3)=NN2C(=O)CSC2=NCCS2)cc1,0,27,0.7265243530273438,0.27347564697265625
Plain-GCN,7,480,O=C1C2CCCCC2C(=O)N1c1ccc(NC2CCCCC2)c([N+](=O)[O-])c1,0,27,0.48118534684181213,0.5188146531581879
Plain-GCN,7,481,COc1ccc(N(CC(O)CN2C(=O)NC(C)(C)C2=O)S(=O)(=O)c2ccc(C)cc2)cc1,0,32,0.3802153468132019,0.6197846531867981
Plain-GCN,7,482,CCOc1ccc(OCC(=O)Nc2ccc(OC)cc2)cc1,0,22,0.7973921895027161,0.20260781049728394
Plain-GCN,7,483,Cc1ccc(N(NC(=O)C(O)(c2ccccc2)c2ccccc2)C(=O)CCl)cc1,0,29,0.5210342407226562,0.47896575927734375
Plain-GCN,7,484,O=C(Oc1ccccc1C(=O)Nc1ccccc1)c1ccc(Br)c([N+](=O)[O-])c1,0,28,0.71796715259552,0.28203284740448
Plain-GCN,7,485,CC(C)Cc1nn2c(=O)cc(O)nc2s1,0,15,0.6292092800140381,0.3707907199859619
Plain-GCN,7,486,COc1ccc(C(=O)C2CCCN(C(=O)c3ccc4nccnc4c3)C2)c(C)c1,0,29,0.42178675532341003,0.57821324467659
Plain-GCN,7,487,COc1cc(C(=O)N2C[C@H](N)C[C@@H](F)C2)cc2nc(-c3cc4ccc(C(=O)Nc5ccc(S(N)(=O)=O)cc5)nc4n3CC3CC3)n(C)c12,1,48,0.530195415019989,0.469804584980011
Plain-GCN,7,488,COc1ccc(OC(C)C(=O)N(C)Cc2nc(-c3ccccc3)no2)cc1,0,27,0.6321284770965576,0.3678715229034424
Plain-GCN,7,489,COc1cc(C(=O)N2CC3CCC2[C@@H]3N)cc2nc(-c3cc4ccc(Nc5ccncc5CO)nc4n3CC3CC3)n(C)c12,1,44,0.6258838772773743,0.37411612272262573
Plain-GCN,7,490,CN(C)/C=C(\C#N)S(=O)(=O)c1ccccc1,0,16,0.6052559614181519,0.39474403858184814
Plain-GCN,7,491,CC(=O)N1CCC(=NNc2nc3ccccc3[nH]2)CC1.O=C(O)C(=O)O,0,26,0.6708688735961914,0.3291311264038086
Plain-GCN,7,492,COc1cc(C(=O)N2CC3CCC2[C@@H]3N)cc2nc(-c3cc4ccc(-c5cc(F)c6c(c5)CCN(C(C)=O)C6)nc4n3CC3CC3)n(C)c12,1,49,0.603577733039856,0.39642226696014404
Plain-GCN,7,493,CCc1ncc(/C=C2\C(=O)Nc3ccccc32)[nH]1,0,18,0.6524609327316284,0.3475390672683716
Plain-GCN,7,494,COc1cc(C(=O)N2CC3CCC2[C@@H]3N)cc2nc(-c3cc4ccc(-c5ccc6oc(=O)[nH]c6c5)cc4n3CC3CC3)n(C)c12,1,45,0.5898290276527405,0.4101709723472595
Plain-GCN,7,495,C/C(CC(=O)Nc1ccc(Cl)c(C(F)(F)F)c1)=N\NC(=O)c1cnccn1,0,27,0.6359686851501465,0.3640313148498535
Plain-GCN,7,496,COc1ccc(-c2ccc3cc(-c4nc5cc(C(=O)N6C[C@H]7CC[C@@H]6[C@@H]7N)cc(OC)c5n4C)n(CC4CC4)c3c2)c(F)c1,1,44,0.5388206839561462,0.46117931604385376
Plain-GCN,7,497,COc1ccccc1-c1oc2ccccc2c1-c1ccccc1OC,0,25,0.8724056482315063,0.12759435176849365
Plain-GCN,7,498,CCC1(C)Cc2c(sc(NC(=O)CCC(=O)O)c2C#N)CO1,0,22,0.5956084728240967,0.4043915271759033
Plain-GCN,7,499,C=CCn1c(Cc2csc(N)n2)nnc1SCC(=O)OCC,0,22,0.5780309438705444,0.42196905612945557
Plain-GCN,7,500,C=CCOc1ccccc1CNCCCN1CCOCC1.Cl,0,22,0.4768434464931488,0.5231565535068512
Plain-GCN,7,501,COc1ccc(CCNC(=O)c2c(-c3ccccc3)noc2C)cc1OC,0,27,0.6378167867660522,0.36218321323394775
Plain-GCN,7,502,Cn1nccc1NC(=O)c1nccnc1C(=O)O,0,18,0.7818184494972229,0.2181815505027771
Plain-GCN,7,503,C/C(=N\Nc1nc2c(s1)CCCC2)c1ccc(Cl)cc1.Cl,0,21,0.6449979543685913,0.3550020456314087
Plain-GCN,7,504,Oc1ccc(-c2cnc3ccccc3n2)cc1,0,17,0.89737868309021,0.10262131690979004
Plain-GCN,7,505,COc1cc(C(=O)N2CCC[C@@H](N)C2)cc2nc(-c3ccc(C#N)n3CC3CCOCC3)n(C)c12,0,35,0.7529803514480591,0.24701964855194092
Plain-GCN,7,506,COc1cc(C(=O)OCC(=O)Nc2ccc(S(=O)(=O)N3CCCC3)cc2)cc(OC)c1OC,0,33,0.539527952671051,0.460472047328949
Plain-GCN,7,0,O=C1CSC(=Nc2cccc(Cl)c2Cl)N1,0,15,0.7695063352584839,0.2304936647415161
Plain-GCN,7,1,Cc1sc2c3ccsc3ccc2[n+]1C.[I-],0,15,0.7728518843650818,0.2271481156349182
Plain-GCN,7,2,CCc1cc(=O)oc2c(C)c(OC(C)C(=O)N3CCC[C@@H]3C(=O)O)ccc12,0,27,0.6518197059631348,0.34818029403686523
Plain-GCN,7,3,Cc1ccc(OCC(=O)N2CCN(S(=O)(=O)c3ccccc3[N+](=O)[O-])CC2)cc1,0,29,0.7324286103248596,0.2675713896751404
Plain-GCN,7,4,CCc1cc(NC(C)=O)ccc1-c1ccc2cc(-c3nc4cc(C(=O)N5CC6CCC5[C@@H]6N)cc(OC)c4n3C)n(CC3CC3)c2n1,1,47,0.572359561920166,0.427640438079834
Plain-GCN,7,5,COc1cc(-c2ccc3cc(-c4nc5cc(C(=O)N6CC7CCC6[C@@H]7N)cc(OC)c5n4C)n(CC4CC4)c3n2)ccc1CC(N)=O,1,47,0.5265175104141235,0.47348248958587646
Plain-GCN,7,6,C/C(=N\NS(C)(=O)=O)c1ccccc1,0,14,0.6104848980903625,0.38951510190963745
Plain-GCN,7,7,Cc1nn2c(N3CCN(C)CC3)c3c(nc2c1-c1ccccc1)CCCC3,0,27,0.6053510308265686,0.3946489691734314
Plain-GCN,7,8,Cc1ccc([C@@H]2C3COCC=C3C(C#N)=C(N)C2(C#N)C#N)o1,0,23,0.643336296081543,0.35666370391845703
Plain-GCN,7,9,CCN(c1ccccc1)S(=O)(=O)c1ccc(F)c(C(=O)O)c1,0,22,0.6203634142875671,0.37963658571243286
Plain-GCN,7,10,COc1cc(C(=O)N2C[C@H](N)C[C@@H](F)C2)cc2nc(-c3cc4ccc(-c5ccc(C(N)=O)cc5C(F)(F)F)nc4n3CC3CC3)n(C)c12,1,48,0.5684853792190552,0.4315146207809448
Plain-GCN,7,11,O=C(CCNC(=O)C1CCN(S(=O)(=O)c2ccc(F)cc2)CC1)NCc1ccccc1Cl,0,32,0.5755496025085449,0.4244503974914551
Plain-GCN,7,12,Cn1nnnc1SCc1ccccc1F,0,15,0.6227590441703796,0.37724095582962036
Plain-GCN,7,13,C/C(N)=C(/C#N)C(=O)COC(=O)C(NS(=O)(=O)c1ccc(Cl)cc1)C(C)O,0,27,0.6857390999794006,0.31426090002059937
Plain-GCN,7,14,C=CCOC(=O)C1=C(C)NC(C)=C(C(=O)OCC=C)C1c1ccc(C)o1,0,26,0.6337926387786865,0.3662073612213135
Plain-GCN,7,15,Cc1ccc(-n2ncc3c2CCCC3NC(=O)c2ccoc2)cc1C,0,25,0.4637943208217621,0.5362056791782379
Plain-GCN,7,16,CCCN1CCN(S(=O)(=O)c2ccc3c(c2)CC(C)N3C(=O)C2CC2)CC1,0,27,0.4476914405822754,0.5523085594177246
Plain-GCN,7,17,CCN1CCN(Cc2c(O)c(Cl)cc3c(C)cc(=O)oc23)CC1,0,23,0.6463966965675354,0.3536033034324646
Plain-GCN,7,18,COc1cc(C(=O)N2[C@H]3CC[C@@H]2[C@H](N)C3)cc2nc(-c3cc4ccc([C@@H](C)NC(=O)CCC(=O)O)nc4n3CC3CC3)c(C)n12,1,45,0.5234659910202026,0.47653400897979736
Plain-GCN,7,19,COc1cc(C(=O)N2C[C@H](N)C[C@@H](F)C2)cc2nc(-c3cc4ccc(C5=CC(F)C=C6N=C(C)C(=O)N=C65)nc4n3CC3CC3)n(C)c12,1,48,0.5111433863639832,0.48885661363601685
Plain-GCN,7,20,Cc1cc(C(C)(C)C)ccc1OCCN1CCCC1,0,19,0.7301266193389893,0.26987338066101074
Plain-GCN,7,21,CC1(C)CC(=O)c2cc(C(=O)NC3CCSC3=O)c(=O)n(-c3ccc(Cl)cc3)c2C1,0,30,0.5997462868690491,0.4002537131309509
Plain-GCN,7,22,COc1cccc(CN2CCN(C(=O)Nc3ccc([N+](=O)[O-])cc3)CC2)c1,0,27,0.6297038793563843,0.3702961206436157
Plain-GCN,7,23,CCCCn1nc2cc(C(=O)NCC34CC5CC(CC(C5)C3)C4)ccc2c1OCC,0,30,0.4068280756473541,0.5931719243526459
Plain-GCN,7,24,CCCCCCn1c(=O)[nH]c2nc3cc(N)ccc3nc2c1=O,0,23,0.710352897644043,0.28964710235595703
Plain-GCN,7,25,Cn1cccc1/C=C1\SC(=S)N(NC(=O)c2ccc(F)cc2)C1=O,0,24,0.6583839058876038,0.34161609411239624
Plain-GCN,7,26,O=C(CSc1nc2ccccc2s1)NC1CCCC1,0,19,0.5815033316612244,0.41849666833877563
Plain-GCN,7,27,COc1cc(C(=O)N2CC3CCC2[C@@H]3N)cc2nc(-c3cc4ccc(-c5cc(O)ccc5F)cc4n3CC3CC3)n(C)c12,1,43,0.641291618347168,0.35870838165283203
Plain-GCN,7,28,COc1ccccc1N1CCN(C(=O)C(=O)c2cn(CC(=O)N3CCOCC3)c3ccccc23)CC1,0,36,0.7472755312919617,0.25272446870803833
Plain-GCN,7,29,O=C(COC(=O)c1cccnc1Cl)c1ccc(OC(F)F)cc1,0,23,0.6968204975128174,0.3031795024871826
Plain-GCN,7,30,COc1cc(C(=O)N2C[C@H](N)C[C@@H](F)C2)cc2nc(-c3cc4ccc(-c5ccc6[nH]c(=O)cc(O)c6c5)nc4n3CC3CC3)n(C)c12,1,47,0.5194917917251587,0.4805082082748413
Plain-GCN,7,31,CCCN=C1N(C)C[C@@H]2[C@@H]3C(=O)N(Cc4ccccc4)C(=O)[C@@H]3[C@](Cc3ccccc3)(C(=O)OC)N12.O=C(O)C(F)(F)F,0,43,0.5530262589454651,0.4469737410545349
Plain-GCN,7,32,CCCc1nc([N+](=O)[O-])c(S(=O)(=O)c2ccccc2)n1CC(C)C,0,24,0.455339640378952,0.544660359621048
Plain-GCN,7,33,Cc1ccc2c(c1)N(C(C)C(=O)NCc1ccccn1)C(=O)CO2,0,24,0.7421033978462219,0.2578966021537781
Plain-GCN,7,34,CCOC(=O)C1CCCN(C(=S)Nc2cc(C)cc(C)c2)C1,0,22,0.5859819650650024,0.41401803493499756
Plain-GCN,7,35,OCCC1CN(CCCc2ccccc2)CCN1Cc1ccccc1,0,25,0.45911335945129395,0.540886640548706
Plain-GCN,7,36,COc1cc(C(=O)N2CC3CCC2[C@@H]3N)cc2nc(-c3cc4ccc(Nc5cncnc5)cc4n3CC3CC3)n(C)c12,1,42,0.6524880528450012,0.3475119471549988
Plain-GCN,7,37,CN1C2C=C3C(C#N)=C(N)C(C#N)(C#N)[C@@H](c4cccs4)C3C1CC2,0,25,0.6452664136886597,0.35473358631134033
Plain-GCN,7,38,CCOc1ccccc1NC(=S)NCc1ccccc1,0,20,0.7624956965446472,0.23750430345535278
Plain-GCN,7,39,CCCCNC(=O)CCC(=O)Nc1ccc2nc(N3CCN(C)CC3)cc(C)c2c1,0,30,0.5291244387626648,0.4708755612373352
Plain-GCN,7,40,COc1cc(C(=O)N2C[C@H](N)C[C@@H](F)C2)cc2nc(-c3cc4ccc(C(=O)NC5CCC(=O)NC5=O)nc4n3CC3CC3)n(C)c12,1,46,0.553276777267456,0.44672322273254395
Plain-GCN,7,41,CC(C)=N/N=C(/c1ccc([N+](=O)[O-])cc1)C12CN3CN(CN(C3)C1)C2,0,25,0.5577012300491333,0.4422987699508667
Plain-GCN,7,42,CNC(=O)Nc1ccccc1NC(=O)NC,0,16,0.6428759694099426,0.3571240305900574
Plain-GCN,7,43,Cc1c(NC(=O)CN2CCCc3ccccc32)c(=O)n(-c2ccccc2)n1C,0,28,0.6033846735954285,0.39661532640457153
Plain-GCN,7,44,COc1ccc(C2CC(c3ccc(C)cc3)Nc3ncnn32)cc1,0,24,0.46639612317085266,0.5336038768291473
Plain-GCN,7,45,COc1cc(C(=O)N2CC3CCC2[C@@H]3N)cc2nc(-c3cc4ccc(C5C=CC6=NC(=O)NC6=C5)nc4n3CC3CC3)n(C)c12,1,45,0.557080864906311,0.44291913509368896
Plain-GCN,7,46,Nn1c(SCC(=O)Nc2cc(C(F)(F)F)ccc2Cl)nncc1=O,0,24,0.5566205978393555,0.44337940216064453
Plain-GCN,7,47,COc1ccc(C2CC(c3ccc(Br)cc3)=NN2C(=O)c2cccnc2)cc1,0,28,0.7652820944786072,0.23471790552139282
Plain-GCN,7,48,Cc1cc(N/N=C/c2ccc(O)cc2O)nc(-c2ccccc2O)n1,0,25,0.6607028245925903,0.33929717540740967
Plain-GCN,7,49,COc1cc(-c2ccc3cc(-c4nc5cc(C(=O)N6CC7CCC6[C@@H]7N)cc(OC)c5n4C)n(CC4CC4)c3c2)c(F)cc1O,1,45,0.64140385389328,0.35859614610671997
Plain-GCN,7,50,Cc1ccc(NC2=C/C(=N/S(=O)(=O)c3cccs3)c3ccccc3C2=O)cc1,0,28,0.7069278955459595,0.2930721044540405
Plain-GCN,7,51,COc1cc(C(=O)N2CC3CCC2[C@@H]3N)cc2nc(-c3cc4ccc(-c5ccc6c(c5)C(=O)CS(=O)(=O)N6C)cc4n3CC3CC3)n(C)c12,1,49,0.510453999042511,0.489546000957489
Plain-GCN,7,52,COc1cc(C(=O)N2CC3CCC2[C@@H]3N)cc2nc(-c3cc4ccc(Nc5cnc(C#N)nc5)nc4n3CC3CC3)n(C)c12,1,44,0.5943425297737122,0.40565747022628784
Plain-GCN,7,53,C=CCn1c(SCC(=O)N2CCOCC2)nc2sc3c(c2c1=O)CCCC3,0,27,0.56914222240448,0.43085777759552
Plain-GCN,7,54,COc1cc(C(=O)N2C[C@H](N)C[C@@H](F)C2)cc2nc(-c3cc4ccc(C5=CC6=NC(=O)NC6N=C5)cc4n3CC3CC3)n(C)c12,1,45,0.5437723398208618,0.4562276601791382
Plain-GCN,7,55,O=C(Nc1ccc(F)cc1F)c1c(C(F)(F)F)ccnc1Oc1ccccc1,0,28,0.5163324475288391,0.4836675524711609
Plain-GCN,7,56,CCC1CCCCN1C(=O)CCNS(=O)(=O)c1ccc2c(c1)oc(=O)n2C,0,27,0.5820493102073669,0.41795068979263306
Plain-GCN,7,57,S=c1nccc(-c2ccc3c(c2)CCO3)[nH]1,0,16,0.7431374192237854,0.2568625807762146
Plain-GCN,7,58,COc1cc(C(=O)N2C[C@H](N)CC[C@@H]2C)cc2nc(-c3cc4ccc(-c5ccc(C(N)=O)c(F)c5)nc4n3CC3CC3)n(C)c12,1,45,0.5891725420951843,0.4108274579048157
Plain-GCN,7,59,Cc1ccc(Nc2ncccc2C(N)=O)cc1,0,17,0.7599076628684998,0.24009233713150024
Plain-GCN,7,60,CCOc1ccccc1NC(=O)CSc1nc(=O)n(Cc2ccncc2)c2c1CCC2,0,31,0.6835599541664124,0.31644004583358765
Plain-GCN,7,61,COc1ccc(NC2=NC(=S)N(c3ccc(C)cc3)C23CCCCC3)cc1,0,27,0.5978602766990662,0.40213972330093384
Plain-GCN,7,62,COc1ccc(-n2ncc3c2CC(C)(C)CC3NC(=O)C2CCN(C(C)=O)CC2)cc1,0,31,0.5413410067558289,0.45865899324417114
Plain-GCN,7,63,Cc1ccc(/C=N/c2sc3c(c2C(N)=O)CCCC3)o1,0,20,0.6703835129737854,0.3296164870262146
Plain-GCN,7,64,COc1cc(C(=O)N2CC3CCC2[C@@H]3N)cc2nc(-c3cc4ccc(N5CCC6(CC5)CNC6=O)nc4n3CC3CC3)n(C)c12,1,45,0.559769332408905,0.44023066759109497
Plain-GCN,7,65,CC1N=C2c3ccccc3N=C(SCc3cc(=O)n4cc(Cl)ccc4n3)N2C1=O,0,29,0.6060330271720886,0.3939669728279114
Plain-GCN,7,66,COc1cc(C(=O)N2CC3CCC2[C@@H]3N)cc2nc(-c3cc4ccc(-c5cnc6[nH]c(=O)ccc6c5)cc4n3CC3CC3)n(C)c12,1,46,0.6434237360954285,0.35657626390457153
Plain-GCN,7,67,Cc1ccc(C(=O)NCC(=O)OCC(=O)c2c(N)n(C)c(=O)n(C)c2=O)s1,0,27,0.629139244556427,0.370860755443573
Plain-GCN,7,68,COc1cc(C(=O)N2CC3CCC2[C@@H]3N)cc2nc(-c3cc4ccc(Nc5ccnc(C#N)c5)nc4n3CC3CC3)n(C)c12,1,44,0.5492428541183472,0.45075714588165283
Plain-GCN,7,69,O=C(O)CSCC(=O)N1CCN(c2nc3cc(Cl)ccc3s2)CC1,0,24,0.7478851079940796,0.2521148920059204
Plain-GCN,7,70,COc1cc(C(=O)N2CC3CCC2[C@@H]3N)cc2nc(-c3cc4ccc(-c5ccc(C(=O)Nc6ccncc6)cc5)cc4n3CC3CC3)n(C)c12,1,50,0.46923598647117615,0.5307640135288239
Plain-GCN,7,71,O=C(Oc1ccc(Br)cc1)c1cccnc1,0,16,0.7855129241943359,0.21448707580566406
Plain-GCN,7,72,COc1cc(C(=O)N2C[C@H](N)C[C@@H](F)C2)cc2nc(-c3cc4ccc(-c5ccn(C)c(=O)c5)nc4n3CC3CC3)n(C)c12,1,43,0.600161612033844,0.399838387966156
Plain-GCN,7,73,COc1ccc(C2C3=C(N=C4SCC(=O)N42)c2ccccc2CC3)cc1OC,0,28,0.5999559760093689,0.4000440239906311
Plain-GCN,7,74,Fc1ccc(-c2ccc(Nc3cccc(F)c3)nn2)cc1,0,21,0.5593169331550598,0.4406830668449402
Plain-GCN,7,75,S=c1[nH]nc(-c2ccc3ccccc3n2)n1-c1ccc2c(c1)OCCO2,0,26,0.750308096408844,0.249691903591156
Plain-GCN,7,76,CC1(C)CC(NC(=O)N2c3ccccc3Sc3ccccc32)CC(C)(C)N1,0,27,0.756606936454773,0.24339306354522705
Plain-GCN,7,77,Cc1c(-c2cc3ccccc3n2Cc2ccoc2)nc2cc(C(=O)N3CCC[C@@H](N)C3)ccn12,1,34,0.5962284207344055,0.4037715792655945
Plain-GCN,7,78,Cc1cccc(C)c1NC(=O)CSc1nnc(C2CCCCC2)o1,0,24,0.6205123662948608,0.37948763370513916
Plain-GCN,7,79,COc1cc(C(=O)N2CC3CCC2[C@@H]3N)cc2nc(-c3cc4ccc(-c5[nH]ccc(=O)c5F)nc4n3CC3CC3)n(C)c12,1,43,0.5529646277427673,0.44703537225723267
Plain-GCN,7,80,COc1cc(C(=O)N2CC3CCC2[C@@H]3N)cc2nc(-c3cc4ccc(-c5ccc(N6CCCC(O)C6=O)c(F)c5)nc4n3CC3CC3)n(C)c12,1,50,0.6723983287811279,0.32760167121887207
Plain-GCN,7,81,COc1ccc(N)cc1-n1c(C)ccc1C,0,16,0.6491867899894714,0.35081321001052856
Plain-GCN,7,82,Cc1cc(C)n(/N=C/c2cccs2)c(=O)c1C#N,0,18,0.6730194091796875,0.3269805908203125
Plain-GCN,7,83,COc1ccc(C(=O)CSC#N)cc1OC,0,16,0.7617393732070923,0.23826062679290771
Plain-GCN,7,84,O=C1OCCN1C(=O)[C@H]1[C@H](c2ccc(Cl)cc2)C(c2ccc(F)cc2)=NN1c1ccccc1,0,33,0.5718538761138916,0.4281461238861084
Plain-GCN,7,85,CCOC(=O)c1[nH]c2c(c1-c1ccccc1)C(=O)CC(c1ccc(Cl)cc1)C2,0,28,0.5278414487838745,0.4721585512161255
Plain-GCN,7,86,COc1cc(C(=O)N2CCC[C@@H](N)C2)cc2nc(-c3ccc(C(=O)N(Cc4ccccc4)c4ccccc4)n3CC3CC3)n(C)c12,0,46,0.45398667454719543,0.5460133254528046
Plain-GCN,7,87,CC(=O)Nc1cccc(-c2nnc(-c3ccccc3)o2)c1,0,21,0.6544737815856934,0.34552621841430664
Plain-GCN,7,88,O=C1CCC(C(=O)OC(C(=O)c2c[nH]c3ccccc23)c2ccccc2)=NN1,0,28,0.6306955218315125,0.36930447816848755
Plain-GCN,7,89,O=C(CSS(=O)(=O)[O-])N1CCN(C(=O)c2ccoc2)CC1.[Na+],0,22,0.7443598508834839,0.2556401491165161
Plain-GCN,7,90,O=C(COc1ccc(F)cc1)N/N=C/c1cccc2cccnc12,0,24,0.6076035499572754,0.3923964500427246
Plain-GCN,7,91,COc1cc(C(=O)N2CC3CCC2[C@@H]3N)cc2nc(-c3cc4ccc(-c5ccc(CC(N)=O)cc5)nc4n3CC3CC3)n(C)c12,1,45,0.5975319743156433,0.4024680256843567
Plain-GCN,7,92,COc1ccc(CN2CC[C@H]3C=CCc4cccc(c43)C2)cc1,0,23,0.4251723885536194,0.5748276114463806
Plain-GCN,7,93,COc1ccc(/C=N\N=C(N)N)cc1.O=[N+]([O-])O,0,18,0.5598324537277222,0.44016754627227783
Plain-GCN,7,94,COc1cccc(/C=N/NC(=O)c2cnn(-c3ccccc3)c2N)c1,0,25,0.5210413932800293,0.4789586067199707
Plain-GCN,7,95,COc1cc(C(=O)N2CC3CCC2[C@@H]3N)cc2nc(-c3cc4ccc(-c5cnc(C(N)=O)c(F)c5)nc4n3CC3CC3)n(C)c12,1,45,0.6122960448265076,0.38770395517349243
Plain-GCN,7,96,COc1cccc(Cn2c(-c3nc4cc(C(=O)N5CCC[C@@H](N)C5)ccn4c3C)cc3cc(F)ccc32)c1,1,38,0.5461998581886292,0.45380014181137085
Plain-GCN,7,97,Cc1noc(NC(=O)c2ccc(Cl)cc2)c1Cl,0,17,0.8185580968856812,0.18144190311431885
Plain-GCN,7,98,CCOC(=O)CSC1=NC(=O)/C(=C\c2ccc(OC(C)=O)cc2)S1,0,24,0.7115152478218079,0.28848475217819214
Plain-GCN,7,99,C=CCn1sc(N)c(C(=O)OCC)c1=S,0,15,0.5539864897727966,0.44601351022720337
Plain-GCN,7,100,CC(c1nc2ccccc2s1)N(C)C(=O)c1ccccc1F,0,22,0.8945644497871399,0.10543555021286011
Plain-GCN,7,101,COCCn1c(C)cc(C(=O)COC(=O)c2ccc(N3CCCC3=O)cc2)c1C,0,29,0.6587037444114685,0.3412962555885315
Plain-GCN,7,102,CC1CCC2(CC1)SCC(=O)N2c1ccc(F)cc1,0,19,0.616390585899353,0.383609414100647
Plain-GCN,7,103,O=C1C(Cl)=C(N2CCOCC2)C(=O)N1c1cccc(C(F)(F)F)c1,0,24,0.6129246950149536,0.3870753049850464
Plain-GCN,7,104,COc1ncc(-c2ccc3cc(-c4nc5cc(C(=O)N6CC7CCC6[C@@H]7N)cc(OC)c5n4C)n(CC4CC4)c3n2)cc1O,1,44,0.64097660779953,0.35902339220046997
Plain-GCN,7,105,COc1cc(C(=O)N2C[C@H](N)C[C@@H](F)C2)cc2nc(-c3cc4ccc(-c5cccc(O)c5F)nc4n3CC3CC3)n(C)c12,1,43,0.5647006630897522,0.4352993369102478
Plain-GCN,7,106,CC(C)c1nccn1CCN1C(=O)NC(C)(C)C1=O,0,19,0.4401150643825531,0.5598849356174469
Plain-GCN,7,107,CC(C)C(=O)N(c1cc2sc(=O)oc2c2ccccc12)S(=O)(=O)c1cccs1,0,28,0.6593663096427917,0.34063369035720825
Plain-GCN,7,108,Cc1oc2c(c1C(=O)NCc1cccnc1)C(=O)c1ccccc1C2=O,0,26,0.505710244178772,0.494289755821228
Plain-GCN,7,109,COc1cc(C(=O)N2C[C@H](N)C[C@@H](F)C2)cc2nc(-c3cc4ccc(-c5cc(Cl)c(O)cc5C)nc4n3CC3CC3)n(C)c12,1,44,0.564935564994812,0.435064435005188
Plain-GCN,7,110,Cc1cccc(NC(=S)N2CCCCCC2)c1,0,17,0.6427523493766785,0.35724765062332153
Plain-GCN,7,111,CCC1c2ccc(C)n2CCN1C(=O)Nc1cc(Cl)ccc1OC,0,24,0.7784593105316162,0.2215406894683838
Plain-GCN,7,112,CC1CC(C)(C)NC(=S)N1CC(=O)N1CCN(Cc2ccccc2)CC1,0,26,0.6234184503555298,0.3765815496444702
Plain-GCN,7,113,COc1cc(C(=O)N2C[C@H](N)C[C@@H](F)C2)cc2nc(-c3cc4ccc(-c5ccc(N6CCCC(O)C6=O)cc5)nc4n3CC3CC3)n(C)c12,1,49,0.589288055896759,0.41071194410324097
Plain-GCN,7,114,Cc1cccc(-n2cc[nH]c2=S)c1,0,13,0.8226827383041382,0.17731726169586182
Plain-GCN,7,115,CC(C)(C)NC(=O)/C(=C/c1ccccc1F)NC(=O)c1ccc([N+](=O)[O-])cc1,0,28,0.5979363918304443,0.40206360816955566
Plain-GCN,7,116,COc1cccc(C2CC(c3cccs3)=NN2C(=O)CSC2=NCCS2)c1OC,0,29,0.8041241765022278,0.19587582349777222
Plain-GCN,7,117,O=C(O)c1ccc(Cl)c2c1C1C=CCC1C(c1ccccn1)N2,0,23,0.7471222877502441,0.25287771224975586
Plain-GCN,7,118,CCOC(=O)Cn1c(=NC(=O)CSC(C)=O)sc2ccccc21,0,23,0.6609958410263062,0.33900415897369385
Plain-GCN,7,119,O=[N+]([O-])c1ccc(Sc2nccn2Cc2ccccc2)c([N+](=O)[O-])c1,0,25,0.650094747543335,0.34990525245666504
Plain-GCN,7,120,CCCN(Cc1nnc(-c2ccccc2Cl)o1)C(=O)c1cccc(S(=O)(=O)N2CCOCC2)c1,0,34,0.6712339520454407,0.3287660479545593
Plain-GCN,7,121,COc1ccc2cc(-c3nc4cc(C(=O)N5CCC[C@@H](N)C5)ccn4c3C)n(Cc3ccc(F)cc3)c2c1,1,38,0.5271432995796204,0.47285670042037964
Plain-GCN,7,122,CCN(CC)c1ccc(N=Cc2cc(Br)ccc2O)cc1,0,21,0.7652227878570557,0.23477721214294434
Plain-GCN,7,123,N#Cc1ccc(C23CC4(C2)[C@H](CN(P(=O)(c2ccccc2)c2ccccc2)[C@@H]4c2ccccc2)C3c2ccc(Cl)nc2)cc1,0,44,0.5817534923553467,0.4182465076446533
Plain-GCN,7,124,COc1ccc(-c2nc3ccccc3n2OC(=O)N(C)C)cc1,0,23,0.8031082153320312,0.19689178466796875
Plain-GCN,7,125,N=C(CCl)NCCCc1cn(Cc2ccccc2)c2ccccc12,1,24,0.5181823372840881,0.48181766271591187
Plain-GCN,7,126,O=c1c2ccccc2nc(/C=C/c2ccc(Br)cc2)n1CCO,0,23,0.6451199650764465,0.35488003492355347
Plain-GCN,7,127,COc1cc(C(=O)N2C[C@H]3CC[C@@H]2[C@@H]3N)cc2nc(-c3cc4ccc(C5COC5)nc4n3CC3CC3)n(C)c12,1,39,0.7148674726486206,0.2851325273513794
Plain-GCN,7,128,CC(=O)Oc1ccc(N(C(C)=O)S(=O)(=O)c2ccc(C)c([N+](=O)[O-])c2)cc1,0,27,0.6848829984664917,0.3151170015335083
Plain-GCN,7,129,COc1cc(C(=O)N2CC3CCC2[C@@H]3N)cc2nc(-c3cc4ccc(-c5cccc(S(N)(=O)=O)c5)nc4n3CC3CC3)n(C)c12,1,45,0.5378137230873108,0.4621862769126892
Plain-GCN,7,130,COc1cc(C(=O)N2C[C@H](N)C[C@@H](F)C2)cc2nc(-c3cc4ccc(-c5ccc(C6CNC(=O)N6)cc5)nc4n3CC3CC3)n(C)c12,1,47,0.6706742644309998,0.32932573556900024
Plain-GCN,7,131,CCn1c(-c2cnn(-c3ccccc3)c2C2CC2)nc2cc(C(=O)N3CCC[C@@H](N)C3)ccc21,0,34,0.39129963517189026,0.6087003648281097
Plain-GCN,7,132,Cn1c(=O)c(C(=O)Nc2ccccc2S(N)(=O)=O)c(O)c2ccccc21,0,26,0.5489729642868042,0.4510270357131958
Plain-GCN,7,133,CC(=O)Nc1cccc(NC=C(C#N)C#N)c1,0,17,0.4918304979801178,0.5081695020198822
Plain-GCN,7,134,Cc1nn(CC(=O)N2CCOCC2)c(=O)c2ccccc12,0,21,0.6862267851829529,0.3137732148170471
Plain-GCN,7,135,CCOC(=O)c1c2c3c(cccc3n(C)c1=O)C(=O)c1ccccc1-2,0,25,0.6639493703842163,0.3360506296157837
Plain-GCN,7,136,O=C(NCc1cccnc1)c1ccc(Cl)cc1[N+](=O)[O-],0,20,0.5885444283485413,0.41145557165145874
Plain-GCN,7,137,CCOc1ccc(-c2cc(C(=O)NCCCN3CCN(CC)CC3)c3ccccc3n2)cc1,0,33,0.6087798476219177,0.3912201523780823
Plain-GCN,7,138,COc1cc(C(=O)N2C[C@H](N)C[C@@H](F)C2)cc2nc(-c3cc4ccc(-c5c(F)ccc(O)c5Cl)nc4n3CC3CC3)n(C)c12,1,44,0.5651569962501526,0.4348430037498474
Plain-GCN,7,139,COC(=O)Nc1ccc(-c2ccc3cc(-c4nc5cc(C(=O)N6CC7CCC6[C@@H]7N)cc(OC)c5n4C)n(CC4CC4)c3c2)cc1,1,46,0.5050063133239746,0.4949936866760254
Plain-GCN,7,140,CCOc1ccc(S(=O)(=O)Nc2nc3ccccc3nc2Nc2ccc(N3CCOCC3)cc2)cc1,0,36,0.6940904855728149,0.30590951442718506
Plain-GCN,7,141,COc1ccccc1NC(=S)N1CCN(c2ccccn2)CC1,0,23,0.7612051963806152,0.23879480361938477
Plain-GCN,7,142,CCOC(=O)c1sc(-c2ccccc2)cc1NC(=O)c1ccc(S(=O)(=O)N(CCOC)CCOC)cc1,0,37,0.6502063274383545,0.3497936725616455
Plain-GCN,7,143,Cn1c(-c2ccc(Cc3ccccc3)n2CC2CC2)nc2cc(C(=O)N3CCC[C@@H](N)C3)cnc21,1,35,0.5365077257156372,0.4634922742843628
Plain-GCN,7,144,CC1=C(C(=O)OC2CCCCC2)C(c2ccc(C)o2)C2=C(CC(C)(C)CC2=O)N1,0,29,0.5509277582168579,0.4490722417831421
Plain-GCN,7,145,CC(C)N1OC2CC1c1nc3ccccc3n1C2,0,18,0.8457230925559998,0.15427690744400024
Plain-GCN,7,146,Cl.O=C(NC1CCN(Cc2ccccc2)CC1)c1cccc(S(=O)(=O)Nc2ccc(SC(F)F)cc2)c1,0,37,0.5939236879348755,0.4060763120651245
Plain-GCN,7,147,N#Cc1cccc(CS(=O)(=O)c2ccc(Cl)cc2)c1,0,19,0.6685424447059631,0.33145755529403687
Plain-GCN,7,148,CCOc1cc2c(cc1/C=C/c1noc(C)c1[N+](=O)[O-])OC(C)C2,0,24,0.7068816423416138,0.29311835765838623
Plain-GCN,7,149,O=C(O)c1ccccc1CSc1nc2ccccc2s1,0,20,0.750546932220459,0.24945306777954102
Plain-GCN,7,150,CCC(C)N=CC1=C(O)CC(c2ccccc2)CC1=O,0,20,0.4578785300254822,0.5421214699745178
Plain-GCN,7,151,O=C(CSc1nc2ccccc2[nH]1)NCCN1CCCCC1,0,22,0.6799261569976807,0.32007384300231934
Plain-GCN,7,152,COc1cc(C(=O)N2CC3CCC2[C@@H]3N)cc2nc(-c3cc4ccc(C5=CC6NC(=O)N=C6N=C5)cc4n3CC3CC3)n(C)c12,1,45,0.5430513024330139,0.4569486975669861
Plain-GCN,7,153,CCn1ncc(Br)c1C(=O)Nc1ccc(C(C)C)cc1,0,20,0.721759557723999,0.278240442276001
Plain-GCN,7,154,CC(=O)Nc1ccc(SCC(=O)NC(=O)c2ccc(S(=O)(=O)N(C)C)cc2)cc1,0,29,0.7135159969329834,0.2864840030670166
Plain-GCN,7,155,COc1cc(C(=O)N2C[C@H](N)C[C@@H](F)C2)cc2nc(-c3cc4ccc(N5CCC6(CC5)CN(C)C(=O)O6)cc4n3CC3CC3)n(C)c12,1,47,0.5322840213775635,0.4677159786224365
Plain-GCN,7,156,Cc1c(-c2cc3ccccc3n2Cc2ccc(F)cn2)nc2cc(C(=O)N3CCC[C@@H](N)C3)ccn12,1,36,0.47416502237319946,0.5258349776268005
Plain-GCN,7,157,Cc1cccc(CN2CCN(Cc3cnn(-c4ccccc4F)c3)CC2CCO)n1,0,30,0.5067477226257324,0.4932522773742676
Plain-GCN,7,158,COc1ccc2[nH]cc(CCNC(=O)Nc3ccccc3)c2c1,0,23,0.41866356134414673,0.5813364386558533
Plain-GCN,7,159,CCn1c(-c2cnc(-c3ccccc3)n2CC2CC2)nc2cc(C(=O)N3CCC[C@@H](N)C3)ccc21,1,35,0.481871634721756,0.518128365278244
Plain-GCN,7,160,Cc1ccccc1C(=O)NCC(=O)Nc1ccccc1C(F)(F)F,0,24,0.6649793386459351,0.33502066135406494
Plain-GCN,7,161,O=C1CN(C(=O)COc2ccc([N+](=O)[O-])cc2Cl)c2ccccc2N1,0,25,0.7564518451690674,0.24354815483093262
Plain-GCN,7,162,COC(=O)C1=CC(=O)N=C2C=CC(c3ccc4cc(-c5nc6cc(C(=O)N7CC8CCC7[C@@H]8N)cc(OC)c6n5C)n(CC5CC5)c4c3)C=C12,1,50,0.51176917552948,0.48823082447052
Plain-GCN,7,163,COC(=O)c1cn(-c2ccccc2)c(C)c1C(=O)OC,0,20,0.40528935194015503,0.594710648059845
Plain-GCN,7,164,CCN(CC(=O)Nc1c(F)cccc1F)C(=O)Cc1ccc(OC)c(S(=O)(=O)N2CCOCC2)c1,0,35,0.6186628937721252,0.38133710622787476
Plain-GCN,7,165,COc1cc(C(=O)N2C[C@H](N)C[C@@H](F)C2)cc2nc(-c3cc4ccc(-c5c(C)ccc(O)c5C)nc4n3CC3CC3)n(C)c12,1,44,0.6139221787452698,0.3860778212547302
Plain-GCN,7,166,Cc1ccc(-n2ncc(C#N)c2/N=C/N2CCN(C)CC2)cc1,0,23,0.7198523879051208,0.28014761209487915
Plain-GCN,7,167,O=C(COC(=O)c1ccccc1SCC(=O)N1CCCC1)Nc1ccc(OC(F)F)cc1,0,32,0.5914386510848999,0.4085613489151001
Plain-GCN,7,168,CC1CCN(c2nc3c(=O)[nH]c(N)nc3n2[C@@H]2O[C@H](CO)[C@@H](O)[C@H]2O)CC1,0,27,0.6446855068206787,0.3553144931793213
Plain-GCN,7,169,CN(c1ccc(C(=O)NCCCn2ccnc2)cc1)S(C)(=O)=O,0,23,0.5404095649719238,0.45959043502807617
Plain-GCN,7,170,Cn1c(-c2cc3ccc(-c4ccc5[nH]c(=O)[nH]c(=O)c5c4)cc3n2CC2CC2)nc2cc(C(=O)N3C[C@H](N)C[C@@H](F)C3)cc(F)c21,1,46,0.5404765009880066,0.4595234990119934
Plain-GCN,7,171,COc1cc(C(=O)N2CC3CCC2[C@@H]3N)cc2nc(-c3cc4ccc(-c5cccc(C(N)=O)c5F)nc4n3CC3CC3)n(C)c12,1,45,0.5363238453865051,0.4636761546134949
Plain-GCN,7,172,Cc1cc(C(=O)Nc2ccc3c(c2)CCC3)ccc1[N+](=O)[O-],0,22,0.5521069765090942,0.44789302349090576
Plain-GCN,7,173,CCCCOc1ccc(CSc2nc(C)[nH]c2[N+](=O)[O-])cc1[N+](=O)[O-],0,25,0.7058271169662476,0.29417288303375244
Plain-GCN,7,174,CC(C)c1oc(=O)cc2c1[C@@H](O)[C@H]1OC(=O)[C@@]3(C)CC[C@@H](O)[C@@]2(C)C13,0,25,0.644507646560669,0.35549235343933105
Plain-GCN,7,175,CCc1cc2c(SCC(=O)Nc3cc(C)on3)ncnc2s1,0,22,0.689913809299469,0.310086190700531
Plain-GCN,7,176,COc1cc(C(=O)N2CC3CCC2[C@@H]3N)cc2nc(-c3cc4ccc(Nc5ccc(N)cc5)nc4n3CC3CC3)n(C)c12,1,43,0.5729741454124451,0.42702585458755493
Plain-GCN,7,177,C=CCn1c(SCC(=O)Nc2nc3ccccc3s2)nc(O)c(CC)c1=O,0,27,0.666096568107605,0.333903431892395
Plain-GCN,7,178,COc1cc(C(=O)N2CC3CCC2[C@@H]3N)cc2nc(-c3cc4ccc(CCN5CCOC5=O)cc4n3CC3CC3)n(C)c12,1,43,0.573755145072937,0.426244854927063
Plain-GCN,7,179,COc1cc(-c2ccc3cc(-c4nc5cc(C(=O)N6C[C@H](N)C[C@@H](F)C6)cc(OC)c5n4C)n(CC4CC4)c3n2)c(F)cc1CO,1,46,0.5866801738739014,0.41331982612609863
Plain-GCN,7,180,Cn1c(-c2ccc(-c3ccccc3)n2CC2CC2)nc2cc(C(=O)N3CC[C@@H]4CCN[C@@H]4C3)ccc21,1,36,0.3928707540035248,0.6071292459964752
Plain-GCN,7,181,O=C1NC(=O)/C(=C/c2ccc(OS(=O)(=O)c3ccc(F)cc3F)cc2)N1,0,26,0.5845023393630981,0.41549766063690186
Plain-GCN,7,182,COc1cc(C(=O)N2CC3CCC2[C@@H]3N)cc2nc(-c3cc4ccc(Nc5ccc6c(c5)CCC(=O)N6)nc4n3CC3CC3)n(C)c12,1,47,0.5888100266456604,0.4111899733543396
Plain-GCN,7,183,Cc1ccc(CN2CCc3c(OCc4ccc(F)cc4)cccc3C2=O)cc1,0,28,0.6241406798362732,0.3758593201637268
Plain-GCN,7,184,COc1ccc(C(=O)C[n+]2ccc3c(c2)nc(-c2ccccc2)n3C)cc1.[Br-],0,28,0.7447143197059631,0.25528568029403687
Plain-GCN,7,185,CCCOC(=O)C(C)n1cnc2scc(-c3ccc(C)cc3)c2c1=O,0,25,0.5570167303085327,0.4429832696914673
Plain-GCN,7,186,Cc1ccc(-c2nn(-c3ccccn3)c(=O)c3ccccc23)cc1C,0,25,0.8096016049385071,0.19039839506149292
Plain-GCN,7,187,COc1cc(C(=O)N2C[C@H](N)C[C@@H](F)C2)cc2nc(-c3cc4ccc(N5CCC6(CC5)CNC(=O)O6)cc4n3CC3CC3)n(C)c12,1,46,0.5297942757606506,0.47020572423934937
Plain-GCN,7,188,COc1cc(C(=O)N2CC3CCC2[C@@H]3N)cc2nc(-c3cc4ccc(C5C=CC6=NC(=O)C=C(CO)C6=C5)nc4n3CC3CC3)n(C)c12,1,48,0.5370568037033081,0.4629431962966919
Plain-GCN,7,189,Brc1ccc(-c2csc3[n+]2CCCCC3)cc1.[Br-],0,18,0.5482689738273621,0.45173102617263794
Plain-GCN,7,190,CCCCCn1c(=O)c2ccccc2n2c(=S)[nH]nc12,0,20,0.6025116443634033,0.3974883556365967
Plain-GCN,7,191,CN(C)c1ccc2cc(C(=O)N[C@@H](CCCN=C(N)CCl)C(=O)NCc3ccccc3)ccc2c1,1,35,0.41557249426841736,0.5844275057315826
Plain-GCN,7,192,CNc1ccccc(-c2ccc3cc4c(cc3n2)OCO4)c1=O,0,23,0.7809939980506897,0.2190060019493103
Plain-GCN,7,193,CC(C)NC(=O)CSc1c2c(nc3ccccc13)CCCC2,0,22,0.6537252068519592,0.34627479314804077
Plain-GCN,7,194,COc1cc(C(=O)N2CC3CCC2[C@@H]3N)cc2nc(-c3cc4ccc(-c5ccc(C(N)=O)c(F)c5)nc4n3CC3CC3)n(C)c12,1,45,0.6269925832748413,0.3730074167251587
Plain-GCN,7,195,COC(=O)c1cc(-c2ccc3cc(-c4nc5cc(C(=O)N6C[C@H](N)C[C@@H](F)C6)cc(OC)c5n4C)n(CC4CC4)c3n2)n(C)n1,1,45,0.5161643028259277,0.48383569717407227
Plain-GCN,7,196,CCn1c(C(=O)NCc2cccnc2)cc2sc(Cl)cc21,0,21,0.5924502611160278,0.40754973888397217
Plain-GCN,7,197,CC(/C=C/c1ccc(N(C)C)cc1)=N/N=C1/NC(=O)CC(C(=O)Nc2ccc(Cl)cc2)S1,0,32,0.5809437036514282,0.4190562963485718
Plain-GCN,7,198,COC(=O)Cc1cnc(NC(=O)CSc2nc(C(C)C)cc(=O)[nH]2)s1,0,25,0.7239913940429688,0.27600860595703125
Plain-GCN,7,199,O=C(Cc1cccs1)NNC(=S)NC(=O)c1ccc(F)c(F)c1,0,23,0.6421867609024048,0.3578132390975952
Plain-GCN,7,200,COc1cc(C(=O)N2CC3CCC2[C@@H]3N)cc2nc(-c3cc4ccc(-c5ccc6c(c5)C(=O)NCC6)nc4n3CC3CC3)n(C)c12,1,46,0.6500891447067261,0.3499108552932739
Plain-GCN,7,201,COc1cc(C(=O)N2CC3CCC2[C@@H]3N)cc2nc(-c3cc4ccc(C(C)O)cc4n3CC3CC3)n(Cc3cnn(C)c3)c12,1,44,0.658920168876648,0.34107983112335205
Plain-GCN,7,202,Cc1cc(C)c(Nc2cc(S(=O)(=O)[O-])c(N)c3c2C(=O)c2ccccc2C3=O)c(C)c1.[Na+],0,32,0.5869754552841187,0.41302454471588135
Plain-GCN,7,203,CCCc1c(-c2nc3cc(C(=O)N4CCC[C@@H](N)C4)ccc3n2C)cnn1-c1ccccc1,0,33,0.3488498628139496,0.6511501371860504
Plain-GCN,7,204,Cc1ccc(OCCC(=O)NNC(=O)c2cc(C)oc2C)cc1,0,23,0.7170163989067078,0.28298360109329224
Plain-GCN,7,205,CC1(C)NC(=O)N(CCc2nn[nH]n2)C1=O,1,16,0.566416323184967,0.43358367681503296
Plain-GCN,7,206,CCOC(=O)c1sc(NC(=O)CSc2nc(O)c(Cc3ccccc3)c(=O)[nH]2)nc1C,0,31,0.5713689923286438,0.4286310076713562
Plain-GCN,7,207,NS(=O)(=O)c1ccc(S(=O)(=O)c2ccccc2)nc1,0,19,0.5482651591300964,0.45173484086990356
Plain-GCN,7,208,Nc1nnc2c(n1)CCCC2,0,11,0.7406436204910278,0.25935637950897217
Plain-GCN,7,209,O=C(COc1ccccc1)Nc1nc(-c2ccc(S(=O)(=O)N3CCOCC3)cc2)cs1,0,31,0.5962291955947876,0.4037708044052124
Plain-GCN,7,210,CN1CN(C)c2ccc([N+](=O)[O-])c3cccc1c23,0,18,0.7701947689056396,0.22980523109436035
Plain-GCN,7,211,COc1cc(C(=O)N2C[C@H](N)C[C@@H](F)C2)cc2nc(-c3cc4ccc(-c5ccc6c(c5)C(=O)NCC(=O)N6)nc4n3CC3CC3)n(C)c12,1,48,0.5031834244728088,0.49681657552719116
Plain-GCN,7,212,CCOC(=O)CSc1cc(C)nc2ccc(OC)cc12,0,20,0.7188421487808228,0.28115785121917725
Plain-GCN,7,213,CCc1cc(NC(C)=O)ncc1-c1ccc2cc(-c3nc4cc(C(=O)N5C[C@H](N)C[C@@H](F)C5)cc(OC)c4n3C)n(CC3CC3)c2n1,1,47,0.5852761268615723,0.41472387313842773
Plain-GCN,7,214,O=C(NCc1ccccc1)C(c1ccccc1)N(Cc1cccs1)C(=O)c1cnccn1,0,32,0.6210376620292664,0.37896233797073364
Plain-GCN,7,215,COc1cc(C(=O)N2CC3CCC2[C@@H]3N)cc2nc(-c3cc4ccc(Oc5cc(C)nc(C)c5)nc4n3CC3CC3)n(C)c12,1,44,0.5109901428222656,0.4890098571777344
Plain-GCN,7,216,CC(=O)OCc1nc2ccccc2s1,0,14,0.7171752452850342,0.2828247547149658
Plain-GCN,7,217,COc1cc(C(=O)N2CC3CCC2[C@@H]3N)cc2nc(-c3cc4ccc(-c5cn(C)nc5-c5ccc(F)cc5)nc4n3CC3CC3)n(C)c12,1,48,0.5000644326210022,0.4999355673789978
Plain-GCN,7,218,COc1cc(/C=N/NC(=O)C(=O)/C=C2\NC(C)(C)Cc3ccccc32)ccc1O,0,29,0.5068589448928833,0.4931410551071167
Plain-GCN,7,219,Cc1cc(C)nc(/N=C(\N)Nc2ccc3c(c2)OCCO3)n1,0,22,0.614596426486969,0.385403573513031
Plain-GCN,7,220,CCN1CCN(c2ccc(N3CCN(C(=O)c4ccc(Br)o4)CC3)nn2)CC1,0,28,0.812569260597229,0.187430739402771
Plain-GCN,7,221,O=C(C1=C[C@H](C2CC2)C[C@H](OCCCCO)O1)N1CCN(Cc2ccc3c(c2)OCO3)CC1,0,33,0.46071240305900574,0.5392875969409943
Plain-GCN,7,222,COc1cc(C(=O)N2C[C@H]3CC[C@@H]2[C@@H]3N)cc2nc(-c3ccc(C#N)n3CC3CC3)n([C@@H](C)c3ccccn3)c12,0,40,0.5413011312484741,0.4586988687515259
Plain-GCN,7,223,COc1cccc(CNS(=O)(=O)c2c(C)[nH]c(C)c2C(=O)N2CCCCC2)c1,0,28,0.5469762086868286,0.4530237913131714
Plain-GCN,7,224,COc1cc(-c2ccc3cc(-c4nc5cc(C(=O)N6C[C@H]7CC[C@@H]6[C@@H]7N)cc(OC)c5n4C)n(CC4CC4)c3n2)ccc1F,1,44,0.5437187552452087,0.45628124475479126
Plain-GCN,7,225,COc1cc(C(=O)N2CC3CCC2[C@@H]3N)cc2nc(-c3cc4ccc(N5CC6(CCS6(=O)=O)C5)cc4n3CC3CC3)n(C)c12,1,44,0.6624403595924377,0.33755964040756226
Plain-GCN,7,226,COc1cc(C(=O)N2C[C@H](N)C[C@@H](F)C2)cc2nc(-c3cc4ccc(-c5ccn6nc(C)cc6n5)nc4n3CC3CC3)n(C)c12,1,45,0.5286897420883179,0.47131025791168213
Plain-GCN,7,227,CC1CCN(C(=O)C2CCN(S(=O)(=O)c3cccc4nonc34)CC2)CC1,0,27,0.5700519680976868,0.42994803190231323
Plain-GCN,7,228,COc1cc(C(=O)N2CC3CCC2[C@@H]3N)cc2nc(-c3cc4ccc(N5CCNCC5=O)cc4n3CC3CC3)n(C)c12,1,42,0.6782444715499878,0.3217555284500122
Plain-GCN,7,229,COc1ccc(-n2c(CNC(=O)c3ccc(S(=O)(=O)N4CCCC4)cc3)n[nH]c2=S)cc1,0,32,0.5946053862571716,0.40539461374282837
Plain-GCN,7,230,CC(=O)c1ccccc1NC(=O)CC1(CC(=O)O)CCCCC1,0,23,0.5470966100692749,0.4529033899307251
Plain-GCN,7,231,COc1cc(C(=O)NC(C)C2CC3CCC2C3)cc(OC)c1OC,0,24,0.454077810049057,0.545922189950943
Plain-GCN,7,232,COc1cc(C(=O)N2CC3CCC2[C@@H]3N)cc2nc(-c3cc4ccc(Nc5cc(=O)[nH]cn5)nc4n3CC3CC3)n(C)c12,1,43,0.5643289089202881,0.4356710910797119
Plain-GCN,7,233,O=C(N/C(=C/c1ccccc1F)C(=O)N1CCCCC1)c1ccccc1,0,26,0.5536354184150696,0.4463645815849304
Plain-GCN,7,234,O=C(COC(=O)c1ccc([N+](=O)[O-])s1)NNC(=O)c1ccccc1,0,24,0.6508835554122925,0.3491164445877075
Plain-GCN,7,235,Cn1c2c(c(=O)n(C)c1=O)C(CC(=O)Nc1ccccc1F)C(=O)N2,0,25,0.6547748446464539,0.34522515535354614
Plain-GCN,7,236,O=C(COc1ccccc1)N/N=C/c1sc(=O)n(Cc2cccc(C(=O)O)c2)c1Cl,0,30,0.5877143740653992,0.41228562593460083
Plain-GCN,7,237,CCN(CC)C(=S)SCC(=O)c1ccc(F)cc1,0,18,0.7618483304977417,0.2381516695022583
Plain-GCN,7,238,O=C(NC(=S)NNC(=O)c1ccccc1[N+](=O)[O-])c1ccc(Br)cc1,0,25,0.7486897706985474,0.25131022930145264
Plain-GCN,7,239,CCn1c(SCC(=O)NC2=NCCS2)nnc1C(C)NC(=O)c1ccccc1F,0,29,0.6766301393508911,0.3233698606491089
Plain-GCN,7,240,COc1cc(C(=O)N2CC3CCC2[C@@H]3N)cc2nc(-c3cc4ccc(-c5cnc(NC(C)=O)cc5Cl)nc4n3CC3CC3)n(C)c12,1,46,0.5204179883003235,0.4795820116996765
Plain-GCN,7,241,COc1cc(C(=O)N2C[C@H](N)C[C@@H](F)C2)cc2nc(-c3cc4ccc(C5=CC(C(F)(F)F)=CC6=NC(=O)NC56)nc4n3CC3CC3)n(C)c12,1,49,0.4860116243362427,0.5139883756637573
Plain-GCN,7,242,CCCc1cc2c(=O)c(-c3ccccn3)c(C)oc2cc1O,0,22,0.7200717926025391,0.27992820739746094
Plain-GCN,7,243,O=C(NCc1csc(-c2cccs2)n1)C1CCC1,0,18,0.41090354323387146,0.5890964567661285
Plain-GCN,7,244,Cc1cc(/C=C(\C#N)c2nnc(N3CCOCC3)n2-c2ccccc2)c(C)n1-c1ccccc1,0,34,0.5705919861793518,0.4294080138206482
Plain-GCN,7,245,COC1=CC(=O)c2ccccc2C1=O,0,14,0.5911428332328796,0.40885716676712036
Plain-GCN,7,246,COC(=O)c1ccc(NC(=O)CSc2nc3cccnc3n2C)cc1,0,25,0.6815594434738159,0.3184405565261841
Plain-GCN,7,247,COC(=O)CNC(=O)COc1ccc(-c2ccc3cc(-c4nc5cc(C(=O)N6CC7CCC6[C@@H]7N)cc(OC)c5n4C)n(CC4CC4)c3n2)cc1,1,51,0.4528157413005829,0.5471842586994171
Plain-GCN,7,248,O=C1CCN2C=Nc3cccc4ccc1c2c34,0,17,0.7237265110015869,0.2762734889984131
Plain-GCN,7,249,O=C(O)CCSc1ccc([N+](=O)[O-])cc1[N+](=O)[O-],0,18,0.7992198467254639,0.20078015327453613
Plain-GCN,7,250,COc1cc(C(=O)N2C[C@H](N)C[C@@H](F)C2)cc2nc(-c3cc4ccc(-c5ccc(N6CCCC6=O)cc5)nc4n3CC3CC3)n(C)c12,1,47,0.5804955959320068,0.41950440406799316
Plain-GCN,7,251,Cc1cc(OCC(=O)N2CCOCC2)ccc1NC(=O)c1ccccc1C,0,27,0.7345345616340637,0.2654654383659363
Plain-GCN,7,252,CCc1c(O)nc(SCc2nc3ccccc3c(=O)[nH]2)[nH]c1=O,0,23,0.7477067708969116,0.2522932291030884
Plain-GCN,7,253,COC(=O)C1=C(N)Oc2cc(N(C)C)ccc2C1c1ccccc1OC,0,26,0.6681427359580994,0.33185726404190063
Plain-GCN,7,254,Cc1ccc(C2CC(=O)Oc3cc(O)ccc32)cc1,0,19,0.6440908908843994,0.3559091091156006
Plain-GCN,7,255,Cc1ccc(C)c(-n2nnnc2SCC(=O)Nc2cccc(-c3nnc4n3CCCCC4)c2)c1,0,34,0.5447950959205627,0.45520490407943726
Plain-GCN,7,256,Cc1csc(CNc2ncnc3ccc(-c4ccc5c(c4)OCO5)cc23)c1,0,27,0.5785211324691772,0.42147886753082275
Plain-GCN,7,257,COc1cc(C(=O)N2C[C@H](N)C[C@@H](F)C2)cc2nc(-c3cc4ccc(-c5cnc(C#N)nc5)nc4n3CC3CC3)n(C)c12,1,43,0.6034726500511169,0.39652734994888306
Plain-GCN,7,258,COC(=O)C(Cc1csc2ccc(Cl)cc12)NC(=O)c1ccc(Cl)cc1,0,26,0.5856392979621887,0.4143607020378113
Plain-GCN,7,259,CCN1C(=NCc2ccco2)N[C@@H](c2cccc(F)c2)C(C(=O)OC)=C1C,0,27,0.5512459874153137,0.4487540125846863
Plain-GCN,7,260,CC1(C)CC(=O)c2c(O)cc(OCC(=O)Nc3ccc(S(N)(=O)=O)cc3)cc2O1,0,29,0.5153754949569702,0.4846245050430298
Plain-GCN,7,261,Cc1c(C(c2cccs2)c2c(C)n(C)n(-c3ccccc3)c2=O)c(=O)n(-c2ccccc2)n1C,0,34,0.7710850238800049,0.22891497611999512
Plain-GCN,7,262,Cn1c(-n2nccc2-c2ccccc2)nc2cc(C(=O)N3CCC[C@@H](N)C3)ccc21,0,30,0.37612268328666687,0.6238773167133331
Plain-GCN,7,263,Cc1ccc(C(C)NC(=O)Cc2cccs2)cc1C,0,19,0.528831958770752,0.47116804122924805
Plain-GCN,7,264,COc1ccccc1CCC(=O)Nc1cc(S(=O)(=O)N2CCCCC2)ccc1N1CCN(C)CC1,0,35,0.6682066321372986,0.3317933678627014
Plain-GCN,7,265,CC(C)CN1Cc2ccccc2Oc2cc(Br)ccc2S1(=O)=O,0,23,0.6107190847396851,0.38928091526031494
Plain-GCN,7,266,CCN(CC)S(=O)(=O)c1cc(C(=O)Oc2cccc(-c3cnc4ccccc4n3)c2)ccc1OC,0,35,0.6893678903579712,0.3106321096420288
Plain-GCN,7,267,CCOc1ccc(C(=O)N/N=C/c2cccc3cccnc23)cc1,0,24,0.6603649258613586,0.33963507413864136
Plain-GCN,7,268,CC1(c2nnc(-c3cccc(Cl)c3)o2)CC(c2ccc(C#N)cc2)=NO1,0,26,0.5561221241950989,0.4438778758049011
Plain-GCN,7,269,O=C(NC(=S)N(Cc1ccccc1)c1ccccn1)C1CC1,0,22,0.5166693925857544,0.4833306074142456
Plain-GCN,7,270,O=C(Nc1ccc(S(=O)(=O)Nc2nccs2)cc1)C1CC(=O)N(c2ccc(Cl)cc2)C1,0,31,0.6258499622344971,0.37415003776550293
Plain-GCN,7,271,CCCCN(Cc1ccco1)C(=O)Cn1ncc2c(=O)oc3ccc(C)cc3c21,0,29,0.7077034711837769,0.29229652881622314
Plain-GCN,7,272,COc1cc(C(=O)N2C[C@H](N)C[C@@H](F)C2)cc2nc(-c3cc4ccc(-c5ccc(C(N)=O)nc5C)nc4n3CC3CC3)n(C)c12,1,45,0.5378368496894836,0.46216315031051636
Plain-GCN,7,273,Cc1sc2nc(SCc3nc(-c4cccs4)no3)n(-c3ccccc3)c(=O)c2c1C,0,30,0.5614690184593201,0.43853098154067993
Plain-GCN,7,274,COC(=O)C1=C(C(=O)OC)C(c2ccc(OC)c(OC)c2)c2sc(=O)[nH]c2S1,0,28,0.6622521877288818,0.33774781227111816
Plain-GCN,7,275,COc1cc(C(=O)N2C[C@H](N)C[C@@H](F)C2)cc2nc(-c3cc4ccc(-c5cccc(O)c5Cl)nc4n3CC3CC3)n(C)c12,1,43,0.5518150925636292,0.44818490743637085
Plain-GCN,7,276,Cc1c(-c2cc3cccc(Cl)c3n2Cc2ccc(F)cc2)nc2cc(C(=O)N3CCC[C@@H](N)C3)ccn12,1,37,0.5237709879875183,0.4762290120124817
Plain-GCN,7,277,CCOc1c(Br)cc(CNc2ccc(N3CCOCC3)cc2)cc1OC,0,26,0.6135126948356628,0.38648730516433716
Plain-GCN,7,278,CC(C)(C)OC(=O)NCCC(=O)N/N=C/c1cccc2nccnc12,0,25,0.5147953629493713,0.48520463705062866
Plain-GCN,7,279,CC(CNC(=O)C1CCCCC1C(=O)O)c1ccccc1,0,21,0.49726301431655884,0.5027369856834412
Plain-GCN,7,280,COC(=O)c1cc(C(=O)OCC(=O)NCc2cccs2)cc([N+](=O)[O-])c1,0,26,0.652603030204773,0.34739696979522705
Plain-GCN,7,281,CCCCCCCCCCCCN1[C@@H](CC(=O)O)c2cc(C(F)(F)F)ccc2S1(=O)=O,0,31,0.6246189475059509,0.3753810524940491
Plain-GCN,7,282,CCOC(=O)N1CCN(C(=O)c2c(-c3ccccc3)noc2C)CC1,0,25,0.6325511336326599,0.3674488663673401
Plain-GCN,7,283,CCn1c(N)[n+](CC(=O)Nc2ccc(SC(F)F)cc2)c2ccccc21.[Cl-],0,27,0.5823400616645813,0.4176599383354187
Plain-GCN,7,284,CC1=CC(=O)C2=C(C)CC[C@@H]3[C@H](OC(=O)[C@H]3C)[C@@H]12,0,18,0.6769594550132751,0.32304054498672485
Plain-GCN,7,285,CC(C)CCOc1cccc(OCC(=O)NC2CCS(=O)(=O)C2)c1,0,24,0.5244225859642029,0.4755774140357971
Plain-GCN,7,286,NNC(=O)c1ccc(N2CCc3ccccc32)c([N+](=O)[O-])c1,0,22,0.6781232953071594,0.3218767046928406
Plain-GCN,7,287,COc1cc(C(=O)N2CC3CCC2[C@@H]3N)cc2nc(-c3cc4ccc(C5CNNC5OC)nc4n3CC3CC3)n(C)c12,1,42,0.5938206911087036,0.4061793088912964
Plain-GCN,7,288,CCOc1ccc(N2C(=O)/C(=C/c3cc(OC)c(OC)c(OC)c3)N(CC(=O)OC)C2=S)cc1,0,34,0.5791333913803101,0.42086660861968994
Plain-GCN,7,289,CN(C)S(=O)(=O)c1cc(NC(=O)CN2CCN(c3ccccc3O)CC2)ccc1Cl,0,30,0.676776111125946,0.32322388887405396
Plain-GCN,7,290,CNC(=O)NC1CCCCc2sccc21,0,15,0.508934497833252,0.49106550216674805
Plain-GCN,7,291,CC1(OC(=O)C2CCCC2)C(=O)C=C2C=C(c3ccsc3)N(CC3CC3)C=C2C1=O,0,30,0.4569607377052307,0.5430392622947693
Plain-GCN,7,292,COc1ccc(Oc2nnnn2-c2ccccc2)cc1,0,20,0.6007459163665771,0.39925408363342285
Plain-GCN,7,293,COc1cc(C(=O)N2CC3CCC2[C@@H]3N)cc2nc(-c3cc4ccc(-c5cnn(C)c5-c5ccc(F)cc5)nc4n3CC3CC3)n(C)c12,1,48,0.5018151998519897,0.49818480014801025
Plain-GCN,7,294,CC(C)OCCCNC(=O)C1CC(=O)N(C2CCCCCCC2)C1,0,24,0.5090572237968445,0.4909427762031555
Plain-GCN,7,295,COc1ccc(-n2c(C)n[nH]c2=O)cc1OC,0,17,0.7513450384140015,0.24865496158599854
Plain-GCN,7,296,COc1cc(C(=O)N2CC3CCC2[C@@H]3N)cc2nc(-c3cc4ccc(C5CNC(=O)NC5=O)nc4n3CC3CC3)n(C)c12,1,43,0.5979511737823486,0.40204882621765137
Plain-GCN,7,297,Cc1ccc(CC(CC(=O)NCCc2ccc3c(c2)OCO3)C(=O)O)cc1,0,27,0.6736993789672852,0.32630062103271484
Plain-GCN,7,298,O=C(CSc1nnc(CNc2ccc(Cl)cc2)n1Cc1ccccc1)NCc1ccco1,0,32,0.6066276431083679,0.3933723568916321
Plain-GCN,7,299,Cc1ccc(S(=O)(=O)NNC(=O)C(=O)NNc2ccccn2)cc1,0,24,0.7580482363700867,0.24195176362991333
Plain-GCN,7,300,CCOC(=O)c1[nH]c2ccc(F)cc2c1NC(=O)c1cc(OC)c(OC)c(OC)c1,0,30,0.7564530968666077,0.24354690313339233
Plain-GCN,7,301,COc1cc(C(=O)N2CC3CCC2C3)cc2nc(-c3cc4ccc(N(C)C)cc4n3CC3CC3)n(C)c12,1,37,0.5683157444000244,0.4316842555999756
Plain-GCN,7,302,CCOc1ccc2nc(N/C(N)=N/C(=S)Nc3ccc(C)c(C)c3)nc(C)c2c1,0,29,0.6207842230796814,0.3792157769203186
Plain-GCN,7,303,CCOc1cc(/C=C\c2[nH]c(=O)[nH]c(=O)c2[N+](=O)[O-])ccc1OC(C)CC,0,27,0.6635221242904663,0.3364778757095337
Plain-GCN,7,304,Cc1nc(SCC(=O)N(C)C2(C#N)CCCCC2)c2ccccc2n1,0,25,0.6877874135971069,0.31221258640289307
Plain-GCN,7,305,Cc1noc(C(F)(F)F)c1C(=O)NNC(=O)c1ccccc1,0,22,0.5470335483551025,0.45296645164489746
Plain-GCN,7,306,COc1cc(C(=O)N2C[C@H](N)C[C@@H](F)C2)cc2nc(-c3cc4ccc(-c5ccc(C(N)=O)cc5Cl)nc4n3CC3CC3)n(C)c12,1,45,0.552384078502655,0.44761592149734497
Plain-GCN,7,307,COC(=O)c1cc(-c2ccc3cc(-c4nc5cc(C(=O)N6CC7CCC6[C@@H]7N)cc(OC)c5n4C)n(CC4CC4)c3n2)n(C)n1,1,45,0.5127984285354614,0.4872015714645386
Plain-GCN,7,308,Cc1cc2cc(CNC(=O)c3cccs3)ccc2n1C,0,20,0.45838069915771484,0.5416193008422852
Plain-GCN,7,309,C=CCSc1nnc(CNC(=O)c2ccc(Cl)cc2)n1CC,0,22,0.7135707139968872,0.2864292860031128
Plain-GCN,7,310,O=C(NC1CCCC1)NS(=O)(=O)c1ccccc1Cl,0,19,0.5456863641738892,0.45431363582611084
Plain-GCN,7,311,CC(=O)Nc1ccc2c(c1)CCCC2,0,14,0.6189607977867126,0.38103920221328735
Plain-GCN,7,312,Cc1ccc2c(CN3CCOCC3)cc(=O)oc2c1C,0,20,0.6996657848358154,0.30033421516418457
Plain-GCN,7,313,CC(=O)NCCNC(=O)CCNC(=O)c1ccc(Cl)cc1,0,21,0.5434094071388245,0.45659059286117554
Plain-GCN,7,314,COc1cc(C(=O)N2CC3CCC2[C@@H]3N)cc2nc(-c3cc4ccc(C5=CC=CC6=NC(=O)C=CC56)nc4n3CC3CC3)n(C)c12,1,46,0.6749458312988281,0.3250541687011719
Plain-GCN,7,315,Cn1ccnc1C(=O)c1ccccc1Cl,0,15,0.8255805969238281,0.17441940307617188
Plain-GCN,7,316,COc1ccc(-c2cc(=O)[nH][nH]2)cc1,0,14,0.8285313248634338,0.17146867513656616
Plain-GCN,7,317,O=C(C1=C[C@@H](c2ccc(C(F)(F)F)cc2)C[C@@H](OCc2ccc(CO)cc2)O1)N1CCN(Cc2ccc3c(c2)OCO3)CC1,0,44,0.5143392086029053,0.4856607913970947
Plain-GCN,7,318,COc1cc(/C=N/Nc2ccccc2[N+](=O)[O-])ccc1OC(=O)c1ccccc1F,0,30,0.6722264885902405,0.3277735114097595
Plain-GCN,7,319,Cc1ccccc1Cn1ccc(NC(=O)c2onc(C)c2Cl)n1,0,23,0.6578835248947144,0.34211647510528564
Plain-GCN,7,320,CCOc1ccc(N(C(=O)c2cnsn2)C(C(=O)NC2CCCCC2)c2ccncc2)cc1,0,33,0.5465718507766724,0.45342814922332764
Plain-GCN,7,321,COc1ccc(-c2nn(-c3ccccc3)cc2C(=O)NC(=S)NNC(=O)c2ccncc2)cc1,0,34,0.764556348323822,0.23544365167617798
Plain-GCN,7,322,COc1cc(C(=O)N2CC3CCC2[C@@H]3N)cc2nc(-c3cc4ccc(-c5cnc(C#N)cc5C)nc4n3CC3CC3)n(C)c12,1,44,0.5735636353492737,0.4264363646507263
Plain-GCN,7,323,COc1cc([N+](=O)[O-])c(OC)cc1SCc1n[nH]c(=S)n1-c1ccc(F)cc1,0,28,0.6619499921798706,0.3380500078201294
Plain-GCN,7,324,Cc1sc2ncn(CC(=O)NCC(=O)N3CCN(c4ccccc4F)CC3)c(=O)c2c1C,0,32,0.648432195186615,0.351567804813385
Plain-GCN,7,325,CCCC[n+]1c(C)sc2cc(OC)ccc21.[I-],0,17,0.6964235901832581,0.30357640981674194
Plain-GCN,7,326,COc1cc(C(=O)N2CC3CCC2[C@@H]3N)cc2nc(-c3cc4ccc(N5CCC(O)(c6ccccc6)C5)nc4n3CC3CC3)n(C)c12,1,47,0.4971427023410797,0.5028572976589203
Plain-GCN,7,327,COc1cc(C(=O)N2CC3CCC2[C@@H]3N)cc2nc(-c3cc4ccc(-c5ccc6c(c5)CCNC6=O)nc4n3CC3CC3)n(C)c12,1,46,0.6255629062652588,0.3744370937347412
Plain-GCN,7,328,NS(=O)(=O)c1cc(C(=O)NNC(=O)c2ccc3c(c2)OCO3)ccc1Cl,0,26,0.7299846410751343,0.2700153589248657
Plain-GCN,7,329,Fc1ccc(OCc2nnc(-c3ccccc3Br)o2)c(Cl)c1,0,22,0.761688768863678,0.23831123113632202
Plain-GCN,7,330,COc1cc(C(=O)N2C[C@H](N)C[C@@H](F)C2)cc2nc(-c3cc4ccc(-c5cnc6c(c5)C(=O)NC6)nc4n3CC3CC3)n(C)c12,1,45,0.6167805790901184,0.3832194209098816
Plain-GCN,7,331,COc1cc(C(=O)N2C[C@H](N)C[C@@H](F)C2)cc2nc(-c3cc4ccc(-c5ccc(N6CCC(O)C6=O)c(C)n5)nc4n3CC3CC3)n(C)c12,1,49,0.4713652729988098,0.5286347270011902
Plain-GCN,7,332,CCc1ccc(S(=O)(=O)Nc2ccc(O)c3ccccc23)cc1,0,23,0.6986079216003418,0.3013920783996582
Plain-GCN,7,333,COC(=O)c1sc2ccccc2c1NC(=O)c1ccc(S(=O)(=O)N2CC(C)CC(C)C2)cc1,0,33,0.4612683653831482,0.5387316346168518
Plain-GCN,7,334,CCCS(=O)(=O)c1csc(C(=O)OC)c1N,0,16,0.5597472786903381,0.44025272130966187
Plain-GCN,7,335,O=c1[nH]c(Nc2ccccn2)cc2ccccc12,0,18,0.7057351469993591,0.29426485300064087
Plain-GCN,7,336,CS(=O)(=O)N(CC(=O)N1CCOCC1)Cc1ccc(Cl)cc1,0,22,0.5920279622077942,0.4079720377922058
Plain-GCN,7,337,COc1ccc(OCC(=O)Nc2ccccc2C(=O)Nc2ccc(C(=O)O)cc2)cc1,0,31,0.699038565158844,0.300961434841156
Plain-GCN,7,338,COc1cc(C(=O)N2CC3CCC2[C@@H]3N)cc2nc(-c3cc4ccc(-c5cn[nH]c5C)cc4n3CC3CC3)n(C)c12,1,41,0.6143379211425781,0.3856620788574219
Plain-GCN,7,339,Cc1ccccc1OC(C)C(=O)NCCC1=CCCCC1,0,21,0.4270344376564026,0.5729655623435974
Plain-GCN,7,340,CCOc1ccc(N(CC(=O)N/N=C/c2cc([N+](=O)[O-])ccc2Cl)S(C)(=O)=O)cc1,0,30,0.5983368754386902,0.4016631245613098
Plain-GCN,7,341,COc1cc(C(=O)N2CC3CCC2[C@@H]3N)cc2nc(-c3cc4ccc(-c5ccc(S(C)(=O)=O)nc5)nc4n3CC3CC3)n(C)c12,1,45,0.5652633905410767,0.43473660945892334
Plain-GCN,7,342,O=C1CN(S(=O)(=O)c2cc(C(=O)O)ccc2Cl)c2ccccc2N1,0,24,0.6028928160667419,0.39710718393325806
Plain-GCN,7,343,CC(=O)c1ccc(OCc2cc(C(=O)NCCN3CCCC(O)C3)no2)cc1,0,28,0.5158059597015381,0.4841940402984619
Plain-GCN,7,344,CSC1=NC(C)(C)CC2(C)Nc3ccccc3N12,0,18,0.5507841110229492,0.4492158889770508
Plain-GCN,7,345,S=c1[nH]nc(-c2c[nH]c3ccccc23)o1,0,15,0.8861324191093445,0.11386758089065552
Plain-GCN,7,346,CC(C)c1nc(SCC(=O)N2CC(=O)Nc3ccccc32)c2ccccc2n1,0,28,0.750085711479187,0.249914288520813
Plain-GCN,7,347,COc1cc(C(=O)N2CC3CCC2[C@@H]3N)cc2nc(-c3cc4ccc(N5CCC(S(C)(=O)=O)CC5)cc4n3CC3CC3)n(C)c12,1,45,0.5334181189537048,0.46658188104629517
Plain-GCN,7,348,COc1cc(C(=O)N2C[C@H](N)C[C@@H](F)C2)cc2nc(-c3cc4ccc(CCN5CCOC5=O)nc4n3CC3CC3)n(C)c12,1,43,0.553594172000885,0.446405827999115
Plain-GCN,7,349,Cc1cccc(-c2nc3ccccc3c(=O)n2NC(=O)c2ccc([N+](=O)[O-])c(C)c2)c1,0,31,0.7590631246566772,0.24093687534332275
Plain-GCN,7,350,CN(C)C(CNC(=O)C1CCN(S(=O)(=O)c2cccc(Cl)c2Cl)CC1)c1ccccc1,0,31,0.5844057202339172,0.41559427976608276
Plain-GCN,7,351,Cn1sc(=O)c2cc(S(=O)(=O)NC3CC3)ccc21,0,18,0.7010037302970886,0.2989962697029114
Plain-GCN,7,352,CCCc1c(C(=O)N/N=C/c2ccc(OC)c(OCc3ccccc3)c2)nnn1-c1nonc1N,0,35,0.48044711351394653,0.5195528864860535
Plain-GCN,7,353,CCNC(=O)c1c(NC(=O)C2COc3ccccc3O2)sc2c1CCCC2,0,27,0.6060015559196472,0.3939984440803528
Plain-GCN,7,354,COc1cc2nc(N(CCCN(C)C)C(=O)c3ccc(S(=O)(=O)N4CCc5ccccc54)cc3)sc2cc1OC.Cl,0,41,0.6469644904136658,0.35303550958633423
Plain-GCN,7,355,COc1cc(C(=O)N2CC3CCC2[C@@H]3N)cc2nc(-c3cc4ccc(-c5ccc6nnnn6c5)nc4n3CC3CC3)n(C)c12,1,44,0.7240180969238281,0.2759819030761719
Plain-GCN,7,356,CNC(=O)n1ccc(C(=O)N2CCCCC2)n1,0,17,0.7250799536705017,0.2749200463294983
Plain-GCN,7,357,CC(NC(=O)c1ccccc1)C(=O)OCC(=O)c1ccc(Br)cc1,0,24,0.646756649017334,0.353243350982666
Plain-GCN,7,358,CCOC(=O)c1ccc(NC(=O)CSc2nc3cccnc3n2C)cc1,0,26,0.7008939981460571,0.29910600185394287
Plain-GCN,7,359,O=C(COc1ccc(S(=O)(=O)N2CCCC2)cc1)NCc1cccnc1,0,26,0.5177969932556152,0.48220300674438477
Plain-GCN,7,360,COC(=O)C1=C(C(=O)OC)SC2(S1)C(C(=O)OC)=C(C(=O)OC)SC1=C2c2cc(C)cc(C)c2NC1(C)C,0,38,0.5564627051353455,0.44353729486465454
Plain-GCN,7,361,COC(=O)c1cn(C(=O)c2cc(OC)cc(OC)c2)c2ccccc12,0,25,0.6497853994369507,0.3502146005630493
Plain-GCN,7,362,COc1ccc(Cn2c(-c3nc4cc(C(=O)N5CCC[C@@H](N)C5)ccn4c3C)cc3ccccc32)nc1,1,37,0.46483469009399414,0.5351653099060059
Plain-GCN,7,363,COc1ccc(/C=N/n2c(=O)c(C(C)(C)C)nn3cnnc23)cc1,0,24,0.42787906527519226,0.5721209347248077
Plain-GCN,7,364,COc1cccc2cc(C(=O)NC3CC(C)(C)NC(C)(C)C3)c(=O)oc12,0,26,0.731423556804657,0.268576443195343
Plain-GCN,7,365,COc1ccc(C(=O)NCCc2ccc(C(F)(F)F)cc2)cc1S(=O)(=O)N1CCOCC1,0,32,0.6093104481697083,0.39068955183029175
Plain-GCN,7,366,O=C(O)CN1C(=O)/C(=C\c2ccccc2OCc2ccc(Cl)cc2Cl)SC1=S,0,28,0.640891432762146,0.359108567237854
Plain-GCN,7,367,Cc1cc(C)cc(-n2ccnc2SCC(=O)Nc2cccc(S(=O)(=O)NC3=NCCC3)c2)c1,0,33,0.49064597487449646,0.5093540251255035
Plain-GCN,7,368,O=C(NNC(=O)c1cccc(C(F)(F)F)c1)c1ccc(-n2cnnn2)cc1,0,27,0.49939894676208496,0.500601053237915
Plain-GCN,7,369,Cc1c(-c2cc3ccccc3n2CC2CC2)nc2cc(C(=O)N3CCC4OCCNC4C3)ccn12,1,35,0.4929731786251068,0.5070268213748932
Plain-GCN,7,370,COc1cc(C(=O)N2CC3CCC2[C@@H]3N)cc2nc(-c3cc4ccc(-c5nnnn5C)nc4n3CC3CC3)n(C)c12,1,41,0.6172055602073669,0.38279443979263306
Plain-GCN,7,371,Cc1sc2nc(-c3ccco3)oc(=O)c2c1C,0,17,0.6862969994544983,0.3137030005455017
Plain-GCN,7,372,Cc1cc(C(C#N)c2ccccc2)n2ncnc2n1,0,19,0.46215713024139404,0.537842869758606
Plain-GCN,7,373,O=C(C1CCCO1)N1CCN(S(=O)(=O)c2ccc(Cl)cc2)CC1,0,23,0.5721867084503174,0.4278132915496826
Plain-GCN,7,374,Cn1c(-c2cncn2CC2CC2)nc2cc(C(=O)N3CCC[C@@H](N)C3)ccc21,0,28,0.4213728904724121,0.5786271095275879
Plain-GCN,7,375,COc1cc(C(=O)N2CC3CCC2[C@@H]3N)cc2nc(-c3cc4ccc(-c5ccnc(F)c5C)nc4n3CC3CC3)n(C)c12,1,43,0.5611077547073364,0.4388922452926636
Plain-GCN,7,376,O=C(Oc1cccc([N+](=O)[O-])c1)c1ccc2c(=O)n3c(nc2c1)CCC3,0,26,0.5497611165046692,0.4502388834953308
Plain-GCN,7,377,COCCn1nnnc1SCC(=O)N1CCCCC1,0,19,0.650050938129425,0.34994906187057495
Plain-GCN,7,378,Cc1ccc([N+](=O)[O-])c(C(=O)N/N=C/c2cccnc2)c1,0,21,0.46848922967910767,0.5315107703208923
Plain-GCN,7,379,c1ccc2c(CNC3CCCCC3)c[nH]c2c1,0,17,0.6824318170547485,0.31756818294525146
Plain-GCN,7,380,COC(=O)c1ccc(-c2ncc[nH]2)cc1,0,15,0.7936522364616394,0.2063477635383606
Plain-GCN,7,381,O=S(=O)(/C=C/c1ccccc1)N1CCN(Cc2ccc3c(c2)OCO3)CC1,0,27,0.5610262155532837,0.4389737844467163
Plain-GCN,7,382,COc1ccc(Cl)cc1NC(=O)c1[nH]c(C)c(C(C)=O)c1C,0,22,0.7085701823234558,0.2914298176765442
Plain-GCN,7,383,COc1cccc(NC(=O)Nc2cccs2)c1,0,17,0.6342216730117798,0.3657783269882202
Plain-GCN,7,384,Cn1cnc([N+](=O)[O-])c1Sc1ccc(C(C)(C)C)cc1,0,20,0.6623996496200562,0.33760035037994385
Plain-GCN,7,385,CC(=O)Nc1c(O)nc(SCC(=O)Nc2sc3c(c2C#N)CCCCCC3)[nH]c1=O,0,30,0.7094480991363525,0.29055190086364746
Plain-GCN,7,386,COc1cc(C(=O)N2C[C@H](N)C[C@@H](F)C2)cc2nc(-c3cc4ccc(-c5cccc(F)c5C(=O)O)nc4n3CC3CC3)n(C)c12,1,45,0.5300621390342712,0.46993786096572876
Plain-GCN,7,387,COc1cc(C(=O)N2CC3CCC2[C@@H]3N)cc2nc(-c3cc4ccc(-c5cc(O)ccc5Cl)nc4n3CC3CC3)n(C)c12,1,43,0.5528085827827454,0.44719141721725464
Plain-GCN,7,388,CC(=O)Nc1ccc(NC(=O)C(C)OC(=O)CC2CCCCC2)cc1,0,25,0.44182151556015015,0.5581784844398499
Plain-GCN,7,389,N#Cc1ccc(N2Cc3ccccc3C2=NC(=O)c2cccs2)cc1,0,25,0.5450507998466492,0.45494920015335083
Plain-GCN,7,390,COc1cc(C(=O)N2CC3CCC2[C@@H]3N)cc2nc(-c3cc4ccc(-c5ccc(Cl)c(C(N)=O)c5)nc4n3CC3CC3)n(C)c12,1,45,0.5409692525863647,0.45903074741363525
Plain-GCN,7,391,Cc1[nH]n2c(=O)c3c(nc2c1-c1ccccc1)CCCC3,0,21,0.5817137360572815,0.4182862639427185
Plain-GCN,7,392,COc1ccc(N(C(=O)c2cccnc2)S(=O)(=O)c2cccc([N+](=O)[O-])c2)cc1,0,29,0.6242585182189941,0.37574148178100586
Plain-GCN,7,393,Cc1ccc(S(=O)(=O)NCCC(=O)Nc2ccc(S(=O)(=O)NC(C)C)cc2)cc1,0,29,0.6618145704269409,0.3381854295730591
Plain-GCN,7,394,O=S(=O)(c1ccc2ccccc2c1)N1CCN(S(=O)(=O)N2CCCCC2)CC1,0,28,0.5968049168586731,0.4031950831413269
Plain-GCN,7,395,O=c1cc(-c2ccc(Cl)cc2)[nH][nH]1,0,13,0.8563337922096252,0.14366620779037476
Plain-GCN,7,396,Cc1sc2ccccc2[n+]1CC(=O)O.[Br-],0,15,0.6795796751976013,0.3204203248023987
Plain-GCN,7,397,Cc1ccc(N(C(=O)c2cccs2)C2C=CS(=O)(=O)C2)cc1,0,22,0.6727221608161926,0.3272778391838074
Plain-GCN,7,398,CC(C)c1ccc(NC2CCCN(C(=O)CCN3CCOCC3)C2)cc1,0,26,0.47839295864105225,0.5216070413589478
Plain-GCN,7,399,COC1CCCN(C(=O)c2cccc(OC3CCN(S(=O)(=O)N(C)C)CC3)c2)C1,0,29,0.49281564354896545,0.5071843564510345
Plain-GCN,7,400,COc1cc(C(=O)N2C[C@H](N)C[C@@H](F)C2)cc2nc(-c3cc4ccc(-c5ccc(OCC(N)=O)cc5)nc4n3CC3CC3)n(C)c12,1,46,0.5089442729949951,0.4910557270050049
Plain-GCN,7,401,COc1ccc(CCNS(=O)(=O)c2cccc(C(=O)O)c2)cc1OC,0,25,0.7537751197814941,0.24622488021850586
Plain-GCN,7,402,COc1cc(C(=O)N2CC3CCC2[C@@H]3N)cc2nc(-c3cc4ccc(-c5cc(F)c6c(c5)CCC(=O)N6)cc4n3CC3CC3)n(C)c12,1,47,0.7108155488967896,0.28918445110321045
Plain-GCN,7,403,COc1cc(OC)cc(C2C(C#N)=C(N)Oc3n[nH]c(-c4cccnc4)c32)c1,0,28,0.4856761395931244,0.5143238604068756
Plain-GCN,7,404,Cc1sc2ccccc2[n+]1CCC(C)S(=O)(=O)[O-],0,18,0.6939536333084106,0.30604636669158936
Plain-GCN,7,405,Cc1cccc2sc(N(CCCN(C)C)C(=O)c3ccc4ncsc4c3)nc12,0,28,0.6441531777381897,0.3558468222618103
Plain-GCN,7,406,CN(C)CCCn1c(SCC(=O)N2c3ccccc3Sc3ccccc32)nc2ccccc2c1=O,0,35,0.7472821474075317,0.25271785259246826
Plain-GCN,7,407,C[C@H](CO)N1C[C@H](C)[C@@H](CN(C)Cc2ccc(C(=O)O)cc2)Oc2ccc(NS(=O)(=O)c3cn(C)cn3)cc2C1=O,0,41,0.591219425201416,0.408780574798584
Plain-GCN,7,408,O=C(Cc1cc(=O)[nH][nH]1)N/N=C/c1cccc(Cl)c1Cl,0,20,0.6874666213989258,0.3125333786010742
Plain-GCN,7,409,CN1CCc2c(sc3nc(SCC(N)=O)n(-c4ccccc4)c(=O)c23)C1,0,26,0.4741826057434082,0.5258173942565918
Plain-GCN,7,410,COc1ccc(OC)c(S(=O)(=O)Nc2ccccc2C(=O)O)c1,0,23,0.6634501814842224,0.3365498185157776
Plain-GCN,7,411,CCc1ccccc1N(CC)C(=O)c1cn(C)c(=O)c2cc(OC)c(OC)cc12,0,29,0.6553130149841309,0.34468698501586914
Plain-GCN,7,412,NC(=O)COC(=O)c1ccccc1Nc1ccc(SC(F)F)cc1,0,24,0.6325235962867737,0.3674764037132263
Plain-GCN,7,413,CCOC(=O)N1CCN(c2c(N3CCN(c4cccc(C(F)(F)F)c4)CC3)c(=O)c2=O)CC1,0,33,0.7033665180206299,0.2966334819793701
Plain-GCN,7,414,CCOC(=O)c1[nH]c(=O)c2ccccc2c1O,0,17,0.7365921139717102,0.2634078860282898
Plain-GCN,7,415,COc1cc(C(=O)N2CC3CCC2[C@@H]3N)cc2nc(-c3cc4ccc(-c5ccc(CS(C)(=O)=O)cc5F)nc4n3CC3CC3)n(C)c12,1,47,0.6867220401763916,0.3132779598236084
Plain-GCN,7,416,COc1ccc([N+](=O)[O-])cc1NC(=O)CCS(=O)(=O)c1ccc(Br)cc1,0,26,0.7064619064331055,0.29353809356689453
Plain-GCN,7,417,COc1cc(C(=O)N2[C@H]3CC[C@@H]2[C@H](N)C3)cc2nc(-c3cc4ccc([C@@H](C)NC(=O)N5CCO[C@@H](C)C5)nc4n3CC3CC3)c(C)n12,1,47,0.495281845331192,0.504718154668808
Plain-GCN,7,418,Cc1nn(Cc2c(F)c(F)c(F)c(F)c2F)c(C)c1NC(=O)c1c([N+](=O)[O-])c(C)nn1C,0,32,0.736147940158844,0.263852059841156
Plain-GCN,7,419,CCC(C)c1ccccc1NC(=O)CN1CCN(C/C=C/c2ccccc2)CC1,0,29,0.5965240597724915,0.40347594022750854
Plain-GCN,7,420,COc1cc(C(=O)N2C[C@H](N)C[C@@H](F)C2)cc2nc(-c3cc4ccc(-c5ccc6c(c5)CCC(=O)N6)nc4n3CC3CC3)n(C)c12,1,46,0.6902119517326355,0.3097880482673645
Plain-GCN,7,421,COc1cc(C(=O)N2C[C@H](N)C[C@@H](F)C2)cc2nc(-c3cc4ccc(-c5ccc(CS(C)(=O)=O)cc5)cc4n3CC3CC3)n(C)c12,1,46,0.5374253392219543,0.46257466077804565
Plain-GCN,7,422,COc1cc(C(=O)N2C[C@H](N)C[C@@H](F)C2)cc2nc(-c3cc4ccc(C5CCNC(=O)C5)nc4n3CC3CC3)n(C)c12,1,42,0.7501608729362488,0.24983912706375122
Plain-GCN,7,423,O=C1Nc2ccc(Br)cc2/C1=C/C(=O)c1ccc2c(c1)OCO2,0,23,0.7459695339202881,0.2540304660797119
Plain-GCN,7,424,COc1ccc(CCN(Cc2ccccn2)C(=S)Nc2ccccc2F)cc1OC,0,30,0.7970112562179565,0.20298874378204346
Plain-GCN,7,425,CCc1c(C)nc2c(C)cccc2c1SCCC#N,0,19,0.5336856842041016,0.46631431579589844
Plain-GCN,7,426,Cn1nc(C(F)(F)F)cc1-c1ccc(S(N)(=O)=O)s1,0,19,0.5804980397224426,0.4195019602775574
Plain-GCN,7,427,CC(=O)Nc1ccc(OC(=O)c2ccco2)cc1,0,18,0.779438316822052,0.220561683177948
Plain-GCN,7,428,Cc1cccc(NS(=O)(=O)c2ccc(OCC(=O)N3CCCC3)cc2)c1,0,26,0.6192508935928345,0.3807491064071655
Plain-GCN,7,429,Cc1ccc(C)c(OCCCC(C)(C)C(=O)O)c1,0,18,0.611812949180603,0.388187050819397
Plain-GCN,7,430,COC(=O)c1ccc(=O)c2nc3/c(=C/O)c(O)cc(=O)c3[nH]c12,0,23,0.8029716610908508,0.19702833890914917
Plain-GCN,7,431,O=C(NCc1ccccn1)c1ccc2nc(-c3ccco3)c(-c3ccco3)nc2c1,0,30,0.8686411380767822,0.13135886192321777
Plain-GCN,7,432,COc1cc(C(=O)N2CC3CCC2[C@@H]3N)cc2nc(-c3cc4ccc(-c5ccc(C(N)=O)cn5)nc4n3CC3CC3)n(C)c12,1,44,0.5540865659713745,0.4459134340286255
Plain-GCN,7,433,CC12CCC(C(=O)Nc3ccc(SC(F)F)cc3)(CC1=O)C2(C)C,0,24,0.5925779342651367,0.4074220657348633
Plain-GCN,7,434,O=C(Nc1ccc2ccccc2n1)C1CCCCC1,0,19,0.523051917552948,0.476948082447052
Plain-GCN,7,435,COc1cc(C(=O)N2CC3CCC2[C@@H]3N)cc2nc(-c3cc4ccc(-c5ccc(O)c(-c6ccno6)c5)nc4n3CC3CC3)n(C)c12,1,47,0.517840564250946,0.48215943574905396
Plain-GCN,7,436,CCCOc1cccc(OCC(=O)Nc2nc3ccccc3[nH]2)c1,0,24,0.6880613565444946,0.31193864345550537
Plain-GCN,7,437,Cc1ccc(/C=N/n2c(-c3cccnc3)n[nH]c2=S)o1,0,20,0.4966624081134796,0.5033375918865204
Plain-GCN,7,438,COc1cc(C(=O)N2C[C@H](N)C[C@@H](F)C2)cc2nc(-c3cc4ccc(-c5cnc6c(c5)OCC(=O)N6)cc4n3CC3CC3)n(C)c12,1,46,0.5939859747886658,0.40601402521133423
Plain-GCN,7,439,CCOC(=O)N1CCN(C(=O)c2cn(CC)c3cc(N4CCN(C)CC4)c(F)cc3c2=O)CC1.Cl,0,35,0.6223240494728088,0.37767595052719116
Plain-GCN,7,440,COc1cc(C(=O)N2C[C@H]3CC[C@@H]2[C@@H]3N)cc2nc(-c3ccc(F)nc3CC3CC3)n(C)c12,1,33,0.5620214343070984,0.4379785656929016
Plain-GCN,7,441,COc1cc(C(=O)N2CC3CCC2[C@@H]3N)cc2nc(-c3cc4ccc(-c5cccc(NS(C)(=O)=O)c5)nc4n3CC3CC3)n(C)c12,1,46,0.5240562558174133,0.47594374418258667
Plain-GCN,7,442,COc1cc(C2OC(=O)c3ccccc3S2)cc(OC)c1OC,0,23,0.7021780014038086,0.2978219985961914
Plain-GCN,7,443,O=C(c1cc(N2CCOCC2)c(F)cc1[N+](=O)[O-])N1CCOCC1,0,24,0.8183475136756897,0.1816524863243103
Plain-GCN,7,444,O=C(COC(=O)CCCc1c[nH]c2ccccc12)Nc1ccc2c(c1)OCO2,0,28,0.539472758769989,0.460527241230011
Plain-GCN,7,445,CC(C)c1ccccc1NC(=S)NC1CCN(Cc2ccccc2)CC1,0,26,0.6843647360801697,0.3156352639198303
Plain-GCN,7,446,CCOc1ccc2c(c1)-c1c(ssc1=S)C(C)(C)N2C(=O)CSC1=NCCS1,0,28,0.6261860728263855,0.3738139271736145
Plain-GCN,7,447,O=C(CSc1n[nH]c(-c2ccccc2)n1)N1CCCC1,0,20,0.613912045955658,0.38608795404434204
Plain-GCN,7,448,O=C(NNC(=S)NC(=O)c1cn(-c2ccccc2)nc1-c1ccccc1)c1ccncc1,0,32,0.7342171669006348,0.26578283309936523
Plain-GCN,7,449,O=C(COC(=O)c1ccc(Br)o1)NCc1ccc(Cl)cc1,0,21,0.6886393427848816,0.3113606572151184
Plain-GCN,7,450,CCCOC(=S)NC(=O)c1sc2ccccc2c1Cl,0,19,0.6106675267219543,0.38933247327804565
Plain-GCN,7,451,CN(C(=O)COC(=O)c1cccc(S(=O)(=O)N2CCOCC2)c1)C1CCS(=O)(=O)C1,0,30,0.6867278814315796,0.3132721185684204
Plain-GCN,7,452,O=C(NCc1cccs1)c1ccc2c(c1)ncn2C1CCCC1,0,23,0.4101294279098511,0.5898705720901489
Plain-GCN,7,453,COc1cc2oc3ccccc3c(=O)c2cc1OC,0,19,0.8225664496421814,0.1774335503578186
Plain-GCN,7,454,O=C1c2ccccc2C(=O)N1CCCc1cn(C[C@H]2CC[C@@H]([C@@H]3CC[C@H](Cn4cc(CCCN5C(=O)c6ccccc6C5=O)nn4)O3)O2)nn1,0,50,0.40642866492271423,0.5935713350772858
Plain-GCN,7,455,N#C/C(=C\C=C\c1ccccc1)C(=O)NCc1cccnc1,0,22,0.4829544126987457,0.5170455873012543
Plain-GCN,7,456,COCCN(CCOC)C(=O)c1ccc(CSc2nc3ccccc3s2)cc1,0,28,0.7114128470420837,0.28858715295791626
Plain-GCN,7,457,C=CCN(Cc1ccc(Cl)s1)C(=O)c1cc(S(=O)(=O)N2CCOCC2)ccc1F,0,29,0.6735851764678955,0.3264148235321045
Plain-GCN,7,458,COc1cc(C(=O)N2C[C@H](N)C[C@@H](F)C2)cc2nc(-c3cc4ccc(-c5ccc(CC(N)=O)nc5)nc4n3CC3CC3)n(C)c12,1,45,0.5919079184532166,0.40809208154678345
Plain-GCN,7,459,COc1ccc(OC)c(N2Cc3cc(C)c(C)cc3C2)c1,0,21,0.46182742714881897,0.538172572851181
Plain-GCN,7,460,COc1ccccc1-c1nnc(NC(=O)c2ccc3ncsc3c2)o1,0,25,0.6807789206504822,0.3192210793495178
Plain-GCN,7,461,O=C(C1CCCC1)N1CCC(CC2CC(c3ccc(Cl)cc3)=NO2)(C(=O)NCC2CCCCC2)CC1,0,36,0.40844306349754333,0.5915569365024567
Plain-GCN,7,462,C=CC(COCc1ccccc1)N(Cc1ccccc1)S(=O)(=O)c1ccccc1Br,0,30,0.6001702547073364,0.3998297452926636
Plain-GCN,7,463,CN(C)C(=O)c1ccc(NC(=O)c2cccc(S(=O)(=O)N3CCCc4ccccc43)c2)cc1,0,33,0.5669538378715515,0.4330461621284485
Plain-GCN,7,464,O=C1c2ccccc2-c2onc3c(N4CCN(CCO)CC4)cc(N4CCN(C(=O)c5ccco5)CC4)c1c23,0,39,0.6922969818115234,0.30770301818847656
Plain-GCN,7,465,COc1ccc(Cl)cc1C(=O)NNC(=O)c1cccs1,0,20,0.8783635497093201,0.12163645029067993
Plain-GCN,7,466,COC(=O)c1ccc(-c2ccc3cc(-c4nc5cc(C(=O)N6CC7CCC6[C@@H]7N)cc(OC)c5n4C)n(CC4CC4)c3n2)cc1O,1,46,0.5202537178993225,0.4797462821006775
Plain-GCN,7,467,Cc1nc(Cl)c2c(n1)NC1=C(O2)C(=O)CCC1,0,17,0.3932316303253174,0.6067683696746826
Plain-GCN,7,468,CC1Cc2ccccc2N1C(=O)CSc1nnc(CSc2ncccn2)n1C,0,28,0.6329590678215027,0.3670409321784973
Plain-GCN,7,469,CCCCn1c(=O)c(C(=O)Nc2ccccc2F)c(O)c2ccccc21,0,26,0.5692338943481445,0.43076610565185547
Plain-GCN,7,470,CCN(c1ccccc1)S(=O)(=O)c1ccc(Cl)c(C(=O)O)c1,0,22,0.6457277536392212,0.3542722463607788
Plain-GCN,7,471,COc1cc(C(=O)N2CC3CCC2[C@@H]3N)cc2nc(-c3cc4ccc(Nc5cccc(C(N)=O)c5)nc4n3CC3CC3)n(C)c12,1,45,0.536888062953949,0.463111937046051
Plain-GCN,7,472,COc1cc(C(=O)N2C[C@H](N)CC[C@@H]2C)cc2nc(-c3cc4ccc(-c5ccc6c(c5)CC(=O)N6)nc4n3CC3CC3)n(C)c12,1,45,0.6299554109573364,0.3700445890426636
Plain-GCN,7,473,COc1cc(C(=O)N2CC3CCC2[C@@H]3N)cc2nc(-c3cc4ccc(-c5ccc(NC(C)=O)c(C(=O)O)c5)nc4n3CC3CC3)n(C)c12,1,48,0.49714863300323486,0.5028513669967651
Plain-GCN,7,474,O=C(N1CCOCC1)N1CCN(c2ccccc2F)CC1,0,21,0.7811965346336365,0.21880346536636353
Plain-GCN,7,475,CC1(OC(=O)c2ccc(Cl)nc2)C(=O)C=C2C=C(C3CC3)OC=C2C1=O,0,26,0.5584631562232971,0.4415368437767029
Plain-GCN,7,476,CCCNC(=S)Nc1ccc(CC(=O)OC)cc1,0,18,0.5508817434310913,0.4491182565689087
Plain-GCN,7,477,COc1ccc(OC)c(NC(=S)NCc2cccs2)c1,0,20,0.751784086227417,0.248215913772583
Plain-GCN,7,478,CCCN(CCC)S(=O)(=O)c1ccc(NC(=O)c2cc(C(=O)OC)cc([N+](=O)[O-])c2)cc1,0,32,0.6868606805801392,0.31313931941986084
Plain-GCN,7,479,COc1ccc(C2CC(c3cccs3)=NN2C(=O)CSC2=NCCS2)cc1,0,27,0.8005843758583069,0.19941562414169312
Plain-GCN,7,480,O=C1C2CCCCC2C(=O)N1c1ccc(NC2CCCCC2)c([N+](=O)[O-])c1,0,27,0.48835289478302,0.51164710521698
Plain-GCN,7,481,COc1ccc(N(CC(O)CN2C(=O)NC(C)(C)C2=O)S(=O)(=O)c2ccc(C)cc2)cc1,0,32,0.43259477615356445,0.5674052238464355
Plain-GCN,7,482,CCOc1ccc(OCC(=O)Nc2ccc(OC)cc2)cc1,0,22,0.7680612802505493,0.23193871974945068
Plain-GCN,7,483,Cc1ccc(N(NC(=O)C(O)(c2ccccc2)c2ccccc2)C(=O)CCl)cc1,0,29,0.6765633225440979,0.3234366774559021
Plain-GCN,7,484,O=C(Oc1ccccc1C(=O)Nc1ccccc1)c1ccc(Br)c([N+](=O)[O-])c1,0,28,0.6390780210494995,0.3609219789505005
Plain-GCN,7,485,CC(C)Cc1nn2c(=O)cc(O)nc2s1,0,15,0.6054337620735168,0.39456623792648315
Plain-GCN,7,486,COc1ccc(C(=O)C2CCCN(C(=O)c3ccc4nccnc4c3)C2)c(C)c1,0,29,0.5355133414268494,0.46448665857315063
Plain-GCN,7,487,COc1cc(C(=O)N2C[C@H](N)C[C@@H](F)C2)cc2nc(-c3cc4ccc(C(=O)Nc5ccc(S(N)(=O)=O)cc5)nc4n3CC3CC3)n(C)c12,1,48,0.48813509941101074,0.5118649005889893
Plain-GCN,7,488,COc1ccc(OC(C)C(=O)N(C)Cc2nc(-c3ccccc3)no2)cc1,0,27,0.5908663868904114,0.4091336131095886
Plain-GCN,7,489,COc1cc(C(=O)N2CC3CCC2[C@@H]3N)cc2nc(-c3cc4ccc(Nc5ccncc5CO)nc4n3CC3CC3)n(C)c12,1,44,0.5791978240013123,0.42080217599868774
Plain-GCN,7,490,CN(C)/C=C(\C#N)S(=O)(=O)c1ccccc1,0,16,0.6129320859909058,0.38706791400909424
Plain-GCN,7,491,CC(=O)N1CCC(=NNc2nc3ccccc3[nH]2)CC1.O=C(O)C(=O)O,0,26,0.666019856929779,0.33398014307022095
Plain-GCN,7,492,COc1cc(C(=O)N2CC3CCC2[C@@H]3N)cc2nc(-c3cc4ccc(-c5cc(F)c6c(c5)CCN(C(C)=O)C6)nc4n3CC3CC3)n(C)c12,1,49,0.6184055209159851,0.3815944790840149
Plain-GCN,7,493,CCc1ncc(/C=C2\C(=O)Nc3ccccc32)[nH]1,0,18,0.6465193629264832,0.35348063707351685
Plain-GCN,7,494,COc1cc(C(=O)N2CC3CCC2[C@@H]3N)cc2nc(-c3cc4ccc(-c5ccc6oc(=O)[nH]c6c5)cc4n3CC3CC3)n(C)c12,1,45,0.545150876045227,0.45484912395477295
Plain-GCN,7,495,C/C(CC(=O)Nc1ccc(Cl)c(C(F)(F)F)c1)=N\NC(=O)c1cnccn1,0,27,0.6317154169082642,0.36828458309173584
Plain-GCN,7,496,COc1ccc(-c2ccc3cc(-c4nc5cc(C(=O)N6C[C@H]7CC[C@@H]6[C@@H]7N)cc(OC)c5n4C)n(CC4CC4)c3c2)c(F)c1,1,44,0.5787860751152039,0.42121392488479614
Plain-GCN,7,497,COc1ccccc1-c1oc2ccccc2c1-c1ccccc1OC,0,25,0.8369127511978149,0.16308724880218506
Plain-GCN,7,498,CCC1(C)Cc2c(sc(NC(=O)CCC(=O)O)c2C#N)CO1,0,22,0.654389500617981,0.34561049938201904
Plain-GCN,7,499,C=CCn1c(Cc2csc(N)n2)nnc1SCC(=O)OCC,0,22,0.6231673359870911,0.37683266401290894
Plain-GCN,7,500,C=CCOc1ccccc1CNCCCN1CCOCC1.Cl,0,22,0.5797604918479919,0.42023950815200806
Plain-GCN,7,501,COc1ccc(CCNC(=O)c2c(-c3ccccc3)noc2C)cc1OC,0,27,0.6525321006774902,0.34746789932250977
Plain-GCN,7,502,Cn1nccc1NC(=O)c1nccnc1C(=O)O,0,18,0.6872081756591797,0.3127918243408203
Plain-GCN,7,503,C/C(=N\Nc1nc2c(s1)CCCC2)c1ccc(Cl)cc1.Cl,0,21,0.6752062439918518,0.3247937560081482
Plain-GCN,7,504,Oc1ccc(-c2cnc3ccccc3n2)cc1,0,17,0.8443418145179749,0.15565818548202515
Plain-GCN,7,505,COc1cc(C(=O)N2CCC[C@@H](N)C2)cc2nc(-c3ccc(C#N)n3CC3CCOCC3)n(C)c12,0,35,0.6494717597961426,0.3505282402038574
Plain-GCN,7,506,COc1cc(C(=O)OCC(=O)Nc2ccc(S(=O)(=O)N3CCCC3)cc2)cc(OC)c1OC,0,33,0.6164770722389221,0.3835229277610779
Plain-GCN,7,0,O=C1CSC(=Nc2cccc(Cl)c2Cl)N1,0,15,0.7903769612312317,0.2096230387687683
Plain-GCN,7,1,Cc1sc2c3ccsc3ccc2[n+]1C.[I-],0,15,0.7569388747215271,0.2430611252784729
Plain-GCN,7,2,CCc1cc(=O)oc2c(C)c(OC(C)C(=O)N3CCC[C@@H]3C(=O)O)ccc12,0,27,0.7607529759407043,0.23924702405929565
Plain-GCN,7,3,Cc1ccc(OCC(=O)N2CCN(S(=O)(=O)c3ccccc3[N+](=O)[O-])CC2)cc1,0,29,0.771396815776825,0.22860318422317505
Plain-GCN,7,4,CCc1cc(NC(C)=O)ccc1-c1ccc2cc(-c3nc4cc(C(=O)N5CC6CCC5[C@@H]6N)cc(OC)c4n3C)n(CC3CC3)c2n1,1,47,0.4818626940250397,0.5181373059749603
Plain-GCN,7,5,COc1cc(-c2ccc3cc(-c4nc5cc(C(=O)N6CC7CCC6[C@@H]7N)cc(OC)c5n4C)n(CC4CC4)c3n2)ccc1CC(N)=O,1,47,0.5202776789665222,0.4797223210334778
Plain-GCN,7,6,C/C(=N\NS(C)(=O)=O)c1ccccc1,0,14,0.759225070476532,0.24077492952346802
Plain-GCN,7,7,Cc1nn2c(N3CCN(C)CC3)c3c(nc2c1-c1ccccc1)CCCC3,0,27,0.6604551672935486,0.3395448327064514
Plain-GCN,7,8,Cc1ccc([C@@H]2C3COCC=C3C(C#N)=C(N)C2(C#N)C#N)o1,0,23,0.8009600043296814,0.1990399956703186
Plain-GCN,7,9,CCN(c1ccccc1)S(=O)(=O)c1ccc(F)c(C(=O)O)c1,0,22,0.7956693172454834,0.2043306827545166
Plain-GCN,7,10,COc1cc(C(=O)N2C[C@H](N)C[C@@H](F)C2)cc2nc(-c3cc4ccc(-c5ccc(C(N)=O)cc5C(F)(F)F)nc4n3CC3CC3)n(C)c12,1,48,0.5303366780281067,0.4696633219718933
Plain-GCN,7,11,O=C(CCNC(=O)C1CCN(S(=O)(=O)c2ccc(F)cc2)CC1)NCc1ccccc1Cl,0,32,0.7488880753517151,0.2511119246482849
Plain-GCN,7,12,Cn1nnnc1SCc1ccccc1F,0,15,0.6862674355506897,0.3137325644493103
Plain-GCN,7,13,C/C(N)=C(/C#N)C(=O)COC(=O)C(NS(=O)(=O)c1ccc(Cl)cc1)C(C)O,0,27,0.7556482553482056,0.24435174465179443
Plain-GCN,7,14,C=CCOC(=O)C1=C(C)NC(C)=C(C(=O)OCC=C)C1c1ccc(C)o1,0,26,0.7956369519233704,0.20436304807662964
Plain-GCN,7,15,Cc1ccc(-n2ncc3c2CCCC3NC(=O)c2ccoc2)cc1C,0,25,0.6551058888435364,0.3448941111564636
Plain-GCN,7,16,CCCN1CCN(S(=O)(=O)c2ccc3c(c2)CC(C)N3C(=O)C2CC2)CC1,0,27,0.8305413722991943,0.16945862770080566
Plain-GCN,7,17,CCN1CCN(Cc2c(O)c(Cl)cc3c(C)cc(=O)oc23)CC1,0,23,0.7538987994194031,0.24610120058059692
Plain-GCN,7,18,COc1cc(C(=O)N2[C@H]3CC[C@@H]2[C@H](N)C3)cc2nc(-c3cc4ccc([C@@H](C)NC(=O)CCC(=O)O)nc4n3CC3CC3)c(C)n12,1,45,0.44161930680274963,0.5583806931972504
Plain-GCN,7,19,COc1cc(C(=O)N2C[C@H](N)C[C@@H](F)C2)cc2nc(-c3cc4ccc(C5=CC(F)C=C6N=C(C)C(=O)N=C65)nc4n3CC3CC3)n(C)c12,1,48,0.4558469355106354,0.5441530644893646
Plain-GCN,7,20,Cc1cc(C(C)(C)C)ccc1OCCN1CCCC1,0,19,0.7364754676818848,0.26352453231811523
Plain-GCN,7,21,CC1(C)CC(=O)c2cc(C(=O)NC3CCSC3=O)c(=O)n(-c3ccc(Cl)cc3)c2C1,0,30,0.7032033205032349,0.29679667949676514
Plain-GCN,7,22,COc1cccc(CN2CCN(C(=O)Nc3ccc([N+](=O)[O-])cc3)CC2)c1,0,27,0.7940482497215271,0.2059517502784729
Plain-GCN,7,23,CCCCn1nc2cc(C(=O)NCC34CC5CC(CC(C5)C3)C4)ccc2c1OCC,0,30,0.5982298254966736,0.4017701745033264
Plain-GCN,7,24,CCCCCCn1c(=O)[nH]c2nc3cc(N)ccc3nc2c1=O,0,23,0.6306191682815552,0.3693808317184448
Plain-GCN,7,25,Cn1cccc1/C=C1\SC(=S)N(NC(=O)c2ccc(F)cc2)C1=O,0,24,0.7953208088874817,0.2046791911125183
Plain-GCN,7,26,O=C(CSc1nc2ccccc2s1)NC1CCCC1,0,19,0.7283977270126343,0.2716022729873657
Plain-GCN,7,27,COc1cc(C(=O)N2CC3CCC2[C@@H]3N)cc2nc(-c3cc4ccc(-c5cc(O)ccc5F)cc4n3CC3CC3)n(C)c12,1,43,0.5368207097053528,0.4631792902946472
Plain-GCN,7,28,COc1ccccc1N1CCN(C(=O)C(=O)c2cn(CC(=O)N3CCOCC3)c3ccccc23)CC1,0,36,0.7443068623542786,0.25569313764572144
Plain-GCN,7,29,O=C(COC(=O)c1cccnc1Cl)c1ccc(OC(F)F)cc1,0,23,0.8702673316001892,0.1297326683998108
Plain-GCN,7,30,COc1cc(C(=O)N2C[C@H](N)C[C@@H](F)C2)cc2nc(-c3cc4ccc(-c5ccc6[nH]c(=O)cc(O)c6c5)nc4n3CC3CC3)n(C)c12,1,47,0.48352885246276855,0.5164711475372314
Plain-GCN,7,31,CCCN=C1N(C)C[C@@H]2[C@@H]3C(=O)N(Cc4ccccc4)C(=O)[C@@H]3[C@](Cc3ccccc3)(C(=O)OC)N12.O=C(O)C(F)(F)F,0,43,0.6327993869781494,0.3672006130218506
Plain-GCN,7,32,CCCc1nc([N+](=O)[O-])c(S(=O)(=O)c2ccccc2)n1CC(C)C,0,24,0.6567425727844238,0.34325742721557617
Plain-GCN,7,33,Cc1ccc2c(c1)N(C(C)C(=O)NCc1ccccn1)C(=O)CO2,0,24,0.8816162943840027,0.11838370561599731
Plain-GCN,7,34,CCOC(=O)C1CCCN(C(=S)Nc2cc(C)cc(C)c2)C1,0,22,0.7205041646957397,0.27949583530426025
Plain-GCN,7,35,OCCC1CN(CCCc2ccccc2)CCN1Cc1ccccc1,0,25,0.7367718815803528,0.2632281184196472
Plain-GCN,7,36,COc1cc(C(=O)N2CC3CCC2[C@@H]3N)cc2nc(-c3cc4ccc(Nc5cncnc5)cc4n3CC3CC3)n(C)c12,1,42,0.4964306056499481,0.5035693943500519
Plain-GCN,7,37,CN1C2C=C3C(C#N)=C(N)C(C#N)(C#N)[C@@H](c4cccs4)C3C1CC2,0,25,0.7989166378974915,0.20108336210250854
Plain-GCN,7,38,CCOc1ccccc1NC(=S)NCc1ccccc1,0,20,0.8783769011497498,0.12162309885025024
Plain-GCN,7,39,CCCCNC(=O)CCC(=O)Nc1ccc2nc(N3CCN(C)CC3)cc(C)c2c1,0,30,0.7257087826728821,0.2742912173271179
Plain-GCN,7,40,COc1cc(C(=O)N2C[C@H](N)C[C@@H](F)C2)cc2nc(-c3cc4ccc(C(=O)NC5CCC(=O)NC5=O)nc4n3CC3CC3)n(C)c12,1,46,0.48032519221305847,0.5196748077869415
Plain-GCN,7,41,CC(C)=N/N=C(/c1ccc([N+](=O)[O-])cc1)C12CN3CN(CN(C3)C1)C2,0,25,0.6318284273147583,0.3681715726852417
Plain-GCN,7,42,CNC(=O)Nc1ccccc1NC(=O)NC,0,16,0.7433768510818481,0.25662314891815186
Plain-GCN,7,43,Cc1c(NC(=O)CN2CCCc3ccccc32)c(=O)n(-c2ccccc2)n1C,0,28,0.6770817041397095,0.3229182958602905
Plain-GCN,7,44,COc1ccc(C2CC(c3ccc(C)cc3)Nc3ncnn32)cc1,0,24,0.7793569564819336,0.2206430435180664
Plain-GCN,7,45,COc1cc(C(=O)N2CC3CCC2[C@@H]3N)cc2nc(-c3cc4ccc(C5C=CC6=NC(=O)NC6=C5)nc4n3CC3CC3)n(C)c12,1,45,0.48355284333229065,0.5164471566677094
Plain-GCN,7,46,Nn1c(SCC(=O)Nc2cc(C(F)(F)F)ccc2Cl)nncc1=O,0,24,0.6392213702201843,0.3607786297798157
Plain-GCN,7,47,COc1ccc(C2CC(c3ccc(Br)cc3)=NN2C(=O)c2cccnc2)cc1,0,28,0.8884562849998474,0.11154371500015259
Plain-GCN,7,48,Cc1cc(N/N=C/c2ccc(O)cc2O)nc(-c2ccccc2O)n1,0,25,0.8036922812461853,0.1963077187538147
Plain-GCN,7,49,COc1cc(-c2ccc3cc(-c4nc5cc(C(=O)N6CC7CCC6[C@@H]7N)cc(OC)c5n4C)n(CC4CC4)c3c2)c(F)cc1O,1,45,0.5284805297851562,0.47151947021484375
Plain-GCN,7,50,Cc1ccc(NC2=C/C(=N/S(=O)(=O)c3cccs3)c3ccccc3C2=O)cc1,0,28,0.8022142648696899,0.19778573513031006
Plain-GCN,7,51,COc1cc(C(=O)N2CC3CCC2[C@@H]3N)cc2nc(-c3cc4ccc(-c5ccc6c(c5)C(=O)CS(=O)(=O)N6C)cc4n3CC3CC3)n(C)c12,1,49,0.4569433629512787,0.5430566370487213
Plain-GCN,7,52,COc1cc(C(=O)N2CC3CCC2[C@@H]3N)cc2nc(-c3cc4ccc(Nc5cnc(C#N)nc5)nc4n3CC3CC3)n(C)c12,1,44,0.5360357761383057,0.46396422386169434
Plain-GCN,7,53,C=CCn1c(SCC(=O)N2CCOCC2)nc2sc3c(c2c1=O)CCCC3,0,27,0.6634775996208191,0.3365224003791809
Plain-GCN,7,54,COc1cc(C(=O)N2C[C@H](N)C[C@@H](F)C2)cc2nc(-c3cc4ccc(C5=CC6=NC(=O)NC6N=C5)cc4n3CC3CC3)n(C)c12,1,45,0.47254475951194763,0.5274552404880524
Plain-GCN,7,55,O=C(Nc1ccc(F)cc1F)c1c(C(F)(F)F)ccnc1Oc1ccccc1,0,28,0.6487264037132263,0.3512735962867737
Plain-GCN,7,56,CCC1CCCCN1C(=O)CCNS(=O)(=O)c1ccc2c(c1)oc(=O)n2C,0,27,0.6717399954795837,0.32826000452041626
Plain-GCN,7,57,S=c1nccc(-c2ccc3c(c2)CCO3)[nH]1,0,16,0.8262105584144592,0.17378944158554077
Plain-GCN,7,58,COc1cc(C(=O)N2C[C@H](N)CC[C@@H]2C)cc2nc(-c3cc4ccc(-c5ccc(C(N)=O)c(F)c5)nc4n3CC3CC3)n(C)c12,1,45,0.4803466498851776,0.5196533501148224
Plain-GCN,7,59,Cc1ccc(Nc2ncccc2C(N)=O)cc1,0,17,0.847377359867096,0.15262264013290405
Plain-GCN,7,60,CCOc1ccccc1NC(=O)CSc1nc(=O)n(Cc2ccncc2)c2c1CCC2,0,31,0.7427690029144287,0.2572309970855713
Plain-GCN,7,61,COc1ccc(NC2=NC(=S)N(c3ccc(C)cc3)C23CCCCC3)cc1,0,27,0.7759469151496887,0.22405308485031128
Plain-GCN,7,62,COc1ccc(-n2ncc3c2CC(C)(C)CC3NC(=O)C2CCN(C(C)=O)CC2)cc1,0,31,0.692720353603363,0.30727964639663696
Plain-GCN,7,63,Cc1ccc(/C=N/c2sc3c(c2C(N)=O)CCCC3)o1,0,20,0.7431755065917969,0.2568244934082031
Plain-GCN,7,64,COc1cc(C(=O)N2CC3CCC2[C@@H]3N)cc2nc(-c3cc4ccc(N5CCC6(CC5)CNC6=O)nc4n3CC3CC3)n(C)c12,1,45,0.5173062682151794,0.48269373178482056
Plain-GCN,7,65,CC1N=C2c3ccccc3N=C(SCc3cc(=O)n4cc(Cl)ccc4n3)N2C1=O,0,29,0.7353916764259338,0.26460832357406616
Plain-GCN,7,66,COc1cc(C(=O)N2CC3CCC2[C@@H]3N)cc2nc(-c3cc4ccc(-c5cnc6[nH]c(=O)ccc6c5)cc4n3CC3CC3)n(C)c12,1,46,0.5340240001678467,0.4659759998321533
Plain-GCN,7,67,Cc1ccc(C(=O)NCC(=O)OCC(=O)c2c(N)n(C)c(=O)n(C)c2=O)s1,0,27,0.736389696598053,0.263610303401947
Plain-GCN,7,68,COc1cc(C(=O)N2CC3CCC2[C@@H]3N)cc2nc(-c3cc4ccc(Nc5ccnc(C#N)c5)nc4n3CC3CC3)n(C)c12,1,44,0.4840986430644989,0.5159013569355011
Plain-GCN,7,69,O=C(O)CSCC(=O)N1CCN(c2nc3cc(Cl)ccc3s2)CC1,0,24,0.7862956523895264,0.21370434761047363
Plain-GCN,7,70,COc1cc(C(=O)N2CC3CCC2[C@@H]3N)cc2nc(-c3cc4ccc(-c5ccc(C(=O)Nc6ccncc6)cc5)cc4n3CC3CC3)n(C)c12,1,50,0.4448298513889313,0.5551701486110687
Plain-GCN,7,71,O=C(Oc1ccc(Br)cc1)c1cccnc1,0,16,0.934751033782959,0.06524896621704102
Plain-GCN,7,72,COc1cc(C(=O)N2C[C@H](N)C[C@@H](F)C2)cc2nc(-c3cc4ccc(-c5ccn(C)c(=O)c5)nc4n3CC3CC3)n(C)c12,1,43,0.5161299109458923,0.48387008905410767
Plain-GCN,7,73,COc1ccc(C2C3=C(N=C4SCC(=O)N42)c2ccccc2CC3)cc1OC,0,28,0.8244925737380981,0.17550742626190186
Plain-GCN,7,74,Fc1ccc(-c2ccc(Nc3cccc(F)c3)nn2)cc1,0,21,0.8876869082450867,0.11231309175491333
Plain-GCN,7,75,S=c1[nH]nc(-c2ccc3ccccc3n2)n1-c1ccc2c(c1)OCCO2,0,26,0.8066847324371338,0.1933152675628662
Plain-GCN,7,76,CC1(C)CC(NC(=O)N2c3ccccc3Sc3ccccc32)CC(C)(C)N1,0,27,0.825444221496582,0.17455577850341797
Plain-GCN,7,77,Cc1c(-c2cc3ccccc3n2Cc2ccoc2)nc2cc(C(=O)N3CCC[C@@H](N)C3)ccn12,1,34,0.38809987902641296,0.611900120973587
Plain-GCN,7,78,Cc1cccc(C)c1NC(=O)CSc1nnc(C2CCCCC2)o1,0,24,0.6986405849456787,0.3013594150543213
Plain-GCN,7,79,COc1cc(C(=O)N2CC3CCC2[C@@H]3N)cc2nc(-c3cc4ccc(-c5[nH]ccc(=O)c5F)nc4n3CC3CC3)n(C)c12,1,43,0.5096684098243713,0.49033159017562866
Plain-GCN,7,80,COc1cc(C(=O)N2CC3CCC2[C@@H]3N)cc2nc(-c3cc4ccc(-c5ccc(N6CCCC(O)C6=O)c(F)c5)nc4n3CC3CC3)n(C)c12,1,50,0.47043347358703613,0.5295665264129639
Plain-GCN,7,81,COc1ccc(N)cc1-n1c(C)ccc1C,0,16,0.7587475180625916,0.24125248193740845
Plain-GCN,7,82,Cc1cc(C)n(/N=C/c2cccs2)c(=O)c1C#N,0,18,0.7185097336769104,0.2814902663230896
Plain-GCN,7,83,COc1ccc(C(=O)CSC#N)cc1OC,0,16,0.7804870009422302,0.21951299905776978
Plain-GCN,7,84,O=C1OCCN1C(=O)[C@H]1[C@H](c2ccc(Cl)cc2)C(c2ccc(F)cc2)=NN1c1ccccc1,0,33,0.8238373398780823,0.17616266012191772
Plain-GCN,7,85,CCOC(=O)c1[nH]c2c(c1-c1ccccc1)C(=O)CC(c1ccc(Cl)cc1)C2,0,28,0.6545231342315674,0.3454768657684326
Plain-GCN,7,86,COc1cc(C(=O)N2CCC[C@@H](N)C2)cc2nc(-c3ccc(C(=O)N(Cc4ccccc4)c4ccccc4)n3CC3CC3)n(C)c12,0,46,0.38943105936050415,0.6105689406394958
Plain-GCN,7,87,CC(=O)Nc1cccc(-c2nnc(-c3ccccc3)o2)c1,0,21,0.8149764537811279,0.18502354621887207
Plain-GCN,7,88,O=C1CCC(C(=O)OC(C(=O)c2c[nH]c3ccccc23)c2ccccc2)=NN1,0,28,0.7634398341178894,0.2365601658821106
Plain-GCN,7,89,O=C(CSS(=O)(=O)[O-])N1CCN(C(=O)c2ccoc2)CC1.[Na+],0,22,0.6920115947723389,0.30798840522766113
Plain-GCN,7,90,O=C(COc1ccc(F)cc1)N/N=C/c1cccc2cccnc12,0,24,0.8487449884414673,0.15125501155853271
Plain-GCN,7,91,COc1cc(C(=O)N2CC3CCC2[C@@H]3N)cc2nc(-c3cc4ccc(-c5ccc(CC(N)=O)cc5)nc4n3CC3CC3)n(C)c12,1,45,0.504464864730835,0.49553513526916504
Plain-GCN,7,92,COc1ccc(CN2CC[C@H]3C=CCc4cccc(c43)C2)cc1,0,23,0.813444972038269,0.18655502796173096
Plain-GCN,7,93,COc1ccc(/C=N\N=C(N)N)cc1.O=[N+]([O-])O,0,18,0.5601992011070251,0.43980079889297485
Plain-GCN,7,94,COc1cccc(/C=N/NC(=O)c2cnn(-c3ccccc3)c2N)c1,0,25,0.7957815527915955,0.20421844720840454
Plain-GCN,7,95,COc1cc(C(=O)N2CC3CCC2[C@@H]3N)cc2nc(-c3cc4ccc(-c5cnc(C(N)=O)c(F)c5)nc4n3CC3CC3)n(C)c12,1,45,0.6327470541000366,0.3672529458999634
Plain-GCN,7,96,COc1cccc(Cn2c(-c3nc4cc(C(=O)N5CCC[C@@H](N)C5)ccn4c3C)cc3cc(F)ccc32)c1,1,38,0.38698408007621765,0.6130159199237823
Plain-GCN,7,97,Cc1noc(NC(=O)c2ccc(Cl)cc2)c1Cl,0,17,0.8060511350631714,0.1939488649368286
Plain-GCN,7,98,CCOC(=O)CSC1=NC(=O)/C(=C\c2ccc(OC(C)=O)cc2)S1,0,24,0.7626290321350098,0.23737096786499023
Plain-GCN,7,99,C=CCn1sc(N)c(C(=O)OCC)c1=S,0,15,0.6672046780586243,0.33279532194137573
Plain-GCN,7,100,CC(c1nc2ccccc2s1)N(C)C(=O)c1ccccc1F,0,22,0.8406784534454346,0.15932154655456543
Plain-GCN,7,101,COCCn1c(C)cc(C(=O)COC(=O)c2ccc(N3CCCC3=O)cc2)c1C,0,29,0.7874031066894531,0.21259689331054688
Plain-GCN,7,102,CC1CCC2(CC1)SCC(=O)N2c1ccc(F)cc1,0,19,0.7894854545593262,0.21051454544067383
Plain-GCN,7,103,O=C1C(Cl)=C(N2CCOCC2)C(=O)N1c1cccc(C(F)(F)F)c1,0,24,0.6767534613609314,0.3232465386390686
Plain-GCN,7,104,COc1ncc(-c2ccc3cc(-c4nc5cc(C(=O)N6CC7CCC6[C@@H]7N)cc(OC)c5n4C)n(CC4CC4)c3n2)cc1O,1,44,0.5300009250640869,0.4699990749359131
Plain-GCN,7,105,COc1cc(C(=O)N2C[C@H](N)C[C@@H](F)C2)cc2nc(-c3cc4ccc(-c5cccc(O)c5F)nc4n3CC3CC3)n(C)c12,1,43,0.510685920715332,0.48931407928466797
Plain-GCN,7,106,CC(C)c1nccn1CCN1C(=O)NC(C)(C)C1=O,0,19,0.6597657799720764,0.3402342200279236
Plain-GCN,7,107,CC(C)C(=O)N(c1cc2sc(=O)oc2c2ccccc12)S(=O)(=O)c1cccs1,0,28,0.7619748711585999,0.23802512884140015
Plain-GCN,7,108,Cc1oc2c(c1C(=O)NCc1cccnc1)C(=O)c1ccccc1C2=O,0,26,0.7145013809204102,0.28549861907958984
Plain-GCN,7,109,COc1cc(C(=O)N2C[C@H](N)C[C@@H](F)C2)cc2nc(-c3cc4ccc(-c5cc(Cl)c(O)cc5C)nc4n3CC3CC3)n(C)c12,1,44,0.5248507261276245,0.4751492738723755
Plain-GCN,7,110,Cc1cccc(NC(=S)N2CCCCCC2)c1,0,17,0.7612621784210205,0.2387378215789795
Plain-GCN,7,111,CCC1c2ccc(C)n2CCN1C(=O)Nc1cc(Cl)ccc1OC,0,24,0.7977415919303894,0.2022584080696106
Plain-GCN,7,112,CC1CC(C)(C)NC(=S)N1CC(=O)N1CCN(Cc2ccccc2)CC1,0,26,0.6843914985656738,0.31560850143432617
Plain-GCN,7,113,COc1cc(C(=O)N2C[C@H](N)C[C@@H](F)C2)cc2nc(-c3cc4ccc(-c5ccc(N6CCCC(O)C6=O)cc5)nc4n3CC3CC3)n(C)c12,1,49,0.44661054015159607,0.5533894598484039
Plain-GCN,7,114,Cc1cccc(-n2cc[nH]c2=S)c1,0,13,0.8793520927429199,0.12064790725708008
Plain-GCN,7,115,CC(C)(C)NC(=O)/C(=C/c1ccccc1F)NC(=O)c1ccc([N+](=O)[O-])cc1,0,28,0.7899135947227478,0.2100864052772522
Plain-GCN,7,116,COc1cccc(C2CC(c3cccs3)=NN2C(=O)CSC2=NCCS2)c1OC,0,29,0.8260582089424133,0.17394179105758667
Plain-GCN,7,117,O=C(O)c1ccc(Cl)c2c1C1C=CCC1C(c1ccccn1)N2,0,23,0.8737110495567322,0.12628895044326782
Plain-GCN,7,118,CCOC(=O)Cn1c(=NC(=O)CSC(C)=O)sc2ccccc21,0,23,0.7701111435890198,0.22988885641098022
Plain-GCN,7,119,O=[N+]([O-])c1ccc(Sc2nccn2Cc2ccccc2)c([N+](=O)[O-])c1,0,25,0.8389431238174438,0.16105687618255615
Plain-GCN,7,120,CCCN(Cc1nnc(-c2ccccc2Cl)o1)C(=O)c1cccc(S(=O)(=O)N2CCOCC2)c1,0,34,0.699847400188446,0.30015259981155396
Plain-GCN,7,121,COc1ccc2cc(-c3nc4cc(C(=O)N5CCC[C@@H](N)C5)ccn4c3C)n(Cc3ccc(F)cc3)c2c1,1,38,0.3912857174873352,0.6087142825126648
Plain-GCN,7,122,CCN(CC)c1ccc(N=Cc2cc(Br)ccc2O)cc1,0,21,0.8947254419326782,0.10527455806732178
Plain-GCN,7,123,N#Cc1ccc(C23CC4(C2)[C@H](CN(P(=O)(c2ccccc2)c2ccccc2)[C@@H]4c2ccccc2)C3c2ccc(Cl)nc2)cc1,0,44,0.7802046537399292,0.2197953462600708
Plain-GCN,7,124,COc1ccc(-c2nc3ccccc3n2OC(=O)N(C)C)cc1,0,23,0.8106765747070312,0.18932342529296875
Plain-GCN,7,125,N=C(CCl)NCCCc1cn(Cc2ccccc2)c2ccccc12,1,24,0.42933622002601624,0.5706637799739838
Plain-GCN,7,126,O=c1c2ccccc2nc(/C=C/c2ccc(Br)cc2)n1CCO,0,23,0.8185508251190186,0.18144917488098145
Plain-GCN,7,127,COc1cc(C(=O)N2C[C@H]3CC[C@@H]2[C@@H]3N)cc2nc(-c3cc4ccc(C5COC5)nc4n3CC3CC3)n(C)c12,1,39,0.47615209221839905,0.523847907781601
Plain-GCN,7,128,CC(=O)Oc1ccc(N(C(C)=O)S(=O)(=O)c2ccc(C)c([N+](=O)[O-])c2)cc1,0,27,0.7603856921195984,0.2396143078804016
Plain-GCN,7,129,COc1cc(C(=O)N2CC3CCC2[C@@H]3N)cc2nc(-c3cc4ccc(-c5cccc(S(N)(=O)=O)c5)nc4n3CC3CC3)n(C)c12,1,45,0.4794055223464966,0.5205944776535034
Plain-GCN,7,130,COc1cc(C(=O)N2C[C@H](N)C[C@@H](F)C2)cc2nc(-c3cc4ccc(-c5ccc(C6CNC(=O)N6)cc5)nc4n3CC3CC3)n(C)c12,1,47,0.45060184597969055,0.5493981540203094
Plain-GCN,7,131,CCn1c(-c2cnn(-c3ccccc3)c2C2CC2)nc2cc(C(=O)N3CCC[C@@H](N)C3)ccc21,0,34,0.3901907205581665,0.6098092794418335
Plain-GCN,7,132,Cn1c(=O)c(C(=O)Nc2ccccc2S(N)(=O)=O)c(O)c2ccccc21,0,26,0.6887620091438293,0.31123799085617065
Plain-GCN,7,133,CC(=O)Nc1cccc(NC=C(C#N)C#N)c1,0,17,0.7966380715370178,0.20336192846298218
Plain-GCN,7,134,Cc1nn(CC(=O)N2CCOCC2)c(=O)c2ccccc12,0,21,0.7248331904411316,0.2751668095588684
Plain-GCN,7,135,CCOC(=O)c1c2c3c(cccc3n(C)c1=O)C(=O)c1ccccc1-2,0,25,0.7873741388320923,0.21262586116790771
Plain-GCN,7,136,O=C(NCc1cccnc1)c1ccc(Cl)cc1[N+](=O)[O-],0,20,0.855202853679657,0.14479714632034302
Plain-GCN,7,137,CCOc1ccc(-c2cc(C(=O)NCCCN3CCN(CC)CC3)c3ccccc3n2)cc1,0,33,0.747106671333313,0.252893328666687
Plain-GCN,7,138,COc1cc(C(=O)N2C[C@H](N)C[C@@H](F)C2)cc2nc(-c3cc4ccc(-c5c(F)ccc(O)c5Cl)nc4n3CC3CC3)n(C)c12,1,44,0.5203704833984375,0.4796295166015625
Plain-GCN,7,139,COC(=O)Nc1ccc(-c2ccc3cc(-c4nc5cc(C(=O)N6CC7CCC6[C@@H]7N)cc(OC)c5n4C)n(CC4CC4)c3c2)cc1,1,46,0.469393253326416,0.530606746673584
Plain-GCN,7,140,CCOc1ccc(S(=O)(=O)Nc2nc3ccccc3nc2Nc2ccc(N3CCOCC3)cc2)cc1,0,36,0.7843658924102783,0.21563410758972168
Plain-GCN,7,141,COc1ccccc1NC(=S)N1CCN(c2ccccn2)CC1,0,23,0.8292351365089417,0.17076486349105835
Plain-GCN,7,142,CCOC(=O)c1sc(-c2ccccc2)cc1NC(=O)c1ccc(S(=O)(=O)N(CCOC)CCOC)cc1,0,37,0.7476311922073364,0.2523688077926636
Plain-GCN,7,143,Cn1c(-c2ccc(Cc3ccccc3)n2CC2CC2)nc2cc(C(=O)N3CCC[C@@H](N)C3)cnc21,1,35,0.3841317594051361,0.6158682405948639
Plain-GCN,7,144,CC1=C(C(=O)OC2CCCCC2)C(c2ccc(C)o2)C2=C(CC(C)(C)CC2=O)N1,0,29,0.7993270754814148,0.2006729245185852
Plain-GCN,7,145,CC(C)N1OC2CC1c1nc3ccccc3n1C2,0,18,0.7508531808853149,0.24914681911468506
Plain-GCN,7,146,Cl.O=C(NC1CCN(Cc2ccccc2)CC1)c1cccc(S(=O)(=O)Nc2ccc(SC(F)F)cc2)c1,0,37,0.7338603138923645,0.2661396861076355
Plain-GCN,7,147,N#Cc1cccc(CS(=O)(=O)c2ccc(Cl)cc2)c1,0,19,0.7965528964996338,0.2034471035003662
Plain-GCN,7,148,CCOc1cc2c(cc1/C=C/c1noc(C)c1[N+](=O)[O-])OC(C)C2,0,24,0.8040660619735718,0.19593393802642822
Plain-GCN,7,149,O=C(O)c1ccccc1CSc1nc2ccccc2s1,0,20,0.86918705701828,0.13081294298171997
Plain-GCN,7,150,CCC(C)N=CC1=C(O)CC(c2ccccc2)CC1=O,0,20,0.743360698223114,0.256639301776886
Plain-GCN,7,151,O=C(CSc1nc2ccccc2[nH]1)NCCN1CCCCC1,0,22,0.6822919249534607,0.3177080750465393
Plain-GCN,7,152,COc1cc(C(=O)N2CC3CCC2[C@@H]3N)cc2nc(-c3cc4ccc(C5=CC6NC(=O)N=C6N=C5)cc4n3CC3CC3)n(C)c12,1,45,0.47766873240470886,0.5223312675952911
Plain-GCN,7,153,CCn1ncc(Br)c1C(=O)Nc1ccc(C(C)C)cc1,0,20,0.7681987881660461,0.23180121183395386
Plain-GCN,7,154,CC(=O)Nc1ccc(SCC(=O)NC(=O)c2ccc(S(=O)(=O)N(C)C)cc2)cc1,0,29,0.7661145925521851,0.23388540744781494
Plain-GCN,7,155,COc1cc(C(=O)N2C[C@H](N)C[C@@H](F)C2)cc2nc(-c3cc4ccc(N5CCC6(CC5)CN(C)C(=O)O6)cc4n3CC3CC3)n(C)c12,1,47,0.47355416417121887,0.5264458358287811
Plain-GCN,7,156,Cc1c(-c2cc3ccccc3n2Cc2ccc(F)cn2)nc2cc(C(=O)N3CCC[C@@H](N)C3)ccn12,1,36,0.38656026124954224,0.6134397387504578
Plain-GCN,7,157,Cc1cccc(CN2CCN(Cc3cnn(-c4ccccc4F)c3)CC2CCO)n1,0,30,0.700759768486023,0.29924023151397705
Plain-GCN,7,158,COc1ccc2[nH]cc(CCNC(=O)Nc3ccccc3)c2c1,0,23,0.8187752962112427,0.18122470378875732
Plain-GCN,7,159,CCn1c(-c2cnc(-c3ccccc3)n2CC2CC2)nc2cc(C(=O)N3CCC[C@@H](N)C3)ccc21,1,35,0.40364617109298706,0.5963538289070129
Plain-GCN,7,160,Cc1ccccc1C(=O)NCC(=O)Nc1ccccc1C(F)(F)F,0,24,0.7249952554702759,0.2750047445297241
Plain-GCN,7,161,O=C1CN(C(=O)COc2ccc([N+](=O)[O-])cc2Cl)c2ccccc2N1,0,25,0.845312237739563,0.154687762260437
Plain-GCN,7,162,COC(=O)C1=CC(=O)N=C2C=CC(c3ccc4cc(-c5nc6cc(C(=O)N7CC8CCC7[C@@H]8N)cc(OC)c6n5C)n(CC5CC5)c4c3)C=C12,1,50,0.4304417371749878,0.5695582628250122
Plain-GCN,7,163,COC(=O)c1cn(-c2ccccc2)c(C)c1C(=O)OC,0,20,0.663216233253479,0.336783766746521
Plain-GCN,7,164,CCN(CC(=O)Nc1c(F)cccc1F)C(=O)Cc1ccc(OC)c(S(=O)(=O)N2CCOCC2)c1,0,35,0.7805666327476501,0.21943336725234985
Plain-GCN,7,165,COc1cc(C(=O)N2C[C@H](N)C[C@@H](F)C2)cc2nc(-c3cc4ccc(-c5c(C)ccc(O)c5C)nc4n3CC3CC3)n(C)c12,1,44,0.5114420652389526,0.48855793476104736
Plain-GCN,7,166,Cc1ccc(-n2ncc(C#N)c2/N=C/N2CCN(C)CC2)cc1,0,23,0.6790123581886292,0.32098764181137085
Plain-GCN,7,167,O=C(COC(=O)c1ccccc1SCC(=O)N1CCCC1)Nc1ccc(OC(F)F)cc1,0,32,0.7929575443267822,0.20704245567321777
Plain-GCN,7,168,CC1CCN(c2nc3c(=O)[nH]c(N)nc3n2[C@@H]2O[C@H](CO)[C@@H](O)[C@H]2O)CC1,0,27,0.5712579488754272,0.42874205112457275
Plain-GCN,7,169,CN(c1ccc(C(=O)NCCCn2ccnc2)cc1)S(C)(=O)=O,0,23,0.7222174406051636,0.2777825593948364
Plain-GCN,7,170,Cn1c(-c2cc3ccc(-c4ccc5[nH]c(=O)[nH]c(=O)c5c4)cc3n2CC2CC2)nc2cc(C(=O)N3C[C@H](N)C[C@@H](F)C3)cc(F)c21,1,46,0.4585265517234802,0.5414734482765198
Plain-GCN,7,171,COc1cc(C(=O)N2CC3CCC2[C@@H]3N)cc2nc(-c3cc4ccc(-c5cccc(C(N)=O)c5F)nc4n3CC3CC3)n(C)c12,1,45,0.49515482783317566,0.5048451721668243
Plain-GCN,7,172,Cc1cc(C(=O)Nc2ccc3c(c2)CCC3)ccc1[N+](=O)[O-],0,22,0.786396861076355,0.21360313892364502
Plain-GCN,7,173,CCCCOc1ccc(CSc2nc(C)[nH]c2[N+](=O)[O-])cc1[N+](=O)[O-],0,25,0.7240049242973328,0.27599507570266724
Plain-GCN,7,174,CC(C)c1oc(=O)cc2c1[C@@H](O)[C@H]1OC(=O)[C@@]3(C)CC[C@@H](O)[C@@]2(C)C13,0,25,0.7725545167922974,0.22744548320770264
Plain-GCN,7,175,CCc1cc2c(SCC(=O)Nc3cc(C)on3)ncnc2s1,0,22,0.8062761425971985,0.1937238574028015
Plain-GCN,7,176,COc1cc(C(=O)N2CC3CCC2[C@@H]3N)cc2nc(-c3cc4ccc(Nc5ccc(N)cc5)nc4n3CC3CC3)n(C)c12,1,43,0.4984758794307709,0.5015241205692291
Plain-GCN,7,177,C=CCn1c(SCC(=O)Nc2nc3ccccc3s2)nc(O)c(CC)c1=O,0,27,0.6693035364151001,0.3306964635848999
Plain-GCN,7,178,COc1cc(C(=O)N2CC3CCC2[C@@H]3N)cc2nc(-c3cc4ccc(CCN5CCOC5=O)cc4n3CC3CC3)n(C)c12,1,43,0.5005958676338196,0.4994041323661804
Plain-GCN,7,179,COc1cc(-c2ccc3cc(-c4nc5cc(C(=O)N6C[C@H](N)C[C@@H](F)C6)cc(OC)c5n4C)n(CC4CC4)c3n2)c(F)cc1CO,1,46,0.5022578239440918,0.4977421760559082
Plain-GCN,7,180,Cn1c(-c2ccc(-c3ccccc3)n2CC2CC2)nc2cc(C(=O)N3CC[C@@H]4CCN[C@@H]4C3)ccc21,1,36,0.41248393058776855,0.5875160694122314
Plain-GCN,7,181,O=C1NC(=O)/C(=C/c2ccc(OS(=O)(=O)c3ccc(F)cc3F)cc2)N1,0,26,0.751121461391449,0.24887853860855103
Plain-GCN,7,182,COc1cc(C(=O)N2CC3CCC2[C@@H]3N)cc2nc(-c3cc4ccc(Nc5ccc6c(c5)CCC(=O)N6)nc4n3CC3CC3)n(C)c12,1,47,0.4679012596607208,0.5320987403392792
Plain-GCN,7,183,Cc1ccc(CN2CCc3c(OCc4ccc(F)cc4)cccc3C2=O)cc1,0,28,0.8770281672477722,0.12297183275222778
Plain-GCN,7,184,COc1ccc(C(=O)C[n+]2ccc3c(c2)nc(-c2ccccc2)n3C)cc1.[Br-],0,28,0.6736419200897217,0.3263580799102783
Plain-GCN,7,185,CCCOC(=O)C(C)n1cnc2scc(-c3ccc(C)cc3)c2c1=O,0,25,0.701103925704956,0.29889607429504395
Plain-GCN,7,186,Cc1ccc(-c2nn(-c3ccccn3)c(=O)c3ccccc23)cc1C,0,25,0.8637107610702515,0.13628923892974854
Plain-GCN,7,187,COc1cc(C(=O)N2C[C@H](N)C[C@@H](F)C2)cc2nc(-c3cc4ccc(N5CCC6(CC5)CNC(=O)O6)cc4n3CC3CC3)n(C)c12,1,46,0.4889523386955261,0.5110476613044739
Plain-GCN,7,188,COc1cc(C(=O)N2CC3CCC2[C@@H]3N)cc2nc(-c3cc4ccc(C5C=CC6=NC(=O)C=C(CO)C6=C5)nc4n3CC3CC3)n(C)c12,1,48,0.4505801796913147,0.5494198203086853
Plain-GCN,7,189,Brc1ccc(-c2csc3[n+]2CCCCC3)cc1.[Br-],0,18,0.6461523175239563,0.3538476824760437
Plain-GCN,7,190,CCCCCn1c(=O)c2ccccc2n2c(=S)[nH]nc12,0,20,0.6591113209724426,0.3408886790275574
Plain-GCN,7,191,CN(C)c1ccc2cc(C(=O)N[C@@H](CCCN=C(N)CCl)C(=O)NCc3ccccc3)ccc2c1,1,35,0.6721160411834717,0.3278839588165283
Plain-GCN,7,192,CNc1ccccc(-c2ccc3cc4c(cc3n2)OCO4)c1=O,0,23,0.7998976111412048,0.20010238885879517
Plain-GCN,7,193,CC(C)NC(=O)CSc1c2c(nc3ccccc13)CCCC2,0,22,0.7796769738197327,0.22032302618026733
Plain-GCN,7,194,COc1cc(C(=O)N2CC3CCC2[C@@H]3N)cc2nc(-c3cc4ccc(-c5ccc(C(N)=O)c(F)c5)nc4n3CC3CC3)n(C)c12,1,45,0.5275943279266357,0.47240567207336426
Plain-GCN,7,195,COC(=O)c1cc(-c2ccc3cc(-c4nc5cc(C(=O)N6C[C@H](N)C[C@@H](F)C6)cc(OC)c5n4C)n(CC4CC4)c3n2)n(C)n1,1,45,0.492240846157074,0.507759153842926
Plain-GCN,7,196,CCn1c(C(=O)NCc2cccnc2)cc2sc(Cl)cc21,0,21,0.7412106990814209,0.2587893009185791
Plain-GCN,7,197,CC(/C=C/c1ccc(N(C)C)cc1)=N/N=C1/NC(=O)CC(C(=O)Nc2ccc(Cl)cc2)S1,0,32,0.7926523089408875,0.20734769105911255
Plain-GCN,7,198,COC(=O)Cc1cnc(NC(=O)CSc2nc(C(C)C)cc(=O)[nH]2)s1,0,25,0.7506111860275269,0.24938881397247314
Plain-GCN,7,199,O=C(Cc1cccs1)NNC(=S)NC(=O)c1ccc(F)c(F)c1,0,23,0.830776035785675,0.16922396421432495
Plain-GCN,7,200,COc1cc(C(=O)N2CC3CCC2[C@@H]3N)cc2nc(-c3cc4ccc(-c5ccc6c(c5)C(=O)NCC6)nc4n3CC3CC3)n(C)c12,1,46,0.5117616653442383,0.4882383346557617
Plain-GCN,7,201,COc1cc(C(=O)N2CC3CCC2[C@@H]3N)cc2nc(-c3cc4ccc(C(C)O)cc4n3CC3CC3)n(Cc3cnn(C)c3)c12,1,44,0.505732536315918,0.49426746368408203
Plain-GCN,7,202,Cc1cc(C)c(Nc2cc(S(=O)(=O)[O-])c(N)c3c2C(=O)c2ccccc2C3=O)c(C)c1.[Na+],0,32,0.6827458739280701,0.31725412607192993
Plain-GCN,7,203,CCCc1c(-c2nc3cc(C(=O)N4CCC[C@@H](N)C4)ccc3n2C)cnn1-c1ccccc1,0,33,0.4532420337200165,0.5467579662799835
Plain-GCN,7,204,Cc1ccc(OCCC(=O)NNC(=O)c2cc(C)oc2C)cc1,0,23,0.8498400449752808,0.15015995502471924
Plain-GCN,7,205,CC1(C)NC(=O)N(CCc2nn[nH]n2)C1=O,1,16,0.6061720848083496,0.3938279151916504
Plain-GCN,7,206,CCOC(=O)c1sc(NC(=O)CSc2nc(O)c(Cc3ccccc3)c(=O)[nH]2)nc1C,0,31,0.7170400619506836,0.2829599380493164
Plain-GCN,7,207,NS(=O)(=O)c1ccc(S(=O)(=O)c2ccccc2)nc1,0,19,0.7498884797096252,0.25011152029037476
Plain-GCN,7,208,Nc1nnc2c(n1)CCCC2,0,11,0.6782608032226562,0.32173919677734375
Plain-GCN,7,209,O=C(COc1ccccc1)Nc1nc(-c2ccc(S(=O)(=O)N3CCOCC3)cc2)cs1,0,31,0.7304104566574097,0.26958954334259033
Plain-GCN,7,210,CN1CN(C)c2ccc([N+](=O)[O-])c3cccc1c23,0,18,0.784800112247467,0.21519988775253296
Plain-GCN,7,211,COc1cc(C(=O)N2C[C@H](N)C[C@@H](F)C2)cc2nc(-c3cc4ccc(-c5ccc6c(c5)C(=O)NCC(=O)N6)nc4n3CC3CC3)n(C)c12,1,48,0.47536224126815796,0.524637758731842
Plain-GCN,7,212,CCOC(=O)CSc1cc(C)nc2ccc(OC)cc12,0,20,0.8408125638961792,0.1591874361038208
Plain-GCN,7,213,CCc1cc(NC(C)=O)ncc1-c1ccc2cc(-c3nc4cc(C(=O)N5C[C@H](N)C[C@@H](F)C5)cc(OC)c4n3C)n(CC3CC3)c2n1,1,47,0.49676331877708435,0.5032366812229156
Plain-GCN,7,214,O=C(NCc1ccccc1)C(c1ccccc1)N(Cc1cccs1)C(=O)c1cnccn1,0,32,0.8557060360908508,0.14429396390914917
Plain-GCN,7,215,COc1cc(C(=O)N2CC3CCC2[C@@H]3N)cc2nc(-c3cc4ccc(Oc5cc(C)nc(C)c5)nc4n3CC3CC3)n(C)c12,1,44,0.48031190037727356,0.5196880996227264
Plain-GCN,7,216,CC(=O)OCc1nc2ccccc2s1,0,14,0.8170902132987976,0.1829097867012024
Plain-GCN,7,217,COc1cc(C(=O)N2CC3CCC2[C@@H]3N)cc2nc(-c3cc4ccc(-c5cn(C)nc5-c5ccc(F)cc5)nc4n3CC3CC3)n(C)c12,1,48,0.47119614481925964,0.5288038551807404
Plain-GCN,7,218,COc1cc(/C=N/NC(=O)C(=O)/C=C2\NC(C)(C)Cc3ccccc32)ccc1O,0,29,0.8093855381011963,0.1906144618988037
Plain-GCN,7,219,Cc1cc(C)nc(/N=C(\N)Nc2ccc3c(c2)OCCO3)n1,0,22,0.6930781602859497,0.3069218397140503
Plain-GCN,7,220,CCN1CCN(c2ccc(N3CCN(C(=O)c4ccc(Br)o4)CC3)nn2)CC1,0,28,0.8006056547164917,0.1993943452835083
Plain-GCN,7,221,O=C(C1=C[C@H](C2CC2)C[C@H](OCCCCO)O1)N1CCN(Cc2ccc3c(c2)OCO3)CC1,0,33,0.8144663572311401,0.18553364276885986
Plain-GCN,7,222,COc1cc(C(=O)N2C[C@H]3CC[C@@H]2[C@@H]3N)cc2nc(-c3ccc(C#N)n3CC3CC3)n([C@@H](C)c3ccccn3)c12,0,40,0.4160900413990021,0.5839099586009979
Plain-GCN,7,223,COc1cccc(CNS(=O)(=O)c2c(C)[nH]c(C)c2C(=O)N2CCCCC2)c1,0,28,0.6591746807098389,0.34082531929016113
Plain-GCN,7,224,COc1cc(-c2ccc3cc(-c4nc5cc(C(=O)N6C[C@H]7CC[C@@H]6[C@@H]7N)cc(OC)c5n4C)n(CC4CC4)c3n2)ccc1F,1,44,0.4414631426334381,0.5585368573665619
Plain-GCN,7,225,COc1cc(C(=O)N2CC3CCC2[C@@H]3N)cc2nc(-c3cc4ccc(N5CC6(CCS6(=O)=O)C5)cc4n3CC3CC3)n(C)c12,1,44,0.5187919735908508,0.48120802640914917
Plain-GCN,7,226,COc1cc(C(=O)N2C[C@H](N)C[C@@H](F)C2)cc2nc(-c3cc4ccc(-c5ccn6nc(C)cc6n5)nc4n3CC3CC3)n(C)c12,1,45,0.492561012506485,0.507438987493515
Plain-GCN,7,227,CC1CCN(C(=O)C2CCN(S(=O)(=O)c3cccc4nonc34)CC2)CC1,0,27,0.7096155881881714,0.2903844118118286
Plain-GCN,7,228,COc1cc(C(=O)N2CC3CCC2[C@@H]3N)cc2nc(-c3cc4ccc(N5CCNCC5=O)cc4n3CC3CC3)n(C)c12,1,42,0.563910186290741,0.43608981370925903
Plain-GCN,7,229,COc1ccc(-n2c(CNC(=O)c3ccc(S(=O)(=O)N4CCCC4)cc3)n[nH]c2=S)cc1,0,32,0.7300847768783569,0.26991522312164307
Plain-GCN,7,230,CC(=O)c1ccccc1NC(=O)CC1(CC(=O)O)CCCCC1,0,23,0.7040262818336487,0.2959737181663513
Plain-GCN,7,231,COc1cc(C(=O)NC(C)C2CC3CCC2C3)cc(OC)c1OC,0,24,0.6176801919937134,0.3823198080062866
Plain-GCN,7,232,COc1cc(C(=O)N2CC3CCC2[C@@H]3N)cc2nc(-c3cc4ccc(Nc5cc(=O)[nH]cn5)nc4n3CC3CC3)n(C)c12,1,43,0.5071406364440918,0.4928593635559082
Plain-GCN,7,233,O=C(N/C(=C/c1ccccc1F)C(=O)N1CCCCC1)c1ccccc1,0,26,0.748554527759552,0.251445472240448
Plain-GCN,7,234,O=C(COC(=O)c1ccc([N+](=O)[O-])s1)NNC(=O)c1ccccc1,0,24,0.8462727069854736,0.15372729301452637
Plain-GCN,7,235,Cn1c2c(c(=O)n(C)c1=O)C(CC(=O)Nc1ccccc1F)C(=O)N2,0,25,0.7140550017356873,0.28594499826431274
Plain-GCN,7,236,O=C(COc1ccccc1)N/N=C/c1sc(=O)n(Cc2cccc(C(=O)O)c2)c1Cl,0,30,0.785956859588623,0.21404314041137695
Plain-GCN,7,237,CCN(CC)C(=S)SCC(=O)c1ccc(F)cc1,0,18,0.8033870458602905,0.19661295413970947
Plain-GCN,7,238,O=C(NC(=S)NNC(=O)c1ccccc1[N+](=O)[O-])c1ccc(Br)cc1,0,25,0.8542763590812683,0.1457236409187317
Plain-GCN,7,239,CCn1c(SCC(=O)NC2=NCCS2)nnc1C(C)NC(=O)c1ccccc1F,0,29,0.6992214322090149,0.3007785677909851
Plain-GCN,7,240,COc1cc(C(=O)N2CC3CCC2[C@@H]3N)cc2nc(-c3cc4ccc(-c5cnc(NC(C)=O)cc5Cl)nc4n3CC3CC3)n(C)c12,1,46,0.49590209126472473,0.5040979087352753
Plain-GCN,7,241,COc1cc(C(=O)N2C[C@H](N)C[C@@H](F)C2)cc2nc(-c3cc4ccc(C5=CC(C(F)(F)F)=CC6=NC(=O)NC56)nc4n3CC3CC3)n(C)c12,1,49,0.44465646147727966,0.5553435385227203
Plain-GCN,7,242,CCCc1cc2c(=O)c(-c3ccccn3)c(C)oc2cc1O,0,22,0.7071273326873779,0.29287266731262207
Plain-GCN,7,243,O=C(NCc1csc(-c2cccs2)n1)C1CCC1,0,18,0.7836264967918396,0.2163735032081604
Plain-GCN,7,244,Cc1cc(/C=C(\C#N)c2nnc(N3CCOCC3)n2-c2ccccc2)c(C)n1-c1ccccc1,0,34,0.6182202696800232,0.3817797303199768
Plain-GCN,7,245,COC1=CC(=O)c2ccccc2C1=O,0,14,0.7580536603927612,0.24194633960723877
Plain-GCN,7,246,COC(=O)c1ccc(NC(=O)CSc2nc3cccnc3n2C)cc1,0,25,0.7719230651855469,0.22807693481445312
Plain-GCN,7,247,COC(=O)CNC(=O)COc1ccc(-c2ccc3cc(-c4nc5cc(C(=O)N6CC7CCC6[C@@H]7N)cc(OC)c5n4C)n(CC4CC4)c3n2)cc1,1,51,0.4353953003883362,0.5646046996116638
Plain-GCN,7,248,O=C1CCN2C=Nc3cccc4ccc1c2c34,0,17,0.8058966398239136,0.19410336017608643
Plain-GCN,7,249,O=C(O)CCSc1ccc([N+](=O)[O-])cc1[N+](=O)[O-],0,18,0.8171007633209229,0.18289923667907715
Plain-GCN,7,250,COc1cc(C(=O)N2C[C@H](N)C[C@@H](F)C2)cc2nc(-c3cc4ccc(-c5ccc(N6CCCC6=O)cc5)nc4n3CC3CC3)n(C)c12,1,47,0.46971967816352844,0.5302803218364716
Plain-GCN,7,251,Cc1cc(OCC(=O)N2CCOCC2)ccc1NC(=O)c1ccccc1C,0,27,0.8072981238365173,0.19270187616348267
Plain-GCN,7,252,CCc1c(O)nc(SCc2nc3ccccc3c(=O)[nH]2)[nH]c1=O,0,23,0.7389137148857117,0.26108628511428833
Plain-GCN,7,253,COC(=O)C1=C(N)Oc2cc(N(C)C)ccc2C1c1ccccc1OC,0,26,0.791564404964447,0.20843559503555298
Plain-GCN,7,254,Cc1ccc(C2CC(=O)Oc3cc(O)ccc32)cc1,0,19,0.8720065951347351,0.1279934048652649
Plain-GCN,7,255,Cc1ccc(C)c(-n2nnnc2SCC(=O)Nc2cccc(-c3nnc4n3CCCCC4)c2)c1,0,34,0.6543872952461243,0.34561270475387573
Plain-GCN,7,256,Cc1csc(CNc2ncnc3ccc(-c4ccc5c(c4)OCO5)cc23)c1,0,27,0.7454857230186462,0.25451427698135376
Plain-GCN,7,257,COc1cc(C(=O)N2C[C@H](N)C[C@@H](F)C2)cc2nc(-c3cc4ccc(-c5cnc(C#N)nc5)nc4n3CC3CC3)n(C)c12,1,43,0.7151283025741577,0.2848716974258423
Plain-GCN,7,258,COC(=O)C(Cc1csc2ccc(Cl)cc12)NC(=O)c1ccc(Cl)cc1,0,26,0.8663202524185181,0.13367974758148193
Plain-GCN,7,259,CCN1C(=NCc2ccco2)N[C@@H](c2cccc(F)c2)C(C(=O)OC)=C1C,0,27,0.7472459077835083,0.2527540922164917
Plain-GCN,7,260,CC1(C)CC(=O)c2c(O)cc(OCC(=O)Nc3ccc(S(N)(=O)=O)cc3)cc2O1,0,29,0.6815255880355835,0.3184744119644165
Plain-GCN,7,261,Cc1c(C(c2cccs2)c2c(C)n(C)n(-c3ccccc3)c2=O)c(=O)n(-c2ccccc2)n1C,0,34,0.7712764739990234,0.22872352600097656
Plain-GCN,7,262,Cn1c(-n2nccc2-c2ccccc2)nc2cc(C(=O)N3CCC[C@@H](N)C3)ccc21,0,30,0.524347186088562,0.475652813911438
Plain-GCN,7,263,Cc1ccc(C(C)NC(=O)Cc2cccs2)cc1C,0,19,0.8786455392837524,0.12135446071624756
Plain-GCN,7,264,COc1ccccc1CCC(=O)Nc1cc(S(=O)(=O)N2CCCCC2)ccc1N1CCN(C)CC1,0,35,0.7803220152854919,0.21967798471450806
Plain-GCN,7,265,CC(C)CN1Cc2ccccc2Oc2cc(Br)ccc2S1(=O)=O,0,23,0.8085424304008484,0.1914575695991516
Plain-GCN,7,266,CCN(CC)S(=O)(=O)c1cc(C(=O)Oc2cccc(-c3cnc4ccccc4n3)c2)ccc1OC,0,35,0.7666645050048828,0.2333354949951172
Plain-GCN,7,267,CCOc1ccc(C(=O)N/N=C/c2cccc3cccnc23)cc1,0,24,0.8941909074783325,0.10580909252166748
Plain-GCN,7,268,CC1(c2nnc(-c3cccc(Cl)c3)o2)CC(c2ccc(C#N)cc2)=NO1,0,26,0.7504991888999939,0.2495008111000061
Plain-GCN,7,269,O=C(NC(=S)N(Cc1ccccc1)c1ccccn1)C1CC1,0,22,0.7402172088623047,0.2597827911376953
Plain-GCN,7,270,O=C(Nc1ccc(S(=O)(=O)Nc2nccs2)cc1)C1CC(=O)N(c2ccc(Cl)cc2)C1,0,31,0.8160891532897949,0.18391084671020508
Plain-GCN,7,271,CCCCN(Cc1ccco1)C(=O)Cn1ncc2c(=O)oc3ccc(C)cc3c21,0,29,0.7507827877998352,0.2492172122001648
Plain-GCN,7,272,COc1cc(C(=O)N2C[C@H](N)C[C@@H](F)C2)cc2nc(-c3cc4ccc(-c5ccc(C(N)=O)nc5C)nc4n3CC3CC3)n(C)c12,1,45,0.5459519624710083,0.4540480375289917
Plain-GCN,7,273,Cc1sc2nc(SCc3nc(-c4cccs4)no3)n(-c3ccccc3)c(=O)c2c1C,0,30,0.724611759185791,0.275388240814209
Plain-GCN,7,274,COC(=O)C1=C(C(=O)OC)C(c2ccc(OC)c(OC)c2)c2sc(=O)[nH]c2S1,0,28,0.775023341178894,0.22497665882110596
Plain-GCN,7,275,COc1cc(C(=O)N2C[C@H](N)C[C@@H](F)C2)cc2nc(-c3cc4ccc(-c5cccc(O)c5Cl)nc4n3CC3CC3)n(C)c12,1,43,0.5015313029289246,0.49846869707107544
Plain-GCN,7,276,Cc1c(-c2cc3cccc(Cl)c3n2Cc2ccc(F)cc2)nc2cc(C(=O)N3CCC[C@@H](N)C3)ccn12,1,37,0.3736497759819031,0.6263502240180969
Plain-GCN,7,277,CCOc1c(Br)cc(CNc2ccc(N3CCOCC3)cc2)cc1OC,0,26,0.824047863483429,0.17595213651657104
Plain-GCN,7,278,CC(C)(C)OC(=O)NCCC(=O)N/N=C/c1cccc2nccnc12,0,25,0.7035899758338928,0.2964100241661072
Plain-GCN,7,279,CC(CNC(=O)C1CCCCC1C(=O)O)c1ccccc1,0,21,0.6893874406814575,0.3106125593185425
Plain-GCN,7,280,COC(=O)c1cc(C(=O)OCC(=O)NCc2cccs2)cc([N+](=O)[O-])c1,0,26,0.8151127099990845,0.18488729000091553
Plain-GCN,7,281,CCCCCCCCCCCCN1[C@@H](CC(=O)O)c2cc(C(F)(F)F)ccc2S1(=O)=O,0,31,0.7002459764480591,0.2997540235519409
Plain-GCN,7,282,CCOC(=O)N1CCN(C(=O)c2c(-c3ccccc3)noc2C)CC1,0,25,0.730998694896698,0.269001305103302
Plain-GCN,7,283,CCn1c(N)[n+](CC(=O)Nc2ccc(SC(F)F)cc2)c2ccccc21.[Cl-],0,27,0.4784703254699707,0.5215296745300293
Plain-GCN,7,284,CC1=CC(=O)C2=C(C)CC[C@@H]3[C@H](OC(=O)[C@H]3C)[C@@H]12,0,18,0.8356800079345703,0.1643199920654297
Plain-GCN,7,285,CC(C)CCOc1cccc(OCC(=O)NC2CCS(=O)(=O)C2)c1,0,24,0.7076598405838013,0.29234015941619873
Plain-GCN,7,286,NNC(=O)c1ccc(N2CCc3ccccc32)c([N+](=O)[O-])c1,0,22,0.769081175327301,0.23091882467269897
Plain-GCN,7,287,COc1cc(C(=O)N2CC3CCC2[C@@H]3N)cc2nc(-c3cc4ccc(C5CNNC5OC)nc4n3CC3CC3)n(C)c12,1,42,0.504951536655426,0.495048463344574
Plain-GCN,7,288,CCOc1ccc(N2C(=O)/C(=C/c3cc(OC)c(OC)c(OC)c3)N(CC(=O)OC)C2=S)cc1,0,34,0.738182544708252,0.26181745529174805
Plain-GCN,7,289,CN(C)S(=O)(=O)c1cc(NC(=O)CN2CCN(c3ccccc3O)CC2)ccc1Cl,0,30,0.7275136709213257,0.2724863290786743
Plain-GCN,7,290,CNC(=O)NC1CCCCc2sccc21,0,15,0.7709574699401855,0.22904253005981445
Plain-GCN,7,291,CC1(OC(=O)C2CCCC2)C(=O)C=C2C=C(c3ccsc3)N(CC3CC3)C=C2C1=O,0,30,0.6835013628005981,0.31649863719940186
Plain-GCN,7,292,COc1ccc(Oc2nnnn2-c2ccccc2)cc1,0,20,0.8260210752487183,0.17397892475128174
Plain-GCN,7,293,COc1cc(C(=O)N2CC3CCC2[C@@H]3N)cc2nc(-c3cc4ccc(-c5cnn(C)c5-c5ccc(F)cc5)nc4n3CC3CC3)n(C)c12,1,48,0.4740733504295349,0.5259266495704651
Plain-GCN,7,294,CC(C)OCCCNC(=O)C1CC(=O)N(C2CCCCCCC2)C1,0,24,0.8116178512573242,0.18838214874267578
Plain-GCN,7,295,COc1ccc(-n2c(C)n[nH]c2=O)cc1OC,0,17,0.7597854137420654,0.24021458625793457
Plain-GCN,7,296,COc1cc(C(=O)N2CC3CCC2[C@@H]3N)cc2nc(-c3cc4ccc(C5CNC(=O)NC5=O)nc4n3CC3CC3)n(C)c12,1,43,0.5124613642692566,0.4875386357307434
Plain-GCN,7,297,Cc1ccc(CC(CC(=O)NCCc2ccc3c(c2)OCO3)C(=O)O)cc1,0,27,0.8267825841903687,0.17321741580963135
Plain-GCN,7,298,O=C(CSc1nnc(CNc2ccc(Cl)cc2)n1Cc1ccccc1)NCc1ccco1,0,32,0.7368850111961365,0.2631149888038635
Plain-GCN,7,299,Cc1ccc(S(=O)(=O)NNC(=O)C(=O)NNc2ccccn2)cc1,0,24,0.8736096620559692,0.12639033794403076
Plain-GCN,7,300,CCOC(=O)c1[nH]c2ccc(F)cc2c1NC(=O)c1cc(OC)c(OC)c(OC)c1,0,30,0.7673494815826416,0.2326505184173584
Plain-GCN,7,301,COc1cc(C(=O)N2CC3CCC2C3)cc2nc(-c3cc4ccc(N(C)C)cc4n3CC3CC3)n(C)c12,1,37,0.4662238359451294,0.5337761640548706
Plain-GCN,7,302,CCOc1ccc2nc(N/C(N)=N/C(=S)Nc3ccc(C)c(C)c3)nc(C)c2c1,0,29,0.7007470726966858,0.2992529273033142
Plain-GCN,7,303,CCOc1cc(/C=C\c2[nH]c(=O)[nH]c(=O)c2[N+](=O)[O-])ccc1OC(C)CC,0,27,0.7882606983184814,0.21173930168151855
Plain-GCN,7,304,Cc1nc(SCC(=O)N(C)C2(C#N)CCCCC2)c2ccccc2n1,0,25,0.7161201238632202,0.2838798761367798
Plain-GCN,7,305,Cc1noc(C(F)(F)F)c1C(=O)NNC(=O)c1ccccc1,0,22,0.6179736256599426,0.3820263743400574
Plain-GCN,7,306,COc1cc(C(=O)N2C[C@H](N)C[C@@H](F)C2)cc2nc(-c3cc4ccc(-c5ccc(C(N)=O)cc5Cl)nc4n3CC3CC3)n(C)c12,1,45,0.4875218868255615,0.5124781131744385
Plain-GCN,7,307,COC(=O)c1cc(-c2ccc3cc(-c4nc5cc(C(=O)N6CC7CCC6[C@@H]7N)cc(OC)c5n4C)n(CC4CC4)c3n2)n(C)n1,1,45,0.5056976079940796,0.4943023920059204
Plain-GCN,7,308,Cc1cc2cc(CNC(=O)c3cccs3)ccc2n1C,0,20,0.7184305787086487,0.2815694212913513
Plain-GCN,7,309,C=CCSc1nnc(CNC(=O)c2ccc(Cl)cc2)n1CC,0,22,0.7112628817558289,0.28873711824417114
Plain-GCN,7,310,O=C(NC1CCCC1)NS(=O)(=O)c1ccccc1Cl,0,19,0.6840273141860962,0.3159726858139038
Plain-GCN,7,311,CC(=O)Nc1ccc2c(c1)CCCC2,0,14,0.8199664950370789,0.18003350496292114
Plain-GCN,7,312,Cc1ccc2c(CN3CCOCC3)cc(=O)oc2c1C,0,20,0.7422850131988525,0.25771498680114746
Plain-GCN,7,313,CC(=O)NCCNC(=O)CCNC(=O)c1ccc(Cl)cc1,0,21,0.797446608543396,0.202553391456604
Plain-GCN,7,314,COc1cc(C(=O)N2CC3CCC2[C@@H]3N)cc2nc(-c3cc4ccc(C5=CC=CC6=NC(=O)C=CC56)nc4n3CC3CC3)n(C)c12,1,46,0.4803355932235718,0.5196644067764282
Plain-GCN,7,315,Cn1ccnc1C(=O)c1ccccc1Cl,0,15,0.8473694920539856,0.1526305079460144
Plain-GCN,7,316,COc1ccc(-c2cc(=O)[nH][nH]2)cc1,0,14,0.8803108930587769,0.11968910694122314
Plain-GCN,7,317,O=C(C1=C[C@@H](c2ccc(C(F)(F)F)cc2)C[C@@H](OCc2ccc(CO)cc2)O1)N1CCN(Cc2ccc3c(c2)OCO3)CC1,0,44,0.7562393546104431,0.24376064538955688
Plain-GCN,7,318,COc1cc(/C=N/Nc2ccccc2[N+](=O)[O-])ccc1OC(=O)c1ccccc1F,0,30,0.8913949728012085,0.1086050271987915
Plain-GCN,7,319,Cc1ccccc1Cn1ccc(NC(=O)c2onc(C)c2Cl)n1,0,23,0.8009122610092163,0.1990877389907837
Plain-GCN,7,320,CCOc1ccc(N(C(=O)c2cnsn2)C(C(=O)NC2CCCCC2)c2ccncc2)cc1,0,33,0.7390148639678955,0.2609851360321045
Plain-GCN,7,321,COc1ccc(-c2nn(-c3ccccc3)cc2C(=O)NC(=S)NNC(=O)c2ccncc2)cc1,0,34,0.8406482934951782,0.15935170650482178
Plain-GCN,7,322,COc1cc(C(=O)N2CC3CCC2[C@@H]3N)cc2nc(-c3cc4ccc(-c5cnc(C#N)cc5C)nc4n3CC3CC3)n(C)c12,1,44,0.6590405702590942,0.34095942974090576
Plain-GCN,7,323,COc1cc([N+](=O)[O-])c(OC)cc1SCc1n[nH]c(=S)n1-c1ccc(F)cc1,0,28,0.7522071003913879,0.24779289960861206
Plain-GCN,7,324,Cc1sc2ncn(CC(=O)NCC(=O)N3CCN(c4ccccc4F)CC3)c(=O)c2c1C,0,32,0.7416276335716248,0.25837236642837524
Plain-GCN,7,325,CCCC[n+]1c(C)sc2cc(OC)ccc21.[I-],0,17,0.7514860033988953,0.24851399660110474
Plain-GCN,7,326,COc1cc(C(=O)N2CC3CCC2[C@@H]3N)cc2nc(-c3cc4ccc(N5CCC(O)(c6ccccc6)C5)nc4n3CC3CC3)n(C)c12,1,47,0.49574363231658936,0.5042563676834106
Plain-GCN,7,327,COc1cc(C(=O)N2CC3CCC2[C@@H]3N)cc2nc(-c3cc4ccc(-c5ccc6c(c5)CCNC6=O)nc4n3CC3CC3)n(C)c12,1,46,0.5071369409561157,0.4928630590438843
Plain-GCN,7,328,NS(=O)(=O)c1cc(C(=O)NNC(=O)c2ccc3c(c2)OCO3)ccc1Cl,0,26,0.7967899441719055,0.20321005582809448
Plain-GCN,7,329,Fc1ccc(OCc2nnc(-c3ccccc3Br)o2)c(Cl)c1,0,22,0.8080960512161255,0.1919039487838745
Plain-GCN,7,330,COc1cc(C(=O)N2C[C@H](N)C[C@@H](F)C2)cc2nc(-c3cc4ccc(-c5cnc6c(c5)C(=O)NC6)nc4n3CC3CC3)n(C)c12,1,45,0.5585187077522278,0.4414812922477722
Plain-GCN,7,331,COc1cc(C(=O)N2C[C@H](N)C[C@@H](F)C2)cc2nc(-c3cc4ccc(-c5ccc(N6CCC(O)C6=O)c(C)n5)nc4n3CC3CC3)n(C)c12,1,49,0.4552466869354248,0.5447533130645752
Plain-GCN,7,332,CCc1ccc(S(=O)(=O)Nc2ccc(O)c3ccccc23)cc1,0,23,0.8885266780853271,0.11147332191467285
Plain-GCN,7,333,COC(=O)c1sc2ccccc2c1NC(=O)c1ccc(S(=O)(=O)N2CC(C)CC(C)C2)cc1,0,33,0.6900418996810913,0.3099581003189087
Plain-GCN,7,334,CCCS(=O)(=O)c1csc(C(=O)OC)c1N,0,16,0.7054301500320435,0.29456984996795654
Plain-GCN,7,335,O=c1[nH]c(Nc2ccccn2)cc2ccccc12,0,18,0.8697989583015442,0.1302010416984558
Plain-GCN,7,336,CS(=O)(=O)N(CC(=O)N1CCOCC1)Cc1ccc(Cl)cc1,0,22,0.6904724836349487,0.30952751636505127
Plain-GCN,7,337,COc1ccc(OCC(=O)Nc2ccccc2C(=O)Nc2ccc(C(=O)O)cc2)cc1,0,31,0.8876673579216003,0.11233264207839966
Plain-GCN,7,338,COc1cc(C(=O)N2CC3CCC2[C@@H]3N)cc2nc(-c3cc4ccc(-c5cn[nH]c5C)cc4n3CC3CC3)n(C)c12,1,41,0.5815536379814148,0.4184463620185852
Plain-GCN,7,339,Cc1ccccc1OC(C)C(=O)NCCC1=CCCCC1,0,21,0.806974470615387,0.19302552938461304
Plain-GCN,7,340,CCOc1ccc(N(CC(=O)N/N=C/c2cc([N+](=O)[O-])ccc2Cl)S(C)(=O)=O)cc1,0,30,0.7558971047401428,0.24410289525985718
Plain-GCN,7,341,COc1cc(C(=O)N2CC3CCC2[C@@H]3N)cc2nc(-c3cc4ccc(-c5ccc(S(C)(=O)=O)nc5)nc4n3CC3CC3)n(C)c12,1,45,0.5051819086074829,0.4948180913925171
Plain-GCN,7,342,O=C1CN(S(=O)(=O)c2cc(C(=O)O)ccc2Cl)c2ccccc2N1,0,24,0.7631454467773438,0.23685455322265625
Plain-GCN,7,343,CC(=O)c1ccc(OCc2cc(C(=O)NCCN3CCCC(O)C3)no2)cc1,0,28,0.7015107870101929,0.29848921298980713
Plain-GCN,7,344,CSC1=NC(C)(C)CC2(C)Nc3ccccc3N12,0,18,0.7224575281143188,0.27754247188568115
Plain-GCN,7,345,S=c1[nH]nc(-c2c[nH]c3ccccc23)o1,0,15,0.8606013059616089,0.1393986940383911
Plain-GCN,7,346,CC(C)c1nc(SCC(=O)N2CC(=O)Nc3ccccc32)c2ccccc2n1,0,28,0.8008427619934082,0.1991572380065918
Plain-GCN,7,347,COc1cc(C(=O)N2CC3CCC2[C@@H]3N)cc2nc(-c3cc4ccc(N5CCC(S(C)(=O)=O)CC5)cc4n3CC3CC3)n(C)c12,1,45,0.49937042593955994,0.5006295740604401
Plain-GCN,7,348,COc1cc(C(=O)N2C[C@H](N)C[C@@H](F)C2)cc2nc(-c3cc4ccc(CCN5CCOC5=O)nc4n3CC3CC3)n(C)c12,1,43,0.5122393369674683,0.48776066303253174
Plain-GCN,7,349,Cc1cccc(-c2nc3ccccc3c(=O)n2NC(=O)c2ccc([N+](=O)[O-])c(C)c2)c1,0,31,0.8090299963951111,0.19097000360488892
Plain-GCN,7,350,CN(C)C(CNC(=O)C1CCN(S(=O)(=O)c2cccc(Cl)c2Cl)CC1)c1ccccc1,0,31,0.7258245348930359,0.2741754651069641
Plain-GCN,7,351,Cn1sc(=O)c2cc(S(=O)(=O)NC3CC3)ccc21,0,18,0.6901143789291382,0.3098856210708618
Plain-GCN,7,352,CCCc1c(C(=O)N/N=C/c2ccc(OC)c(OCc3ccccc3)c2)nnn1-c1nonc1N,0,35,0.7018672823905945,0.2981327176094055
Plain-GCN,7,353,CCNC(=O)c1c(NC(=O)C2COc3ccccc3O2)sc2c1CCCC2,0,27,0.7800722718238831,0.21992772817611694
Plain-GCN,7,354,COc1cc2nc(N(CCCN(C)C)C(=O)c3ccc(S(=O)(=O)N4CCc5ccccc54)cc3)sc2cc1OC.Cl,0,41,0.7374169230461121,0.26258307695388794
Plain-GCN,7,355,COc1cc(C(=O)N2CC3CCC2[C@@H]3N)cc2nc(-c3cc4ccc(-c5ccc6nnnn6c5)nc4n3CC3CC3)n(C)c12,1,44,0.523428201675415,0.47657179832458496
Plain-GCN,7,356,CNC(=O)n1ccc(C(=O)N2CCCCC2)n1,0,17,0.7380382418632507,0.26196175813674927
Plain-GCN,7,357,CC(NC(=O)c1ccccc1)C(=O)OCC(=O)c1ccc(Br)cc1,0,24,0.8918584585189819,0.10814154148101807
Plain-GCN,7,358,CCOC(=O)c1ccc(NC(=O)CSc2nc3cccnc3n2C)cc1,0,26,0.7888261675834656,0.21117383241653442
Plain-GCN,7,359,O=C(COc1ccc(S(=O)(=O)N2CCCC2)cc1)NCc1cccnc1,0,26,0.7646714448928833,0.2353285551071167
Plain-GCN,7,360,COC(=O)C1=C(C(=O)OC)SC2(S1)C(C(=O)OC)=C(C(=O)OC)SC1=C2c2cc(C)cc(C)c2NC1(C)C,0,38,0.8191966414451599,0.1808033585548401
Plain-GCN,7,361,COC(=O)c1cn(C(=O)c2cc(OC)cc(OC)c2)c2ccccc12,0,25,0.7943486571311951,0.20565134286880493
Plain-GCN,7,362,COc1ccc(Cn2c(-c3nc4cc(C(=O)N5CCC[C@@H](N)C5)ccn4c3C)cc3ccccc32)nc1,1,37,0.38280677795410156,0.6171932220458984
Plain-GCN,7,363,COc1ccc(/C=N/n2c(=O)c(C(C)(C)C)nn3cnnc23)cc1,0,24,0.6667410731315613,0.3332589268684387
Plain-GCN,7,364,COc1cccc2cc(C(=O)NC3CC(C)(C)NC(C)(C)C3)c(=O)oc12,0,26,0.7801857590675354,0.2198142409324646
Plain-GCN,7,365,COc1ccc(C(=O)NCCc2ccc(C(F)(F)F)cc2)cc1S(=O)(=O)N1CCOCC1,0,32,0.7118397355079651,0.2881602644920349
Plain-GCN,7,366,O=C(O)CN1C(=O)/C(=C\c2ccccc2OCc2ccc(Cl)cc2Cl)SC1=S,0,28,0.7640076875686646,0.23599231243133545
Plain-GCN,7,367,Cc1cc(C)cc(-n2ccnc2SCC(=O)Nc2cccc(S(=O)(=O)NC3=NCCC3)c2)c1,0,33,0.7199508547782898,0.2800491452217102
Plain-GCN,7,368,O=C(NNC(=O)c1cccc(C(F)(F)F)c1)c1ccc(-n2cnnn2)cc1,0,27,0.7334996461868286,0.2665003538131714
Plain-GCN,7,369,Cc1c(-c2cc3ccccc3n2CC2CC2)nc2cc(C(=O)N3CCC4OCCNC4C3)ccn12,1,35,0.401262104511261,0.598737895488739
Plain-GCN,7,370,COc1cc(C(=O)N2CC3CCC2[C@@H]3N)cc2nc(-c3cc4ccc(-c5nnnn5C)nc4n3CC3CC3)n(C)c12,1,41,0.5447149276733398,0.45528507232666016
Plain-GCN,7,371,Cc1sc2nc(-c3ccco3)oc(=O)c2c1C,0,17,0.7639604806900024,0.23603951930999756
Plain-GCN,7,372,Cc1cc(C(C#N)c2ccccc2)n2ncnc2n1,0,19,0.7170968055725098,0.28290319442749023
Plain-GCN,7,373,O=C(C1CCCO1)N1CCN(S(=O)(=O)c2ccc(Cl)cc2)CC1,0,23,0.7694103121757507,0.23058968782424927
Plain-GCN,7,374,Cn1c(-c2cncn2CC2CC2)nc2cc(C(=O)N3CCC[C@@H](N)C3)ccc21,0,28,0.41468849778175354,0.5853115022182465
Plain-GCN,7,375,COc1cc(C(=O)N2CC3CCC2[C@@H]3N)cc2nc(-c3cc4ccc(-c5ccnc(F)c5C)nc4n3CC3CC3)n(C)c12,1,43,0.5769304633140564,0.4230695366859436
Plain-GCN,7,376,O=C(Oc1cccc([N+](=O)[O-])c1)c1ccc2c(=O)n3c(nc2c1)CCC3,0,26,0.6271235346794128,0.37287646532058716
Plain-GCN,7,377,COCCn1nnnc1SCC(=O)N1CCCCC1,0,19,0.6928114891052246,0.3071885108947754
Plain-GCN,7,378,Cc1ccc([N+](=O)[O-])c(C(=O)N/N=C/c2cccnc2)c1,0,21,0.8322985768318176,0.16770142316818237
Plain-GCN,7,379,c1ccc2c(CNC3CCCCC3)c[nH]c2c1,0,17,0.730677604675293,0.26932239532470703
Plain-GCN,7,380,COC(=O)c1ccc(-c2ncc[nH]2)cc1,0,15,0.8751469254493713,0.12485307455062866
Plain-GCN,7,381,O=S(=O)(/C=C/c1ccccc1)N1CCN(Cc2ccc3c(c2)OCO3)CC1,0,27,0.7256278395652771,0.2743721604347229
Plain-GCN,7,382,COc1ccc(Cl)cc1NC(=O)c1[nH]c(C)c(C(C)=O)c1C,0,22,0.6401111483573914,0.35988885164260864
Plain-GCN,7,383,COc1cccc(NC(=O)Nc2cccs2)c1,0,17,0.8852142095565796,0.11478579044342041
Plain-GCN,7,384,Cn1cnc([N+](=O)[O-])c1Sc1ccc(C(C)(C)C)cc1,0,20,0.7506511211395264,0.24934887886047363
Plain-GCN,7,385,CC(=O)Nc1c(O)nc(SCC(=O)Nc2sc3c(c2C#N)CCCCCC3)[nH]c1=O,0,30,0.7013216018676758,0.2986783981323242
Plain-GCN,7,386,COc1cc(C(=O)N2C[C@H](N)C[C@@H](F)C2)cc2nc(-c3cc4ccc(-c5cccc(F)c5C(=O)O)nc4n3CC3CC3)n(C)c12,1,45,0.4802957773208618,0.5197042226791382
Plain-GCN,7,387,COc1cc(C(=O)N2CC3CCC2[C@@H]3N)cc2nc(-c3cc4ccc(-c5cc(O)ccc5Cl)nc4n3CC3CC3)n(C)c12,1,43,0.513988733291626,0.486011266708374
Plain-GCN,7,388,CC(=O)Nc1ccc(NC(=O)C(C)OC(=O)CC2CCCCC2)cc1,0,25,0.7001123428344727,0.29988765716552734
Plain-GCN,7,389,N#Cc1ccc(N2Cc3ccccc3C2=NC(=O)c2cccs2)cc1,0,25,0.847205638885498,0.15279436111450195
Plain-GCN,7,390,COc1cc(C(=O)N2CC3CCC2[C@@H]3N)cc2nc(-c3cc4ccc(-c5ccc(Cl)c(C(N)=O)c5)nc4n3CC3CC3)n(C)c12,1,45,0.5066812038421631,0.4933187961578369
Plain-GCN,7,391,Cc1[nH]n2c(=O)c3c(nc2c1-c1ccccc1)CCCC3,0,21,0.6157099604606628,0.38429003953933716
Plain-GCN,7,392,COc1ccc(N(C(=O)c2cccnc2)S(=O)(=O)c2cccc([N+](=O)[O-])c2)cc1,0,29,0.8186570405960083,0.1813429594039917
Plain-GCN,7,393,Cc1ccc(S(=O)(=O)NCCC(=O)Nc2ccc(S(=O)(=O)NC(C)C)cc2)cc1,0,29,0.7973135113716125,0.20268648862838745
Plain-GCN,7,394,O=S(=O)(c1ccc2ccccc2c1)N1CCN(S(=O)(=O)N2CCCCC2)CC1,0,28,0.7086380124092102,0.2913619875907898
Plain-GCN,7,395,O=c1cc(-c2ccc(Cl)cc2)[nH][nH]1,0,13,0.8892542719841003,0.11074572801589966
Plain-GCN,7,396,Cc1sc2ccccc2[n+]1CC(=O)O.[Br-],0,15,0.7472572922706604,0.2527427077293396
Plain-GCN,7,397,Cc1ccc(N(C(=O)c2cccs2)C2C=CS(=O)(=O)C2)cc1,0,22,0.8433226346969604,0.15667736530303955
Plain-GCN,7,398,CC(C)c1ccc(NC2CCCN(C(=O)CCN3CCOCC3)C2)cc1,0,26,0.7116907835006714,0.2883092164993286
Plain-GCN,7,399,COC1CCCN(C(=O)c2cccc(OC3CCN(S(=O)(=O)N(C)C)CC3)c2)C1,0,29,0.664177656173706,0.33582234382629395
Plain-GCN,7,400,COc1cc(C(=O)N2C[C@H](N)C[C@@H](F)C2)cc2nc(-c3cc4ccc(-c5ccc(OCC(N)=O)cc5)nc4n3CC3CC3)n(C)c12,1,46,0.46673187613487244,0.5332681238651276
Plain-GCN,7,401,COc1ccc(CCNS(=O)(=O)c2cccc(C(=O)O)c2)cc1OC,0,25,0.833702027797699,0.16629797220230103
Plain-GCN,7,402,COc1cc(C(=O)N2CC3CCC2[C@@H]3N)cc2nc(-c3cc4ccc(-c5cc(F)c6c(c5)CCC(=O)N6)cc4n3CC3CC3)n(C)c12,1,47,0.5923251509666443,0.4076748490333557
Plain-GCN,7,403,COc1cc(OC)cc(C2C(C#N)=C(N)Oc3n[nH]c(-c4cccnc4)c32)c1,0,28,0.7521964311599731,0.24780356884002686
Plain-GCN,7,404,Cc1sc2ccccc2[n+]1CCC(C)S(=O)(=O)[O-],0,18,0.7288400530815125,0.27115994691848755
Plain-GCN,7,405,Cc1cccc2sc(N(CCCN(C)C)C(=O)c3ccc4ncsc4c3)nc12,0,28,0.7705726027488708,0.22942739725112915
Plain-GCN,7,406,CN(C)CCCn1c(SCC(=O)N2c3ccccc3Sc3ccccc32)nc2ccccc2c1=O,0,35,0.7581548690795898,0.24184513092041016
Plain-GCN,7,407,C[C@H](CO)N1C[C@H](C)[C@@H](CN(C)Cc2ccc(C(=O)O)cc2)Oc2ccc(NS(=O)(=O)c3cn(C)cn3)cc2C1=O,0,41,0.7060984373092651,0.29390156269073486
Plain-GCN,7,408,O=C(Cc1cc(=O)[nH][nH]1)N/N=C/c1cccc(Cl)c1Cl,0,20,0.7943803071975708,0.2056196928024292
Plain-GCN,7,409,CN1CCc2c(sc3nc(SCC(N)=O)n(-c4ccccc4)c(=O)c23)C1,0,26,0.6014022827148438,0.39859771728515625
Plain-GCN,7,410,COc1ccc(OC)c(S(=O)(=O)Nc2ccccc2C(=O)O)c1,0,23,0.8394249677658081,0.1605750322341919
Plain-GCN,7,411,CCc1ccccc1N(CC)C(=O)c1cn(C)c(=O)c2cc(OC)c(OC)cc12,0,29,0.6652077436447144,0.33479225635528564
Plain-GCN,7,412,NC(=O)COC(=O)c1ccccc1Nc1ccc(SC(F)F)cc1,0,24,0.751811146736145,0.24818885326385498
Plain-GCN,7,413,CCOC(=O)N1CCN(c2c(N3CCN(c4cccc(C(F)(F)F)c4)CC3)c(=O)c2=O)CC1,0,33,0.7504510879516602,0.24954891204833984
Plain-GCN,7,414,CCOC(=O)c1[nH]c(=O)c2ccccc2c1O,0,17,0.859325647354126,0.14067435264587402
Plain-GCN,7,415,COc1cc(C(=O)N2CC3CCC2[C@@H]3N)cc2nc(-c3cc4ccc(-c5ccc(CS(C)(=O)=O)cc5F)nc4n3CC3CC3)n(C)c12,1,47,0.4824005365371704,0.5175994634628296
Plain-GCN,7,416,COc1ccc([N+](=O)[O-])cc1NC(=O)CCS(=O)(=O)c1ccc(Br)cc1,0,26,0.7766429781913757,0.22335702180862427
Plain-GCN,7,417,COc1cc(C(=O)N2[C@H]3CC[C@@H]2[C@H](N)C3)cc2nc(-c3cc4ccc([C@@H](C)NC(=O)N5CCO[C@@H](C)C5)nc4n3CC3CC3)c(C)n12,1,47,0.4336841106414795,0.5663158893585205
Plain-GCN,7,418,Cc1nn(Cc2c(F)c(F)c(F)c(F)c2F)c(C)c1NC(=O)c1c([N+](=O)[O-])c(C)nn1C,0,32,0.7971405386924744,0.20285946130752563
Plain-GCN,7,419,CCC(C)c1ccccc1NC(=O)CN1CCN(C/C=C/c2ccccc2)CC1,0,29,0.72673100233078,0.27326899766921997
Plain-GCN,7,420,COc1cc(C(=O)N2C[C@H](N)C[C@@H](F)C2)cc2nc(-c3cc4ccc(-c5ccc6c(c5)CCC(=O)N6)nc4n3CC3CC3)n(C)c12,1,46,0.5063773393630981,0.49362266063690186
Plain-GCN,7,421,COc1cc(C(=O)N2C[C@H](N)C[C@@H](F)C2)cc2nc(-c3cc4ccc(-c5ccc(CS(C)(=O)=O)cc5)cc4n3CC3CC3)n(C)c12,1,46,0.4544658660888672,0.5455341339111328
Plain-GCN,7,422,COc1cc(C(=O)N2C[C@H](N)C[C@@H](F)C2)cc2nc(-c3cc4ccc(C5CCNC(=O)C5)nc4n3CC3CC3)n(C)c12,1,42,0.5385445952415466,0.46145540475845337
Plain-GCN,7,423,O=C1Nc2ccc(Br)cc2/C1=C/C(=O)c1ccc2c(c1)OCO2,0,23,0.8475979566574097,0.15240204334259033
Plain-GCN,7,424,COc1ccc(CCN(Cc2ccccn2)C(=S)Nc2ccccc2F)cc1OC,0,30,0.8822216391563416,0.11777836084365845
Plain-GCN,7,425,CCc1c(C)nc2c(C)cccc2c1SCCC#N,0,19,0.7382683157920837,0.26173168420791626
Plain-GCN,7,426,Cn1nc(C(F)(F)F)cc1-c1ccc(S(N)(=O)=O)s1,0,19,0.5891503691673279,0.4108496308326721
Plain-GCN,7,427,CC(=O)Nc1ccc(OC(=O)c2ccco2)cc1,0,18,0.9008120894432068,0.09918791055679321
Plain-GCN,7,428,Cc1cccc(NS(=O)(=O)c2ccc(OCC(=O)N3CCCC3)cc2)c1,0,26,0.7908240556716919,0.2091759443283081
Plain-GCN,7,429,Cc1ccc(C)c(OCCCC(C)(C)C(=O)O)c1,0,18,0.7642417550086975,0.2357582449913025
Plain-GCN,7,430,COC(=O)c1ccc(=O)c2nc3/c(=C/O)c(O)cc(=O)c3[nH]c12,0,23,0.8033282160758972,0.19667178392410278
Plain-GCN,7,431,O=C(NCc1ccccn1)c1ccc2nc(-c3ccco3)c(-c3ccco3)nc2c1,0,30,0.8821926116943359,0.11780738830566406
Plain-GCN,7,432,COc1cc(C(=O)N2CC3CCC2[C@@H]3N)cc2nc(-c3cc4ccc(-c5ccc(C(N)=O)cn5)nc4n3CC3CC3)n(C)c12,1,44,0.5179568529129028,0.48204314708709717
Plain-GCN,7,433,CC12CCC(C(=O)Nc3ccc(SC(F)F)cc3)(CC1=O)C2(C)C,0,24,0.7758200764656067,0.2241799235343933
Plain-GCN,7,434,O=C(Nc1ccc2ccccc2n1)C1CCCCC1,0,19,0.735075056552887,0.26492494344711304
Plain-GCN,7,435,COc1cc(C(=O)N2CC3CCC2[C@@H]3N)cc2nc(-c3cc4ccc(-c5ccc(O)c(-c6ccno6)c5)nc4n3CC3CC3)n(C)c12,1,47,0.48442503809928894,0.5155749619007111
Plain-GCN,7,436,CCCOc1cccc(OCC(=O)Nc2nc3ccccc3[nH]2)c1,0,24,0.8015230894088745,0.1984769105911255
Plain-GCN,7,437,Cc1ccc(/C=N/n2c(-c3cccnc3)n[nH]c2=S)o1,0,20,0.8560373783111572,0.14396262168884277
Plain-GCN,7,438,COc1cc(C(=O)N2C[C@H](N)C[C@@H](F)C2)cc2nc(-c3cc4ccc(-c5cnc6c(c5)OCC(=O)N6)cc4n3CC3CC3)n(C)c12,1,46,0.5225309133529663,0.4774690866470337
Plain-GCN,7,439,CCOC(=O)N1CCN(C(=O)c2cn(CC)c3cc(N4CCN(C)CC4)c(F)cc3c2=O)CC1.Cl,0,35,0.572931170463562,0.427068829536438
Plain-GCN,7,440,COc1cc(C(=O)N2C[C@H]3CC[C@@H]2[C@@H]3N)cc2nc(-c3ccc(F)nc3CC3CC3)n(C)c12,1,33,0.45120981335639954,0.5487901866436005
Plain-GCN,7,441,COc1cc(C(=O)N2CC3CCC2[C@@H]3N)cc2nc(-c3cc4ccc(-c5cccc(NS(C)(=O)=O)c5)nc4n3CC3CC3)n(C)c12,1,46,0.47031956911087036,0.5296804308891296
Plain-GCN,7,442,COc1cc(C2OC(=O)c3ccccc3S2)cc(OC)c1OC,0,23,0.8279926180839539,0.17200738191604614
Plain-GCN,7,443,O=C(c1cc(N2CCOCC2)c(F)cc1[N+](=O)[O-])N1CCOCC1,0,24,0.7465949654579163,0.25340503454208374
Plain-GCN,7,444,O=C(COC(=O)CCCc1c[nH]c2ccccc12)Nc1ccc2c(c1)OCO2,0,28,0.8216425776481628,0.17835742235183716
Plain-GCN,7,445,CC(C)c1ccccc1NC(=S)NC1CCN(Cc2ccccc2)CC1,0,26,0.7413769364356995,0.25862306356430054
Plain-GCN,7,446,CCOc1ccc2c(c1)-c1c(ssc1=S)C(C)(C)N2C(=O)CSC1=NCCS1,0,28,0.7498875856399536,0.2501124143600464
Plain-GCN,7,447,O=C(CSc1n[nH]c(-c2ccccc2)n1)N1CCCC1,0,20,0.6427625417709351,0.35723745822906494
Plain-GCN,7,448,O=C(NNC(=S)NC(=O)c1cn(-c2ccccc2)nc1-c1ccccc1)c1ccncc1,0,32,0.8372675776481628,0.16273242235183716
Plain-GCN,7,449,O=C(COC(=O)c1ccc(Br)o1)NCc1ccc(Cl)cc1,0,21,0.8712332844734192,0.1287667155265808
Plain-GCN,7,450,CCCOC(=S)NC(=O)c1sc2ccccc2c1Cl,0,19,0.7919250726699829,0.2080749273300171
Plain-GCN,7,451,CN(C(=O)COC(=O)c1cccc(S(=O)(=O)N2CCOCC2)c1)C1CCS(=O)(=O)C1,0,30,0.7447593808174133,0.25524061918258667
Plain-GCN,7,452,O=C(NCc1cccs1)c1ccc2c(c1)ncn2C1CCCC1,0,23,0.7231383323669434,0.27686166763305664
Plain-GCN,7,453,COc1cc2oc3ccccc3c(=O)c2cc1OC,0,19,0.8508027791976929,0.14919722080230713
Plain-GCN,7,454,O=C1c2ccccc2C(=O)N1CCCc1cn(C[C@H]2CC[C@@H]([C@@H]3CC[C@H](Cn4cc(CCCN5C(=O)c6ccccc6C5=O)nn4)O3)O2)nn1,0,50,0.6777985692024231,0.3222014307975769
Plain-GCN,7,455,N#C/C(=C\C=C\c1ccccc1)C(=O)NCc1cccnc1,0,22,0.8107524514198303,0.18924754858016968
Plain-GCN,7,456,COCCN(CCOC)C(=O)c1ccc(CSc2nc3ccccc3s2)cc1,0,28,0.7847484946250916,0.21525150537490845
Plain-GCN,7,457,C=CCN(Cc1ccc(Cl)s1)C(=O)c1cc(S(=O)(=O)N2CCOCC2)ccc1F,0,29,0.747211754322052,0.252788245677948
Plain-GCN,7,458,COc1cc(C(=O)N2C[C@H](N)C[C@@H](F)C2)cc2nc(-c3cc4ccc(-c5ccc(CC(N)=O)nc5)nc4n3CC3CC3)n(C)c12,1,45,0.5322694778442383,0.4677305221557617
Plain-GCN,7,459,COc1ccc(OC)c(N2Cc3cc(C)c(C)cc3C2)c1,0,21,0.7954212427139282,0.20457875728607178
Plain-GCN,7,460,COc1ccccc1-c1nnc(NC(=O)c2ccc3ncsc3c2)o1,0,25,0.8329702019691467,0.16702979803085327
Plain-GCN,7,461,O=C(C1CCCC1)N1CCC(CC2CC(c3ccc(Cl)cc3)=NO2)(C(=O)NCC2CCCCC2)CC1,0,36,0.7460430264472961,0.25395697355270386
Plain-GCN,7,462,C=CC(COCc1ccccc1)N(Cc1ccccc1)S(=O)(=O)c1ccccc1Br,0,30,0.8135898113250732,0.18641018867492676
Plain-GCN,7,463,CN(C)C(=O)c1ccc(NC(=O)c2cccc(S(=O)(=O)N3CCCc4ccccc43)c2)cc1,0,33,0.7930284142494202,0.20697158575057983
Plain-GCN,7,464,O=C1c2ccccc2-c2onc3c(N4CCN(CCO)CC4)cc(N4CCN(C(=O)c5ccco5)CC4)c1c23,0,39,0.7453657388687134,0.2546342611312866
Plain-GCN,7,465,COc1ccc(Cl)cc1C(=O)NNC(=O)c1cccs1,0,20,0.9383991956710815,0.06160080432891846
Plain-GCN,7,466,COC(=O)c1ccc(-c2ccc3cc(-c4nc5cc(C(=O)N6CC7CCC6[C@@H]7N)cc(OC)c5n4C)n(CC4CC4)c3n2)cc1O,1,46,0.4848126769065857,0.5151873230934143
Plain-GCN,7,467,Cc1nc(Cl)c2c(n1)NC1=C(O2)C(=O)CCC1,0,17,0.7616958618164062,0.23830413818359375
Plain-GCN,7,468,CC1Cc2ccccc2N1C(=O)CSc1nnc(CSc2ncccn2)n1C,0,28,0.7179802656173706,0.2820197343826294
Plain-GCN,7,469,CCCCn1c(=O)c(C(=O)Nc2ccccc2F)c(O)c2ccccc21,0,26,0.6616407036781311,0.3383592963218689
Plain-GCN,7,470,CCN(c1ccccc1)S(=O)(=O)c1ccc(Cl)c(C(=O)O)c1,0,22,0.7995716333389282,0.20042836666107178
Plain-GCN,7,471,COc1cc(C(=O)N2CC3CCC2[C@@H]3N)cc2nc(-c3cc4ccc(Nc5cccc(C(N)=O)c5)nc4n3CC3CC3)n(C)c12,1,45,0.4700676202774048,0.5299323797225952
Plain-GCN,7,472,COc1cc(C(=O)N2C[C@H](N)CC[C@@H]2C)cc2nc(-c3cc4ccc(-c5ccc6c(c5)CC(=O)N6)nc4n3CC3CC3)n(C)c12,1,45,0.4921220541000366,0.5078779458999634
Plain-GCN,7,473,COc1cc(C(=O)N2CC3CCC2[C@@H]3N)cc2nc(-c3cc4ccc(-c5ccc(NC(C)=O)c(C(=O)O)c5)nc4n3CC3CC3)n(C)c12,1,48,0.47169730067253113,0.5283026993274689
Plain-GCN,7,474,O=C(N1CCOCC1)N1CCN(c2ccccc2F)CC1,0,21,0.788110077381134,0.21188992261886597
Plain-GCN,7,475,CC1(OC(=O)c2ccc(Cl)nc2)C(=O)C=C2C=C(C3CC3)OC=C2C1=O,0,26,0.7706011533737183,0.22939884662628174
Plain-GCN,7,476,CCCNC(=S)Nc1ccc(CC(=O)OC)cc1,0,18,0.8033162355422974,0.19668376445770264
Plain-GCN,7,477,COc1ccc(OC)c(NC(=S)NCc2cccs2)c1,0,20,0.8911975622177124,0.1088024377822876
Plain-GCN,7,478,CCCN(CCC)S(=O)(=O)c1ccc(NC(=O)c2cc(C(=O)OC)cc([N+](=O)[O-])c2)cc1,0,32,0.7575368881225586,0.2424631118774414
Plain-GCN,7,479,COc1ccc(C2CC(c3cccs3)=NN2C(=O)CSC2=NCCS2)cc1,0,27,0.8272830247879028,0.17271697521209717
Plain-GCN,7,480,O=C1C2CCCCC2C(=O)N1c1ccc(NC2CCCCC2)c([N+](=O)[O-])c1,0,27,0.7158587574958801,0.2841412425041199
Plain-GCN,7,481,COc1ccc(N(CC(O)CN2C(=O)NC(C)(C)C2=O)S(=O)(=O)c2ccc(C)cc2)cc1,0,32,0.6223213076591492,0.37767869234085083
Plain-GCN,7,482,CCOc1ccc(OCC(=O)Nc2ccc(OC)cc2)cc1,0,22,0.9126728177070618,0.08732718229293823
Plain-GCN,7,483,Cc1ccc(N(NC(=O)C(O)(c2ccccc2)c2ccccc2)C(=O)CCl)cc1,0,29,0.7952273488044739,0.20477265119552612
Plain-GCN,7,484,O=C(Oc1ccccc1C(=O)Nc1ccccc1)c1ccc(Br)c([N+](=O)[O-])c1,0,28,0.8690570592880249,0.1309429407119751
Plain-GCN,7,485,CC(C)Cc1nn2c(=O)cc(O)nc2s1,0,15,0.7931944727897644,0.2068055272102356
Plain-GCN,7,486,COc1ccc(C(=O)C2CCCN(C(=O)c3ccc4nccnc4c3)C2)c(C)c1,0,29,0.7397547960281372,0.2602452039718628
Plain-GCN,7,487,COc1cc(C(=O)N2C[C@H](N)C[C@@H](F)C2)cc2nc(-c3cc4ccc(C(=O)Nc5ccc(S(N)(=O)=O)cc5)nc4n3CC3CC3)n(C)c12,1,48,0.4313940703868866,0.5686059296131134
Plain-GCN,7,488,COc1ccc(OC(C)C(=O)N(C)Cc2nc(-c3ccccc3)no2)cc1,0,27,0.7810405492782593,0.21895945072174072
Plain-GCN,7,489,COc1cc(C(=O)N2CC3CCC2[C@@H]3N)cc2nc(-c3cc4ccc(Nc5ccncc5CO)nc4n3CC3CC3)n(C)c12,1,44,0.48966142535209656,0.5103385746479034
Plain-GCN,7,490,CN(C)/C=C(\C#N)S(=O)(=O)c1ccccc1,0,16,0.7182782888412476,0.28172171115875244
Plain-GCN,7,491,CC(=O)N1CCC(=NNc2nc3ccccc3[nH]2)CC1.O=C(O)C(=O)O,0,26,0.6707466840744019,0.32925331592559814
Plain-GCN,7,492,COc1cc(C(=O)N2CC3CCC2[C@@H]3N)cc2nc(-c3cc4ccc(-c5cc(F)c6c(c5)CCN(C(C)=O)C6)nc4n3CC3CC3)n(C)c12,1,49,0.5263324975967407,0.4736675024032593
Plain-GCN,7,493,CCc1ncc(/C=C2\C(=O)Nc3ccccc32)[nH]1,0,18,0.7594942450523376,0.24050575494766235
Plain-GCN,7,494,COc1cc(C(=O)N2CC3CCC2[C@@H]3N)cc2nc(-c3cc4ccc(-c5ccc6oc(=O)[nH]c6c5)cc4n3CC3CC3)n(C)c12,1,45,0.5009230375289917,0.4990769624710083
Plain-GCN,7,495,C/C(CC(=O)Nc1ccc(Cl)c(C(F)(F)F)c1)=N\NC(=O)c1cnccn1,0,27,0.7072601914405823,0.2927398085594177
Plain-GCN,7,496,COc1ccc(-c2ccc3cc(-c4nc5cc(C(=O)N6C[C@H]7CC[C@@H]6[C@@H]7N)cc(OC)c5n4C)n(CC4CC4)c3c2)c(F)c1,1,44,0.44393157958984375,0.5560684204101562
Plain-GCN,7,497,COc1ccccc1-c1oc2ccccc2c1-c1ccccc1OC,0,25,0.900840699672699,0.09915930032730103
Plain-GCN,7,498,CCC1(C)Cc2c(sc(NC(=O)CCC(=O)O)c2C#N)CO1,0,22,0.7950822710990906,0.20491772890090942
Plain-GCN,7,499,C=CCn1c(Cc2csc(N)n2)nnc1SCC(=O)OCC,0,22,0.6791350245475769,0.3208649754524231
Plain-GCN,7,500,C=CCOc1ccccc1CNCCCN1CCOCC1.Cl,0,22,0.6983268857002258,0.30167311429977417
Plain-GCN,7,501,COc1ccc(CCNC(=O)c2c(-c3ccccc3)noc2C)cc1OC,0,27,0.7702763676643372,0.22972363233566284
Plain-GCN,7,502,Cn1nccc1NC(=O)c1nccnc1C(=O)O,0,18,0.8530706167221069,0.14692938327789307
Plain-GCN,7,503,C/C(=N\Nc1nc2c(s1)CCCC2)c1ccc(Cl)cc1.Cl,0,21,0.7354093790054321,0.26459062099456787
Plain-GCN,7,504,Oc1ccc(-c2cnc3ccccc3n2)cc1,0,17,0.9322077631950378,0.06779223680496216
Plain-GCN,7,505,COc1cc(C(=O)N2CCC[C@@H](N)C2)cc2nc(-c3ccc(C#N)n3CC3CCOCC3)n(C)c12,0,35,0.5021106004714966,0.4978893995285034
Plain-GCN,7,506,COc1cc(C(=O)OCC(=O)Nc2ccc(S(=O)(=O)N3CCCC3)cc2)cc(OC)c1OC,0,33,0.7725367546081543,0.2274632453918457
GCN-CfC encoder,3,0,O=C1CSC(=Nc2cccc(Cl)c2Cl)N1,0,15,0.9732627272605896,0.0267372727394104
GCN-CfC encoder,3,1,Cc1sc2c3ccsc3ccc2[n+]1C.[I-],0,15,0.9403674006462097,0.05963259935379028
GCN-CfC encoder,3,2,CCc1cc(=O)oc2c(C)c(OC(C)C(=O)N3CCC[C@@H]3C(=O)O)ccc12,0,27,0.9610680937767029,0.03893190622329712
GCN-CfC encoder,3,3,Cc1ccc(OCC(=O)N2CCN(S(=O)(=O)c3ccccc3[N+](=O)[O-])CC2)cc1,0,29,0.9737429022789001,0.026257097721099854
GCN-CfC encoder,3,4,CCc1cc(NC(C)=O)ccc1-c1ccc2cc(-c3nc4cc(C(=O)N5CC6CCC5[C@@H]6N)cc(OC)c4n3C)n(CC3CC3)c2n1,1,47,0.5876843333244324,0.4123156666755676
GCN-CfC encoder,3,5,COc1cc(-c2ccc3cc(-c4nc5cc(C(=O)N6CC7CCC6[C@@H]7N)cc(OC)c5n4C)n(CC4CC4)c3n2)ccc1CC(N)=O,1,47,0.834418773651123,0.16558122634887695
GCN-CfC encoder,3,6,C/C(=N\NS(C)(=O)=O)c1ccccc1,0,14,0.9583287835121155,0.04167121648788452
GCN-CfC encoder,3,7,Cc1nn2c(N3CCN(C)CC3)c3c(nc2c1-c1ccccc1)CCCC3,0,27,0.8376478552818298,0.16235214471817017
GCN-CfC encoder,3,8,Cc1ccc([C@@H]2C3COCC=C3C(C#N)=C(N)C2(C#N)C#N)o1,0,23,0.9605054259300232,0.03949457406997681
GCN-CfC encoder,3,9,CCN(c1ccccc1)S(=O)(=O)c1ccc(F)c(C(=O)O)c1,0,22,0.9658107161521912,0.03418928384780884
GCN-CfC encoder,3,10,COc1cc(C(=O)N2C[C@H](N)C[C@@H](F)C2)cc2nc(-c3cc4ccc(-c5ccc(C(N)=O)cc5C(F)(F)F)nc4n3CC3CC3)n(C)c12,1,48,0.5233252048492432,0.47667479515075684
GCN-CfC encoder,3,11,O=C(CCNC(=O)C1CCN(S(=O)(=O)c2ccc(F)cc2)CC1)NCc1ccccc1Cl,0,32,0.8700122237205505,0.12998777627944946
GCN-CfC encoder,3,12,Cn1nnnc1SCc1ccccc1F,0,15,0.9695879817008972,0.030412018299102783
GCN-CfC encoder,3,13,C/C(N)=C(/C#N)C(=O)COC(=O)C(NS(=O)(=O)c1ccc(Cl)cc1)C(C)O,0,27,0.5535651445388794,0.4464348554611206
GCN-CfC encoder,3,14,C=CCOC(=O)C1=C(C)NC(C)=C(C(=O)OCC=C)C1c1ccc(C)o1,0,26,0.9561914205551147,0.043808579444885254
GCN-CfC encoder,3,15,Cc1ccc(-n2ncc3c2CCCC3NC(=O)c2ccoc2)cc1C,0,25,0.9428651928901672,0.057134807109832764
GCN-CfC encoder,3,16,CCCN1CCN(S(=O)(=O)c2ccc3c(c2)CC(C)N3C(=O)C2CC2)CC1,0,27,0.9798375368118286,0.020162463188171387
GCN-CfC encoder,3,17,CCN1CCN(Cc2c(O)c(Cl)cc3c(C)cc(=O)oc23)CC1,0,23,0.9503059983253479,0.0496940016746521
GCN-CfC encoder,3,18,COc1cc(C(=O)N2[C@H]3CC[C@@H]2[C@H](N)C3)cc2nc(-c3cc4ccc([C@@H](C)NC(=O)CCC(=O)O)nc4n3CC3CC3)c(C)n12,1,45,0.6556294560432434,0.3443705439567566
GCN-CfC encoder,3,19,COc1cc(C(=O)N2C[C@H](N)C[C@@H](F)C2)cc2nc(-c3cc4ccc(C5=CC(F)C=C6N=C(C)C(=O)N=C65)nc4n3CC3CC3)n(C)c12,1,48,0.5072255730628967,0.49277442693710327
GCN-CfC encoder,3,20,Cc1cc(C(C)(C)C)ccc1OCCN1CCCC1,0,19,0.9674232006072998,0.032576799392700195
GCN-CfC encoder,3,21,CC1(C)CC(=O)c2cc(C(=O)NC3CCSC3=O)c(=O)n(-c3ccc(Cl)cc3)c2C1,0,30,0.5203226804733276,0.47967731952667236
GCN-CfC encoder,3,22,COc1cccc(CN2CCN(C(=O)Nc3ccc([N+](=O)[O-])cc3)CC2)c1,0,27,0.9729179739952087,0.02708202600479126
GCN-CfC encoder,3,23,CCCCn1nc2cc(C(=O)NCC34CC5CC(CC(C5)C3)C4)ccc2c1OCC,0,30,0.6835328340530396,0.31646716594696045
GCN-CfC encoder,3,24,CCCCCCn1c(=O)[nH]c2nc3cc(N)ccc3nc2c1=O,0,23,0.974803626537323,0.025196373462677002
GCN-CfC encoder,3,25,Cn1cccc1/C=C1\SC(=S)N(NC(=O)c2ccc(F)cc2)C1=O,0,24,0.9485378861427307,0.05146211385726929
GCN-CfC encoder,3,26,O=C(CSc1nc2ccccc2s1)NC1CCCC1,0,19,0.9610882997512817,0.03891170024871826
GCN-CfC encoder,3,27,COc1cc(C(=O)N2CC3CCC2[C@@H]3N)cc2nc(-c3cc4ccc(-c5cc(O)ccc5F)cc4n3CC3CC3)n(C)c12,1,43,0.9049181342124939,0.0950818657875061
GCN-CfC encoder,3,28,COc1ccccc1N1CCN(C(=O)C(=O)c2cn(CC(=O)N3CCOCC3)c3ccccc23)CC1,0,36,0.9705749750137329,0.02942502498626709
GCN-CfC encoder,3,29,O=C(COC(=O)c1cccnc1Cl)c1ccc(OC(F)F)cc1,0,23,0.9848009347915649,0.015199065208435059
GCN-CfC encoder,3,30,COc1cc(C(=O)N2C[C@H](N)C[C@@H](F)C2)cc2nc(-c3cc4ccc(-c5ccc6[nH]c(=O)cc(O)c6c5)nc4n3CC3CC3)n(C)c12,1,47,0.5188597440719604,0.48114025592803955
GCN-CfC encoder,3,31,CCCN=C1N(C)C[C@@H]2[C@@H]3C(=O)N(Cc4ccccc4)C(=O)[C@@H]3[C@](Cc3ccccc3)(C(=O)OC)N12.O=C(O)C(F)(F)F,0,43,0.5984959006309509,0.4015040993690491
GCN-CfC encoder,3,32,CCCc1nc([N+](=O)[O-])c(S(=O)(=O)c2ccccc2)n1CC(C)C,0,24,0.917052686214447,0.08294731378555298
GCN-CfC encoder,3,33,Cc1ccc2c(c1)N(C(C)C(=O)NCc1ccccn1)C(=O)CO2,0,24,0.97121262550354,0.02878737449645996
GCN-CfC encoder,3,34,CCOC(=O)C1CCCN(C(=S)Nc2cc(C)cc(C)c2)C1,0,22,0.9666062593460083,0.0333937406539917
GCN-CfC encoder,3,35,OCCC1CN(CCCc2ccccc2)CCN1Cc1ccccc1,0,25,0.9328495264053345,0.06715047359466553
GCN-CfC encoder,3,36,COc1cc(C(=O)N2CC3CCC2[C@@H]3N)cc2nc(-c3cc4ccc(Nc5cncnc5)cc4n3CC3CC3)n(C)c12,1,42,0.7433065176010132,0.2566934823989868
GCN-CfC encoder,3,37,CN1C2C=C3C(C#N)=C(N)C(C#N)(C#N)[C@@H](c4cccs4)C3C1CC2,0,25,0.946800172328949,0.053199827671051025
GCN-CfC encoder,3,38,CCOc1ccccc1NC(=S)NCc1ccccc1,0,20,0.9544734954833984,0.04552650451660156
GCN-CfC encoder,3,39,CCCCNC(=O)CCC(=O)Nc1ccc2nc(N3CCN(C)CC3)cc(C)c2c1,0,30,0.9689957499504089,0.031004250049591064
GCN-CfC encoder,3,40,COc1cc(C(=O)N2C[C@H](N)C[C@@H](F)C2)cc2nc(-c3cc4ccc(C(=O)NC5CCC(=O)NC5=O)nc4n3CC3CC3)n(C)c12,1,46,0.528953492641449,0.471046507358551
GCN-CfC encoder,3,41,CC(C)=N/N=C(/c1ccc([N+](=O)[O-])cc1)C12CN3CN(CN(C3)C1)C2,0,25,0.7233008742332458,0.27669912576675415
GCN-CfC encoder,3,42,CNC(=O)Nc1ccccc1NC(=O)NC,0,16,0.9708476066589355,0.029152393341064453
GCN-CfC encoder,3,43,Cc1c(NC(=O)CN2CCCc3ccccc32)c(=O)n(-c2ccccc2)n1C,0,28,0.8444551229476929,0.15554487705230713
GCN-CfC encoder,3,44,COc1ccc(C2CC(c3ccc(C)cc3)Nc3ncnn32)cc1,0,24,0.9571756720542908,0.04282432794570923
GCN-CfC encoder,3,45,COc1cc(C(=O)N2CC3CCC2[C@@H]3N)cc2nc(-c3cc4ccc(C5C=CC6=NC(=O)NC6=C5)nc4n3CC3CC3)n(C)c12,1,45,0.7202714085578918,0.27972859144210815
GCN-CfC encoder,3,46,Nn1c(SCC(=O)Nc2cc(C(F)(F)F)ccc2Cl)nncc1=O,0,24,0.9653603434562683,0.03463965654373169
GCN-CfC encoder,3,47,COc1ccc(C2CC(c3ccc(Br)cc3)=NN2C(=O)c2cccnc2)cc1,0,28,0.9378796815872192,0.06212031841278076
GCN-CfC encoder,3,48,Cc1cc(N/N=C/c2ccc(O)cc2O)nc(-c2ccccc2O)n1,0,25,0.9534710645675659,0.04652893543243408
GCN-CfC encoder,3,49,COc1cc(-c2ccc3cc(-c4nc5cc(C(=O)N6CC7CCC6[C@@H]7N)cc(OC)c5n4C)n(CC4CC4)c3c2)c(F)cc1O,1,45,0.8057864904403687,0.19421350955963135
GCN-CfC encoder,3,50,Cc1ccc(NC2=C/C(=N/S(=O)(=O)c3cccs3)c3ccccc3C2=O)cc1,0,28,0.9601192474365234,0.03988075256347656
GCN-CfC encoder,3,51,COc1cc(C(=O)N2CC3CCC2[C@@H]3N)cc2nc(-c3cc4ccc(-c5ccc6c(c5)C(=O)CS(=O)(=O)N6C)cc4n3CC3CC3)n(C)c12,1,49,0.6144453883171082,0.38555461168289185
GCN-CfC encoder,3,52,COc1cc(C(=O)N2CC3CCC2[C@@H]3N)cc2nc(-c3cc4ccc(Nc5cnc(C#N)nc5)nc4n3CC3CC3)n(C)c12,1,44,0.6444748640060425,0.3555251359939575
GCN-CfC encoder,3,53,C=CCn1c(SCC(=O)N2CCOCC2)nc2sc3c(c2c1=O)CCCC3,0,27,0.7812216281890869,0.21877837181091309
GCN-CfC encoder,3,54,COc1cc(C(=O)N2C[C@H](N)C[C@@H](F)C2)cc2nc(-c3cc4ccc(C5=CC6=NC(=O)NC6N=C5)cc4n3CC3CC3)n(C)c12,1,45,0.6234056353569031,0.3765943646430969
GCN-CfC encoder,3,55,O=C(Nc1ccc(F)cc1F)c1c(C(F)(F)F)ccnc1Oc1ccccc1,0,28,0.9385058283805847,0.06149417161941528
GCN-CfC encoder,3,56,CCC1CCCCN1C(=O)CCNS(=O)(=O)c1ccc2c(c1)oc(=O)n2C,0,27,0.9703183174133301,0.029681682586669922
GCN-CfC encoder,3,57,S=c1nccc(-c2ccc3c(c2)CCO3)[nH]1,0,16,0.992688775062561,0.007311224937438965
GCN-CfC encoder,3,58,COc1cc(C(=O)N2C[C@H](N)CC[C@@H]2C)cc2nc(-c3cc4ccc(-c5ccc(C(N)=O)c(F)c5)nc4n3CC3CC3)n(C)c12,1,45,0.8815801739692688,0.1184198260307312
GCN-CfC encoder,3,59,Cc1ccc(Nc2ncccc2C(N)=O)cc1,0,17,0.9779602289199829,0.02203977108001709
GCN-CfC encoder,3,60,CCOc1ccccc1NC(=O)CSc1nc(=O)n(Cc2ccncc2)c2c1CCC2,0,31,0.9353686571121216,0.06463134288787842
GCN-CfC encoder,3,61,COc1ccc(NC2=NC(=S)N(c3ccc(C)cc3)C23CCCCC3)cc1,0,27,0.9313700199127197,0.06862998008728027
GCN-CfC encoder,3,62,COc1ccc(-n2ncc3c2CC(C)(C)CC3NC(=O)C2CCN(C(C)=O)CC2)cc1,0,31,0.5859964489936829,0.41400355100631714
GCN-CfC encoder,3,63,Cc1ccc(/C=N/c2sc3c(c2C(N)=O)CCCC3)o1,0,20,0.9804409146308899,0.019559085369110107
GCN-CfC encoder,3,64,COc1cc(C(=O)N2CC3CCC2[C@@H]3N)cc2nc(-c3cc4ccc(N5CCC6(CC5)CNC6=O)nc4n3CC3CC3)n(C)c12,1,45,0.6271533966064453,0.3728466033935547
GCN-CfC encoder,3,65,CC1N=C2c3ccccc3N=C(SCc3cc(=O)n4cc(Cl)ccc4n3)N2C1=O,0,29,0.9777215719223022,0.022278428077697754
GCN-CfC encoder,3,66,COc1cc(C(=O)N2CC3CCC2[C@@H]3N)cc2nc(-c3cc4ccc(-c5cnc6[nH]c(=O)ccc6c5)cc4n3CC3CC3)n(C)c12,1,46,0.6682030558586121,0.33179694414138794
GCN-CfC encoder,3,67,Cc1ccc(C(=O)NCC(=O)OCC(=O)c2c(N)n(C)c(=O)n(C)c2=O)s1,0,27,0.9841570258140564,0.015842974185943604
GCN-CfC encoder,3,68,COc1cc(C(=O)N2CC3CCC2[C@@H]3N)cc2nc(-c3cc4ccc(Nc5ccnc(C#N)c5)nc4n3CC3CC3)n(C)c12,1,44,0.6426405906677246,0.3573594093322754
GCN-CfC encoder,3,69,O=C(O)CSCC(=O)N1CCN(c2nc3cc(Cl)ccc3s2)CC1,0,24,0.9784368872642517,0.02156311273574829
GCN-CfC encoder,3,70,COc1cc(C(=O)N2CC3CCC2[C@@H]3N)cc2nc(-c3cc4ccc(-c5ccc(C(=O)Nc6ccncc6)cc5)cc4n3CC3CC3)n(C)c12,1,50,0.639289379119873,0.36071062088012695
GCN-CfC encoder,3,71,O=C(Oc1ccc(Br)cc1)c1cccnc1,0,16,0.9362161755561829,0.06378382444381714
GCN-CfC encoder,3,72,COc1cc(C(=O)N2C[C@H](N)C[C@@H](F)C2)cc2nc(-c3cc4ccc(-c5ccn(C)c(=O)c5)nc4n3CC3CC3)n(C)c12,1,43,0.768053412437439,0.23194658756256104
GCN-CfC encoder,3,73,COc1ccc(C2C3=C(N=C4SCC(=O)N42)c2ccccc2CC3)cc1OC,0,28,0.9290369153022766,0.07096308469772339
GCN-CfC encoder,3,74,Fc1ccc(-c2ccc(Nc3cccc(F)c3)nn2)cc1,0,21,0.8505048751831055,0.14949512481689453
GCN-CfC encoder,3,75,S=c1[nH]nc(-c2ccc3ccccc3n2)n1-c1ccc2c(c1)OCCO2,0,26,0.9865285158157349,0.013471484184265137
GCN-CfC encoder,3,76,CC1(C)CC(NC(=O)N2c3ccccc3Sc3ccccc32)CC(C)(C)N1,0,27,0.8405417203903198,0.15945827960968018
GCN-CfC encoder,3,77,Cc1c(-c2cc3ccccc3n2Cc2ccoc2)nc2cc(C(=O)N3CCC[C@@H](N)C3)ccn12,1,34,0.6659260988235474,0.33407390117645264
GCN-CfC encoder,3,78,Cc1cccc(C)c1NC(=O)CSc1nnc(C2CCCCC2)o1,0,24,0.9579863548278809,0.04201364517211914
GCN-CfC encoder,3,79,COc1cc(C(=O)N2CC3CCC2[C@@H]3N)cc2nc(-c3cc4ccc(-c5[nH]ccc(=O)c5F)nc4n3CC3CC3)n(C)c12,1,43,0.6749351620674133,0.32506483793258667
GCN-CfC encoder,3,80,COc1cc(C(=O)N2CC3CCC2[C@@H]3N)cc2nc(-c3cc4ccc(-c5ccc(N6CCCC(O)C6=O)c(F)c5)nc4n3CC3CC3)n(C)c12,1,50,0.8470363020896912,0.15296369791030884
GCN-CfC encoder,3,81,COc1ccc(N)cc1-n1c(C)ccc1C,0,16,0.9543741345405579,0.04562586545944214
GCN-CfC encoder,3,82,Cc1cc(C)n(/N=C/c2cccs2)c(=O)c1C#N,0,18,0.9778362512588501,0.022163748741149902
GCN-CfC encoder,3,83,COc1ccc(C(=O)CSC#N)cc1OC,0,16,0.9442099928855896,0.0557900071144104
GCN-CfC encoder,3,84,O=C1OCCN1C(=O)[C@H]1[C@H](c2ccc(Cl)cc2)C(c2ccc(F)cc2)=NN1c1ccccc1,0,33,0.9455156326293945,0.05448436737060547
GCN-CfC encoder,3,85,CCOC(=O)c1[nH]c2c(c1-c1ccccc1)C(=O)CC(c1ccc(Cl)cc1)C2,0,28,0.9157717823982239,0.08422821760177612
GCN-CfC encoder,3,86,COc1cc(C(=O)N2CCC[C@@H](N)C2)cc2nc(-c3ccc(C(=O)N(Cc4ccccc4)c4ccccc4)n3CC3CC3)n(C)c12,0,46,0.41502854228019714,0.5849714577198029
GCN-CfC encoder,3,87,CC(=O)Nc1cccc(-c2nnc(-c3ccccc3)o2)c1,0,21,0.9752141237258911,0.024785876274108887
GCN-CfC encoder,3,88,O=C1CCC(C(=O)OC(C(=O)c2c[nH]c3ccccc23)c2ccccc2)=NN1,0,28,0.9453576803207397,0.054642319679260254
GCN-CfC encoder,3,89,O=C(CSS(=O)(=O)[O-])N1CCN(C(=O)c2ccoc2)CC1.[Na+],0,22,0.9539341926574707,0.0460658073425293
GCN-CfC encoder,3,90,O=C(COc1ccc(F)cc1)N/N=C/c1cccc2cccnc12,0,24,0.8365455269813538,0.16345447301864624
GCN-CfC encoder,3,91,COc1cc(C(=O)N2CC3CCC2[C@@H]3N)cc2nc(-c3cc4ccc(-c5ccc(CC(N)=O)cc5)nc4n3CC3CC3)n(C)c12,1,45,0.6815060377120972,0.31849396228790283
GCN-CfC encoder,3,92,COc1ccc(CN2CC[C@H]3C=CCc4cccc(c43)C2)cc1,0,23,0.9694075584411621,0.03059244155883789
GCN-CfC encoder,3,93,COc1ccc(/C=N\N=C(N)N)cc1.O=[N+]([O-])O,0,18,0.6909887194633484,0.3090112805366516
GCN-CfC encoder,3,94,COc1cccc(/C=N/NC(=O)c2cnn(-c3ccccc3)c2N)c1,0,25,0.934889018535614,0.06511098146438599
GCN-CfC encoder,3,95,COc1cc(C(=O)N2CC3CCC2[C@@H]3N)cc2nc(-c3cc4ccc(-c5cnc(C(N)=O)c(F)c5)nc4n3CC3CC3)n(C)c12,1,45,0.7423030138015747,0.2576969861984253
GCN-CfC encoder,3,96,COc1cccc(Cn2c(-c3nc4cc(C(=O)N5CCC[C@@H](N)C5)ccn4c3C)cc3cc(F)ccc32)c1,1,38,0.7150726318359375,0.2849273681640625
GCN-CfC encoder,3,97,Cc1noc(NC(=O)c2ccc(Cl)cc2)c1Cl,0,17,0.983220636844635,0.01677936315536499
GCN-CfC encoder,3,98,CCOC(=O)CSC1=NC(=O)/C(=C\c2ccc(OC(C)=O)cc2)S1,0,24,0.9699404239654541,0.0300595760345459
GCN-CfC encoder,3,99,C=CCn1sc(N)c(C(=O)OCC)c1=S,0,15,0.956852376461029,0.04314762353897095
GCN-CfC encoder,3,100,CC(c1nc2ccccc2s1)N(C)C(=O)c1ccccc1F,0,22,0.9798390865325928,0.020160913467407227
GCN-CfC encoder,3,101,COCCn1c(C)cc(C(=O)COC(=O)c2ccc(N3CCCC3=O)cc2)c1C,0,29,0.9659240245819092,0.03407597541809082
GCN-CfC encoder,3,102,CC1CCC2(CC1)SCC(=O)N2c1ccc(F)cc1,0,19,0.8547702431678772,0.1452297568321228
GCN-CfC encoder,3,103,O=C1C(Cl)=C(N2CCOCC2)C(=O)N1c1cccc(C(F)(F)F)c1,0,24,0.9452444314956665,0.054755568504333496
GCN-CfC encoder,3,104,COc1ncc(-c2ccc3cc(-c4nc5cc(C(=O)N6CC7CCC6[C@@H]7N)cc(OC)c5n4C)n(CC4CC4)c3n2)cc1O,1,44,0.7058686017990112,0.29413139820098877
GCN-CfC encoder,3,105,COc1cc(C(=O)N2C[C@H](N)C[C@@H](F)C2)cc2nc(-c3cc4ccc(-c5cccc(O)c5F)nc4n3CC3CC3)n(C)c12,1,43,0.6950914859771729,0.30490851402282715
GCN-CfC encoder,3,106,CC(C)c1nccn1CCN1C(=O)NC(C)(C)C1=O,0,19,0.4346705377101898,0.5653294622898102
GCN-CfC encoder,3,107,CC(C)C(=O)N(c1cc2sc(=O)oc2c2ccccc12)S(=O)(=O)c1cccs1,0,28,0.9814850687980652,0.018514931201934814
GCN-CfC encoder,3,108,Cc1oc2c(c1C(=O)NCc1cccnc1)C(=O)c1ccccc1C2=O,0,26,0.8255132436752319,0.17448675632476807
GCN-CfC encoder,3,109,COc1cc(C(=O)N2C[C@H](N)C[C@@H](F)C2)cc2nc(-c3cc4ccc(-c5cc(Cl)c(O)cc5C)nc4n3CC3CC3)n(C)c12,1,44,0.5271625518798828,0.4728374481201172
GCN-CfC encoder,3,110,Cc1cccc(NC(=S)N2CCCCCC2)c1,0,17,0.9545227289199829,0.04547727108001709
GCN-CfC encoder,3,111,CCC1c2ccc(C)n2CCN1C(=O)Nc1cc(Cl)ccc1OC,0,24,0.9563353061676025,0.04366469383239746
GCN-CfC encoder,3,112,CC1CC(C)(C)NC(=S)N1CC(=O)N1CCN(Cc2ccccc2)CC1,0,26,0.92769455909729,0.07230544090270996
GCN-CfC encoder,3,113,COc1cc(C(=O)N2C[C@H](N)C[C@@H](F)C2)cc2nc(-c3cc4ccc(-c5ccc(N6CCCC(O)C6=O)cc5)nc4n3CC3CC3)n(C)c12,1,49,0.5701072216033936,0.42989277839660645
GCN-CfC encoder,3,114,Cc1cccc(-n2cc[nH]c2=S)c1,0,13,0.9824324250221252,0.017567574977874756
GCN-CfC encoder,3,115,CC(C)(C)NC(=O)/C(=C/c1ccccc1F)NC(=O)c1ccc([N+](=O)[O-])cc1,0,28,0.9215105175971985,0.07848948240280151
GCN-CfC encoder,3,116,COc1cccc(C2CC(c3cccs3)=NN2C(=O)CSC2=NCCS2)c1OC,0,29,0.937554657459259,0.06244534254074097
GCN-CfC encoder,3,117,O=C(O)c1ccc(Cl)c2c1C1C=CCC1C(c1ccccn1)N2,0,23,0.9765087366104126,0.023491263389587402
GCN-CfC encoder,3,118,CCOC(=O)Cn1c(=NC(=O)CSC(C)=O)sc2ccccc21,0,23,0.9817245006561279,0.01827549934387207
GCN-CfC encoder,3,119,O=[N+]([O-])c1ccc(Sc2nccn2Cc2ccccc2)c([N+](=O)[O-])c1,0,25,0.9252402782440186,0.07475972175598145
GCN-CfC encoder,3,120,CCCN(Cc1nnc(-c2ccccc2Cl)o1)C(=O)c1cccc(S(=O)(=O)N2CCOCC2)c1,0,34,0.9829871654510498,0.017012834548950195
GCN-CfC encoder,3,121,COc1ccc2cc(-c3nc4cc(C(=O)N5CCC[C@@H](N)C5)ccn4c3C)n(Cc3ccc(F)cc3)c2c1,1,38,0.6875587105751038,0.31244128942489624
GCN-CfC encoder,3,122,CCN(CC)c1ccc(N=Cc2cc(Br)ccc2O)cc1,0,21,0.9696562886238098,0.030343711376190186
GCN-CfC encoder,3,123,N#Cc1ccc(C23CC4(C2)[C@H](CN(P(=O)(c2ccccc2)c2ccccc2)[C@@H]4c2ccccc2)C3c2ccc(Cl)nc2)cc1,0,44,0.7607899308204651,0.2392100691795349
GCN-CfC encoder,3,124,COc1ccc(-c2nc3ccccc3n2OC(=O)N(C)C)cc1,0,23,0.9425410628318787,0.05745893716812134
GCN-CfC encoder,3,125,N=C(CCl)NCCCc1cn(Cc2ccccc2)c2ccccc12,1,24,0.9321452975273132,0.06785470247268677
GCN-CfC encoder,3,126,O=c1c2ccccc2nc(/C=C/c2ccc(Br)cc2)n1CCO,0,23,0.954054057598114,0.045945942401885986
GCN-CfC encoder,3,127,COc1cc(C(=O)N2C[C@H]3CC[C@@H]2[C@@H]3N)cc2nc(-c3cc4ccc(C5COC5)nc4n3CC3CC3)n(C)c12,1,39,0.7617462277412415,0.23825377225875854
GCN-CfC encoder,3,128,CC(=O)Oc1ccc(N(C(C)=O)S(=O)(=O)c2ccc(C)c([N+](=O)[O-])c2)cc1,0,27,0.9087658524513245,0.09123414754867554
GCN-CfC encoder,3,129,COc1cc(C(=O)N2CC3CCC2[C@@H]3N)cc2nc(-c3cc4ccc(-c5cccc(S(N)(=O)=O)c5)nc4n3CC3CC3)n(C)c12,1,45,0.724257230758667,0.275742769241333
GCN-CfC encoder,3,130,COc1cc(C(=O)N2C[C@H](N)C[C@@H](F)C2)cc2nc(-c3cc4ccc(-c5ccc(C6CNC(=O)N6)cc5)nc4n3CC3CC3)n(C)c12,1,47,0.5639209151268005,0.43607908487319946
GCN-CfC encoder,3,131,CCn1c(-c2cnn(-c3ccccc3)c2C2CC2)nc2cc(C(=O)N3CCC[C@@H](N)C3)ccc21,0,34,0.421743780374527,0.578256219625473
GCN-CfC encoder,3,132,Cn1c(=O)c(C(=O)Nc2ccccc2S(N)(=O)=O)c(O)c2ccccc21,0,26,0.9722569584846497,0.027743041515350342
GCN-CfC encoder,3,133,CC(=O)Nc1cccc(NC=C(C#N)C#N)c1,0,17,0.9538170099258423,0.046182990074157715
GCN-CfC encoder,3,134,Cc1nn(CC(=O)N2CCOCC2)c(=O)c2ccccc12,0,21,0.9780880808830261,0.021911919116973877
GCN-CfC encoder,3,135,CCOC(=O)c1c2c3c(cccc3n(C)c1=O)C(=O)c1ccccc1-2,0,25,0.8502156734466553,0.14978432655334473
GCN-CfC encoder,3,136,O=C(NCc1cccnc1)c1ccc(Cl)cc1[N+](=O)[O-],0,20,0.8636335134506226,0.13636648654937744
GCN-CfC encoder,3,137,CCOc1ccc(-c2cc(C(=O)NCCCN3CCN(CC)CC3)c3ccccc3n2)cc1,0,33,0.9645560383796692,0.03544396162033081
GCN-CfC encoder,3,138,COc1cc(C(=O)N2C[C@H](N)C[C@@H](F)C2)cc2nc(-c3cc4ccc(-c5c(F)ccc(O)c5Cl)nc4n3CC3CC3)n(C)c12,1,44,0.759497880935669,0.24050211906433105
GCN-CfC encoder,3,139,COC(=O)Nc1ccc(-c2ccc3cc(-c4nc5cc(C(=O)N6CC7CCC6[C@@H]7N)cc(OC)c5n4C)n(CC4CC4)c3c2)cc1,1,46,0.6717379093170166,0.3282620906829834
GCN-CfC encoder,3,140,CCOc1ccc(S(=O)(=O)Nc2nc3ccccc3nc2Nc2ccc(N3CCOCC3)cc2)cc1,0,36,0.9735615253448486,0.026438474655151367
GCN-CfC encoder,3,141,COc1ccccc1NC(=S)N1CCN(c2ccccn2)CC1,0,23,0.9644449353218079,0.03555506467819214
GCN-CfC encoder,3,142,CCOC(=O)c1sc(-c2ccccc2)cc1NC(=O)c1ccc(S(=O)(=O)N(CCOC)CCOC)cc1,0,37,0.9574667811393738,0.04253321886062622
GCN-CfC encoder,3,143,Cn1c(-c2ccc(Cc3ccccc3)n2CC2CC2)nc2cc(C(=O)N3CCC[C@@H](N)C3)cnc21,1,35,0.7764275670051575,0.22357243299484253
GCN-CfC encoder,3,144,CC1=C(C(=O)OC2CCCCC2)C(c2ccc(C)o2)C2=C(CC(C)(C)CC2=O)N1,0,29,0.8685891628265381,0.13141083717346191
GCN-CfC encoder,3,145,CC(C)N1OC2CC1c1nc3ccccc3n1C2,0,18,0.9823797941207886,0.017620205879211426
GCN-CfC encoder,3,146,Cl.O=C(NC1CCN(Cc2ccccc2)CC1)c1cccc(S(=O)(=O)Nc2ccc(SC(F)F)cc2)c1,0,37,0.9396960139274597,0.06030398607254028
GCN-CfC encoder,3,147,N#Cc1cccc(CS(=O)(=O)c2ccc(Cl)cc2)c1,0,19,0.9468234181404114,0.05317658185958862
GCN-CfC encoder,3,148,CCOc1cc2c(cc1/C=C/c1noc(C)c1[N+](=O)[O-])OC(C)C2,0,24,0.9699915051460266,0.03000849485397339
GCN-CfC encoder,3,149,O=C(O)c1ccccc1CSc1nc2ccccc2s1,0,20,0.9705802798271179,0.02941972017288208
GCN-CfC encoder,3,150,CCC(C)N=CC1=C(O)CC(c2ccccc2)CC1=O,0,20,0.9398289918899536,0.06017100811004639
GCN-CfC encoder,3,151,O=C(CSc1nc2ccccc2[nH]1)NCCN1CCCCC1,0,22,0.9727193713188171,0.02728062868118286
GCN-CfC encoder,3,152,COc1cc(C(=O)N2CC3CCC2[C@@H]3N)cc2nc(-c3cc4ccc(C5=CC6NC(=O)N=C6N=C5)cc4n3CC3CC3)n(C)c12,1,45,0.6646258234977722,0.3353741765022278
GCN-CfC encoder,3,153,CCn1ncc(Br)c1C(=O)Nc1ccc(C(C)C)cc1,0,20,0.9777300953865051,0.022269904613494873
GCN-CfC encoder,3,154,CC(=O)Nc1ccc(SCC(=O)NC(=O)c2ccc(S(=O)(=O)N(C)C)cc2)cc1,0,29,0.9745299220085144,0.025470077991485596
GCN-CfC encoder,3,155,COc1cc(C(=O)N2C[C@H](N)C[C@@H](F)C2)cc2nc(-c3cc4ccc(N5CCC6(CC5)CN(C)C(=O)O6)cc4n3CC3CC3)n(C)c12,1,47,0.5002601742744446,0.4997398257255554
GCN-CfC encoder,3,156,Cc1c(-c2cc3ccccc3n2Cc2ccc(F)cn2)nc2cc(C(=O)N3CCC[C@@H](N)C3)ccn12,1,36,0.6733540296554565,0.32664597034454346
GCN-CfC encoder,3,157,Cc1cccc(CN2CCN(Cc3cnn(-c4ccccc4F)c3)CC2CCO)n1,0,30,0.9764079451560974,0.023592054843902588
GCN-CfC encoder,3,158,COc1ccc2[nH]cc(CCNC(=O)Nc3ccccc3)c2c1,0,23,0.9566353559494019,0.043364644050598145
GCN-CfC encoder,3,159,CCn1c(-c2cnc(-c3ccccc3)n2CC2CC2)nc2cc(C(=O)N3CCC[C@@H](N)C3)ccc21,1,35,0.737352728843689,0.26264727115631104
GCN-CfC encoder,3,160,Cc1ccccc1C(=O)NCC(=O)Nc1ccccc1C(F)(F)F,0,24,0.9707015752792358,0.02929842472076416
GCN-CfC encoder,3,161,O=C1CN(C(=O)COc2ccc([N+](=O)[O-])cc2Cl)c2ccccc2N1,0,25,0.9849562644958496,0.01504373550415039
GCN-CfC encoder,3,162,COC(=O)C1=CC(=O)N=C2C=CC(c3ccc4cc(-c5nc6cc(C(=O)N7CC8CCC7[C@@H]8N)cc(OC)c6n5C)n(CC5CC5)c4c3)C=C12,1,50,0.6323701739311218,0.3676298260688782
GCN-CfC encoder,3,163,COC(=O)c1cn(-c2ccccc2)c(C)c1C(=O)OC,0,20,0.9702330231666565,0.029766976833343506
GCN-CfC encoder,3,164,CCN(CC(=O)Nc1c(F)cccc1F)C(=O)Cc1ccc(OC)c(S(=O)(=O)N2CCOCC2)c1,0,35,0.952357292175293,0.04764270782470703
GCN-CfC encoder,3,165,COc1cc(C(=O)N2C[C@H](N)C[C@@H](F)C2)cc2nc(-c3cc4ccc(-c5c(C)ccc(O)c5C)nc4n3CC3CC3)n(C)c12,1,44,0.524545431137085,0.47545456886291504
GCN-CfC encoder,3,166,Cc1ccc(-n2ncc(C#N)c2/N=C/N2CCN(C)CC2)cc1,0,23,0.968063235282898,0.03193676471710205
GCN-CfC encoder,3,167,O=C(COC(=O)c1ccccc1SCC(=O)N1CCCC1)Nc1ccc(OC(F)F)cc1,0,32,0.9798905849456787,0.02010941505432129
GCN-CfC encoder,3,168,CC1CCN(c2nc3c(=O)[nH]c(N)nc3n2[C@@H]2O[C@H](CO)[C@@H](O)[C@H]2O)CC1,0,27,0.5299955606460571,0.47000443935394287
GCN-CfC encoder,3,169,CN(c1ccc(C(=O)NCCCn2ccnc2)cc1)S(C)(=O)=O,0,23,0.9579305648803711,0.042069435119628906
GCN-CfC encoder,3,170,Cn1c(-c2cc3ccc(-c4ccc5[nH]c(=O)[nH]c(=O)c5c4)cc3n2CC2CC2)nc2cc(C(=O)N3C[C@H](N)C[C@@H](F)C3)cc(F)c21,1,46,0.5298269987106323,0.4701730012893677
GCN-CfC encoder,3,171,COc1cc(C(=O)N2CC3CCC2[C@@H]3N)cc2nc(-c3cc4ccc(-c5cccc(C(N)=O)c5F)nc4n3CC3CC3)n(C)c12,1,45,0.6773161888122559,0.32268381118774414
GCN-CfC encoder,3,172,Cc1cc(C(=O)Nc2ccc3c(c2)CCC3)ccc1[N+](=O)[O-],0,22,0.9785807728767395,0.021419227123260498
GCN-CfC encoder,3,173,CCCCOc1ccc(CSc2nc(C)[nH]c2[N+](=O)[O-])cc1[N+](=O)[O-],0,25,0.9822837710380554,0.01771622896194458
GCN-CfC encoder,3,174,CC(C)c1oc(=O)cc2c1[C@@H](O)[C@H]1OC(=O)[C@@]3(C)CC[C@@H](O)[C@@]2(C)C13,0,25,0.9016838073730469,0.09831619262695312
GCN-CfC encoder,3,175,CCc1cc2c(SCC(=O)Nc3cc(C)on3)ncnc2s1,0,22,0.9787358045578003,0.021264195442199707
GCN-CfC encoder,3,176,COc1cc(C(=O)N2CC3CCC2[C@@H]3N)cc2nc(-c3cc4ccc(Nc5ccc(N)cc5)nc4n3CC3CC3)n(C)c12,1,43,0.6673595309257507,0.33264046907424927
GCN-CfC encoder,3,177,C=CCn1c(SCC(=O)Nc2nc3ccccc3s2)nc(O)c(CC)c1=O,0,27,0.959497332572937,0.04050266742706299
GCN-CfC encoder,3,178,COc1cc(C(=O)N2CC3CCC2[C@@H]3N)cc2nc(-c3cc4ccc(CCN5CCOC5=O)cc4n3CC3CC3)n(C)c12,1,43,0.6598885655403137,0.3401114344596863
GCN-CfC encoder,3,179,COc1cc(-c2ccc3cc(-c4nc5cc(C(=O)N6C[C@H](N)C[C@@H](F)C6)cc(OC)c5n4C)n(CC4CC4)c3n2)c(F)cc1CO,1,46,0.49694812297821045,0.5030518770217896
GCN-CfC encoder,3,180,Cn1c(-c2ccc(-c3ccccc3)n2CC2CC2)nc2cc(C(=O)N3CC[C@@H]4CCN[C@@H]4C3)ccc21,1,36,0.432707279920578,0.567292720079422
GCN-CfC encoder,3,181,O=C1NC(=O)/C(=C/c2ccc(OS(=O)(=O)c3ccc(F)cc3F)cc2)N1,0,26,0.9189231395721436,0.08107686042785645
GCN-CfC encoder,3,182,COc1cc(C(=O)N2CC3CCC2[C@@H]3N)cc2nc(-c3cc4ccc(Nc5ccc6c(c5)CCC(=O)N6)nc4n3CC3CC3)n(C)c12,1,47,0.5872240662574768,0.4127759337425232
GCN-CfC encoder,3,183,Cc1ccc(CN2CCc3c(OCc4ccc(F)cc4)cccc3C2=O)cc1,0,28,0.6269149780273438,0.37308502197265625
GCN-CfC encoder,3,184,COc1ccc(C(=O)C[n+]2ccc3c(c2)nc(-c2ccccc2)n3C)cc1.[Br-],0,28,0.9356709122657776,0.06432908773422241
GCN-CfC encoder,3,185,CCCOC(=O)C(C)n1cnc2scc(-c3ccc(C)cc3)c2c1=O,0,25,0.6141152381896973,0.38588476181030273
GCN-CfC encoder,3,186,Cc1ccc(-c2nn(-c3ccccn3)c(=O)c3ccccc23)cc1C,0,25,0.987094521522522,0.012905478477478027
GCN-CfC encoder,3,187,COc1cc(C(=O)N2C[C@H](N)C[C@@H](F)C2)cc2nc(-c3cc4ccc(N5CCC6(CC5)CNC(=O)O6)cc4n3CC3CC3)n(C)c12,1,46,0.4935404658317566,0.5064595341682434
GCN-CfC encoder,3,188,COc1cc(C(=O)N2CC3CCC2[C@@H]3N)cc2nc(-c3cc4ccc(C5C=CC6=NC(=O)C=C(CO)C6=C5)nc4n3CC3CC3)n(C)c12,1,48,0.6137324571609497,0.3862675428390503
GCN-CfC encoder,3,189,Brc1ccc(-c2csc3[n+]2CCCCC3)cc1.[Br-],0,18,0.48752009868621826,0.5124799013137817
GCN-CfC encoder,3,190,CCCCCn1c(=O)c2ccccc2n2c(=S)[nH]nc12,0,20,0.971238374710083,0.028761625289916992
GCN-CfC encoder,3,191,CN(C)c1ccc2cc(C(=O)N[C@@H](CCCN=C(N)CCl)C(=O)NCc3ccccc3)ccc2c1,1,35,0.7396914958953857,0.26030850410461426
GCN-CfC encoder,3,192,CNc1ccccc(-c2ccc3cc4c(cc3n2)OCO4)c1=O,0,23,0.9514507055282593,0.04854929447174072
GCN-CfC encoder,3,193,CC(C)NC(=O)CSc1c2c(nc3ccccc13)CCCC2,0,22,0.9727013111114502,0.027298688888549805
GCN-CfC encoder,3,194,COc1cc(C(=O)N2CC3CCC2[C@@H]3N)cc2nc(-c3cc4ccc(-c5ccc(C(N)=O)c(F)c5)nc4n3CC3CC3)n(C)c12,1,45,0.8676866888999939,0.1323133111000061
GCN-CfC encoder,3,195,COC(=O)c1cc(-c2ccc3cc(-c4nc5cc(C(=O)N6C[C@H](N)C[C@@H](F)C6)cc(OC)c5n4C)n(CC4CC4)c3n2)n(C)n1,1,45,0.5039523839950562,0.49604761600494385
GCN-CfC encoder,3,196,CCn1c(C(=O)NCc2cccnc2)cc2sc(Cl)cc21,0,21,0.8647370934486389,0.13526290655136108
GCN-CfC encoder,3,197,CC(/C=C/c1ccc(N(C)C)cc1)=N/N=C1/NC(=O)CC(C(=O)Nc2ccc(Cl)cc2)S1,0,32,0.5882181525230408,0.41178184747695923
GCN-CfC encoder,3,198,COC(=O)Cc1cnc(NC(=O)CSc2nc(C(C)C)cc(=O)[nH]2)s1,0,25,0.980004072189331,0.019995927810668945
GCN-CfC encoder,3,199,O=C(Cc1cccs1)NNC(=S)NC(=O)c1ccc(F)c(F)c1,0,23,0.9764090776443481,0.023590922355651855
GCN-CfC encoder,3,200,COc1cc(C(=O)N2CC3CCC2[C@@H]3N)cc2nc(-c3cc4ccc(-c5ccc6c(c5)C(=O)NCC6)nc4n3CC3CC3)n(C)c12,1,46,0.8078333735466003,0.19216662645339966
GCN-CfC encoder,3,201,COc1cc(C(=O)N2CC3CCC2[C@@H]3N)cc2nc(-c3cc4ccc(C(C)O)cc4n3CC3CC3)n(Cc3cnn(C)c3)c12,1,44,0.8235593438148499,0.17644065618515015
GCN-CfC encoder,3,202,Cc1cc(C)c(Nc2cc(S(=O)(=O)[O-])c(N)c3c2C(=O)c2ccccc2C3=O)c(C)c1.[Na+],0,32,0.8675950169563293,0.13240498304367065
GCN-CfC encoder,3,203,CCCc1c(-c2nc3cc(C(=O)N4CCC[C@@H](N)C4)ccc3n2C)cnn1-c1ccccc1,0,33,0.45033347606658936,0.5496665239334106
GCN-CfC encoder,3,204,Cc1ccc(OCCC(=O)NNC(=O)c2cc(C)oc2C)cc1,0,23,0.9809300303459167,0.019069969654083252
GCN-CfC encoder,3,205,CC1(C)NC(=O)N(CCc2nn[nH]n2)C1=O,1,16,0.7869937419891357,0.21300625801086426
GCN-CfC encoder,3,206,CCOC(=O)c1sc(NC(=O)CSc2nc(O)c(Cc3ccccc3)c(=O)[nH]2)nc1C,0,31,0.9638173580169678,0.03618264198303223
GCN-CfC encoder,3,207,NS(=O)(=O)c1ccc(S(=O)(=O)c2ccccc2)nc1,0,19,0.9630196690559387,0.03698033094406128
GCN-CfC encoder,3,208,Nc1nnc2c(n1)CCCC2,0,11,0.9284359812736511,0.07156401872634888
GCN-CfC encoder,3,209,O=C(COc1ccccc1)Nc1nc(-c2ccc(S(=O)(=O)N3CCOCC3)cc2)cs1,0,31,0.9683935046195984,0.03160649538040161
GCN-CfC encoder,3,210,CN1CN(C)c2ccc([N+](=O)[O-])c3cccc1c23,0,18,0.9809863567352295,0.019013643264770508
GCN-CfC encoder,3,211,COc1cc(C(=O)N2C[C@H](N)C[C@@H](F)C2)cc2nc(-c3cc4ccc(-c5ccc6c(c5)C(=O)NCC(=O)N6)nc4n3CC3CC3)n(C)c12,1,48,0.5683039426803589,0.4316960573196411
GCN-CfC encoder,3,212,CCOC(=O)CSc1cc(C)nc2ccc(OC)cc12,0,20,0.9687283039093018,0.03127169609069824
GCN-CfC encoder,3,213,CCc1cc(NC(C)=O)ncc1-c1ccc2cc(-c3nc4cc(C(=O)N5C[C@H](N)C[C@@H](F)C5)cc(OC)c4n3C)n(CC3CC3)c2n1,1,47,0.4831368029117584,0.5168631970882416
GCN-CfC encoder,3,214,O=C(NCc1ccccc1)C(c1ccccc1)N(Cc1cccs1)C(=O)c1cnccn1,0,32,0.9316335916519165,0.0683664083480835
GCN-CfC encoder,3,215,COc1cc(C(=O)N2CC3CCC2[C@@H]3N)cc2nc(-c3cc4ccc(Oc5cc(C)nc(C)c5)nc4n3CC3CC3)n(C)c12,1,44,0.6186253428459167,0.38137465715408325
GCN-CfC encoder,3,216,CC(=O)OCc1nc2ccccc2s1,0,14,0.9805307388305664,0.019469261169433594
GCN-CfC encoder,3,217,COc1cc(C(=O)N2CC3CCC2[C@@H]3N)cc2nc(-c3cc4ccc(-c5cn(C)nc5-c5ccc(F)cc5)nc4n3CC3CC3)n(C)c12,1,48,0.7295879125595093,0.2704120874404907
GCN-CfC encoder,3,218,COc1cc(/C=N/NC(=O)C(=O)/C=C2\NC(C)(C)Cc3ccccc32)ccc1O,0,29,0.6566170454025269,0.34338295459747314
GCN-CfC encoder,3,219,Cc1cc(C)nc(/N=C(\N)Nc2ccc3c(c2)OCCO3)n1,0,22,0.974919855594635,0.02508014440536499
GCN-CfC encoder,3,220,CCN1CCN(c2ccc(N3CCN(C(=O)c4ccc(Br)o4)CC3)nn2)CC1,0,28,0.9502485394477844,0.049751460552215576
GCN-CfC encoder,3,221,O=C(C1=C[C@H](C2CC2)C[C@H](OCCCCO)O1)N1CCN(Cc2ccc3c(c2)OCO3)CC1,0,33,0.98382169008255,0.01617830991744995
GCN-CfC encoder,3,222,COc1cc(C(=O)N2C[C@H]3CC[C@@H]2[C@@H]3N)cc2nc(-c3ccc(C#N)n3CC3CC3)n([C@@H](C)c3ccccn3)c12,0,40,0.37592849135398865,0.6240715086460114
GCN-CfC encoder,3,223,COc1cccc(CNS(=O)(=O)c2c(C)[nH]c(C)c2C(=O)N2CCCCC2)c1,0,28,0.9290531277656555,0.07094687223434448
GCN-CfC encoder,3,224,COc1cc(-c2ccc3cc(-c4nc5cc(C(=O)N6C[C@H]7CC[C@@H]6[C@@H]7N)cc(OC)c5n4C)n(CC4CC4)c3n2)ccc1F,1,44,0.9349779486656189,0.0650220513343811
GCN-CfC encoder,3,225,COc1cc(C(=O)N2CC3CCC2[C@@H]3N)cc2nc(-c3cc4ccc(N5CC6(CCS6(=O)=O)C5)cc4n3CC3CC3)n(C)c12,1,44,0.6418070197105408,0.35819298028945923
GCN-CfC encoder,3,226,COc1cc(C(=O)N2C[C@H](N)C[C@@H](F)C2)cc2nc(-c3cc4ccc(-c5ccn6nc(C)cc6n5)nc4n3CC3CC3)n(C)c12,1,45,0.5066944360733032,0.4933055639266968
GCN-CfC encoder,3,227,CC1CCN(C(=O)C2CCN(S(=O)(=O)c3cccc4nonc34)CC2)CC1,0,27,0.9847448468208313,0.015255153179168701
GCN-CfC encoder,3,228,COc1cc(C(=O)N2CC3CCC2[C@@H]3N)cc2nc(-c3cc4ccc(N5CCNCC5=O)cc4n3CC3CC3)n(C)c12,1,42,0.9121341705322266,0.08786582946777344
GCN-CfC encoder,3,229,COc1ccc(-n2c(CNC(=O)c3ccc(S(=O)(=O)N4CCCC4)cc3)n[nH]c2=S)cc1,0,32,0.9589060544967651,0.04109394550323486
GCN-CfC encoder,3,230,CC(=O)c1ccccc1NC(=O)CC1(CC(=O)O)CCCCC1,0,23,0.44473010301589966,0.5552698969841003
GCN-CfC encoder,3,231,COc1cc(C(=O)NC(C)C2CC3CCC2C3)cc(OC)c1OC,0,24,0.9290755987167358,0.07092440128326416
GCN-CfC encoder,3,232,COc1cc(C(=O)N2CC3CCC2[C@@H]3N)cc2nc(-c3cc4ccc(Nc5cc(=O)[nH]cn5)nc4n3CC3CC3)n(C)c12,1,43,0.6414242386817932,0.3585757613182068
GCN-CfC encoder,3,233,O=C(N/C(=C/c1ccccc1F)C(=O)N1CCCCC1)c1ccccc1,0,26,0.9461649060249329,0.05383509397506714
GCN-CfC encoder,3,234,O=C(COC(=O)c1ccc([N+](=O)[O-])s1)NNC(=O)c1ccccc1,0,24,0.9628395438194275,0.03716045618057251
GCN-CfC encoder,3,235,Cn1c2c(c(=O)n(C)c1=O)C(CC(=O)Nc1ccccc1F)C(=O)N2,0,25,0.962906539440155,0.03709346055984497
GCN-CfC encoder,3,236,O=C(COc1ccccc1)N/N=C/c1sc(=O)n(Cc2cccc(C(=O)O)c2)c1Cl,0,30,0.9427652955055237,0.05723470449447632
GCN-CfC encoder,3,237,CCN(CC)C(=S)SCC(=O)c1ccc(F)cc1,0,18,0.9469794034957886,0.053020596504211426
GCN-CfC encoder,3,238,O=C(NC(=S)NNC(=O)c1ccccc1[N+](=O)[O-])c1ccc(Br)cc1,0,25,0.9832897186279297,0.016710281372070312
GCN-CfC encoder,3,239,CCn1c(SCC(=O)NC2=NCCS2)nnc1C(C)NC(=O)c1ccccc1F,0,29,0.9737193584442139,0.026280641555786133
GCN-CfC encoder,3,240,COc1cc(C(=O)N2CC3CCC2[C@@H]3N)cc2nc(-c3cc4ccc(-c5cnc(NC(C)=O)cc5Cl)nc4n3CC3CC3)n(C)c12,1,46,0.6089929938316345,0.3910070061683655
GCN-CfC encoder,3,241,COc1cc(C(=O)N2C[C@H](N)C[C@@H](F)C2)cc2nc(-c3cc4ccc(C5=CC(C(F)(F)F)=CC6=NC(=O)NC56)nc4n3CC3CC3)n(C)c12,1,49,0.6195283532142639,0.3804716467857361
GCN-CfC encoder,3,242,CCCc1cc2c(=O)c(-c3ccccn3)c(C)oc2cc1O,0,22,0.9588459730148315,0.04115402698516846
GCN-CfC encoder,3,243,O=C(NCc1csc(-c2cccs2)n1)C1CCC1,0,18,0.9349135756492615,0.06508642435073853
GCN-CfC encoder,3,244,Cc1cc(/C=C(\C#N)c2nnc(N3CCOCC3)n2-c2ccccc2)c(C)n1-c1ccccc1,0,34,0.9670055508613586,0.03299444913864136
GCN-CfC encoder,3,245,COC1=CC(=O)c2ccccc2C1=O,0,14,0.8373124599456787,0.1626875400543213
GCN-CfC encoder,3,246,COC(=O)c1ccc(NC(=O)CSc2nc3cccnc3n2C)cc1,0,25,0.9581384658813477,0.041861534118652344
GCN-CfC encoder,3,247,COC(=O)CNC(=O)COc1ccc(-c2ccc3cc(-c4nc5cc(C(=O)N6CC7CCC6[C@@H]7N)cc(OC)c5n4C)n(CC4CC4)c3n2)cc1,1,51,0.5652285814285278,0.43477141857147217
GCN-CfC encoder,3,248,O=C1CCN2C=Nc3cccc4ccc1c2c34,0,17,0.9762508273124695,0.023749172687530518
GCN-CfC encoder,3,249,O=C(O)CCSc1ccc([N+](=O)[O-])cc1[N+](=O)[O-],0,18,0.9777726531028748,0.022227346897125244
GCN-CfC encoder,3,250,COc1cc(C(=O)N2C[C@H](N)C[C@@H](F)C2)cc2nc(-c3cc4ccc(-c5ccc(N6CCCC6=O)cc5)nc4n3CC3CC3)n(C)c12,1,47,0.5665220618247986,0.4334779381752014
GCN-CfC encoder,3,251,Cc1cc(OCC(=O)N2CCOCC2)ccc1NC(=O)c1ccccc1C,0,27,0.9584816694259644,0.041518330574035645
GCN-CfC encoder,3,252,CCc1c(O)nc(SCc2nc3ccccc3c(=O)[nH]2)[nH]c1=O,0,23,0.9802364706993103,0.019763529300689697
GCN-CfC encoder,3,253,COC(=O)C1=C(N)Oc2cc(N(C)C)ccc2C1c1ccccc1OC,0,26,0.7576450705528259,0.24235492944717407
GCN-CfC encoder,3,254,Cc1ccc(C2CC(=O)Oc3cc(O)ccc32)cc1,0,19,0.9507110714912415,0.049288928508758545
GCN-CfC encoder,3,255,Cc1ccc(C)c(-n2nnnc2SCC(=O)Nc2cccc(-c3nnc4n3CCCCC4)c2)c1,0,34,0.9687666296958923,0.031233370304107666
GCN-CfC encoder,3,256,Cc1csc(CNc2ncnc3ccc(-c4ccc5c(c4)OCO5)cc23)c1,0,27,0.9262604713439941,0.07373952865600586
GCN-CfC encoder,3,257,COc1cc(C(=O)N2C[C@H](N)C[C@@H](F)C2)cc2nc(-c3cc4ccc(-c5cnc(C#N)nc5)nc4n3CC3CC3)n(C)c12,1,43,0.5416851043701172,0.4583148956298828
GCN-CfC encoder,3,258,COC(=O)C(Cc1csc2ccc(Cl)cc12)NC(=O)c1ccc(Cl)cc1,0,26,0.9716364741325378,0.028363525867462158
GCN-CfC encoder,3,259,CCN1C(=NCc2ccco2)N[C@@H](c2cccc(F)c2)C(C(=O)OC)=C1C,0,27,0.9576027989387512,0.04239720106124878
GCN-CfC encoder,3,260,CC1(C)CC(=O)c2c(O)cc(OCC(=O)Nc3ccc(S(N)(=O)=O)cc3)cc2O1,0,29,0.9379960894584656,0.062003910541534424
GCN-CfC encoder,3,261,Cc1c(C(c2cccs2)c2c(C)n(C)n(-c3ccccc3)c2=O)c(=O)n(-c2ccccc2)n1C,0,34,0.8420988917350769,0.1579011082649231
GCN-CfC encoder,3,262,Cn1c(-n2nccc2-c2ccccc2)nc2cc(C(=O)N3CCC[C@@H](N)C3)ccc21,0,30,0.4391964375972748,0.5608035624027252
GCN-CfC encoder,3,263,Cc1ccc(C(C)NC(=O)Cc2cccs2)cc1C,0,19,0.9890574216842651,0.010942578315734863
GCN-CfC encoder,3,264,COc1ccccc1CCC(=O)Nc1cc(S(=O)(=O)N2CCCCC2)ccc1N1CCN(C)CC1,0,35,0.9772297143936157,0.022770285606384277
GCN-CfC encoder,3,265,CC(C)CN1Cc2ccccc2Oc2cc(Br)ccc2S1(=O)=O,0,23,0.9791539907455444,0.020846009254455566
GCN-CfC encoder,3,266,CCN(CC)S(=O)(=O)c1cc(C(=O)Oc2cccc(-c3cnc4ccccc4n3)c2)ccc1OC,0,35,0.9573580622673035,0.04264193773269653
GCN-CfC encoder,3,267,CCOc1ccc(C(=O)N/N=C/c2cccc3cccnc23)cc1,0,24,0.8374677896499634,0.16253221035003662
GCN-CfC encoder,3,268,CC1(c2nnc(-c3cccc(Cl)c3)o2)CC(c2ccc(C#N)cc2)=NO1,0,26,0.8607304692268372,0.13926953077316284
GCN-CfC encoder,3,269,O=C(NC(=S)N(Cc1ccccc1)c1ccccn1)C1CC1,0,22,0.9615981578826904,0.03840184211730957
GCN-CfC encoder,3,270,O=C(Nc1ccc(S(=O)(=O)Nc2nccs2)cc1)C1CC(=O)N(c2ccc(Cl)cc2)C1,0,31,0.9734429121017456,0.026557087898254395
GCN-CfC encoder,3,271,CCCCN(Cc1ccco1)C(=O)Cn1ncc2c(=O)oc3ccc(C)cc3c21,0,29,0.9728054404258728,0.027194559574127197
GCN-CfC encoder,3,272,COc1cc(C(=O)N2C[C@H](N)C[C@@H](F)C2)cc2nc(-c3cc4ccc(-c5ccc(C(N)=O)nc5C)nc4n3CC3CC3)n(C)c12,1,45,0.5376271605491638,0.4623728394508362
GCN-CfC encoder,3,273,Cc1sc2nc(SCc3nc(-c4cccs4)no3)n(-c3ccccc3)c(=O)c2c1C,0,30,0.8613504767417908,0.13864952325820923
GCN-CfC encoder,3,274,COC(=O)C1=C(C(=O)OC)C(c2ccc(OC)c(OC)c2)c2sc(=O)[nH]c2S1,0,28,0.9360252618789673,0.06397473812103271
GCN-CfC encoder,3,275,COc1cc(C(=O)N2C[C@H](N)C[C@@H](F)C2)cc2nc(-c3cc4ccc(-c5cccc(O)c5Cl)nc4n3CC3CC3)n(C)c12,1,43,0.6207013130187988,0.37929868698120117
GCN-CfC encoder,3,276,Cc1c(-c2cc3cccc(Cl)c3n2Cc2ccc(F)cc2)nc2cc(C(=O)N3CCC[C@@H](N)C3)ccn12,1,37,0.7794561982154846,0.22054380178451538
GCN-CfC encoder,3,277,CCOc1c(Br)cc(CNc2ccc(N3CCOCC3)cc2)cc1OC,0,26,0.9690442681312561,0.030955731868743896
GCN-CfC encoder,3,278,CC(C)(C)OC(=O)NCCC(=O)N/N=C/c1cccc2nccnc12,0,25,0.9250209927558899,0.07497900724411011
GCN-CfC encoder,3,279,CC(CNC(=O)C1CCCCC1C(=O)O)c1ccccc1,0,21,0.8317611217498779,0.16823887825012207
GCN-CfC encoder,3,280,COC(=O)c1cc(C(=O)OCC(=O)NCc2cccs2)cc([N+](=O)[O-])c1,0,26,0.9735263586044312,0.026473641395568848
GCN-CfC encoder,3,281,CCCCCCCCCCCCN1[C@@H](CC(=O)O)c2cc(C(F)(F)F)ccc2S1(=O)=O,0,31,0.8207242488861084,0.1792757511138916
GCN-CfC encoder,3,282,CCOC(=O)N1CCN(C(=O)c2c(-c3ccccc3)noc2C)CC1,0,25,0.9692655801773071,0.03073441982269287
GCN-CfC encoder,3,283,CCn1c(N)[n+](CC(=O)Nc2ccc(SC(F)F)cc2)c2ccccc21.[Cl-],0,27,0.4973445236682892,0.5026554763317108
GCN-CfC encoder,3,284,CC1=CC(=O)C2=C(C)CC[C@@H]3[C@H](OC(=O)[C@H]3C)[C@@H]12,0,18,0.9223383665084839,0.07766163349151611
GCN-CfC encoder,3,285,CC(C)CCOc1cccc(OCC(=O)NC2CCS(=O)(=O)C2)c1,0,24,0.9701094627380371,0.02989053726196289
GCN-CfC encoder,3,286,NNC(=O)c1ccc(N2CCc3ccccc32)c([N+](=O)[O-])c1,0,22,0.9674257040023804,0.03257429599761963
GCN-CfC encoder,3,287,COc1cc(C(=O)N2CC3CCC2[C@@H]3N)cc2nc(-c3cc4ccc(C5CNNC5OC)nc4n3CC3CC3)n(C)c12,1,42,0.6982786059379578,0.30172139406204224
GCN-CfC encoder,3,288,CCOc1ccc(N2C(=O)/C(=C/c3cc(OC)c(OC)c(OC)c3)N(CC(=O)OC)C2=S)cc1,0,34,0.9385298490524292,0.0614701509475708
GCN-CfC encoder,3,289,CN(C)S(=O)(=O)c1cc(NC(=O)CN2CCN(c3ccccc3O)CC2)ccc1Cl,0,30,0.9745534062385559,0.025446593761444092
GCN-CfC encoder,3,290,CNC(=O)NC1CCCCc2sccc21,0,15,0.9721814393997192,0.02781856060028076
GCN-CfC encoder,3,291,CC1(OC(=O)C2CCCC2)C(=O)C=C2C=C(c3ccsc3)N(CC3CC3)C=C2C1=O,0,30,0.7367377877235413,0.26326221227645874
GCN-CfC encoder,3,292,COc1ccc(Oc2nnnn2-c2ccccc2)cc1,0,20,0.5145506262779236,0.4854493737220764
GCN-CfC encoder,3,293,COc1cc(C(=O)N2CC3CCC2[C@@H]3N)cc2nc(-c3cc4ccc(-c5cnn(C)c5-c5ccc(F)cc5)nc4n3CC3CC3)n(C)c12,1,48,0.9135934710502625,0.08640652894973755
GCN-CfC encoder,3,294,CC(C)OCCCNC(=O)C1CC(=O)N(C2CCCCCCC2)C1,0,24,0.9822330474853516,0.017766952514648438
GCN-CfC encoder,3,295,COc1ccc(-n2c(C)n[nH]c2=O)cc1OC,0,17,0.9404550194740295,0.05954498052597046
GCN-CfC encoder,3,296,COc1cc(C(=O)N2CC3CCC2[C@@H]3N)cc2nc(-c3cc4ccc(C5CNC(=O)NC5=O)nc4n3CC3CC3)n(C)c12,1,43,0.669082522392273,0.33091747760772705
GCN-CfC encoder,3,297,Cc1ccc(CC(CC(=O)NCCc2ccc3c(c2)OCO3)C(=O)O)cc1,0,27,0.9768142700195312,0.02318572998046875
GCN-CfC encoder,3,298,O=C(CSc1nnc(CNc2ccc(Cl)cc2)n1Cc1ccccc1)NCc1ccco1,0,32,0.9560824632644653,0.04391753673553467
GCN-CfC encoder,3,299,Cc1ccc(S(=O)(=O)NNC(=O)C(=O)NNc2ccccn2)cc1,0,24,0.9616121053695679,0.03838789463043213
GCN-CfC encoder,3,300,CCOC(=O)c1[nH]c2ccc(F)cc2c1NC(=O)c1cc(OC)c(OC)c(OC)c1,0,30,0.9414224028587341,0.05857759714126587
GCN-CfC encoder,3,301,COc1cc(C(=O)N2CC3CCC2C3)cc2nc(-c3cc4ccc(N(C)C)cc4n3CC3CC3)n(C)c12,1,37,0.5711316466331482,0.4288683533668518
GCN-CfC encoder,3,302,CCOc1ccc2nc(N/C(N)=N/C(=S)Nc3ccc(C)c(C)c3)nc(C)c2c1,0,29,0.9728112816810608,0.02718871831893921
GCN-CfC encoder,3,303,CCOc1cc(/C=C\c2[nH]c(=O)[nH]c(=O)c2[N+](=O)[O-])ccc1OC(C)CC,0,27,0.9037953615188599,0.09620463848114014
GCN-CfC encoder,3,304,Cc1nc(SCC(=O)N(C)C2(C#N)CCCCC2)c2ccccc2n1,0,25,0.9567323923110962,0.04326760768890381
GCN-CfC encoder,3,305,Cc1noc(C(F)(F)F)c1C(=O)NNC(=O)c1ccccc1,0,22,0.9388543367385864,0.061145663261413574
GCN-CfC encoder,3,306,COc1cc(C(=O)N2C[C@H](N)C[C@@H](F)C2)cc2nc(-c3cc4ccc(-c5ccc(C(N)=O)cc5Cl)nc4n3CC3CC3)n(C)c12,1,45,0.6384903192520142,0.36150968074798584
GCN-CfC encoder,3,307,COC(=O)c1cc(-c2ccc3cc(-c4nc5cc(C(=O)N6CC7CCC6[C@@H]7N)cc(OC)c5n4C)n(CC4CC4)c3n2)n(C)n1,1,45,0.6223828792572021,0.37761712074279785
GCN-CfC encoder,3,308,Cc1cc2cc(CNC(=O)c3cccs3)ccc2n1C,0,20,0.8890228867530823,0.11097711324691772
GCN-CfC encoder,3,309,C=CCSc1nnc(CNC(=O)c2ccc(Cl)cc2)n1CC,0,22,0.9522027373313904,0.04779726266860962
GCN-CfC encoder,3,310,O=C(NC1CCCC1)NS(=O)(=O)c1ccccc1Cl,0,19,0.9630259275436401,0.03697407245635986
GCN-CfC encoder,3,311,CC(=O)Nc1ccc2c(c1)CCCC2,0,14,0.9633418917655945,0.03665810823440552
GCN-CfC encoder,3,312,Cc1ccc2c(CN3CCOCC3)cc(=O)oc2c1C,0,20,0.9802466034889221,0.01975339651107788
GCN-CfC encoder,3,313,CC(=O)NCCNC(=O)CCNC(=O)c1ccc(Cl)cc1,0,21,0.979556679725647,0.020443320274353027
GCN-CfC encoder,3,314,COc1cc(C(=O)N2CC3CCC2[C@@H]3N)cc2nc(-c3cc4ccc(C5=CC=CC6=NC(=O)C=CC56)nc4n3CC3CC3)n(C)c12,1,46,0.812343955039978,0.18765604496002197
GCN-CfC encoder,3,315,Cn1ccnc1C(=O)c1ccccc1Cl,0,15,0.9900768399238586,0.009923160076141357
GCN-CfC encoder,3,316,COc1ccc(-c2cc(=O)[nH][nH]2)cc1,0,14,0.9659672379493713,0.03403276205062866
GCN-CfC encoder,3,317,O=C(C1=C[C@@H](c2ccc(C(F)(F)F)cc2)C[C@@H](OCc2ccc(CO)cc2)O1)N1CCN(Cc2ccc3c(c2)OCO3)CC1,0,44,0.9778107404708862,0.02218925952911377
GCN-CfC encoder,3,318,COc1cc(/C=N/Nc2ccccc2[N+](=O)[O-])ccc1OC(=O)c1ccccc1F,0,30,0.8853819966316223,0.11461800336837769
GCN-CfC encoder,3,319,Cc1ccccc1Cn1ccc(NC(=O)c2onc(C)c2Cl)n1,0,23,0.9764262437820435,0.023573756217956543
GCN-CfC encoder,3,320,CCOc1ccc(N(C(=O)c2cnsn2)C(C(=O)NC2CCCCC2)c2ccncc2)cc1,0,33,0.9587562084197998,0.041243791580200195
GCN-CfC encoder,3,321,COc1ccc(-c2nn(-c3ccccc3)cc2C(=O)NC(=S)NNC(=O)c2ccncc2)cc1,0,34,0.9659604430198669,0.03403955698013306
GCN-CfC encoder,3,322,COc1cc(C(=O)N2CC3CCC2[C@@H]3N)cc2nc(-c3cc4ccc(-c5cnc(C#N)cc5C)nc4n3CC3CC3)n(C)c12,1,44,0.7066868543624878,0.2933131456375122
GCN-CfC encoder,3,323,COc1cc([N+](=O)[O-])c(OC)cc1SCc1n[nH]c(=S)n1-c1ccc(F)cc1,0,28,0.9397412538528442,0.06025874614715576
GCN-CfC encoder,3,324,Cc1sc2ncn(CC(=O)NCC(=O)N3CCN(c4ccccc4F)CC3)c(=O)c2c1C,0,32,0.9744150042533875,0.02558499574661255
GCN-CfC encoder,3,325,CCCC[n+]1c(C)sc2cc(OC)ccc21.[I-],0,17,0.9291142821311951,0.07088571786880493
GCN-CfC encoder,3,326,COc1cc(C(=O)N2CC3CCC2[C@@H]3N)cc2nc(-c3cc4ccc(N5CCC(O)(c6ccccc6)C5)nc4n3CC3CC3)n(C)c12,1,47,0.5918659567832947,0.4081340432167053
GCN-CfC encoder,3,327,COc1cc(C(=O)N2CC3CCC2[C@@H]3N)cc2nc(-c3cc4ccc(-c5ccc6c(c5)CCNC6=O)nc4n3CC3CC3)n(C)c12,1,46,0.7837680578231812,0.21623194217681885
GCN-CfC encoder,3,328,NS(=O)(=O)c1cc(C(=O)NNC(=O)c2ccc3c(c2)OCO3)ccc1Cl,0,26,0.9735133647918701,0.026486635208129883
GCN-CfC encoder,3,329,Fc1ccc(OCc2nnc(-c3ccccc3Br)o2)c(Cl)c1,0,22,0.986510157585144,0.013489842414855957
GCN-CfC encoder,3,330,COc1cc(C(=O)N2C[C@H](N)C[C@@H](F)C2)cc2nc(-c3cc4ccc(-c5cnc6c(c5)C(=O)NC6)nc4n3CC3CC3)n(C)c12,1,45,0.5529301166534424,0.4470698833465576
GCN-CfC encoder,3,331,COc1cc(C(=O)N2C[C@H](N)C[C@@H](F)C2)cc2nc(-c3cc4ccc(-c5ccc(N6CCC(O)C6=O)c(C)n5)nc4n3CC3CC3)n(C)c12,1,49,0.4633675813674927,0.5366324186325073
GCN-CfC encoder,3,332,CCc1ccc(S(=O)(=O)Nc2ccc(O)c3ccccc23)cc1,0,23,0.9491913914680481,0.050808608531951904
GCN-CfC encoder,3,333,COC(=O)c1sc2ccccc2c1NC(=O)c1ccc(S(=O)(=O)N2CC(C)CC(C)C2)cc1,0,33,0.9373787641525269,0.06262123584747314
GCN-CfC encoder,3,334,CCCS(=O)(=O)c1csc(C(=O)OC)c1N,0,16,0.964097797870636,0.035902202129364014
GCN-CfC encoder,3,335,O=c1[nH]c(Nc2ccccn2)cc2ccccc12,0,18,0.9750804901123047,0.024919509887695312
GCN-CfC encoder,3,336,CS(=O)(=O)N(CC(=O)N1CCOCC1)Cc1ccc(Cl)cc1,0,22,0.9681614637374878,0.03183853626251221
GCN-CfC encoder,3,337,COc1ccc(OCC(=O)Nc2ccccc2C(=O)Nc2ccc(C(=O)O)cc2)cc1,0,31,0.9610582590103149,0.03894174098968506
GCN-CfC encoder,3,338,COc1cc(C(=O)N2CC3CCC2[C@@H]3N)cc2nc(-c3cc4ccc(-c5cn[nH]c5C)cc4n3CC3CC3)n(C)c12,1,41,0.864709198474884,0.13529080152511597
GCN-CfC encoder,3,339,Cc1ccccc1OC(C)C(=O)NCCC1=CCCCC1,0,21,0.970362663269043,0.02963733673095703
GCN-CfC encoder,3,340,CCOc1ccc(N(CC(=O)N/N=C/c2cc([N+](=O)[O-])ccc2Cl)S(C)(=O)=O)cc1,0,30,0.9698523879051208,0.03014761209487915
GCN-CfC encoder,3,341,COc1cc(C(=O)N2CC3CCC2[C@@H]3N)cc2nc(-c3cc4ccc(-c5ccc(S(C)(=O)=O)nc5)nc4n3CC3CC3)n(C)c12,1,45,0.6786083579063416,0.32139164209365845
GCN-CfC encoder,3,342,O=C1CN(S(=O)(=O)c2cc(C(=O)O)ccc2Cl)c2ccccc2N1,0,24,0.9673510789871216,0.03264892101287842
GCN-CfC encoder,3,343,CC(=O)c1ccc(OCc2cc(C(=O)NCCN3CCCC(O)C3)no2)cc1,0,28,0.9774072170257568,0.022592782974243164
GCN-CfC encoder,3,344,CSC1=NC(C)(C)CC2(C)Nc3ccccc3N12,0,18,0.39965760707855225,0.6003423929214478
GCN-CfC encoder,3,345,S=c1[nH]nc(-c2c[nH]c3ccccc23)o1,0,15,0.9842620491981506,0.015737950801849365
GCN-CfC encoder,3,346,CC(C)c1nc(SCC(=O)N2CC(=O)Nc3ccccc32)c2ccccc2n1,0,28,0.9779736995697021,0.02202630043029785
GCN-CfC encoder,3,347,COc1cc(C(=O)N2CC3CCC2[C@@H]3N)cc2nc(-c3cc4ccc(N5CCC(S(C)(=O)=O)CC5)cc4n3CC3CC3)n(C)c12,1,45,0.5934920907020569,0.4065079092979431
GCN-CfC encoder,3,348,COc1cc(C(=O)N2C[C@H](N)C[C@@H](F)C2)cc2nc(-c3cc4ccc(CCN5CCOC5=O)nc4n3CC3CC3)n(C)c12,1,43,0.5417639017105103,0.45823609828948975
GCN-CfC encoder,3,349,Cc1cccc(-c2nc3ccccc3c(=O)n2NC(=O)c2ccc([N+](=O)[O-])c(C)c2)c1,0,31,0.9783955216407776,0.021604478359222412
GCN-CfC encoder,3,350,CN(C)C(CNC(=O)C1CCN(S(=O)(=O)c2cccc(Cl)c2Cl)CC1)c1ccccc1,0,31,0.9255338311195374,0.07446616888046265
GCN-CfC encoder,3,351,Cn1sc(=O)c2cc(S(=O)(=O)NC3CC3)ccc21,0,18,0.9834920167922974,0.016507983207702637
GCN-CfC encoder,3,352,CCCc1c(C(=O)N/N=C/c2ccc(OC)c(OCc3ccccc3)c2)nnn1-c1nonc1N,0,35,0.8609209060668945,0.13907909393310547
GCN-CfC encoder,3,353,CCNC(=O)c1c(NC(=O)C2COc3ccccc3O2)sc2c1CCCC2,0,27,0.961455225944519,0.03854477405548096
GCN-CfC encoder,3,354,COc1cc2nc(N(CCCN(C)C)C(=O)c3ccc(S(=O)(=O)N4CCc5ccccc54)cc3)sc2cc1OC.Cl,0,41,0.9542951583862305,0.04570484161376953
GCN-CfC encoder,3,355,COc1cc(C(=O)N2CC3CCC2[C@@H]3N)cc2nc(-c3cc4ccc(-c5ccc6nnnn6c5)nc4n3CC3CC3)n(C)c12,1,44,0.7107136845588684,0.2892863154411316
GCN-CfC encoder,3,356,CNC(=O)n1ccc(C(=O)N2CCCCC2)n1,0,17,0.9768218994140625,0.0231781005859375
GCN-CfC encoder,3,357,CC(NC(=O)c1ccccc1)C(=O)OCC(=O)c1ccc(Br)cc1,0,24,0.9304329752922058,0.06956702470779419
GCN-CfC encoder,3,358,CCOC(=O)c1ccc(NC(=O)CSc2nc3cccnc3n2C)cc1,0,26,0.9728129506111145,0.027187049388885498
GCN-CfC encoder,3,359,O=C(COc1ccc(S(=O)(=O)N2CCCC2)cc1)NCc1cccnc1,0,26,0.8656608462333679,0.13433915376663208
GCN-CfC encoder,3,360,COC(=O)C1=C(C(=O)OC)SC2(S1)C(C(=O)OC)=C(C(=O)OC)SC1=C2c2cc(C)cc(C)c2NC1(C)C,0,38,0.8701084852218628,0.1298915147781372
GCN-CfC encoder,3,361,COC(=O)c1cn(C(=O)c2cc(OC)cc(OC)c2)c2ccccc12,0,25,0.9223718643188477,0.07762813568115234
GCN-CfC encoder,3,362,COc1ccc(Cn2c(-c3nc4cc(C(=O)N5CCC[C@@H](N)C5)ccn4c3C)cc3ccccc32)nc1,1,37,0.5014358162879944,0.4985641837120056
GCN-CfC encoder,3,363,COc1ccc(/C=N/n2c(=O)c(C(C)(C)C)nn3cnnc23)cc1,0,24,0.8977536559104919,0.10224634408950806
GCN-CfC encoder,3,364,COc1cccc2cc(C(=O)NC3CC(C)(C)NC(C)(C)C3)c(=O)oc12,0,26,0.8179848194122314,0.18201518058776855
GCN-CfC encoder,3,365,COc1ccc(C(=O)NCCc2ccc(C(F)(F)F)cc2)cc1S(=O)(=O)N1CCOCC1,0,32,0.973088800907135,0.02691119909286499
GCN-CfC encoder,3,366,O=C(O)CN1C(=O)/C(=C\c2ccccc2OCc2ccc(Cl)cc2Cl)SC1=S,0,28,0.9455190896987915,0.054480910301208496
GCN-CfC encoder,3,367,Cc1cc(C)cc(-n2ccnc2SCC(=O)Nc2cccc(S(=O)(=O)NC3=NCCC3)c2)c1,0,33,0.9558126330375671,0.04418736696243286
GCN-CfC encoder,3,368,O=C(NNC(=O)c1cccc(C(F)(F)F)c1)c1ccc(-n2cnnn2)cc1,0,27,0.9500829577445984,0.04991704225540161
GCN-CfC encoder,3,369,Cc1c(-c2cc3ccccc3n2CC2CC2)nc2cc(C(=O)N3CCC4OCCNC4C3)ccn12,1,35,0.5919596552848816,0.4080403447151184
GCN-CfC encoder,3,370,COc1cc(C(=O)N2CC3CCC2[C@@H]3N)cc2nc(-c3cc4ccc(-c5nnnn5C)nc4n3CC3CC3)n(C)c12,1,41,0.8061915636062622,0.1938084363937378
GCN-CfC encoder,3,371,Cc1sc2nc(-c3ccco3)oc(=O)c2c1C,0,17,0.9674758911132812,0.03252410888671875
GCN-CfC encoder,3,372,Cc1cc(C(C#N)c2ccccc2)n2ncnc2n1,0,19,0.9513605237007141,0.04863947629928589
GCN-CfC encoder,3,373,O=C(C1CCCO1)N1CCN(S(=O)(=O)c2ccc(Cl)cc2)CC1,0,23,0.9759714603424072,0.024028539657592773
GCN-CfC encoder,3,374,Cn1c(-c2cncn2CC2CC2)nc2cc(C(=O)N3CCC[C@@H](N)C3)ccc21,0,28,0.397022545337677,0.602977454662323
GCN-CfC encoder,3,375,COc1cc(C(=O)N2CC3CCC2[C@@H]3N)cc2nc(-c3cc4ccc(-c5ccnc(F)c5C)nc4n3CC3CC3)n(C)c12,1,43,0.7168521881103516,0.28314781188964844
GCN-CfC encoder,3,376,O=C(Oc1cccc([N+](=O)[O-])c1)c1ccc2c(=O)n3c(nc2c1)CCC3,0,26,0.983386218547821,0.016613781452178955
GCN-CfC encoder,3,377,COCCn1nnnc1SCC(=O)N1CCCCC1,0,19,0.9571194052696228,0.0428805947303772
GCN-CfC encoder,3,378,Cc1ccc([N+](=O)[O-])c(C(=O)N/N=C/c2cccnc2)c1,0,21,0.6520902514457703,0.34790974855422974
GCN-CfC encoder,3,379,c1ccc2c(CNC3CCCCC3)c[nH]c2c1,0,17,0.9491424560546875,0.0508575439453125
GCN-CfC encoder,3,380,COC(=O)c1ccc(-c2ncc[nH]2)cc1,0,15,0.970107913017273,0.02989208698272705
GCN-CfC encoder,3,381,O=S(=O)(/C=C/c1ccccc1)N1CCN(Cc2ccc3c(c2)OCO3)CC1,0,27,0.8711712956428528,0.12882870435714722
GCN-CfC encoder,3,382,COc1ccc(Cl)cc1NC(=O)c1[nH]c(C)c(C(C)=O)c1C,0,22,0.9459983706474304,0.05400162935256958
GCN-CfC encoder,3,383,COc1cccc(NC(=O)Nc2cccs2)c1,0,17,0.9655045866966248,0.034495413303375244
GCN-CfC encoder,3,384,Cn1cnc([N+](=O)[O-])c1Sc1ccc(C(C)(C)C)cc1,0,20,0.9796925187110901,0.020307481288909912
GCN-CfC encoder,3,385,CC(=O)Nc1c(O)nc(SCC(=O)Nc2sc3c(c2C#N)CCCCCC3)[nH]c1=O,0,30,0.969194233417511,0.030805766582489014
GCN-CfC encoder,3,386,COc1cc(C(=O)N2C[C@H](N)C[C@@H](F)C2)cc2nc(-c3cc4ccc(-c5cccc(F)c5C(=O)O)nc4n3CC3CC3)n(C)c12,1,45,0.6118565201759338,0.38814347982406616
GCN-CfC encoder,3,387,COc1cc(C(=O)N2CC3CCC2[C@@H]3N)cc2nc(-c3cc4ccc(-c5cc(O)ccc5Cl)nc4n3CC3CC3)n(C)c12,1,43,0.770549476146698,0.229450523853302
GCN-CfC encoder,3,388,CC(=O)Nc1ccc(NC(=O)C(C)OC(=O)CC2CCCCC2)cc1,0,25,0.8225146532058716,0.17748534679412842
GCN-CfC encoder,3,389,N#Cc1ccc(N2Cc3ccccc3C2=NC(=O)c2cccs2)cc1,0,25,0.9546315670013428,0.04536843299865723
GCN-CfC encoder,3,390,COc1cc(C(=O)N2CC3CCC2[C@@H]3N)cc2nc(-c3cc4ccc(-c5ccc(Cl)c(C(N)=O)c5)nc4n3CC3CC3)n(C)c12,1,45,0.6999793648719788,0.30002063512802124
GCN-CfC encoder,3,391,Cc1[nH]n2c(=O)c3c(nc2c1-c1ccccc1)CCCC3,0,21,0.9448893666267395,0.0551106333732605
GCN-CfC encoder,3,392,COc1ccc(N(C(=O)c2cccnc2)S(=O)(=O)c2cccc([N+](=O)[O-])c2)cc1,0,29,0.9324836730957031,0.06751632690429688
GCN-CfC encoder,3,393,Cc1ccc(S(=O)(=O)NCCC(=O)Nc2ccc(S(=O)(=O)NC(C)C)cc2)cc1,0,29,0.9596913456916809,0.04030865430831909
GCN-CfC encoder,3,394,O=S(=O)(c1ccc2ccccc2c1)N1CCN(S(=O)(=O)N2CCCCC2)CC1,0,28,0.9111132621765137,0.08888673782348633
GCN-CfC encoder,3,395,O=c1cc(-c2ccc(Cl)cc2)[nH][nH]1,0,13,0.9853160977363586,0.014683902263641357
GCN-CfC encoder,3,396,Cc1sc2ccccc2[n+]1CC(=O)O.[Br-],0,15,0.9302681088447571,0.06973189115524292
GCN-CfC encoder,3,397,Cc1ccc(N(C(=O)c2cccs2)C2C=CS(=O)(=O)C2)cc1,0,22,0.9789507985115051,0.021049201488494873
GCN-CfC encoder,3,398,CC(C)c1ccc(NC2CCCN(C(=O)CCN3CCOCC3)C2)cc1,0,26,0.9739815592765808,0.02601844072341919
GCN-CfC encoder,3,399,COC1CCCN(C(=O)c2cccc(OC3CCN(S(=O)(=O)N(C)C)CC3)c2)C1,0,29,0.9682456851005554,0.03175431489944458
GCN-CfC encoder,3,400,COc1cc(C(=O)N2C[C@H](N)C[C@@H](F)C2)cc2nc(-c3cc4ccc(-c5ccc(OCC(N)=O)cc5)nc4n3CC3CC3)n(C)c12,1,46,0.6188391447067261,0.3811608552932739
GCN-CfC encoder,3,401,COc1ccc(CCNS(=O)(=O)c2cccc(C(=O)O)c2)cc1OC,0,25,0.9551879167556763,0.04481208324432373
GCN-CfC encoder,3,402,COc1cc(C(=O)N2CC3CCC2[C@@H]3N)cc2nc(-c3cc4ccc(-c5cc(F)c6c(c5)CCC(=O)N6)cc4n3CC3CC3)n(C)c12,1,47,0.6369499564170837,0.36305004358291626
GCN-CfC encoder,3,403,COc1cc(OC)cc(C2C(C#N)=C(N)Oc3n[nH]c(-c4cccnc4)c32)c1,0,28,0.8471963405609131,0.15280365943908691
GCN-CfC encoder,3,404,Cc1sc2ccccc2[n+]1CCC(C)S(=O)(=O)[O-],0,18,0.975396454334259,0.024603545665740967
GCN-CfC encoder,3,405,Cc1cccc2sc(N(CCCN(C)C)C(=O)c3ccc4ncsc4c3)nc12,0,28,0.984829843044281,0.015170156955718994
GCN-CfC encoder,3,406,CN(C)CCCn1c(SCC(=O)N2c3ccccc3Sc3ccccc32)nc2ccccc2c1=O,0,35,0.985005259513855,0.01499474048614502
GCN-CfC encoder,3,407,C[C@H](CO)N1C[C@H](C)[C@@H](CN(C)Cc2ccc(C(=O)O)cc2)Oc2ccc(NS(=O)(=O)c3cn(C)cn3)cc2C1=O,0,41,0.8700079321861267,0.1299920678138733
GCN-CfC encoder,3,408,O=C(Cc1cc(=O)[nH][nH]1)N/N=C/c1cccc(Cl)c1Cl,0,20,0.9757881760597229,0.0242118239402771
GCN-CfC encoder,3,409,CN1CCc2c(sc3nc(SCC(N)=O)n(-c4ccccc4)c(=O)c23)C1,0,26,0.7538596987724304,0.24614030122756958
GCN-CfC encoder,3,410,COc1ccc(OC)c(S(=O)(=O)Nc2ccccc2C(=O)O)c1,0,23,0.9424054026603699,0.05759459733963013
GCN-CfC encoder,3,411,CCc1ccccc1N(CC)C(=O)c1cn(C)c(=O)c2cc(OC)c(OC)cc12,0,29,0.9716665148735046,0.02833348512649536
GCN-CfC encoder,3,412,NC(=O)COC(=O)c1ccccc1Nc1ccc(SC(F)F)cc1,0,24,0.7472753524780273,0.25272464752197266
GCN-CfC encoder,3,413,CCOC(=O)N1CCN(c2c(N3CCN(c4cccc(C(F)(F)F)c4)CC3)c(=O)c2=O)CC1,0,33,0.9684538841247559,0.03154611587524414
GCN-CfC encoder,3,414,CCOC(=O)c1[nH]c(=O)c2ccccc2c1O,0,17,0.9800141453742981,0.019985854625701904
GCN-CfC encoder,3,415,COc1cc(C(=O)N2CC3CCC2[C@@H]3N)cc2nc(-c3cc4ccc(-c5ccc(CS(C)(=O)=O)cc5F)nc4n3CC3CC3)n(C)c12,1,47,0.6518765091896057,0.3481234908103943
GCN-CfC encoder,3,416,COc1ccc([N+](=O)[O-])cc1NC(=O)CCS(=O)(=O)c1ccc(Br)cc1,0,26,0.9452216029167175,0.05477839708328247
GCN-CfC encoder,3,417,COc1cc(C(=O)N2[C@H]3CC[C@@H]2[C@H](N)C3)cc2nc(-c3cc4ccc([C@@H](C)NC(=O)N5CCO[C@@H](C)C5)nc4n3CC3CC3)c(C)n12,1,47,0.5668594241142273,0.4331405758857727
GCN-CfC encoder,3,418,Cc1nn(Cc2c(F)c(F)c(F)c(F)c2F)c(C)c1NC(=O)c1c([N+](=O)[O-])c(C)nn1C,0,32,0.8629839420318604,0.13701605796813965
GCN-CfC encoder,3,419,CCC(C)c1ccccc1NC(=O)CN1CCN(C/C=C/c2ccccc2)CC1,0,29,0.8854840397834778,0.11451596021652222
GCN-CfC encoder,3,420,COc1cc(C(=O)N2C[C@H](N)C[C@@H](F)C2)cc2nc(-c3cc4ccc(-c5ccc6c(c5)CCC(=O)N6)nc4n3CC3CC3)n(C)c12,1,46,0.6081264019012451,0.3918735980987549
GCN-CfC encoder,3,421,COc1cc(C(=O)N2C[C@H](N)C[C@@H](F)C2)cc2nc(-c3cc4ccc(-c5ccc(CS(C)(=O)=O)cc5)cc4n3CC3CC3)n(C)c12,1,46,0.5980691909790039,0.4019308090209961
GCN-CfC encoder,3,422,COc1cc(C(=O)N2C[C@H](N)C[C@@H](F)C2)cc2nc(-c3cc4ccc(C5CCNC(=O)C5)nc4n3CC3CC3)n(C)c12,1,42,0.6361933350563049,0.36380666494369507
GCN-CfC encoder,3,423,O=C1Nc2ccc(Br)cc2/C1=C/C(=O)c1ccc2c(c1)OCO2,0,23,0.9740248918533325,0.02597510814666748
GCN-CfC encoder,3,424,COc1ccc(CCN(Cc2ccccn2)C(=S)Nc2ccccc2F)cc1OC,0,30,0.951187014579773,0.04881298542022705
GCN-CfC encoder,3,425,CCc1c(C)nc2c(C)cccc2c1SCCC#N,0,19,0.9390652179718018,0.06093478202819824
GCN-CfC encoder,3,426,Cn1nc(C(F)(F)F)cc1-c1ccc(S(N)(=O)=O)s1,0,19,0.9377274513244629,0.06227254867553711
GCN-CfC encoder,3,427,CC(=O)Nc1ccc(OC(=O)c2ccco2)cc1,0,18,0.980440616607666,0.019559383392333984
GCN-CfC encoder,3,428,Cc1cccc(NS(=O)(=O)c2ccc(OCC(=O)N3CCCC3)cc2)c1,0,26,0.921413779258728,0.07858622074127197
GCN-CfC encoder,3,429,Cc1ccc(C)c(OCCCC(C)(C)C(=O)O)c1,0,18,0.955630362033844,0.044369637966156006
GCN-CfC encoder,3,430,COC(=O)c1ccc(=O)c2nc3/c(=C/O)c(O)cc(=O)c3[nH]c12,0,23,0.9674000144004822,0.03259998559951782
GCN-CfC encoder,3,431,O=C(NCc1ccccn1)c1ccc2nc(-c3ccco3)c(-c3ccco3)nc2c1,0,30,0.9864720106124878,0.013527989387512207
GCN-CfC encoder,3,432,COc1cc(C(=O)N2CC3CCC2[C@@H]3N)cc2nc(-c3cc4ccc(-c5ccc(C(N)=O)cn5)nc4n3CC3CC3)n(C)c12,1,44,0.7066135406494141,0.29338645935058594
GCN-CfC encoder,3,433,CC12CCC(C(=O)Nc3ccc(SC(F)F)cc3)(CC1=O)C2(C)C,0,24,0.7449079751968384,0.2550920248031616
GCN-CfC encoder,3,434,O=C(Nc1ccc2ccccc2n1)C1CCCCC1,0,19,0.9666945934295654,0.03330540657043457
GCN-CfC encoder,3,435,COc1cc(C(=O)N2CC3CCC2[C@@H]3N)cc2nc(-c3cc4ccc(-c5ccc(O)c(-c6ccno6)c5)nc4n3CC3CC3)n(C)c12,1,47,0.7226883172988892,0.27731168270111084
GCN-CfC encoder,3,436,CCCOc1cccc(OCC(=O)Nc2nc3ccccc3[nH]2)c1,0,24,0.9849653840065002,0.015034615993499756
GCN-CfC encoder,3,437,Cc1ccc(/C=N/n2c(-c3cccnc3)n[nH]c2=S)o1,0,20,0.9231964349746704,0.07680356502532959
GCN-CfC encoder,3,438,COc1cc(C(=O)N2C[C@H](N)C[C@@H](F)C2)cc2nc(-c3cc4ccc(-c5cnc6c(c5)OCC(=O)N6)cc4n3CC3CC3)n(C)c12,1,46,0.5330116748809814,0.46698832511901855
GCN-CfC encoder,3,439,CCOC(=O)N1CCN(C(=O)c2cn(CC)c3cc(N4CCN(C)CC4)c(F)cc3c2=O)CC1.Cl,0,35,0.9586272239685059,0.04137277603149414
GCN-CfC encoder,3,440,COc1cc(C(=O)N2C[C@H]3CC[C@@H]2[C@@H]3N)cc2nc(-c3ccc(F)nc3CC3CC3)n(C)c12,1,33,0.8162658214569092,0.18373417854309082
GCN-CfC encoder,3,441,COc1cc(C(=O)N2CC3CCC2[C@@H]3N)cc2nc(-c3cc4ccc(-c5cccc(NS(C)(=O)=O)c5)nc4n3CC3CC3)n(C)c12,1,46,0.7129235863685608,0.2870764136314392
GCN-CfC encoder,3,442,COc1cc(C2OC(=O)c3ccccc3S2)cc(OC)c1OC,0,23,0.9578549265861511,0.04214507341384888
GCN-CfC encoder,3,443,O=C(c1cc(N2CCOCC2)c(F)cc1[N+](=O)[O-])N1CCOCC1,0,24,0.9838962554931641,0.016103744506835938
GCN-CfC encoder,3,444,O=C(COC(=O)CCCc1c[nH]c2ccccc12)Nc1ccc2c(c1)OCO2,0,28,0.9819050431251526,0.018094956874847412
GCN-CfC encoder,3,445,CC(C)c1ccccc1NC(=S)NC1CCN(Cc2ccccc2)CC1,0,26,0.9771744608879089,0.022825539112091064
GCN-CfC encoder,3,446,CCOc1ccc2c(c1)-c1c(ssc1=S)C(C)(C)N2C(=O)CSC1=NCCS1,0,28,0.758795976638794,0.24120402336120605
GCN-CfC encoder,3,447,O=C(CSc1n[nH]c(-c2ccccc2)n1)N1CCCC1,0,20,0.9618373513221741,0.03816264867782593
GCN-CfC encoder,3,448,O=C(NNC(=S)NC(=O)c1cn(-c2ccccc2)nc1-c1ccccc1)c1ccncc1,0,32,0.9810890555381775,0.01891094446182251
GCN-CfC encoder,3,449,O=C(COC(=O)c1ccc(Br)o1)NCc1ccc(Cl)cc1,0,21,0.9498482942581177,0.050151705741882324
GCN-CfC encoder,3,450,CCCOC(=S)NC(=O)c1sc2ccccc2c1Cl,0,19,0.9779648780822754,0.02203512191772461
GCN-CfC encoder,3,451,CN(C(=O)COC(=O)c1cccc(S(=O)(=O)N2CCOCC2)c1)C1CCS(=O)(=O)C1,0,30,0.9702072739601135,0.029792726039886475
GCN-CfC encoder,3,452,O=C(NCc1cccs1)c1ccc2c(c1)ncn2C1CCCC1,0,23,0.4872809946537018,0.5127190053462982
GCN-CfC encoder,3,453,COc1cc2oc3ccccc3c(=O)c2cc1OC,0,19,0.9759705662727356,0.024029433727264404
GCN-CfC encoder,3,454,O=C1c2ccccc2C(=O)N1CCCc1cn(C[C@H]2CC[C@@H]([C@@H]3CC[C@H](Cn4cc(CCCN5C(=O)c6ccccc6C5=O)nn4)O3)O2)nn1,0,50,0.9768781661987305,0.02312183380126953
GCN-CfC encoder,3,455,N#C/C(=C\C=C\c1ccccc1)C(=O)NCc1cccnc1,0,22,0.765648603439331,0.23435139656066895
GCN-CfC encoder,3,456,COCCN(CCOC)C(=O)c1ccc(CSc2nc3ccccc3s2)cc1,0,28,0.9789033532142639,0.021096646785736084
GCN-CfC encoder,3,457,C=CCN(Cc1ccc(Cl)s1)C(=O)c1cc(S(=O)(=O)N2CCOCC2)ccc1F,0,29,0.9813979268074036,0.018602073192596436
GCN-CfC encoder,3,458,COc1cc(C(=O)N2C[C@H](N)C[C@@H](F)C2)cc2nc(-c3cc4ccc(-c5ccc(CC(N)=O)nc5)nc4n3CC3CC3)n(C)c12,1,45,0.5099800825119019,0.49001991748809814
GCN-CfC encoder,3,459,COc1ccc(OC)c(N2Cc3cc(C)c(C)cc3C2)c1,0,21,0.9628942012786865,0.03710579872131348
GCN-CfC encoder,3,460,COc1ccccc1-c1nnc(NC(=O)c2ccc3ncsc3c2)o1,0,25,0.9773555994033813,0.022644400596618652
GCN-CfC encoder,3,461,O=C(C1CCCC1)N1CCC(CC2CC(c3ccc(Cl)cc3)=NO2)(C(=O)NCC2CCCCC2)CC1,0,36,0.7359856367111206,0.2640143632888794
GCN-CfC encoder,3,462,C=CC(COCc1ccccc1)N(Cc1ccccc1)S(=O)(=O)c1ccccc1Br,0,30,0.9433086514472961,0.05669134855270386
GCN-CfC encoder,3,463,CN(C)C(=O)c1ccc(NC(=O)c2cccc(S(=O)(=O)N3CCCc4ccccc43)c2)cc1,0,33,0.9382932782173157,0.061706721782684326
GCN-CfC encoder,3,464,O=C1c2ccccc2-c2onc3c(N4CCN(CCO)CC4)cc(N4CCN(C(=O)c5ccco5)CC4)c1c23,0,39,0.8705469369888306,0.12945306301116943
GCN-CfC encoder,3,465,COc1ccc(Cl)cc1C(=O)NNC(=O)c1cccs1,0,20,0.9774627089500427,0.022537291049957275
GCN-CfC encoder,3,466,COC(=O)c1ccc(-c2ccc3cc(-c4nc5cc(C(=O)N6CC7CCC6[C@@H]7N)cc(OC)c5n4C)n(CC4CC4)c3n2)cc1O,1,46,0.7197136282920837,0.28028637170791626
GCN-CfC encoder,3,467,Cc1nc(Cl)c2c(n1)NC1=C(O2)C(=O)CCC1,0,17,0.9364050626754761,0.06359493732452393
GCN-CfC encoder,3,468,CC1Cc2ccccc2N1C(=O)CSc1nnc(CSc2ncccn2)n1C,0,28,0.9751282930374146,0.02487170696258545
GCN-CfC encoder,3,469,CCCCn1c(=O)c(C(=O)Nc2ccccc2F)c(O)c2ccccc21,0,26,0.9663771390914917,0.0336228609085083
GCN-CfC encoder,3,470,CCN(c1ccccc1)S(=O)(=O)c1ccc(Cl)c(C(=O)O)c1,0,22,0.9633181095123291,0.0366818904876709
GCN-CfC encoder,3,471,COc1cc(C(=O)N2CC3CCC2[C@@H]3N)cc2nc(-c3cc4ccc(Nc5cccc(C(N)=O)c5)nc4n3CC3CC3)n(C)c12,1,45,0.6266198754310608,0.3733801245689392
GCN-CfC encoder,3,472,COc1cc(C(=O)N2C[C@H](N)CC[C@@H]2C)cc2nc(-c3cc4ccc(-c5ccc6c(c5)CC(=O)N6)nc4n3CC3CC3)n(C)c12,1,45,0.9465100765228271,0.05348992347717285
GCN-CfC encoder,3,473,COc1cc(C(=O)N2CC3CCC2[C@@H]3N)cc2nc(-c3cc4ccc(-c5ccc(NC(C)=O)c(C(=O)O)c5)nc4n3CC3CC3)n(C)c12,1,48,0.635082483291626,0.364917516708374
GCN-CfC encoder,3,474,O=C(N1CCOCC1)N1CCN(c2ccccc2F)CC1,0,21,0.9837357401847839,0.016264259815216064
GCN-CfC encoder,3,475,CC1(OC(=O)c2ccc(Cl)nc2)C(=O)C=C2C=C(C3CC3)OC=C2C1=O,0,26,0.5909764766693115,0.4090235233306885
GCN-CfC encoder,3,476,CCCNC(=S)Nc1ccc(CC(=O)OC)cc1,0,18,0.9763750433921814,0.023624956607818604
GCN-CfC encoder,3,477,COc1ccc(OC)c(NC(=S)NCc2cccs2)c1,0,20,0.9221863150596619,0.07781368494033813
GCN-CfC encoder,3,478,CCCN(CCC)S(=O)(=O)c1ccc(NC(=O)c2cc(C(=O)OC)cc([N+](=O)[O-])c2)cc1,0,32,0.9640678763389587,0.03593212366104126
GCN-CfC encoder,3,479,COc1ccc(C2CC(c3cccs3)=NN2C(=O)CSC2=NCCS2)cc1,0,27,0.9650908708572388,0.03490912914276123
GCN-CfC encoder,3,480,O=C1C2CCCCC2C(=O)N1c1ccc(NC2CCCCC2)c([N+](=O)[O-])c1,0,27,0.9585721492767334,0.0414278507232666
GCN-CfC encoder,3,481,COc1ccc(N(CC(O)CN2C(=O)NC(C)(C)C2=O)S(=O)(=O)c2ccc(C)cc2)cc1,0,32,0.5492900013923645,0.4507099986076355
GCN-CfC encoder,3,482,CCOc1ccc(OCC(=O)Nc2ccc(OC)cc2)cc1,0,22,0.9534616470336914,0.046538352966308594
GCN-CfC encoder,3,483,Cc1ccc(N(NC(=O)C(O)(c2ccccc2)c2ccccc2)C(=O)CCl)cc1,0,29,0.9625559449195862,0.03744405508041382
GCN-CfC encoder,3,484,O=C(Oc1ccccc1C(=O)Nc1ccccc1)c1ccc(Br)c([N+](=O)[O-])c1,0,28,0.9468273520469666,0.05317264795303345
GCN-CfC encoder,3,485,CC(C)Cc1nn2c(=O)cc(O)nc2s1,0,15,0.9481649398803711,0.051835060119628906
GCN-CfC encoder,3,486,COc1ccc(C(=O)C2CCCN(C(=O)c3ccc4nccnc4c3)C2)c(C)c1,0,29,0.9632313847541809,0.03676861524581909
GCN-CfC encoder,3,487,COc1cc(C(=O)N2C[C@H](N)C[C@@H](F)C2)cc2nc(-c3cc4ccc(C(=O)Nc5ccc(S(N)(=O)=O)cc5)nc4n3CC3CC3)n(C)c12,1,48,0.4879934787750244,0.5120065212249756
GCN-CfC encoder,3,488,COc1ccc(OC(C)C(=O)N(C)Cc2nc(-c3ccccc3)no2)cc1,0,27,0.9587829113006592,0.04121708869934082
GCN-CfC encoder,3,489,COc1cc(C(=O)N2CC3CCC2[C@@H]3N)cc2nc(-c3cc4ccc(Nc5ccncc5CO)nc4n3CC3CC3)n(C)c12,1,44,0.6430740356445312,0.35692596435546875
GCN-CfC encoder,3,490,CN(C)/C=C(\C#N)S(=O)(=O)c1ccccc1,0,16,0.9447786808013916,0.0552213191986084
GCN-CfC encoder,3,491,CC(=O)N1CCC(=NNc2nc3ccccc3[nH]2)CC1.O=C(O)C(=O)O,0,26,0.96645188331604,0.03354811668395996
GCN-CfC encoder,3,492,COc1cc(C(=O)N2CC3CCC2[C@@H]3N)cc2nc(-c3cc4ccc(-c5cc(F)c6c(c5)CCN(C(C)=O)C6)nc4n3CC3CC3)n(C)c12,1,49,0.6018041968345642,0.3981958031654358
GCN-CfC encoder,3,493,CCc1ncc(/C=C2\C(=O)Nc3ccccc32)[nH]1,0,18,0.9731315970420837,0.02686840295791626
GCN-CfC encoder,3,494,COc1cc(C(=O)N2CC3CCC2[C@@H]3N)cc2nc(-c3cc4ccc(-c5ccc6oc(=O)[nH]c6c5)cc4n3CC3CC3)n(C)c12,1,45,0.6459670066833496,0.3540329933166504
GCN-CfC encoder,3,495,C/C(CC(=O)Nc1ccc(Cl)c(C(F)(F)F)c1)=N\NC(=O)c1cnccn1,0,27,0.9211971759796143,0.07880282402038574
GCN-CfC encoder,3,496,COc1ccc(-c2ccc3cc(-c4nc5cc(C(=O)N6C[C@H]7CC[C@@H]6[C@@H]7N)cc(OC)c5n4C)n(CC4CC4)c3c2)c(F)c1,1,44,0.7995865941047668,0.20041340589523315
GCN-CfC encoder,3,497,COc1ccccc1-c1oc2ccccc2c1-c1ccccc1OC,0,25,0.9746987223625183,0.02530127763748169
GCN-CfC encoder,3,498,CCC1(C)Cc2c(sc(NC(=O)CCC(=O)O)c2C#N)CO1,0,22,0.9655454754829407,0.034454524517059326
GCN-CfC encoder,3,499,C=CCn1c(Cc2csc(N)n2)nnc1SCC(=O)OCC,0,22,0.9628674983978271,0.03713250160217285
GCN-CfC encoder,3,500,C=CCOc1ccccc1CNCCCN1CCOCC1.Cl,0,22,0.9394463300704956,0.060553669929504395
GCN-CfC encoder,3,501,COc1ccc(CCNC(=O)c2c(-c3ccccc3)noc2C)cc1OC,0,27,0.9526905417442322,0.04730945825576782
GCN-CfC encoder,3,502,Cn1nccc1NC(=O)c1nccnc1C(=O)O,0,18,0.9736667275428772,0.026333272457122803
GCN-CfC encoder,3,503,C/C(=N\Nc1nc2c(s1)CCCC2)c1ccc(Cl)cc1.Cl,0,21,0.9551478624343872,0.04485213756561279
GCN-CfC encoder,3,504,Oc1ccc(-c2cnc3ccccc3n2)cc1,0,17,0.9864932894706726,0.013506710529327393
GCN-CfC encoder,3,505,COc1cc(C(=O)N2CCC[C@@H](N)C2)cc2nc(-c3ccc(C#N)n3CC3CCOCC3)n(C)c12,0,35,0.5093386769294739,0.4906613230705261
GCN-CfC encoder,3,506,COc1cc(C(=O)OCC(=O)Nc2ccc(S(=O)(=O)N3CCCC3)cc2)cc(OC)c1OC,0,33,0.9599697589874268,0.04003024101257324
