dataset,seed,epoch,train_loss,val_loss,val_roc_auc,val_valid_tasks,test_loss,test_roc_auc,test_valid_tasks,val_rmse,test_rmse
Tox21,7,1,0.3505443973200662,0.2127855462687356,0.7163353982475701,12.0,0.1764982704605375,0.6983337000653637,12.0,,
Tox21,7,2,0.23515475191632096,0.20893473710332597,0.7440370254689435,12.0,0.1686911710671016,0.7215903868731116,12.0,,
Tox21,7,3,0.2269215568596003,0.19801690535885946,0.7719640505432585,12.0,0.1648442362036024,0.7330645918248871,12.0,,
Tox21,7,4,0.22064456191598153,0.1981601949248995,0.7732970444243307,12.0,0.16440090111323766,0.7438659564457647,12.0,,
Tox21,7,5,0.21392317906934388,0.19606399961880275,0.7850726849951077,12.0,0.164816857448646,0.7501966262413102,12.0,,
Tox21,7,6,0.2091101569180586,0.19856914026396616,0.7762463151987015,12.0,0.1638691531760352,0.7488689225955626,12.0,,
Tox21,7,7,0.20513599046639033,0.19721382004874094,0.7700809802787095,12.0,0.16583322095019476,0.7327589611036097,12.0,,
Tox21,7,8,0.20083955751389873,0.1918182522058487,0.7900054875165563,12.0,0.16234200767108373,0.7494400400846765,12.0,,
Tox21,7,9,0.19842836808185188,0.19990486119474685,0.7793225946919183,12.0,0.16435930345739638,0.753295955113754,12.0,,
Tox21,7,10,0.19721367772744627,0.1900381531034197,0.7993909036512389,12.0,0.15542884756411826,0.7644207306593523,12.0,,
Tox21,7,11,0.194263436052264,0.18877102860382625,0.7932563528952873,12.0,0.16019695784364427,0.7655121671264848,12.0,,
Tox21,7,12,0.19021586556823886,0.1945310149874006,0.7976788382439994,12.0,0.1581467656152589,0.7824163115346215,12.0,,
Tox21,7,13,0.18981206690778538,0.20101428031921387,0.7906107139908656,12.0,0.16949445647852762,0.7671261439994163,12.0,,
Tox21,7,14,0.18816586203721106,0.18997794602598464,0.8048128522484234,12.0,0.1530802505356925,0.7890673928263402,12.0,,
Tox21,7,15,0.18504766937421294,0.1901516169309616,0.8023957029454866,12.0,0.1551655706550394,0.7843395818264126,12.0,,
Tox21,7,16,0.1829586783233954,0.19245595804282598,0.8019735547040789,12.0,0.15430579068405287,0.799101924981306,12.0,,
Tox21,7,17,0.18270035361757084,0.1944433684859957,0.796230934462527,12.0,0.1630005298980645,0.7670642153479154,12.0,,
Tox21,7,18,0.18125355486967126,0.20244837871619634,0.7922463676039966,12.0,0.16270809833492553,0.7880204763913823,12.0,,
Tox21,7,19,0.1806409933737346,0.19975448931966508,0.8008544581892428,12.0,0.16506981743233545,0.7790758358349793,12.0,,
Tox21,7,20,0.17732157634229076,0.1936067385332925,0.7982921919423457,12.0,0.1522814349404403,0.8053593545937491,12.0,,
Tox21,7,21,0.17672056598322733,0.19037505558558873,0.796321146872843,12.0,0.15096788268004144,0.7885558931214133,12.0,,
Tox21,7,22,0.17315061420810465,0.19080792367458344,0.7826044038763457,12.0,0.153327649725335,0.7824097442715029,12.0,,
Tox21,7,23,0.1735744591878385,0.1866462699004582,0.789312372212128,12.0,0.15506668282406671,0.7600033084402785,12.0,,
Tox21,7,24,0.1704844902364575,0.18829881080559321,0.8055467198981884,12.0,0.1539831943809986,0.7879280342078511,12.0,,
Tox21,7,25,0.1703315462384905,0.19411681379590714,0.7979192590378238,12.0,0.15377897077373096,0.7994225584525104,12.0,,
Tox21,7,26,0.16917517720436565,0.18986264722687857,0.8025885293565018,12.0,0.15174001987491334,0.7967105086775491,12.0,,
Tox21,7,27,0.16761685877430196,0.1898961067199707,0.7800911557796645,12.0,0.1590242816933564,0.7616968423712533,12.0,,
Tox21,7,28,0.16534874937972244,0.18881532549858093,0.808483077427987,12.0,0.15506568657500402,0.7928418120313524,12.0,,
Tox21,7,29,0.16532721659358668,0.19128220421927317,0.7951062851796139,12.0,0.15433979885918753,0.7892058014115446,12.0,,
Tox21,7,30,0.16183707802271358,0.19306423195770808,0.7913354436636467,12.0,0.15534920138972147,0.7934252658982789,12.0,,
Tox21,7,31,0.16231760549910215,0.19088317240987504,0.7860739579100703,12.0,0.1639239282480308,0.763971949924431,12.0,,
Tox21,7,32,0.15873397886753082,0.19849762959139688,0.7870735330818843,12.0,0.16512934171727725,0.7754303798131238,12.0,,
Tox21,7,33,0.15871217147428163,0.18979197101933615,0.8073414461683283,12.0,0.1557827964425087,0.7831268133283086,12.0,,
Tox21,7,34,0.15782634488173894,0.1938749658209937,0.7916821910958749,12.0,0.1634937221450465,0.7666739701103213,12.0,,
Tox21,7,35,0.15500310884446514,0.18633959974561418,0.798701343230618,12.0,0.15696725568601064,0.7996330627854805,12.0,,
Tox21,7,36,0.15664194706751375,0.19316384196281433,0.7827098735740666,12.0,0.1652867490691798,0.7678443362022782,12.0,,
Tox21,7,37,0.15482256820007245,0.19342690067631857,0.7926542165961497,12.0,0.15463877895048686,0.7797739441644046,12.0,,
Tox21,7,38,0.15407926619661097,0.20250651027475083,0.7913804148379598,12.0,0.16109151446393558,0.7870379951447103,12.0,,
Tox21,7,39,0.15065312035837952,0.1986461537224906,0.8047123977695775,12.0,0.16024595073291234,0.7948981903428302,12.0,,
Tox21,7,40,0.15054043610485232,0.20279952032225473,0.7880417779099113,12.0,0.16523573973349162,0.7848676823295907,12.0,,
Tox21,7,41,0.14856057325187993,0.20969621198517935,0.8008916548745265,12.0,0.16480917323912894,0.8109943310832349,12.0,,
Tox21,7,42,0.14800545725287223,0.20843891160828726,0.7875756193616562,12.0,0.16876473331025668,0.7890191099328145,12.0,,
Tox21,7,43,0.14742090750713738,0.2091431106839861,0.7873359676736618,12.0,0.1701464248555047,0.7827906987053445,12.0,,
Tox21,7,44,0.1469954401254654,0.20307434030941554,0.7976588665482987,12.0,0.17654956451484136,0.7807030332115593,12.0,,
Tox21,7,45,0.1439825092651406,0.19739181654793875,0.7880552683034403,12.0,0.16307408415845462,0.792581346338798,12.0,,
Tox21,7,46,0.14293234308763425,0.2035304116351264,0.8019073060270445,12.0,0.16977688829813684,0.8054449768263438,12.0,,
Tox21,7,47,0.14161009052578283,0.20424747041293553,0.7773690372434263,12.0,0.16792501455971173,0.7650815827073211,12.0,,
Tox21,7,48,0.14104208274155247,0.21113045939377376,0.7754894898827837,12.0,0.17629453433411463,0.7747445169398196,12.0,,
Tox21,17,1,0.35425903207185316,0.21674791617052896,0.7162560567585646,12.0,0.18033382509435927,0.6941152662527205,12.0,,
Tox21,17,2,0.2335990861970551,0.2018746520791735,0.7644365734281457,12.0,0.16616372338363103,0.7232163636268581,12.0,,
Tox21,17,3,0.22496247048280676,0.1977219134569168,0.7707010229914318,12.0,0.16472131226743972,0.7416967237545914,12.0,,
Tox21,17,4,0.21825766958752457,0.19923380868775503,0.7611173370575739,12.0,0.1638819362436022,0.7435465104993694,12.0,,
Tox21,17,5,0.2127928338488754,0.1996644458600453,0.7771433636523081,12.0,0.16298697622759,0.7604461221212256,12.0,,
Tox21,17,6,0.2072899691304382,0.19235516445977346,0.7957337220220339,12.0,0.1576330406325204,0.7704598261464056,12.0,,
Tox21,17,7,0.20462474348593732,0.2197275012731552,0.7822691261295268,12.0,0.17903981038502284,0.7698255397552355,12.0,,
Tox21,17,8,0.2039260289498738,0.1948127363409315,0.7821320179084781,12.0,0.15985027541007316,0.7718454789659871,12.0,,
Tox21,17,9,0.19979451170989446,0.19338635887418473,0.7953936262150442,12.0,0.15637993280376708,0.7852254388232071,12.0,,
Tox21,17,10,0.19623299338379685,0.19351457698004587,0.7951103217619382,12.0,0.15391254212175096,0.7865176248423671,12.0,,
Tox21,17,11,0.19267182234598665,0.19440928314413344,0.7921545149004975,12.0,0.1553723386355809,0.7919908587443856,12.0,,
Tox21,17,12,0.19065911763784837,0.1914757788181305,0.8003462783756907,12.0,0.151526718799557,0.7959093155792303,12.0,,
Tox21,17,13,0.18939101391909074,0.19320132051195418,0.7779720518564345,12.0,0.1594541839190892,0.7629057743782092,12.0,,
Tox21,17,14,0.18660048197726814,0.20092704679284776,0.8033353875177709,12.0,0.161119888403586,0.7961658545108095,12.0,,
Tox21,17,15,0.18515560608737322,0.1899020799568721,0.7965366235588068,12.0,0.1520781410591943,0.7737872293147366,12.0,,
Tox21,17,16,0.18207741057386204,0.18594934472015925,0.7974753851624117,12.0,0.1505677274295262,0.7984994304761414,12.0,,
Tox21,17,17,0.1813068806516881,0.1893516800233296,0.7969620029103549,12.0,0.15198694914579391,0.7852818796479153,12.0,,
Tox21,17,18,0.18017448089560684,0.19464554956981114,0.7922416179051875,12.0,0.15640290720122202,0.7898130793277652,12.0,,
Tox21,17,19,0.1779283352044164,0.19858879702431814,0.8019950018333496,12.0,0.1527320859687669,0.796658140150944,12.0,,
Tox21,17,20,0.1770543883345565,0.18173873850277492,0.8115650805557008,12.0,0.1460913951907839,0.8052535948667535,12.0,,
Tox21,17,21,0.17424977160229974,0.18283680932862417,0.8027629256390977,12.0,0.14762491519962037,0.8071580955898828,12.0,,
Tox21,17,22,0.17400848500582636,0.18668740349156515,0.8129213099415836,12.0,0.15191547679049627,0.7961335225365528,12.0,,
Tox21,17,23,0.17051230097303585,0.20102348923683167,0.7902524866345232,12.0,0.15921638693128312,0.7881898544315974,12.0,,
Tox21,17,24,0.1700513110477097,0.18733834155968257,0.8000998449589797,12.0,0.15097717302186148,0.8006607927039958,12.0,,
Tox21,17,25,0.17111838228848517,0.1830653569528035,0.7989123108200934,12.0,0.14806795812078885,0.7945059673793436,12.0,,
Tox21,17,26,0.16607113410623706,0.1861178938831602,0.8092030575028161,12.0,0.14681305470211164,0.8111407745004765,12.0,,
Tox21,17,27,0.1649305666891896,0.19399851773466384,0.7843716818901895,12.0,0.1567832582763263,0.7834720070016803,12.0,,
Tox21,17,28,0.16459777677545742,0.18813253939151764,0.7924928230302943,12.0,0.15348440568361962,0.7937624127670962,12.0,,
Tox21,17,29,0.16683165212066806,0.1867085567542485,0.8075961328610486,12.0,0.15397864101188524,0.7907611330452612,12.0,,
Tox21,17,30,0.16141393233318718,0.19357052871159144,0.7987011550161124,12.0,0.1554399590407099,0.7877707124724695,12.0,,
Tox21,17,31,0.1621168672430272,0.19096861141068594,0.7914152982419091,12.0,0.15511910883443697,0.7922846479017819,12.0,,
Tox21,17,32,0.1609312878275404,0.18980424957615988,0.7984642469293899,12.0,0.15729918224470957,0.7832240450716678,12.0,,
Tox21,17,33,0.15708736527939232,0.19502197418894088,0.7991653671571517,12.0,0.15622217101710184,0.7904000233363383,12.0,,
Tox21,17,34,0.1581965239376438,0.1894746103457042,0.8009359304017921,12.0,0.15797805147511618,0.7787272892461542,12.0,,
Tox21,17,35,0.15446516871452332,0.1889658889600209,0.8156432184048197,12.0,0.15058368657316482,0.7880357779224014,12.0,,
Tox21,17,36,0.1541366986170107,0.1993140493120466,0.8015567190298302,12.0,0.16204380031142915,0.7874175010045158,12.0,,
Tox21,17,37,0.15360350967669972,0.19544443913868495,0.8016491456196508,12.0,0.15625808707305364,0.8004788374288049,12.0,,
Tox21,17,38,0.15329263754645173,0.19336910120078496,0.8079105981068082,12.0,0.15567644791943686,0.7979434131828045,12.0,,
Tox21,17,39,0.15061980501121405,0.193619110754558,0.7954193735023751,12.0,0.1595452827002321,0.7905015535213744,12.0,,
Tox21,17,40,0.151767015153048,0.21635313544954574,0.8026212691445304,12.0,0.17123045506221907,0.7915113677224642,12.0,,
Tox21,17,41,0.14836803139472493,0.19212667218276433,0.8052866551776546,12.0,0.16112435449446952,0.790733385162826,12.0,,
Tox21,17,42,0.14869661173041987,0.1964808510882514,0.8106935184047845,12.0,0.16073369128363474,0.8043971403553724,12.0,,
Tox21,17,43,0.14653452683468254,0.19361106412751333,0.7995715075640798,12.0,0.16136856749653816,0.7856487714902332,12.0,,
Tox21,17,44,0.1456424773347621,0.1977938094309398,0.7894793685530614,12.0,0.16443447236503875,0.783847257249478,12.0,,
Tox21,17,45,0.14373100716240553,0.19965768924781255,0.7922280818097326,12.0,0.16652369871735573,0.787327073198099,12.0,,
Tox21,17,46,0.1454174930647928,0.19887381792068481,0.8038400928167518,12.0,0.1637063223336424,0.7937303419109858,12.0,,
Tox21,17,47,0.14298209304712256,0.20320208370685577,0.8127026293245899,12.0,0.16476859790938242,0.7964317364337078,12.0,,
Tox21,17,48,0.13979701028794658,0.20559363067150116,0.7997480339551846,12.0,0.1683350434260709,0.7818262695158616,12.0,,
Tox21,17,49,0.13964520683702158,0.21155283067907607,0.8087610067257245,12.0,0.17882550082036427,0.8020782626443985,12.0,,
Tox21,17,50,0.13958433665791337,0.20698046045643942,0.7973570835823375,12.0,0.1738932467997074,0.770080411649222,12.0,,
Tox21,17,51,0.13950116780339455,0.20125851035118103,0.8046632769945266,12.0,0.16795633626835688,0.7987541695192323,12.0,,
Tox21,17,52,0.1383548649598141,0.203852151121412,0.7986609551430766,12.0,0.1688136543546404,0.789951410035465,12.0,,
Tox21,17,53,0.1357884691381941,0.21313104246343886,0.8048402042605378,12.0,0.17054445243307523,0.7882359723867184,12.0,,
Tox21,17,54,0.1352496469507412,0.20974983274936676,0.7910542022660265,12.0,0.17476193660071918,0.770032519339224,12.0,,
Tox21,17,55,0.13410302570887975,0.21389453964573996,0.7967417792346231,12.0,0.17655954509973526,0.7795118898036121,12.0,,
Tox21,37,1,0.36220288793651423,0.21505416929721832,0.6917649995570861,12.0,0.1778278010232108,0.6815850640179005,12.0,,
Tox21,37,2,0.23375463090380844,0.21664620084421976,0.7477555956501626,12.0,0.17267088006649697,0.7226555653323213,12.0,,
Tox21,37,3,0.22627132431584962,0.19914955752236502,0.7600355577459071,12.0,0.1637118331023625,0.7445420136379823,12.0,,
Tox21,37,4,0.21788730913279009,0.19772112369537354,0.7807568047258018,12.0,0.15988520798938616,0.7529328647301518,12.0,,
Tox21,37,5,0.2112066158834769,0.19538987108639308,0.7887901268388168,12.0,0.15967821116958344,0.7680870082586245,12.0,,
Tox21,37,6,0.2063218543724138,0.1961917600461415,0.7711089404324194,12.0,0.16432289140565054,0.7517441715924855,12.0,,
Tox21,37,7,0.20405475521574215,0.19937162739889963,0.7900717614910637,12.0,0.16382715372102602,0.7611481844856592,12.0,,
Tox21,37,8,0.20130864181080643,0.19508756484304154,0.7723049410254044,12.0,0.16502249666622706,0.7541775018659322,12.0,,
Tox21,37,9,0.19704170950821467,0.20365128985473088,0.731620949351479,12.0,0.17466943178858077,0.7081486624520648,12.0,,
Tox21,37,10,0.19490599966779046,0.1948078508887972,0.8031634081683648,12.0,0.1582377063376563,0.7784817935955074,12.0,,
Tox21,37,11,0.19244564704749048,0.1887911366564887,0.7929661903992988,12.0,0.1580418273806572,0.7774296052057296,12.0,,
Tox21,37,12,0.19200009411695051,0.19458431005477905,0.8004183790267426,12.0,0.1602518590433257,0.7943462678624892,12.0,,
Tox21,37,13,0.1899661342708432,0.20284043039594377,0.7991709009554496,12.0,0.16643084745321954,0.7888692085548178,12.0,,
Tox21,37,14,0.18739489937315182,0.19550627044269017,0.7960558161558174,12.0,0.1565385897244726,0.7990853941482906,12.0,,
Tox21,37,15,0.18457356885987886,0.19008481076785497,0.7921458884132458,12.0,0.15235880709120206,0.8042987084328576,12.0,,
Tox21,37,16,0.1842154820962828,0.19144649377890996,0.8015766664812468,12.0,0.15209474361368588,0.8130222056632421,12.0,,
Tox21,37,17,0.183358795484718,0.20505476636546,0.78368090674903,12.0,0.1696320782814707,0.797046126296214,12.0,,
Tox21,37,18,0.182575774131989,0.18789279460906982,0.8054159460197812,12.0,0.14825069425361498,0.793500755603869,12.0,,
Tox21,37,19,0.17983895296953162,0.18786625564098358,0.8123073048882848,12.0,0.14653760407652175,0.8178693250278353,12.0,,
Tox21,37,20,0.17775249389969572,0.18962015211582184,0.7924737039424689,12.0,0.15186629284705436,0.7900156643154476,12.0,,
Tox21,37,21,0.17675362253675655,0.1837459887777056,0.8054319357334525,12.0,0.14612173129405295,0.8043943127391929,12.0,,
Tox21,37,22,0.17484143543608335,0.19625066433634078,0.8031926251222349,12.0,0.15224171110561915,0.8105397850193302,12.0,,
Tox21,37,23,0.17165654563173957,0.18789443586553847,0.8130702393367465,12.0,0.1434981578162738,0.8211060841107279,12.0,,
Tox21,37,24,0.17324191848842466,0.19513677273477828,0.803830988960327,12.0,0.1480549361024584,0.8213472055045785,12.0,,
Tox21,37,25,0.17055416548130464,0.19574309246880667,0.8015988660549317,12.0,0.15916825671281135,0.8157975425087057,12.0,,
Tox21,37,26,0.1695411612792891,0.20110550309930528,0.8138270732267777,12.0,0.1557106152176857,0.8156459103111229,12.0,,
Tox21,37,27,0.16759900231750643,0.18546017152922495,0.80752203184096,12.0,0.14645031094551086,0.8151667088990445,12.0,,
Tox21,37,28,0.1671392242519223,0.1909194907971791,0.810267324902791,12.0,0.15103465850864137,0.8162430205334302,12.0,,
Tox21,37,29,0.16437855393302683,0.18510094710758754,0.8045420919071935,12.0,0.14773364311882428,0.8084876265643239,12.0,,
Tox21,37,30,0.16326991818389114,0.1900633147784642,0.8042186837681354,12.0,0.14688584048833167,0.8222039703517892,12.0,,
Tox21,37,31,0.1625864691272074,0.19378126944814408,0.8126590675165889,12.0,0.1469140819140843,0.8237284451016529,12.0,,
Tox21,37,32,0.1604227330915782,0.17912243093763078,0.8121665380835479,12.0,0.15193195534603937,0.8097478848974377,12.0,,
Tox21,37,33,0.16081808781137272,0.18590218680245535,0.8192592699435878,12.0,0.14408287033438683,0.8280606142554173,12.0,,
Tox21,37,34,0.1575728270168207,0.19053835528237478,0.8109381187810673,12.0,0.15340015292167664,0.8126401421414364,12.0,,
Tox21,37,35,0.15872261962112116,0.20450466871261597,0.8045547125565128,12.0,0.15151494156037057,0.8165359781913937,12.0,,
Tox21,37,36,0.15652346246096552,0.19685501711709158,0.7918579068356989,12.0,0.159865497478417,0.8065198267561774,12.0,,
Tox21,37,37,0.15533250509476176,0.19835688386644637,0.8101679938544818,12.0,0.14377085172704288,0.8356552370284528,12.0,,
Tox21,37,38,0.15548127129369851,0.1993853279522487,0.8116059407111801,12.0,0.15533168986439705,0.8275698808134906,12.0,,
Tox21,37,39,0.1527363425310777,0.20590370893478394,0.7862857364438556,12.0,0.15485004442078726,0.8155551678662771,12.0,,
Tox21,37,40,0.15100157276100043,0.19946729285376413,0.812571378646077,12.0,0.16153758711048535,0.8111146142711877,12.0,,
Tox21,37,41,0.15012773825806014,0.19662331683295114,0.8017336396466778,12.0,0.1529549996235541,0.8097567076511085,12.0,,
Tox21,37,42,0.14894573055967994,0.20083691392626082,0.8079670430293469,12.0,0.1510265554700579,0.8253438684960219,12.0,,
Tox21,37,43,0.14682393551481013,0.19839485628264292,0.8023897477814613,12.0,0.15499943760888918,0.823749860976862,12.0,,
Tox21,37,44,0.14796746066030192,0.21948248786585672,0.7890225566838213,12.0,0.16781532551561082,0.8030633492658542,12.0,,
Tox21,37,45,0.14742801323228952,0.19328934167112624,0.8072407904135476,12.0,0.15350212901830673,0.8161362346463285,12.0,,
Tox21,37,46,0.14515890272296206,0.21050934280667985,0.8080086055453423,12.0,0.15952166063444956,0.8305752031456904,12.0,,
Tox21,37,47,0.1448703364145999,0.20250340231827327,0.799635509760916,12.0,0.15588157464350974,0.8353848724663578,12.0,,
Tox21,37,48,0.14304339338322075,0.20247586071491241,0.8218389979064108,12.0,0.15899314731359482,0.8302698555519165,12.0,,
Tox21,37,49,0.14357135612137464,0.2189879161970956,0.7925454464620444,12.0,0.18006763181516103,0.8032454159556092,12.0,,
Tox21,37,50,0.14104024503304033,0.19853235994066512,0.8026442244835535,12.0,0.15811915057046072,0.8040826039587247,12.0,,
Tox21,37,51,0.13928573548185583,0.21172162677560533,0.8062975032219718,12.0,0.16517365404537745,0.8280610810674701,12.0,,
Tox21,37,52,0.1383745918164448,0.21653364385877336,0.8085712635787861,12.0,0.1699654103389808,0.8166747467722916,12.0,,
Tox21,37,53,0.1376942747405597,0.21188766189983912,0.7968113151016486,12.0,0.1649840394301074,0.8114748161914213,12.0,,
Tox21,37,54,0.13942383442606246,0.2030613741704396,0.8068959185329382,12.0,0.1608371910239969,0.8245364625939477,12.0,,
Tox21,37,55,0.13754631578922272,0.20527383259364537,0.8152244171468568,12.0,0.15942714948739325,0.8190603823489249,12.0,,
Tox21,37,56,0.13598192787292052,0.22666325739451818,0.7957478152884936,12.0,0.17614524705069406,0.8089957697117258,12.0,,
Tox21,37,57,0.13504459921802794,0.22020197340420314,0.801353522385445,12.0,0.1728168986737728,0.8074276848060227,12.0,,
Tox21,37,58,0.1329500355890819,0.20751317058290755,0.7998050654203462,12.0,0.15592816631708825,0.8174847477040226,12.0,,
Tox21,37,59,0.1307589305298669,0.22169688131128037,0.7985467239299581,12.0,0.17680783942341805,0.8056535157226432,12.0,,
Tox21,37,60,0.1325522960752857,0.2201728629214423,0.8003780880726605,12.0,0.16920449105756624,0.8246661385386206,12.0,,
Tox21,37,61,0.1311079336672413,0.21077011312757218,0.813451450040863,12.0,0.1734411854829107,0.8108202549981196,12.0,,
Tox21,37,62,0.12921556070142862,0.2183695946420942,0.8129155588476701,12.0,0.16887735894748143,0.8065517030596651,12.0,,
Tox21,37,63,0.128835708054961,0.23836864956787654,0.804548126430023,12.0,0.195163365985666,0.7985286666131884,12.0,,
Tox21,37,64,0.1271092152717162,0.21819037624767848,0.8127663504660542,12.0,0.16464336535760335,0.8217755474952595,12.0,,
Tox21,37,65,0.12441736414116256,0.2322774508169719,0.8027899478966652,12.0,0.18650028109550476,0.7998797656336945,12.0,,
Tox21,37,66,0.12961146448339736,0.22695281037262507,0.7972712355288322,12.0,0.19976307824254036,0.7912692018353664,12.0,,
Tox21,37,67,0.12481030015921106,0.22453490964003972,0.7982095022745934,12.0,0.18348280659743718,0.7973458500806982,12.0,,
Tox21,37,68,0.12382161252352657,0.22293750941753387,0.7910350643662274,12.0,0.17480903544596263,0.7975266573683277,12.0,,
ClinTox,7,1,0.5321053087711334,0.44744129478931427,0.5273556231003039,2.0,0.4473208338022232,0.5982377950687809,2.0,,
ClinTox,7,2,0.27983926236629486,0.21320094168186188,0.7477203647416413,2.0,0.18759049475193024,0.6947453954496208,2.0,,
ClinTox,7,3,0.23881822675466538,0.17845426499843597,0.8064842958459979,2.0,0.1626157909631729,0.7377367937227092,2.0,,
ClinTox,7,4,0.22661108076572417,0.16036348789930344,0.8920972644376899,2.0,0.14894478768110275,0.8447125644308743,2.0,,
ClinTox,7,5,0.21711483746767044,0.15645025670528412,0.9199594731509625,2.0,0.15425678342580795,0.8253077908007485,2.0,,
ClinTox,7,6,0.18767611905932427,0.179950051009655,0.9214792299898683,2.0,0.17357278615236282,0.787534882957418,2.0,,
ClinTox,7,7,0.18552170544862748,0.16069860011339188,0.9224924012158054,2.0,0.160194493830204,0.8354845858366986,2.0,,
ClinTox,7,8,0.17708885669708252,0.15309373289346695,0.9093211752786221,2.0,0.1376519277691841,0.8352104468301652,2.0,,
ClinTox,7,9,0.16624483168125154,0.1457168310880661,0.9280648429584599,2.0,0.13114068657159805,0.8560384451229521,2.0,,
ClinTox,7,10,0.1613909773528576,0.1394929699599743,0.9326241134751774,2.0,0.12430274114012718,0.8533290653008964,2.0,,
ClinTox,7,11,0.15609605684876443,0.1395246461033821,0.9209726443768996,2.0,0.12899374216794968,0.8489083686266785,2.0,,
ClinTox,7,12,0.14699459299445153,0.1526416316628456,0.944275582573455,2.0,0.1316598765552044,0.8622197051774516,2.0,,
ClinTox,7,13,0.1479635715484619,0.15765560418367386,0.9224924012158056,2.0,0.10673787072300911,0.8793016842312616,2.0,,
ClinTox,7,14,0.13013095483183862,0.1732209473848343,0.9128672745694022,2.0,0.11026990786194801,0.8765923044092059,2.0,,
ClinTox,7,15,0.1459043003618717,0.1855468824505806,0.9159067882472138,2.0,0.1911763846874237,0.8593978791161889,2.0,,
ClinTox,7,16,0.13182558193802835,0.21902818977832794,0.8875379939209727,2.0,0.10726862400770187,0.8643176072753538,2.0,,
ClinTox,7,17,0.12968854755163192,0.152906633913517,0.9194528875379939,2.0,0.10689553432166576,0.9028144390820447,2.0,,
ClinTox,7,18,0.12057455331087112,0.2078479528427124,0.9366767983789261,2.0,0.1640559397637844,0.9088832528973374,2.0,,
ClinTox,7,19,0.10516458824276924,0.18634869158267975,0.9078014184397163,2.0,0.11591913923621178,0.8837223809054795,2.0,,
ClinTox,7,20,0.10107230022549629,0.17698702961206436,0.9346504559270518,2.0,0.13025642931461334,0.9307478906070455,2.0,,
ClinTox,7,21,0.0991673044860363,0.1509532928466797,0.9341438703140831,2.0,0.12166756018996239,0.9121302406513674,2.0,,
ClinTox,7,22,0.10450444109737873,0.1975189968943596,0.950354609929078,2.0,0.09154400415718555,0.9154264749335173,2.0,,
ClinTox,7,23,0.08293163850903511,0.18202248960733414,0.9513677811550152,2.0,0.14101532846689224,0.9228060671722643,2.0,,
ClinTox,7,24,0.0963978748768568,0.2025712914764881,0.8768996960486323,2.0,0.1495240405201912,0.8848468432975476,2.0,,
ClinTox,7,25,0.08961792774498463,0.21896883100271225,0.9209726443768996,2.0,0.17746224254369736,0.9039389014741128,2.0,,
ClinTox,7,26,0.07998321875929833,0.15759558603167534,0.9280648429584599,2.0,0.1283864863216877,0.9018409993762107,2.0,,
ClinTox,7,27,0.07741643916815519,0.20628444105386734,0.9422492401215805,2.0,0.10869477316737175,0.9176122000065661,2.0,,
ClinTox,7,28,0.08558229394257069,0.2898210547864437,0.8510638297872342,2.0,0.22554342448711395,0.8890426474933517,2.0,,
ClinTox,7,29,0.07843266483396291,0.19013401120901108,0.9412360688956434,2.0,0.1050987346097827,0.9348312485636429,2.0,,
ClinTox,7,30,0.08909413740038871,0.2338755503296852,0.9128672745694023,2.0,0.15941660851240158,0.8962219705177452,2.0,,
ClinTox,7,31,0.08171570412814617,0.18029295280575752,0.9295845997973657,2.0,0.09688737988471985,0.9142527660133294,2.0,,
ClinTox,7,32,0.08801752142608166,0.21407237648963928,0.925531914893617,2.0,0.11044493317604065,0.9017285531370038,2.0,,
ClinTox,7,33,0.0831028763204813,0.27171237021684647,0.8885511651469098,2.0,0.2228909209370613,0.9108194622279129,2.0,,
ClinTox,7,34,0.07489632740616799,0.2109963819384575,0.9148936170212765,2.0,0.07373282592743635,0.919284940411701,2.0,,
ClinTox,7,35,0.07300156876444816,0.18161164596676826,0.9219858156028369,2.0,0.07130473852157593,0.9524754588134869,2.0,,
ClinTox,7,36,0.06601236648857593,0.22426971048116684,0.905775075987842,2.0,0.11467697843909264,0.9140032502708559,2.0,,
ClinTox,7,37,0.08302240148186683,0.22033512592315674,0.9305977710233029,2.0,0.11364930495619774,0.9221945894481105,2.0,,
ClinTox,7,38,0.07524322457611561,0.3032379150390625,0.867274569402229,2.0,0.21754462271928787,0.9126678485833415,2.0,,
ClinTox,7,39,0.07716843113303185,0.22952168434858322,0.9209726443768997,2.0,0.12281018495559692,0.938078236317673,2.0,,
ClinTox,7,40,0.06837567565962673,0.22934266552329063,0.9108409321175278,2.0,0.1787412464618683,0.9309481598213993,2.0,,
ClinTox,7,41,0.0722235668450594,0.19563719630241394,0.9219858156028369,2.0,0.13938360661268234,0.9208838110246561,2.0,,
ClinTox,7,42,0.07843212857842445,0.21468910202383995,0.8910840932117529,2.0,0.1769217848777771,0.9480301388752093,2.0,,
ClinTox,7,43,0.0787684265524149,0.26624952256679535,0.8789260385005067,2.0,0.16393150389194489,0.8999679897567222,2.0,,
ClinTox,17,1,0.5599956750869751,0.5069413483142853,0.6291793313069909,2.0,0.5054636895656586,0.6321875307790801,2.0,,
ClinTox,17,2,0.2943122014403343,0.242585688829422,0.7492401215805471,2.0,0.2111826092004776,0.6851168784267375,2.0,,
ClinTox,17,3,0.2358306348323822,0.17224295437335968,0.8520770010131711,2.0,0.17048776894807816,0.7344651827046192,2.0,,
ClinTox,17,4,0.206903588026762,0.178138867020607,0.8961499493414387,2.0,0.1523893177509308,0.7856372500738698,2.0,,
ClinTox,17,5,0.1911631241440773,0.15406185388565063,0.916919959473151,2.0,0.15506340563297272,0.7791186513017498,2.0,,
ClinTox,17,6,0.1782675575464964,0.1542697474360466,0.908308004052685,2.0,0.15957890450954437,0.7825905315341934,2.0,,
ClinTox,17,7,0.17389099672436714,0.15016118064522743,0.922998986828774,2.0,0.15172123163938522,0.7968999310548606,2.0,,
ClinTox,17,8,0.16460738256573676,0.17671405524015427,0.8926038500506586,2.0,0.1486097127199173,0.8031443908204471,2.0,,
ClinTox,17,9,0.16550440862774848,0.15550996363162994,0.9174265450861195,2.0,0.14014465361833572,0.8129206474276898,2.0,,
ClinTox,17,10,0.15452746525406838,0.1614852398633957,0.8880445795339412,2.0,0.13014983758330345,0.8300412029285269,2.0,,
ClinTox,17,11,0.15955027043819428,0.14871123805642128,0.916919959473151,2.0,0.13506858050823212,0.8189648379789225,2.0,,
ClinTox,17,12,0.15376836881041528,0.15224747359752655,0.9199594731509626,2.0,0.12832291796803474,0.834085984438097,2.0,,
ClinTox,17,13,0.15704964175820352,0.19183368235826492,0.8895643363728469,2.0,0.12026078626513481,0.8458124035588824,2.0,,
ClinTox,17,14,0.13478921055793763,0.16394323855638504,0.8981762917933132,2.0,0.13897926732897758,0.8343740766275978,2.0,,
ClinTox,17,15,0.12502310574054717,0.1933845356106758,0.8687943262411348,2.0,0.12078892812132835,0.854565973932171,2.0,,
ClinTox,17,16,0.11459938213229179,0.18059583008289337,0.9209726443768997,2.0,0.12346087768673897,0.8524926950983289,2.0,,
ClinTox,17,17,0.11630189642310143,0.23239688575267792,0.9219858156028369,2.0,0.14618947356939316,0.9058365343576611,2.0,,
ClinTox,17,18,0.11373114585876465,0.20395604521036148,0.8419452887537994,2.0,0.1812743917107582,0.8634812370727863,2.0,,
ClinTox,17,19,0.09462530817836523,0.2687786817550659,0.8662613981762919,2.0,0.1232043020427227,0.8739075478512098,2.0,,
ClinTox,17,20,0.095363200455904,0.1849161759018898,0.8956433637284701,2.0,0.1498415246605873,0.8873067073771299,2.0,,
ClinTox,17,21,0.1195411168038845,0.18919677287340164,0.8814589665653496,2.0,0.11938182637095451,0.9150398896877769,2.0,,
ClinTox,17,22,0.11272434592247009,0.2065739706158638,0.8981762917933132,2.0,0.09981098212301731,0.901053875701763,2.0,,
ClinTox,17,23,0.10686782039701939,0.19767314940690994,0.8890577507598785,2.0,0.13361170887947083,0.89096490364096,2.0,,
ClinTox,17,24,0.09253991767764091,0.2203591838479042,0.9007092198581561,2.0,0.1480553336441517,0.8825486719852917,2.0,,
ClinTox,17,25,0.10258717238903045,0.18602003902196884,0.914387031408308,2.0,0.12250137329101562,0.9055870186151876,2.0,,
ClinTox,17,26,0.08581757210195065,0.21259691566228867,0.914387031408308,2.0,0.09476364217698574,0.9186734626875472,2.0,,
ClinTox,17,27,0.0793033666908741,0.2043326497077942,0.8885511651469098,2.0,0.09562664106488228,0.9200966873502086,2.0,,
ClinTox,37,1,0.5657303720712662,0.4995490312576294,0.6175278622087133,2.0,0.4888390451669693,0.6363340884467645,2.0,,
ClinTox,37,2,0.2971904814243317,0.23562134057283401,0.7497467071935158,2.0,0.2292897328734398,0.6098345316655176,2.0,,
ClinTox,37,3,0.24581698328256607,0.19102387875318527,0.8232016210739614,2.0,0.19141604006290436,0.6690961620539086,2.0,,
ClinTox,37,4,0.2236645847558975,0.16857043653726578,0.8961499493414387,2.0,0.1677488461136818,0.7535711940641519,2.0,,
ClinTox,37,5,0.20132006853818893,0.16595688462257385,0.9174265450861195,2.0,0.17704197019338608,0.7787320660560098,2.0,,
ClinTox,37,6,0.19028821736574172,0.15966620296239853,0.9108409321175279,2.0,0.18064159154891968,0.7589653304442037,2.0,,
ClinTox,37,7,0.17242106422781944,0.1535826325416565,0.9083080040526849,2.0,0.16755443066358566,0.8033939065629206,2.0,,
ClinTox,37,8,0.16486028656363488,0.15031300857663155,0.9159067882472138,2.0,0.1628120169043541,0.8082258117469385,2.0,,
ClinTox,37,9,0.1653643310070038,0.14414963871240616,0.9103343465045592,2.0,0.1413598209619522,0.8560630683870121,2.0,,
ClinTox,37,10,0.16171982735395432,0.16484445333480835,0.8996960486322189,2.0,0.1530069187283516,0.8232730884139335,2.0,,
ClinTox,37,11,0.1485005758702755,0.15462186187505722,0.9305977710233029,2.0,0.13891448080539703,0.8508938244853739,2.0,,
ClinTox,37,12,0.15684783607721328,0.1679573506116867,0.9265450861195542,2.0,0.1373579353094101,0.8410297449029844,2.0,,
ClinTox,37,13,0.15644734278321265,0.16392524540424347,0.9311043566362716,2.0,0.13412217050790787,0.8749934337962507,2.0,,
ClinTox,37,14,0.14445710256695748,0.1688435971736908,0.9224924012158054,2.0,0.14398161694407463,0.8847836435864604,2.0,,
ClinTox,37,15,0.15195868238806726,0.178470678627491,0.9189463019250254,2.0,0.12871956452727318,0.8730711776486424,2.0,,
ClinTox,37,16,0.1274293288588524,0.15661725774407387,0.9498480243161094,2.0,0.13199055194854736,0.8636429298401129,2.0,,
ClinTox,37,17,0.13134197741746903,0.1817566528916359,0.8885511651469098,2.0,0.12434210255742073,0.8608843034899373,2.0,,
ClinTox,37,18,0.12607639282941818,0.15860193967819214,0.9371833839918946,2.0,0.1093585416674614,0.9006919137200827,2.0,,
ClinTox,37,19,0.12827096357941628,0.19948429614305496,0.9270516717325228,2.0,0.10518389940261841,0.8980071571620868,2.0,,
ClinTox,37,20,0.11713008731603622,0.23197738081216812,0.8890577507598785,2.0,0.16222798079252243,0.8521307331166487,2.0,,
ClinTox,37,21,0.10437884703278541,0.20154310017824173,0.9533941236068895,2.0,0.1456223800778389,0.9043254867198529,2.0,,
ClinTox,37,22,0.10479622259736061,0.17163542658090591,0.9402228976697062,2.0,0.10190162807703018,0.9273638333497488,2.0,,
ClinTox,37,23,0.10857857763767242,0.17370110005140305,0.9184397163120568,2.0,0.2244601547718048,0.881824748021931,2.0,,
ClinTox,37,24,0.09129054248332977,0.3830481618642807,0.9057750759878419,2.0,0.2834361493587494,0.8891165172855313,2.0,,
ClinTox,37,25,0.09384889155626297,0.16449114307761192,0.9280648429584599,2.0,0.1113591268658638,0.9397263534587479,2.0,,
ClinTox,37,26,0.09355377294123172,0.27883560955524445,0.8900709219858156,2.0,0.16421661525964737,0.891527134836994,2.0,,
ClinTox,37,27,0.08552042096853256,0.2190457284450531,0.9321175278622087,2.0,0.10061927512288094,0.9372032896680784,2.0,,
ClinTox,37,28,0.08107465952634811,0.2069735825061798,0.941742654508612,2.0,0.08764537423849106,0.930997406349519,2.0,,
ClinTox,37,29,0.08079250901937485,0.21982334554195404,0.9194528875379939,2.0,0.12620672211050987,0.9140278735349159,2.0,,
ClinTox,37,30,0.08891999386250973,0.42353588342666626,0.8297872340425532,2.0,0.26125727593898773,0.8757559342066383,2.0,,
ClinTox,37,31,0.0808764599263668,0.18739449977874756,0.9412360688956434,2.0,0.16677948087453842,0.9276765488033094,2.0,,
ClinTox,37,32,0.07650086767971516,0.20501520484685898,0.9123606889564336,2.0,0.1921342946588993,0.913416395810762,2.0,,
ClinTox,37,33,0.07849883362650871,0.21913154423236847,0.9199594731509625,2.0,0.1177293211221695,0.9306108211037789,2.0,,
ClinTox,37,34,0.07889409773051739,0.17012127116322517,0.9265450861195542,2.0,0.12600507214665413,0.9254662004662004,2.0,,
ClinTox,37,35,0.06260100156068801,0.20257142931222916,0.9295845997973657,2.0,0.1558215320110321,0.9194852096260546,2.0,,
ClinTox,37,36,0.06174251101911068,0.19458681717514992,0.916919959473151,2.0,0.10284420102834702,0.9241800453068059,2.0,,
ClinTox,37,37,0.07582028545439243,0.19075283408164978,0.9214792299898682,2.0,0.11992330476641655,0.9280138875209298,2.0,,
ClinTox,37,38,0.07503577210009098,0.2954349219799042,0.887031408308004,2.0,0.17419929057359695,0.9218326274664302,2.0,,
ClinTox,37,39,0.06664931736886501,0.17467883974313736,0.9392097264437691,2.0,0.11759899370372295,0.9254662004662004,2.0,,
ClinTox,37,40,0.07776431255042553,0.3902747184038162,0.893110435663627,2.0,0.07656364841386676,0.934332217078696,2.0,,
ClinTox,37,41,0.0636700414121151,0.2615491822361946,0.9184397163120568,2.0,0.09824163373559713,0.9367920811582784,2.0,,
ESOL,7,1,0.8610079884529114,0.9928044676780701,,,0.9686440229415894,,,2.0643490681187435,2.0390758294733144
ESOL,7,2,0.5278571173548698,0.7470109462738037,,,0.6522577404975891,,,1.7906667521404058,1.6732502210096267
ESOL,7,3,0.4904961474239826,0.5190096497535706,,,0.5077409148216248,,,1.4925847348643635,1.4762922574551414
ESOL,7,4,0.3477143906056881,0.39914068579673767,,,0.3812742233276367,,,1.308923571570926,1.2792930544730643
ESOL,7,5,0.350750420242548,0.554573655128479,,,0.5508615374565125,,,1.5428754947342922,1.537703092854102
ESOL,7,6,0.3393905609846115,0.45319414138793945,,,0.4336208999156952,,,1.3947405831647626,1.3642890506081597
ESOL,7,7,0.293683098629117,0.37844014167785645,,,0.38718923926353455,,,1.2745295329782103,1.2891780917042173
ESOL,7,8,0.2824383694678545,0.28372427821159363,,,0.27790045738220215,,,1.1035690969829646,1.092184363102808
ESOL,7,9,0.20430174469947815,0.27752694487571716,,,0.26450496912002563,,,1.0914499895291812,1.06553625593076
ESOL,7,10,0.2251811996102333,0.32181695103645325,,,0.34229713678359985,,,1.1753189851094588,1.2121403780238353
ESOL,7,11,0.17974098026752472,0.28288552165031433,,,0.31785377860069275,,,1.1019367096444663,1.1680594826862987
ESOL,7,12,0.1796626439318061,0.29353344440460205,,,0.267715722322464,,,1.122483883595475,1.0719838701571947
ESOL,7,13,0.2794013246893883,0.22456416487693787,,,0.20318526029586792,,,0.9817965510041422,0.9338935785581152
ESOL,7,14,0.18597857654094696,0.19027210772037506,,,0.19826751947402954,,,0.9037302767446773,0.9225227537166104
ESOL,7,15,0.17126868106424809,0.26414093375205994,,,0.22445382177829742,,,1.0648026478728023,0.9815553821693066
ESOL,7,16,0.14789704978466034,0.21540874242782593,,,0.21402812004089355,,,0.9615744983815894,0.9584880095892526
ESOL,7,17,0.25651779770851135,0.23697328567504883,,,0.2677619755268097,,,1.0085581896575695,1.0720764993943244
ESOL,7,18,0.17774022836238146,0.21721546351909637,,,0.19125761091709137,,,0.9655986411932113,0.9060676325444589
ESOL,7,19,0.20940911397337914,0.21746926009655,,,0.19649311900138855,,,0.9661625794692815,0.9183853502709277
ESOL,7,20,0.14879616908729076,0.22773967683315277,,,0.18832015991210938,,,0.9887138897345831,0.8990828145383627
ESOL,7,21,0.14447636529803276,0.2752307057380676,,,0.2864167094230652,,,1.086925359154851,1.1087929179111289
ESOL,7,22,0.14451666548848152,0.23462526500225067,,,0.19418618083000183,,,1.0035491189382333,0.9129783526190937
ESOL,7,23,0.1610776586458087,0.3044551610946655,,,0.2379041314125061,,,1.1431756437918448,1.0105371239556304
ESOL,7,24,0.1526430519297719,0.21284569799900055,,,0.21710741519927979,,,0.9558366443096663,0.965358488716924
ESOL,7,25,0.14662971440702677,0.1707485169172287,,,0.1600823700428009,,,0.8561103887972328,0.8289399006275343
ESOL,7,26,0.11946237832307816,0.17537376284599304,,,0.1768314242362976,,,0.8676281402337608,0.8712263818875418
ESOL,7,27,0.12725622113794088,0.16005682945251465,,,0.16287362575531006,,,0.8288737097419334,0.8361355555845129
ESOL,7,28,0.21843529306352139,0.26940229535102844,,,0.2472427785396576,,,1.0753551783541273,1.0301799424402285
ESOL,7,29,0.234306825324893,0.37771451473236084,,,0.2673035264015198,,,1.273306904280505,1.0711582489961018
ESOL,7,30,0.19284256361424923,0.4044899046421051,,,0.29766950011253357,,,1.317665290380818,1.1303643442698061
ESOL,7,31,0.15452398546040058,0.22198529541492462,,,0.1812191903591156,,,0.9761428541713953,0.8819690827727007
ESOL,7,32,0.11368872411549091,0.19717927277088165,,,0.18803828954696655,,,0.9199874757349612,0.8984097352091489
ESOL,7,33,0.11753987893462181,0.19924896955490112,,,0.20470499992370605,,,0.9248032373499553,0.9373796385749374
ESOL,7,34,0.15879701916128397,0.17250098288059235,,,0.17671799659729004,,,0.8604924999067584,0.8709468974361677
ESOL,7,35,0.2134786043316126,0.2498619258403778,,,0.2444908171892166,,,1.0356220852633007,1.0244305866607002
ESOL,7,36,0.15115888509899378,0.20285296440124512,,,0.17632956802845,,,0.9331295503376356,0.8699891823611283
ESOL,7,37,0.11920835264027119,0.1684277504682541,,,0.16626596450805664,,,0.8502724701677916,0.8447981787515646
ESOL,7,38,0.11486885137856007,0.16870436072349548,,,0.16800770163536072,,,0.8509703160744646,0.8492115711796603
ESOL,7,39,0.0948876179754734,0.16884402930736542,,,0.1453423798084259,,,0.8513225602357279,0.7898551434488471
ESOL,7,40,0.10131224989891052,0.16346055269241333,,,0.1567716896533966,,,0.8376406850366682,0.8203233627326714
ESOL,7,41,0.2264528125524521,0.18761703372001648,,,0.15978339314460754,,,0.8974028227111959,0.8281654132122899
ESOL,7,42,0.12484209705144167,0.18351633846759796,,,0.17007851600646973,,,0.887541469088691,0.8544290573777858
ESOL,7,43,0.09264153335243464,0.21675552427768707,,,0.17422430217266083,,,0.964575695532158,0.8647800053345028
ESOL,7,44,0.13227366656064987,0.15786175429821014,,,0.14501021802425385,,,0.8231704336732706,0.7889520548961938
ESOL,7,45,0.10394354723393917,0.1443195641040802,,,0.1438267081975937,,,0.7870709809814413,0.7857259704600358
ESOL,7,46,0.10812428127974272,0.17722006142139435,,,0.1439540833234787,,,0.8721832168129501,0.7860736706208334
ESOL,7,47,0.10267051868140697,0.19996024668216705,,,0.17533273994922638,,,0.926452425614852,0.8675265637379028
ESOL,7,48,0.13900448381900787,0.18771596252918243,,,0.18828147649765015,,,0.8976394425985811,0.8989904609382013
ESOL,7,49,0.12321497686207294,0.20680895447731018,,,0.22002272307872772,,,0.9421845064384515,0.9718182488949222
ESOL,7,50,0.11967271845787764,0.1950225532054901,,,0.17070835828781128,,,0.9149422609632842,0.856009708574534
ESOL,7,51,0.14931373950093985,0.19451317191123962,,,0.19563639163970947,,,0.9137466080442164,0.916381079806972
ESOL,7,52,0.20602225232869387,0.1773943454027176,,,0.18543824553489685,,,0.8726119765318153,0.8921767987412863
ESOL,7,53,0.10610492527484894,0.18910706043243408,,,0.1638832539319992,,,0.9009592242736133,0.8387230070861664
ESOL,7,54,0.10385567136108875,0.16662177443504333,,,0.15920627117156982,,,0.845701574451884,0.8266684480488975
ESOL,7,55,0.10480449255555868,0.14778490364551544,,,0.1472119390964508,,,0.7964642531999576,0.7949189132147871
ESOL,7,56,0.08917444944381714,0.14711914956569672,,,0.14142313599586487,,,0.7946683212168109,0.7791327970626568
ESOL,7,57,0.08213429898023605,0.13777302205562592,,,0.13171862065792084,,,0.7690124699433523,0.7519256190433942
ESOL,7,58,0.08024571649730206,0.16262105107307434,,,0.15755566954612732,,,0.8354868877575926,0.8223720309529631
ESOL,7,59,0.08166754990816116,0.15022975206375122,,,0.1406846046447754,,,0.8030253159224746,0.7770958126453551
ESOL,7,60,0.09986992366611958,0.1637374460697174,,,0.15402989089488983,,,0.838349792294884,0.8131184425060266
ESOL,7,61,0.5027491650544107,0.17258280515670776,,,0.17646154761314392,,,0.8606965394160703,0.8703147929245281
ESOL,7,62,0.23190021514892578,0.22648228704929352,,,0.22027692198753357,,,0.985980677074877,0.9723795301844547
ESOL,7,63,0.16594351641833782,0.1966082751750946,,,0.16846969723701477,,,0.918654392743393,0.8503782805009867
ESOL,7,64,0.16976365074515343,0.16167797148227692,,,0.15005479753017426,,,0.8330607604252541,0.8025576728822388
ESOL,7,65,0.1576921697705984,0.1838085949420929,,,0.1948527842760086,,,0.8882478142369759,0.9145439705745303
ESOL,7,66,0.10750844283029437,0.17921221256256104,,,0.18247628211975098,,,0.8770717549107236,0.8850229322835226
ESOL,7,67,0.09595945943146944,0.14772003889083862,,,0.14276640117168427,,,0.7962894906591855,0.7828242653211968
ESOL,7,68,0.08504882454872131,0.15794295072555542,,,0.12716278433799744,,,0.8233820930964202,0.7388075310111039
ESOL,7,69,0.12902755662798882,0.18491996824741364,,,0.15616166591644287,,,0.8909291534407509,0.8187258316433255
ESOL,7,70,0.1018362557515502,0.13436073064804077,,,0.13104651868343353,,,0.7594295435025521,0.7500047683564239
ESOL,7,71,0.0837664371356368,0.13422296941280365,,,0.1319519430398941,,,0.759040113474695,0.7525913057031368
ESOL,7,72,0.0988268326036632,0.1562443971633911,,,0.1301911324262619,,,0.818942642844407,0.7475530124607946
ESOL,7,73,0.11017460795119405,0.1490536779165268,,,0.15717706084251404,,,0.7998759292713984,0.8213832950849503
ESOL,7,74,0.0972021296620369,0.1794377714395523,,,0.1479874551296234,,,0.8776234399205468,0.7970099241435765
ESOL,7,75,0.08785913977771997,0.16083019971847534,,,0.14557433128356934,,,0.8308738215831092,0.7904851194135676
ESOL,7,76,0.09783750586211681,0.16600705683231354,,,0.18523818254470825,,,0.8441401745090227,0.8916954166614128
ESOL,7,77,0.13954890705645084,0.21022328734397888,,,0.22134023904800415,,,0.9499301834552533,0.9747236104613305
ESOL,7,78,0.10006431583315134,0.2021564394235611,,,0.17738737165927887,,,0.9315261610558151,0.8725948657078662
ESOL,7,79,0.11156809888780117,0.15368299186229706,,,0.16489914059638977,,,0.8122022523380509,0.8413185477705721
ESOL,7,80,0.09522267337888479,0.15631014108657837,,,0.15077097713947296,,,0.8191149371498443,0.8044706626507487
ESOL,7,81,0.08481076825410128,0.12570275366306305,,,0.12656213343143463,,,0.7345539443148199,0.7370605873090209
ESOL,7,82,0.07825471926480532,0.161041721701622,,,0.1597825139760971,,,0.831419993349534,0.8281631460940905
ESOL,7,83,0.07885325886309147,0.17433692514896393,,,0.13875453174114227,,,0.8650595184753248,0.7717468587788577
ESOL,7,84,0.08522624522447586,0.15139849483966827,,,0.16109494864940643,,,0.8061430276093287,0.8315574478976498
ESOL,7,85,0.096460095141083,0.14278307557106018,,,0.15294116735458374,,,0.7828699863668594,0.8102395819512415
ESOL,7,86,0.08660246431827545,0.16794231534004211,,,0.153945192694664,,,0.849046226741448,0.8128948352710187
ESOL,7,87,0.08868053089827299,0.13490040600299835,,,0.12825684249401093,,,0.7609531565471329,0.7419788669676798
ESOL,7,88,0.08822021540254354,0.16435377299785614,,,0.155570849776268,,,0.8399261789013817,0.8171756167304531
ESOL,7,89,0.11751848924905062,0.16884168982505798,,,0.14727449417114258,,,0.8513166440175757,0.7950877173633121
ESOL,7,90,0.08476864639669657,0.1600559502840042,,,0.15080507099628448,,,0.8288715524269539,0.8045616051419918
ESOL,7,91,0.14076501736417413,0.21316207945346832,,,0.22266492247581482,,,0.9565468944334643,0.977636037126501
ESOL,7,92,0.17374645825475454,0.2879074215888977,,,0.30206233263015747,,,1.1116747055925948,1.1386743875937115
ESOL,7,93,0.13001197669655085,0.2562226951122284,,,0.20652152597904205,,,1.0487212227839058,0.9415295152175623
ESOL,7,94,0.08505654707551003,0.16765813529491425,,,0.19496582448482513,,,0.8483276169577452,0.9148091909915963
ESOL,7,95,0.07969759218394756,0.14450377225875854,,,0.1356080025434494,,,0.7875731358551272,0.7629462499697243
ESOL,7,96,0.14342601224780083,0.25366851687431335,,,0.2449835240840912,,,1.043481022331827,1.0254623533319964
ESOL,7,97,0.1247569527477026,0.13061559200286865,,,0.1356850117444992,,,0.7487705803591735,0.7631628969672426
ESOL,7,98,0.10347534250468016,0.14872993528842926,,,0.17094610631465912,,,0.7990068081934533,0.8566056104776006
ESOL,7,99,0.06806088238954544,0.19770613312721252,,,0.17568661272525787,,,0.9212156944668084,0.8684016139799571
ESOL,7,100,0.0928855910897255,0.13952960073947906,,,0.12833499908447266,,,0.7738993258121254,0.7422049670924652
ESOL,17,1,0.8728625401854515,0.9903666377067566,,,0.9708004593849182,,,2.061813008884646,2.041344312274959
ESOL,17,2,0.5309549868106842,0.788879930973053,,,0.663432240486145,,,1.8401648368806773,1.6875224641788193
ESOL,17,3,0.41374488547444344,0.5477830767631531,,,0.5068069100379944,,,1.5334004463490694,1.4749339169715312
ESOL,17,4,0.40146971493959427,0.39918527007102966,,,0.37271562218666077,,,1.3089966566510849,1.2648531125849003
ESOL,17,5,0.28747547045350075,0.29288941621780396,,,0.3165169358253479,,,1.1212517497411576,1.1656005734090762
ESOL,17,6,0.29007956571877,0.362010657787323,,,0.4175143539905548,,,1.2465564502522404,1.3387114965064733
ESOL,17,7,0.23223474621772766,0.28060200810432434,,,0.2915198504924774,,,1.0974801353273094,1.1186271408219142
ESOL,17,8,0.211741765961051,0.2667786777019501,,,0.2978026866912842,,,1.0701060966227482,1.1306172113271558
ESOL,17,9,0.23245757445693016,0.2223893254995346,,,0.2218426764011383,,,0.9770308020215676,0.9758292535315974
ESOL,17,10,0.16723859310150146,0.26343151926994324,,,0.26708316802978516,,,1.0633718055434074,1.0707166702209783
ESOL,17,11,0.20100793987512589,0.2332412302494049,,,0.2148684561252594,,,1.0005847889947415,0.9603678868139693
ESOL,17,12,0.18276269175112247,0.27356645464897156,,,0.2881736159324646,,,1.0836341085804708,1.1121883984632044
ESOL,17,13,0.15720308478921652,0.2040829211473465,,,0.19682259857654572,,,0.935954218286847,0.9191550523214949
ESOL,17,14,0.25989861600100994,0.204591765999794,,,0.24208801984786987,,,0.9371203289528709,1.0193842639420287
ESOL,17,15,0.22225837036967278,0.1683950126171112,,,0.17357537150382996,,,0.8501897824416692,0.8631681135101282
ESOL,17,16,0.3465400766581297,0.30730774998664856,,,0.2787213921546936,,,1.1485185659433321,1.0937961568629913
ESOL,17,17,0.22762995213270187,0.2520119845867157,,,0.23599256575107574,,,1.0400682901923075,1.0064690677231205
ESOL,17,18,0.2176809422671795,0.30986130237579346,,,0.24904069304466248,,,1.1532805175117387,1.0339187999031116
ESOL,17,19,0.2301587089896202,0.3012508153915405,,,0.25634315609931946,,,1.1371438716057567,1.0489678032355099
ESOL,17,20,0.17570633627474308,0.277892529964447,,,0.20366516709327698,,,1.0921686457369557,0.9349957716433135
ESOL,17,21,0.1558523466810584,0.2526344060897827,,,0.2125719040632248,,,1.0413518938672757,0.9552218089233026
ESOL,17,22,0.24474220722913742,0.17193536460399628,,,0.16359932720661163,,,0.8590805242763084,0.8379962205482963
ESOL,17,23,0.21405760571360588,0.21926680207252502,,,0.22516685724258423,,,0.9701473863454512,0.9831132219485734
ESOL,17,24,0.18278160691261292,0.48538458347320557,,,0.4056922495365143,,,1.4434251989652718,1.3196222430893534
ESOL,17,25,0.21041401289403439,0.48666611313819885,,,0.36624664068222046,,,1.445329325809999,1.2538284325146196
ESOL,17,26,0.2127813994884491,0.3997163474559784,,,0.37184804677963257,,,1.3098671254626546,1.2633800611854116
ESOL,17,27,0.17815813422203064,0.2583239674568176,,,0.20019888877868652,,,1.0530126766445276,0.9270050715870479
ESOL,17,28,0.16318232659250498,0.2567675709724426,,,0.24496081471443176,,,1.0498357439992014,1.0254148643898398
ESOL,17,29,0.13824583869427443,0.19873222708702087,,,0.18284201622009277,,,0.9236031514416767,0.8859093622923138
ESOL,17,30,0.21712801605463028,0.2245224118232727,,,0.21385325491428375,,,0.9817052999762375,0.9580964991342416
ESOL,17,31,0.23300848715007305,0.16167548298835754,,,0.14916516840457916,,,0.8330543209924808,0.8001750233047048
ESOL,17,32,0.12152820359915495,0.1688825488090515,,,0.1731216460466385,,,0.8514196643553176,0.8620391817127299
ESOL,17,33,0.1437480766326189,0.18427063524723053,,,0.17444965243339539,,,0.8893635499904784,0.8653391135308761
ESOL,17,34,0.15083883795887232,0.1493445336818695,,,0.14061066508293152,,,0.8006560064858649,0.7768915672714667
ESOL,17,35,0.14509111270308495,0.21364614367485046,,,0.2400921881198883,,,0.9576323509377336,1.015173591652361
ESOL,17,36,0.14720457792282104,0.23759230971336365,,,0.1970948874950409,,,1.0098745851738975,0.9197905946914687
ESOL,17,37,0.13409427925944328,0.15247972309589386,,,0.14726585149765015,,,0.8090163890890197,0.7950643650726065
ESOL,17,38,0.22396022360771894,0.20641444623470306,,,0.15144376456737518,,,0.9412853749024841,0.8062635006624433
ESOL,17,39,0.15607150457799435,0.13724754750728607,,,0.1310209184885025,,,0.7675445393987146,0.7499315310060326
ESOL,17,40,0.15888955164700747,0.16552460193634033,,,0.1646234691143036,,,0.8429126469819083,0.8406150292581637
ESOL,17,41,0.12966817431151867,0.23152582347393036,,,0.20846891403198242,,,0.9968986699753126,0.9459582243540425
ESOL,17,42,0.1060029286891222,0.1681608408689499,,,0.15303753316402435,,,0.8495984306945963,0.8104948831452011
ESOL,17,43,0.14406551327556372,0.15341068804264069,,,0.160443976521492,,,0.8114823423921883,0.8298755353652094
ESOL,17,44,0.12306697480380535,0.18049192428588867,,,0.1718907654285431,,,0.8801975851512531,0.8589691590977687
ESOL,17,45,0.10501348692923784,0.15530869364738464,,,0.15162567794322968,,,0.816486810971299,0.8067475772179395
ESOL,17,46,0.10016307048499584,0.20787234604358673,,,0.19806432723999023,,,0.9446036778802648,0.9220499099061177
ESOL,17,47,0.09853601548820734,0.16326101124286652,,,0.160255566239357,,,0.8371292247189985,0.8293882128332123
ESOL,17,48,0.10657024383544922,0.16009016335010529,,,0.13672155141830444,,,0.8289601055917891,0.766072317745977
ESOL,17,49,0.08911081869155169,0.15456663072109222,,,0.1503850221633911,,,0.814533915732138,0.803440275539855
ESOL,17,50,0.09820534009486437,0.13005101680755615,,,0.12762054800987244,,,0.7471506113018851,0.7401360922112526
ESOL,17,51,0.09840586362406611,0.13425998389720917,,,0.1302049160003662,,,0.7591447033585623,0.7475926387118292
ESOL,17,52,0.08031279966235161,0.19295598566532135,,,0.16941198706626892,,,0.910081655695391,0.8527532179633904
ESOL,17,53,0.09413499571383,0.1533510982990265,,,0.15948745608329773,,,0.8113247734959326,0.8273981611390459
ESOL,17,54,0.09459901228547096,0.13987088203430176,,,0.12761521339416504,,,0.7748451908911269,0.7401207507049674
ESOL,17,55,0.090482905972749,0.14020192623138428,,,0.1292123645544052,,,0.7757615900381716,0.7447377209811623
ESOL,17,56,0.08909173496067524,0.29822736978530884,,,0.294341504573822,,,1.1314229927778672,1.1240277327547439
ESOL,17,57,0.19383372087031603,0.14053232967853546,,,0.15584711730480194,,,0.7766751044624085,0.8179008273513103
ESOL,17,58,0.15511928498744965,0.18541784584522247,,,0.2103503793478012,,,0.8921277936475044,0.9502172987022285
ESOL,17,59,0.1224961057305336,0.23720324039459229,,,0.20526337623596191,,,1.0090474686812925,0.9386571736162777
ESOL,17,60,0.11633635126054287,0.25640007853507996,,,0.19018250703811646,,,1.0490842254361759,0.9035174840239231
ESOL,17,61,0.11392959766089916,0.16471001505851746,,,0.1542462557554245,,,0.8408359787530434,0.8136893517297106
ESOL,17,62,0.1314001800492406,0.14488491415977478,,,0.12801961600780487,,,0.7886111035297902,0.7412923534445092
ESOL,17,63,0.11032036319375038,0.16721276938915253,,,0.15512564778327942,,,0.8472000863530886,0.8160054806543935
ESOL,17,64,0.17094038240611553,0.3725529909133911,,,0.3436223268508911,,,1.2645771728231499,1.2144845020440818
ESOL,17,65,0.24853754229843616,0.2029445618391037,,,0.19096647202968597,,,0.9333401578982936,0.9053778562436205
ESOL,17,66,0.25445217825472355,0.3245043456554413,,,0.3103748559951782,,,1.1802160329587206,1.1542357865900827
ESOL,17,67,0.15416720509529114,0.20578624308109283,,,0.21558092534542084,,,0.939851957746706,0.9619587379576215
ESOL,17,68,0.13713583629578352,0.24260364472866058,,,0.256753146648407,,,1.0204692632521724,1.0498063908053041
ESOL,17,69,0.10112959705293179,0.26223447918891907,,,0.2073064148426056,,,1.0609531362108875,0.9433170727708877
ESOL,17,70,0.08912913501262665,0.1375044286251068,,,0.15017251670360565,,,0.7682624076936183,0.8028724347494814
ESOL,37,1,0.8275178521871567,0.9778463244438171,,,0.9514246582984924,,,2.048738752221355,2.0208705099035544
ESOL,37,2,0.5285771191120148,0.7907262444496155,,,0.700972855091095,,,1.8423169919641964,1.734610120627718
ESOL,37,3,0.42284660041332245,0.5681042075157166,,,0.5685257315635681,,,1.5615837462458766,1.562162973295715
ESOL,37,4,0.3208269029855728,0.46210360527038574,,,0.409353107213974,,,1.4083835523255448,1.325562866783568
ESOL,37,5,0.35612214356660843,0.29807180166244507,,,0.2963482141494751,,,1.131127887268125,1.1278528492834696
ESOL,37,6,0.27497168630361557,0.2863644063472748,,,0.3090243339538574,,,1.1086915825869124,1.1517219546931634
ESOL,37,7,0.23792572133243084,0.2728964388370514,,,0.2513825297355652,,,1.0823064791437071,1.038768640711285
ESOL,37,8,0.18977346597239375,0.25704896450042725,,,0.2751748561859131,,,1.050410832912573,1.08681507465282
ESOL,37,9,0.16748453117907047,0.20074361562728882,,,0.23876088857650757,,,0.9282653574023739,1.0123551182639217
ESOL,37,10,0.2580310609191656,0.26505354046821594,,,0.265150785446167,,,1.0666405836035628,1.0668362599397134
ESOL,37,11,0.2115902453660965,0.27273550629615784,,,0.3177993893623352,,,1.0819871803976802,1.1679595640707958
ESOL,37,12,0.23139356449246407,0.241017684340477,,,0.30182522535324097,,,1.0171282866744709,1.1382274251031816
ESOL,37,13,0.2214432880282402,0.19011208415031433,,,0.22228199243545532,,,0.903350235726935,0.97679501626464
ESOL,37,14,0.1758724618703127,0.229436993598938,,,0.21545596420764923,,,0.9923914301797829,0.9616798696707972
ESOL,37,15,0.18085448257625103,0.19931846857070923,,,0.22027280926704407,,,0.9249644478847655,0.9723703967818013
ESOL,37,16,0.18394474312663078,0.20539720356464386,,,0.22902514040470123,,,0.9389631298126908,0.9915003161523636
ESOL,37,17,0.17835234105587006,0.259761780500412,,,0.27321845293045044,,,1.0559391083356537,1.0829447391673364
ESOL,37,18,0.21819506026804447,0.24506719410419464,,,0.2595246434211731,,,1.0256374098487844,1.0554572228311194
ESOL,37,19,0.1697362344712019,0.2272709310054779,,,0.24146543443202972,,,0.9876958447621447,1.0180726707503605
ESOL,37,20,0.15836748853325844,0.21958477795124054,,,0.20900584757328033,,,0.9708505437959939,0.9471755781339031
ESOL,37,21,0.19005890004336834,0.19980956614017487,,,0.19047266244888306,,,0.9261033025139177,0.904206405299618
ESOL,37,22,0.16510859224945307,0.26865509152412415,,,0.19409874081611633,,,1.0738627450745715,0.9127726787590595
ESOL,37,23,0.15549220889806747,0.16982965171337128,,,0.15410259366035461,,,0.8538036776936384,0.8133102558397877
ESOL,37,24,0.20146629866212606,0.17015902698040009,,,0.18448446691036224,,,0.8546312665833724,0.8898794835177695
ESOL,37,25,0.14565864577889442,0.16445595026016235,,,0.1763094663619995,,,0.8401872509058786,0.8699395783040048
ESOL,37,26,0.23378396313637495,0.1622772216796875,,,0.17189204692840576,,,0.8346032519795704,0.8589723857686532
ESOL,37,27,0.1985219605267048,0.23011161386966705,,,0.27941086888313293,,,0.9938493762920226,1.0951483370842992
ESOL,37,28,0.21978295594453812,0.2912053167819977,,,0.27384865283966064,,,1.1180234329210945,1.0841929741926464
ESOL,37,29,0.20262900833040476,0.18970142304897308,,,0.20696420967578888,,,0.9023739698229509,0.9425381072964117
ESOL,37,30,0.1708189006894827,0.263395756483078,,,0.23175570368766785,,,1.0632996635328134,0.9973934893999703
ESOL,37,31,0.1572047844529152,0.2300862967967987,,,0.23026134073734283,,,0.9937946489488295,0.9941726409613225
ESOL,37,32,0.14849386550486088,0.19815239310264587,,,0.18775808811187744,,,0.9222548397327066,0.897740068498118
ESOL,37,33,0.16962761990725994,0.22376365959644318,,,0.20197725296020508,,,0.9800450902900424,0.9311132637868754
ESOL,37,34,0.18319513741880655,0.16466540098190308,,,0.1529560387134552,,,0.84072212594089,0.8102790481953526
ESOL,37,35,0.13513770140707493,0.20451535284519196,,,0.18353936076164246,,,0.9369452742673359,0.8875972412457599
ESOL,37,36,0.21744944620877504,0.1891050487756729,,,0.15149658918380737,,,0.90095442788757,0.8064040606076699
ESOL,37,37,0.32968648336827755,0.251058965921402,,,0.20522023737430573,,,1.0380998899396026,0.9385584895707549
ESOL,37,38,0.14418421778827906,0.23884381353855133,,,0.2392098754644394,,,1.0125309103497815,1.0133064802171339
ESOL,37,39,0.17129089776426554,0.33054056763648987,,,0.30889859795570374,,,1.1911423687981095,1.151487594921958
ESOL,37,40,0.16594319604337215,0.2984008491039276,,,0.24688325822353363,,,1.1317520966305028,1.029430691961784
ESOL,37,41,0.12486890610307455,0.17882342636585236,,,0.18602661788463593,,,0.8761197146477936,0.8935911410874451
ESOL,37,42,0.10755561012774706,0.16561467945575714,,,0.17521549761295319,,,0.8431419371422941,0.8672364710821697
ESOL,37,43,0.20111947041004896,0.18929435312747955,,,0.17397479712963104,,,0.9014053419309933,0.8641606335504459
ESOL,37,44,0.13332214672118425,0.18833516538143158,,,0.1745840311050415,,,0.8991186130953921,0.8656723257410358
ESOL,37,45,0.11677023395895958,0.19501958787441254,,,0.17254574596881866,,,0.9149353554825139,0.8606040835141608
ESOL,37,46,0.08690503146499395,0.16346247494220734,,,0.16011197865009308,,,0.8376456304872142,0.8290165834045133
FreeSolv,7,1,0.7902528941631317,0.9501703977584839,,,1.3183358907699585,,,3.692045868858336,4.3488995881215144
FreeSolv,7,2,0.6643288731575012,0.8073958158493042,,,1.2127400636672974,,,3.403373413547361,4.171096100407302
FreeSolv,7,3,0.5493933498859406,0.6878768801689148,,,1.0531120300292969,,,3.1413890611414996,3.8869024032065975
FreeSolv,7,4,0.6989960432052612,0.4523088037967682,,,0.8006420135498047,,,2.547322146240977,3.389108767090318
FreeSolv,7,5,0.425365149974823,0.3419680595397949,,,0.6241809129714966,,,2.214925559280559,2.992413464970527
FreeSolv,7,6,0.2915753398090601,0.31773459911346436,,,0.5281277298927307,,,2.1350037214260142,2.7525541408664207
FreeSolv,7,7,0.20479173501953482,0.5220918655395508,,,0.4774792194366455,,,2.7367795997887416,2.6172404269659992
FreeSolv,7,8,0.4034082591533661,0.9011369943618774,,,0.4970702528953552,,,3.5955203795732764,2.6703935051735623
FreeSolv,7,9,0.2784811943769455,0.955524742603302,,,0.4977094829082489,,,3.702434105141843,2.672109850104481
FreeSolv,7,10,0.12094538509845734,0.5426158308982849,,,0.293865829706192,,,2.7900539313678876,2.0532455896645803
FreeSolv,7,11,0.18811992406845093,0.46514493227005005,,,0.24867375195026398,,,2.583214654554973,1.8887798668994908
FreeSolv,7,12,3.093341740965843,0.36858728528022766,,,0.27929985523223877,,,2.2995164694663894,2.0017124236014867
FreeSolv,7,13,1.0493255347013473,0.8847522139549255,,,0.3841930031776428,,,3.5626829669212117,2.3476917943310687
FreeSolv,7,14,0.1968855693936348,0.43650832772254944,,,0.2709575891494751,,,2.5024339271991893,1.9715918964946175
FreeSolv,7,15,0.12688363939523697,0.29182982444763184,,,0.2447865903377533,,,2.0461203079277035,1.8739593160929566
FreeSolv,7,16,0.14029196053743362,0.28243768215179443,,,0.24954593181610107,,,2.0129253435536807,1.8920892767136248
FreeSolv,7,17,0.10172445774078369,0.2367342710494995,,,0.2203022837638855,,,1.8428793322324595,1.7777711459208345
FreeSolv,7,18,0.2616804078221321,0.2505655288696289,,,0.23119160532951355,,,1.8959505093871545,1.8211778540318997
FreeSolv,7,19,0.3645228333771229,0.3838091492652893,,,0.19886568188667297,,,2.346518953543913,1.689064713299313
FreeSolv,7,20,0.08208799399435521,0.32561546564102173,,,0.23982112109661102,,,2.161319026517651,1.8548554059249573
FreeSolv,7,21,0.08331204056739808,0.18459324538707733,,,0.2113943248987198,,,1.627324862102717,1.7414581414317039
FreeSolv,7,22,0.34696282595396044,0.35821622610092163,,,0.32285887002944946,,,2.2669343519158196,2.1521509987704834
FreeSolv,7,23,0.08662498444318771,0.31170958280563354,,,0.22597400844097137,,,2.114664411321514,1.8005102785341993
FreeSolv,7,24,0.11705104932188988,0.5310572981834412,,,0.2754429280757904,,,2.7601776787330685,1.9878433434801606
FreeSolv,7,25,0.3214253023266792,0.31463396549224854,,,0.20130296051502228,,,2.1245608156423277,1.6993836070800645
FreeSolv,7,26,0.08372197151184083,0.18570703268051147,,,0.1766589879989624,,,1.6322270123941136,1.5919676145010353
FreeSolv,7,27,0.19007998183369637,0.26089030504226685,,,0.2776128053665161,,,1.9346186224091722,1.995657796712703
FreeSolv,7,28,0.7242817118763923,0.19607770442962646,,,0.2243315726518631,,,1.6771829784795074,1.7939550807564415
FreeSolv,7,29,0.31301141530275345,0.39805465936660767,,,0.4825286269187927,,,2.3896687907796896,2.631042700641028
FreeSolv,7,30,0.15621333867311477,0.29802873730659485,,,0.2614430785179138,,,2.067737748892098,1.936666863266918
FreeSolv,7,31,0.176369808614254,0.3597875237464905,,,0.1959281861782074,,,2.2719010342414143,1.676543447025395
FreeSolv,7,32,0.16595995500683786,0.5403669476509094,,,0.23884689807891846,,,2.784266175820369,1.851084136332572
FreeSolv,7,33,0.116866073012352,0.451339453458786,,,0.22721309959888458,,,2.544591148826282,1.8054399779407049
FreeSolv,7,34,0.08470797687768936,0.24228133261203766,,,0.18001225590705872,,,1.8643452227698916,1.60700562511853
FreeSolv,7,35,2.3533533297479154,0.14697398245334625,,,0.2345593422651291,,,1.4520666718952357,1.8343944152116503
FreeSolv,7,36,0.061280946061015126,0.26323890686035156,,,0.16244061291217804,,,1.9433069269971892,1.526559301429607
FreeSolv,7,37,0.36782680451869965,0.3300992250442505,,,0.17513535916805267,,,2.176149073522228,1.5850877411440807
FreeSolv,7,38,0.13317754715681077,0.2951072156429291,,,0.1580411195755005,,,2.057577790913778,1.5057449792141393
FreeSolv,7,39,0.2551782578229904,0.16894109547138214,,,0.1475844532251358,,,1.5568042702613358,1.4550794358215573
FreeSolv,7,40,0.6147805884480476,0.15621903538703918,,,0.18623018264770508,,,1.4970397348883138,1.6345242375641955
FreeSolv,7,41,0.3124700918793678,0.2901018261909485,,,0.39164990186691284,,,2.040053554280744,2.3703657412097465
FreeSolv,7,42,0.6051418021321296,0.30021345615386963,,,0.3197662830352783,,,2.075302501827282,2.141818639605356
FreeSolv,7,43,0.2999178171157837,0.2999035120010376,,,0.1724783033132553,,,2.074230934006706,1.573017731844904
FreeSolv,7,44,0.07050349535420537,0.3688383102416992,,,0.2133149653673172,,,2.300299550328225,1.749351176828488
FreeSolv,7,45,0.0890376828610897,0.3543076515197754,,,0.18800164759159088,,,2.2545330161229784,1.6422799618839554
FreeSolv,7,46,0.1138556256890297,0.291886568069458,,,0.17509479820728302,,,2.04631931828353,1.584904150847507
FreeSolv,7,47,0.09402686208486558,0.37379080057144165,,,0.19388441741466522,,,2.3156913181543306,1.667776413845753
FreeSolv,7,48,0.07607953250408173,0.3047243356704712,,,0.16935734450817108,,,2.0908358206746205,1.5587208631495022
FreeSolv,7,49,0.2687154486775398,0.23533101379871368,,,0.1534966677427292,,,1.8374094155748508,1.483938293464531
FreeSolv,7,50,0.12474547699093819,0.1926289051771164,,,0.15136143565177917,,,1.6623676247347443,1.4735808770979884
FreeSolv,7,51,0.14487671703100205,0.27627474069595337,,,0.1879795640707016,,,1.9908427767598158,1.64218349002599
FreeSolv,7,52,0.08417313545942307,0.2761732339859009,,,0.1615726202726364,,,1.990476943518061,1.5224751098051477
FreeSolv,7,53,0.07519324943423271,0.28485921025276184,,,0.14854741096496582,,,2.021535797202245,1.4598186921193619
FreeSolv,7,54,0.04435003267135471,0.3477451801300049,,,0.1780066192150116,,,2.23355642409624,1.598028237610169
FreeSolv,7,55,0.05116436496609822,0.3626868724822998,,,0.20264627039432526,,,2.2810364714720786,1.7050443560740025
FreeSolv,17,1,0.7819115243852138,0.9449102878570557,,,1.303007960319519,,,3.6818123612962603,4.323544498797376
FreeSolv,17,2,1.1342338800430298,0.8284928202629089,,,1.173376202583313,,,3.4475512507822157,4.102844154293329
FreeSolv,17,3,1.037107729911804,0.7123731374740601,,,1.0295318365097046,,,3.1968342857714087,3.8431404684949384
FreeSolv,17,4,0.3779914788901806,0.5886790156364441,,,0.9491673111915588,,,2.906067216929354,3.6900967005849545
FreeSolv,17,5,0.3649370074272156,0.46175312995910645,,,0.785612940788269,,,2.573779148197982,3.357149318352601
FreeSolv,17,6,0.47230890691280364,0.29984262585639954,,,0.539783239364624,,,2.0740204624722636,2.782762009314159
FreeSolv,17,7,0.2616270422935486,0.25816285610198975,,,0.3867633044719696,,,1.9244792010798126,2.355532011128365
FreeSolv,17,8,0.19131966046988963,0.2860531508922577,,,0.403117835521698,,,2.0257681013887665,2.4048189143411
FreeSolv,17,9,0.19067015945911409,0.21860571205615997,,,0.28969651460647583,,,1.770912422957142,2.0386279582175773
FreeSolv,17,10,0.22881768643856049,0.24783268570899963,,,0.2978326678276062,,,1.8855830026108922,2.0670573429297896
FreeSolv,17,11,0.4285098761320114,0.2541840374469757,,,0.24038207530975342,,,1.9095916849855858,1.857023467166754
FreeSolv,17,12,0.19942289143800734,0.24802419543266296,,,0.3645608723163605,,,1.8863113626923034,2.2869221442097145
FreeSolv,17,13,0.1255958722438663,0.1707858443260193,,,0.2940880358219147,,,1.5652808810570655,2.0540218072641774
FreeSolv,17,14,0.7413214802742004,0.27032873034477234,,,0.2720821797847748,,,1.9693026296864682,1.9756790418272163
FreeSolv,17,15,0.1499165751039982,0.21934475004673004,,,0.3008575439453125,,,1.7739034032315801,2.077527641544005
FreeSolv,17,16,0.1575586423277855,0.31178534030914307,,,0.3164044916629791,,,2.1149212296338966,2.1305301737140354
FreeSolv,17,17,0.13128822147846222,0.2777603566646576,,,0.21159183979034424,,,1.9961883462785668,1.7422713871077113
FreeSolv,17,18,1.943734772503376,0.24695315957069397,,,0.2106267362833023,,,1.8822341600537684,1.7382935255667329
FreeSolv,17,19,0.4382648155093193,0.7167288661003113,,,0.31525805592536926,,,3.206592599511694,2.1266669298887337
FreeSolv,17,20,0.38006146252155304,0.3572102189064026,,,0.19973179697990417,,,2.263749286687308,1.692738842811486
FreeSolv,17,21,0.4760578081011772,0.43429332971572876,,,0.2906029522418976,,,2.4960767479736883,2.0418148246517664
FreeSolv,17,22,0.1478355586528778,0.2659847140312195,,,0.2743246257305145,,,1.9534160549736288,1.9838039748042695
FreeSolv,17,23,0.15294268131256103,0.22148771584033966,,,0.2976020872592926,,,1.7825477289815868,2.06625706038564
FreeSolv,17,24,0.11327359229326248,0.2218482941389084,,,0.2677856385707855,,,1.7839981429385454,1.9600177446846647
FreeSolv,17,25,0.16566832959651948,0.31659507751464844,,,0.24501943588256836,,,2.1311716328193597,1.874850394320404
FreeSolv,17,26,0.3249401465058327,0.31247463822364807,,,0.18961676955223083,,,2.1172576554840488,1.6493193089318854
FreeSolv,17,27,0.21222964227199553,0.40008434653282166,,,0.24007628858089447,,,2.395753433443221,1.8558419263915134
FreeSolv,17,28,0.37692748159170153,0.23436030745506287,,,0.20558573305606842,,,1.8336159170441866,1.717366025494053
FreeSolv,17,29,0.334098581969738,0.13216230273246765,,,0.22969286143779755,,,1.3769562849725487,1.8152653874768383
FreeSolv,17,30,0.14957098960876464,0.16027629375457764,,,0.21858160197734833,,,1.516355436830783,1.7708149478930306
FreeSolv,17,31,0.27770531326532366,0.192999929189682,,,0.20050369203090668,,,1.6639679358034025,1.6960065273663132
FreeSolv,17,32,1.1670574694871902,0.2764068841934204,,,0.3306718170642853,,,1.9913186965079226,2.178035424468964
FreeSolv,17,33,0.25465993732213976,0.4434124231338501,,,0.20621329545974731,,,2.522146550227642,1.7199851019901642
FreeSolv,17,34,0.267487895488739,0.46367692947387695,,,0.2739768624305725,,,2.5791351189067955,1.982546046084267
FreeSolv,17,35,0.25107698887586594,0.23627683520317078,,,0.17758245766162872,,,1.8410981067333005,1.5961232186844576
FreeSolv,17,36,0.12032831311225892,0.213880255818367,,,0.17924009263515472,,,1.751667590566017,1.6035553977206276
FreeSolv,17,37,0.10021400898694992,0.2220999151468277,,,0.19301731884479523,,,1.785009532550394,1.6640427995688685
FreeSolv,17,38,0.22336636260151863,0.3385249674320221,,,0.21842628717422485,,,2.2037467349802324,1.7701856064329904
FreeSolv,17,39,0.07146834209561348,0.3138832449913025,,,0.24107438325881958,,,2.1220246971483667,1.8596955992686242
FreeSolv,17,40,0.07635305565781891,0.364163339138031,,,0.24030017852783203,,,2.285674937795103,1.8567071576500154
FreeSolv,17,41,0.5162691056728363,0.2270379364490509,,,0.21139907836914062,,,1.8047437782925433,1.7414777190858308
FreeSolv,17,42,0.5192996889352799,0.3449409604072571,,,0.3173061013221741,,,2.224532423287712,2.1335634579318743
FreeSolv,17,43,0.38325472325086596,0.3019993007183075,,,0.22596606612205505,,,2.081465939611713,1.8004786967484698
FreeSolv,17,44,0.18585830479860305,0.48202696442604065,,,0.25378233194351196,,,2.6296747453258993,1.908082050398637
FreeSolv,17,45,0.20346137285232543,0.763896107673645,,,0.3843354880809784,,,3.310423145964043,2.348127016417445
FreeSolv,17,46,0.13801048696041107,0.41351979970932007,,,0.25141069293022156,,,2.4356478966118096,1.8991454260546239
FreeSolv,17,47,0.11483350694179535,0.22294430434703827,,,0.20237453281879425,,,1.7883995193695807,1.703900711771182
FreeSolv,17,48,0.06484892107546329,0.16260626912117004,,,0.21954166889190674,,,1.5273374279310892,1.77469956447815
FreeSolv,17,49,0.3037585109472275,0.21795353293418884,,,0.24595914781093597,,,1.7682688675376355,1.8784422113070427
FreeSolv,37,1,0.7730272038839757,0.9103667140007019,,,1.2866206169128418,,,3.613886931921621,4.296270598472337
FreeSolv,37,2,0.6575879365205765,0.828825831413269,,,1.1793677806854248,,,3.4482439851931734,4.113305594434725
FreeSolv,37,3,0.654096645116806,0.7040163278579712,,,1.0345302820205688,,,3.1780281704805833,3.85245873351773
FreeSolv,37,4,0.3572128087282181,0.5034700632095337,,,0.7815490961074829,,,2.6875290092854316,3.3484552380282913
FreeSolv,37,5,0.23872866705060006,0.35694628953933716,,,0.548704206943512,,,2.2629127842460046,2.805662872813444
FreeSolv,37,6,0.1786278545856476,0.3259534239768982,,,0.409268856048584,,,2.1624402738051884,2.4230964779792528
FreeSolv,37,7,0.11956464117392898,0.35328829288482666,,,0.4769522547721863,,,2.2512877276117145,2.6157958017091114
FreeSolv,37,8,0.3752077713608742,0.26735353469848633,,,0.2886125445365906,,,1.9584358337307604,2.034810628116868
FreeSolv,37,9,0.11770118176937103,0.2545793056488037,,,0.2881630063056946,,,1.9110758621392925,2.0332251702395157
FreeSolv,37,10,0.5832089364528656,0.3060632348060608,,,0.23759330809116364,,,2.095424039803327,1.846220268986399
FreeSolv,37,11,0.15851371064782144,0.2662968635559082,,,0.27431240677833557,,,1.9545618494084145,1.9837599274183197
FreeSolv,37,12,0.18690210878849028,0.3301997780799866,,,0.2469421625137329,,,2.1764803573104117,1.8821923591947525
FreeSolv,37,13,2.7546445980668066,0.47948598861694336,,,0.20743365585803986,,,2.622734454559691,1.725067043383735
FreeSolv,37,14,0.3572005838155746,1.5144174098968506,,,1.0682554244995117,,,4.661107748760657,3.9147488112272137
FreeSolv,37,15,1.2656462848186494,1.2042510509490967,,,0.7204226851463318,,,4.156472106964819,3.214844936588481
FreeSolv,37,16,0.26578005254268644,0.30246448516845703,,,0.2526455521583557,,,2.0830684747818258,1.9038037096789109
FreeSolv,37,17,0.1766417220234871,0.38197067379951477,,,0.6013280749320984,,,2.3408918119164874,2.937122726562285
FreeSolv,37,18,1.254214921593666,0.3870288133621216,,,0.6322286128997803,,,2.356340187026451,3.0116425936281632
FreeSolv,37,19,0.17604809552431105,0.3720380663871765,,,0.3877033591270447,,,2.3102555595160155,2.3583927762613213
FreeSolv,37,20,0.09547448459779843,0.311958909034729,,,0.23429296910762787,,,2.115509945151156,1.8333525295408553
FreeSolv,37,21,0.3190311461687088,0.5391930341720581,,,0.2714076340198517,,,2.7812401417761117,1.9732285679680681
FreeSolv,37,22,0.2789314851164818,0.36399388313293457,,,0.20924080908298492,,,2.285142895260122,1.7325651331076142
FreeSolv,37,23,0.16525645256042482,0.20637498795986176,,,0.2162017822265625,,,1.720659478420972,1.7611485677172813
FreeSolv,37,24,0.4644029334187508,0.2793017029762268,,,0.3171972632408142,,,2.001719212706556,2.1331975680105817
FreeSolv,37,25,0.09737102389335632,0.24679574370384216,,,0.21501053869724274,,,1.8816342921325662,1.7562900307868319
FreeSolv,37,26,0.06531917601823807,0.2506084442138672,,,0.2081805169582367,,,1.8961129104658376,1.7281697245047856
FreeSolv,37,27,0.2184568852186203,0.2300456464290619,,,0.18993830680847168,,,1.816658904849395,1.6507170044095538
FreeSolv,37,28,0.3799951866269112,0.3906409442424774,,,0.24461396038532257,,,2.3673105742938705,1.8732985087831127
FreeSolv,37,29,0.16282743737101554,0.252036452293396,,,0.19797690212726593,,,1.9015074973509016,1.6852860232324183
FreeSolv,37,30,0.7864671692252159,0.18530401587486267,,,0.20891869068145752,,,1.6304549578095682,1.7312309704777926
FreeSolv,37,31,0.20931341797113417,0.3057079315185547,,,0.46131187677383423,,,2.094207485948243,2.5725491424700877
FreeSolv,37,32,0.11995610436424613,0.4926321804523468,,,0.6533626317977905,,,2.6584453710625824,3.061565178642881
FreeSolv,37,33,0.2762098670005798,0.2926204204559326,,,0.41032785177230835,,,2.048890148347719,2.426229389462787
FreeSolv,37,34,0.14492147564888,0.4337617754936218,,,0.4155549108982086,,,2.4945487672003765,2.4416339737544592
FreeSolv,37,35,0.09011077731847764,0.3190928101539612,,,0.25469690561294556,,,2.1395620783932827,1.911517136281698
FreeSolv,37,36,0.19366443976759912,0.6655642986297607,,,0.3452012240886688,,,3.090020291653767,2.225371460499804
FreeSolv,37,37,0.1797083795070648,0.4112527072429657,,,0.27341338992118835,,,2.4289620349817764,1.9805063699313115
FreeSolv,37,38,0.3791535720229149,0.3140265643596649,,,0.2647627592086792,,,2.1225091135572987,1.9489236428622332
FreeSolv,37,39,0.07167446389794349,0.25085195899009705,,,0.21595321595668793,,,1.897033926073755,1.7601358614848486
FreeSolv,37,40,0.06000186912715435,0.3050094246864319,,,0.20948480069637299,,,2.0918135157047013,1.7335748974882557
FreeSolv,37,41,0.07755661159753799,0.3376613259315491,,,0.20344749093055725,,,2.200933895430402,1.7084117344179286
FreeSolv,37,42,0.0520354145206511,0.2986598014831543,,,0.19712109863758087,,,2.069925754339755,1.6816394198919535
FreeSolv,37,43,0.0819651760160923,0.27244070172309875,,,0.21428225934505463,,,1.9769804139544287,1.753312857995425
FreeSolv,37,44,0.23613268807530402,0.23072630167007446,,,0.2174583375453949,,,1.8193443900140809,1.7662590036344958
FreeSolv,37,45,0.0670160248875618,0.19217081367969513,,,0.23254750669002533,,,1.6603898904987524,1.8265107681871768
FreeSolv,37,46,0.0881757028400898,0.2192678451538086,,,0.25460031628608704,,,1.773592501013031,1.9111545193101702
FreeSolv,37,47,0.1360371895134449,0.3149486780166626,,,0.23693090677261353,,,2.125623050678709,1.843644607893849
FreeSolv,37,48,0.5733739852905273,0.2961732745170593,,,0.2312045395374298,,,2.0612908489188686,1.8212289099692918
FreeSolv,37,49,0.14409384354948998,0.3558669686317444,,,0.24977537989616394,,,2.2594887605891105,1.8929589107948868
FreeSolv,37,50,0.07721241563558578,0.5507920384407043,,,0.29370781779289246,,,2.81099592893476,2.052693258612362
Lipophilicity,7,1,0.8614152824437177,1.342567652463913,,,0.8744099140167236,,,1.347296802296054,1.1701869759770607
Lipophilicity,7,2,0.6038016125007912,0.6264257729053497,,,0.5414152219891548,,,0.9504804350049876,0.9113684183002624
Lipophilicity,7,3,0.48518627219729954,0.4978279396891594,,,0.49566491693258286,,,0.8704280619029818,0.8628348322558068
Lipophilicity,7,4,0.4282807442877028,0.5236975029110909,,,0.4367976784706116,,,0.8782800096422663,0.8212104605529239
Lipophilicity,7,5,0.39011331288902845,0.4858222231268883,,,0.44800660014152527,,,0.8559923006963737,0.8191469540622096
Lipophilicity,7,6,0.3826431378170296,0.677148848772049,,,0.663300484418869,,,0.9860686914665828,0.9907051186398259
Lipophilicity,7,7,0.3213812201111405,0.4448169693350792,,,0.45274893939495087,,,0.8364261019250151,0.8179202483479813
Lipophilicity,7,8,0.32729615381470434,0.43282274156808853,,,0.43432585150003433,,,0.8192369221635004,0.8119754565245744
Lipophilicity,7,9,0.31806689004103345,0.6843934506177902,,,0.6000981107354164,,,1.017147624791454,0.9561787447841166
Lipophilicity,7,10,0.296883057113047,0.8397814780473709,,,0.8227893561124802,,,1.1180817019852118,1.0975150563938658
Lipophilicity,7,11,0.3127825480920297,0.4866131469607353,,,0.5087893903255463,,,0.8677321776876313,0.8606516978126604
Lipophilicity,7,12,0.2814095798465941,0.4762027636170387,,,0.47938140481710434,,,0.8505612007336936,0.8475280172505016
Lipophilicity,7,13,0.26406633688343895,0.5327447205781937,,,0.5165874361991882,,,0.9076826675728732,0.8701233526454567
Lipophilicity,7,14,0.26611142246811476,0.4252825453877449,,,0.4067951738834381,,,0.8126414616021623,0.7814979922561092
Lipophilicity,7,15,0.25427794566860906,0.616181954741478,,,0.5642610564827919,,,0.9497976539346682,0.927696917932162
Lipophilicity,7,16,0.2760412339810972,0.384586438536644,,,0.39291855692863464,,,0.7754700281339032,0.7583792228926977
Lipophilicity,7,17,0.23448013376306603,0.4319775924086571,,,0.4373527765274048,,,0.8126579277902867,0.8003939925011707
Lipophilicity,7,18,0.2240766468975279,0.39028163254261017,,,0.41193490475416183,,,0.7895231884987005,0.7788360303871134
Lipophilicity,7,19,0.2383936224160371,0.49892745167016983,,,0.59726881980896,,,0.8784883310870669,0.919802097046849
Lipophilicity,7,20,0.2197525241860637,0.40614475309848785,,,0.39904171973466873,,,0.7894299095549361,0.7733369627064459
Lipophilicity,7,21,0.21365181218694757,0.38255446404218674,,,0.4161737933754921,,,0.7769371004211758,0.7820216754704495
Lipophilicity,7,22,0.19707057155944682,0.4905807599425316,,,0.5500544309616089,,,0.8799841141892468,0.8907449206545469
Lipophilicity,7,23,0.20331673820813498,0.451293982565403,,,0.4312893971800804,,,0.8451712611976312,0.8131825807724754
Lipophilicity,7,24,0.1981320905464667,0.6913913562893867,,,0.6562165021896362,,,1.0423965313104986,0.9947053395839862
Lipophilicity,7,25,0.2200914588239458,0.386409193277359,,,0.4112573191523552,,,0.7753943916440708,0.7758784837283502
Lipophilicity,7,26,0.2032380661478749,0.4762692451477051,,,0.4659000188112259,,,0.8589028188336079,0.8275760774705035
Lipophilicity,7,27,0.20913273620384712,0.39874117821455,,,0.41857460141181946,,,0.7926251648940471,0.7906779003915966
Lipophilicity,7,28,0.20949029591348436,0.4324192777276039,,,0.436649389564991,,,0.8091465631325838,0.7963001197120225
Lipophilicity,7,29,0.20248839259147644,0.44355110824108124,,,0.4074297323822975,,,0.8344639419984577,0.7797400951802125
Lipophilicity,7,30,0.18572167169164727,0.40326767042279243,,,0.45700136572122574,,,0.8008774118138569,0.8133929920660024
Lipophilicity,7,31,0.21250421415876458,0.4080127477645874,,,0.4446554183959961,,,0.8047548284418378,0.8064467448810579
Lipophilicity,7,32,0.18776882219093818,0.40759187936782837,,,0.4846283197402954,,,0.7858281084077772,0.8334343769485553
Lipophilicity,7,33,0.1935107575522529,0.46157916635274887,,,0.4682798311114311,,,0.8401374126051454,0.8177724112574167
Lipophilicity,7,34,0.16875426250475425,0.3963618651032448,,,0.39317845553159714,,,0.785488039580065,0.7533857297891194
Lipophilicity,7,35,0.19675142676741988,0.4074298143386841,,,0.40896856039762497,,,0.7991686703680362,0.76857849627095
Lipophilicity,7,36,0.18038221807391555,0.4160129353404045,,,0.3848542124032974,,,0.8057367835314659,0.7675793674449232
Lipophilicity,7,37,0.18552047345373365,0.3822522722184658,,,0.3738219141960144,,,0.7826918457612437,0.7491541702393762
Lipophilicity,7,38,0.17069594506864194,0.3738887943327427,,,0.4074838235974312,,,0.770598973053605,0.771316780525424
Lipophilicity,7,39,0.16037868018503543,0.47481561452150345,,,0.43891891092061996,,,0.8464895560718193,0.8143142106034367
Lipophilicity,7,40,0.1547508830273593,0.38285015895962715,,,0.417696550488472,,,0.7809191193846567,0.7789019202874389
Lipophilicity,7,41,0.16411827256282172,0.4019482657313347,,,0.37757527083158493,,,0.7997226323664832,0.7528198399548168
Lipophilicity,7,42,0.15421261169292308,0.3678046055138111,,,0.37105968594551086,,,0.7640363989118267,0.7403469754939757
Lipophilicity,7,43,0.14925572938389248,0.4146909788250923,,,0.40190839767456055,,,0.8037429376769478,0.7659037335663545
Lipophilicity,7,44,0.14262722653371315,0.36447078734636307,,,0.3729592114686966,,,0.7652260266287253,0.7363528543463205
Lipophilicity,7,45,0.1763493357985108,0.3996887467801571,,,0.3445153832435608,,,0.7998542444248976,0.7278195243814229
Lipophilicity,7,46,0.14998491881070314,0.4438921809196472,,,0.4861009865999222,,,0.823921873312392,0.836145214763175
Lipophilicity,7,47,0.14753151188294092,0.4270984157919884,,,0.5180997103452682,,,0.8269405171222035,0.8699921626253193
Lipophilicity,7,48,0.13800418432112094,0.44291412830352783,,,0.40808742493391037,,,0.8445402259596683,0.7904002869202019
Lipophilicity,7,49,0.13632199002636802,0.3727498985826969,,,0.365927129983902,,,0.768359303631995,0.7377516446510528
Lipophilicity,7,50,0.15192599208266647,0.35560473427176476,,,0.36936482042074203,,,0.7593706766641253,0.739712291990215
Lipophilicity,7,51,0.1453031720938506,0.3904929533600807,,,0.37709084898233414,,,0.7809818570597645,0.7483651701633807
Lipophilicity,7,52,0.16062378690198617,0.3902057260274887,,,0.44976942241191864,,,0.7754061142457771,0.8012458755934521
Lipophilicity,7,53,0.12934145248598522,0.38300369307398796,,,0.3776591271162033,,,0.7819264344542365,0.7512820333166781
Lipophilicity,7,54,0.1312282590402497,0.43678490072488785,,,0.43412788212299347,,,0.8262653703745991,0.8041876564514905
Lipophilicity,7,55,0.12337841038350705,0.39493726938962936,,,0.3402361124753952,,,0.7856741188978781,0.7182632539630305
Lipophilicity,7,56,0.13884625363129158,0.3879134953022003,,,0.3617187514901161,,,0.7872708819888504,0.7404715527950126
Lipophilicity,7,57,0.13065712650616965,0.3890841566026211,,,0.3768480494618416,,,0.7876148730463804,0.7471848343977532
Lipophilicity,7,58,0.12398732370800442,0.37548062950372696,,,0.34386397153139114,,,0.7747281412941287,0.7174757567240976
Lipophilicity,7,59,0.1396781443445771,0.3934393711388111,,,0.36012981832027435,,,0.7900231056818142,0.7370239127406298
Lipophilicity,7,60,0.1378619717778983,0.3524675965309143,,,0.40493180602788925,,,0.7510392221172052,0.7718921211598673
Lipophilicity,7,61,0.1538458091241342,0.51041629165411,,,0.4672412872314453,,,0.8805779051794048,0.8363913614169026
Lipophilicity,7,62,0.13020913716819552,0.37622662261128426,,,0.35440288484096527,,,0.7722838303654038,0.7269602271485879
Lipophilicity,7,63,0.12614850561927865,0.38495565205812454,,,0.3695170730352402,,,0.7765561815461481,0.7351853789539154
Lipophilicity,7,64,0.13964885280088143,0.4410030096769333,,,0.40000560879707336,,,0.8367128786937116,0.7877662889666307
Lipophilicity,7,65,0.13507131735483804,0.3524724543094635,,,0.3565203621983528,,,0.7505459784999435,0.723733830576058
Lipophilicity,7,66,0.12551295012235641,0.45222096145153046,,,0.4219737574458122,,,0.8244804942991292,0.7881063579196863
Lipophilicity,7,67,0.13432123042919017,0.38797490671277046,,,0.3928750082850456,,,0.7851795553667674,0.755883071094267
Lipophilicity,7,68,0.12466201489722287,0.34844178333878517,,,0.3462672308087349,,,0.7486031558011816,0.7225958309175791
Lipophilicity,7,69,0.11637369488124494,0.3988930247724056,,,0.36899830400943756,,,0.7959517946670805,0.7424204009189079
Lipophilicity,7,70,0.1335015622554002,0.35481975600123405,,,0.3547051325440407,,,0.7506226498124734,0.7182094365637972
Lipophilicity,7,71,0.1210950055608043,0.3592718467116356,,,0.35933253914117813,,,0.7474694874765153,0.7303338155708595
Lipophilicity,7,72,0.12609468317694134,0.366605281829834,,,0.40440966933965683,,,0.7585625623426547,0.7650464655284488
Lipophilicity,7,73,0.11923504427627281,0.35948653891682625,,,0.40033966302871704,,,0.7512126496942992,0.7632079605635052
Lipophilicity,7,74,0.11255430043847472,0.34085788205266,,,0.3162755146622658,,,0.7411299951558404,0.7013617128409757
Lipophilicity,7,75,0.10740015269429595,0.4924949184060097,,,0.4611366093158722,,,0.8902142899487523,0.826053872485297
Lipophilicity,7,76,0.11421487783944165,0.43684758991003036,,,0.3895399868488312,,,0.8210705841890702,0.7688087518462805
Lipophilicity,7,77,0.11451483600669438,0.34248236566782,,,0.3235715478658676,,,0.7365261793022339,0.6941080913315004
Lipophilicity,7,78,0.1119918519700015,0.358753751963377,,,0.3443628400564194,,,0.7515366230592195,0.7139523894974698
Lipophilicity,7,79,0.10602958997090657,0.4035547450184822,,,0.37769871205091476,,,0.7903852046348208,0.7545213315007312
Lipophilicity,7,80,0.10560188056142242,0.3753925636410713,,,0.35032495856285095,,,0.7709529156761421,0.7286344129654928
Lipophilicity,7,81,0.11607399610457597,0.4806017130613327,,,0.44539595395326614,,,0.8711419883338168,0.8202512082408132
Lipophilicity,7,82,0.12566613240374458,0.360468078404665,,,0.3365035131573677,,,0.7591505527426238,0.7146490697031699
Lipophilicity,7,83,0.10815083097528529,0.34376392513513565,,,0.3269495256245136,,,0.7449585031946989,0.7111124515106894
Lipophilicity,7,84,0.10617591164730213,0.4251628406345844,,,0.3848811313509941,,,0.8237568433300788,0.7648743823018255
Lipophilicity,7,85,0.09974976215097639,0.38212455436587334,,,0.37581767141819,,,0.7759500786587145,0.7462625362550925
Lipophilicity,7,86,0.09973399230727444,0.3923334516584873,,,0.37580807507038116,,,0.7904233622598336,0.7530082137228531
Lipophilicity,7,87,0.10276711814933354,0.34642014279961586,,,0.34358300268650055,,,0.747591642101486,0.7183198885828508
Lipophilicity,7,88,0.1174165220172317,0.46850086003541946,,,0.401095949113369,,,0.8685972079383022,0.7884544068956904
Lipophilicity,7,89,0.12678081459469265,0.3572564162313938,,,0.38016702234745026,,,0.7549030651617994,0.7569237836493168
Lipophilicity,7,90,0.12683492015909265,0.3990200087428093,,,0.383598692715168,,,0.7820047547447067,0.7552842902209508
Lipophilicity,7,91,0.11488552143176396,0.3722132220864296,,,0.38216468691825867,,,0.7635589672243267,0.7482106002238224
Lipophilicity,7,92,0.12254924658272001,0.33760522305965424,,,0.3510759696364403,,,0.7360677081533842,0.7212647108300004
Lipophilicity,7,93,0.09615038832028706,0.3663160353899002,,,0.3236071839928627,,,0.7627735757175637,0.7028527686497186
Lipophilicity,7,94,0.09712201991566906,0.4050826206803322,,,0.40082916617393494,,,0.797962755278207,0.7716462170779751
Lipophilicity,7,95,0.0945962032786122,0.33989066630601883,,,0.3550061210989952,,,0.7342501595081005,0.7219568115378024
Lipophilicity,7,96,0.09764840564242115,0.3503776974976063,,,0.36846769601106644,,,0.7427555520419294,0.7409149503715537
Lipophilicity,7,97,0.09378308361327206,0.3607056811451912,,,0.3725937455892563,,,0.7500602380085746,0.7446723700173771
Lipophilicity,7,98,0.09829554389472361,0.33667293936014175,,,0.35314981639385223,,,0.7243456090538486,0.7186861424481802
Lipophilicity,7,99,0.09316780418157578,0.3421233259141445,,,0.37042146176099777,,,0.7359855927710617,0.7411962213676221
Lipophilicity,7,100,0.08597784654961692,0.3313869535923004,,,0.3496857136487961,,,0.7272274706994105,0.7201557096353906
Lipophilicity,17,1,0.9068259420218291,1.056768536567688,,,0.7362459152936935,,,1.1978569624023536,1.070219885167402
Lipophilicity,17,2,0.6479491701832524,0.8181793540716171,,,0.7691191136837006,,,1.0860577523592636,1.0744088854281004
Lipophilicity,17,3,0.5400064223342471,0.9287913590669632,,,1.0411407947540283,,,1.200225655875964,1.2315493244046165
Lipophilicity,17,4,0.43207045396169025,0.5850243419408798,,,0.517625629901886,,,0.9286988394959093,0.8723419552387768
Lipophilicity,17,5,0.39733015056009646,0.9030547589063644,,,0.941639706492424,,,1.1844088325600157,1.1707334426044673
Lipophilicity,17,6,0.36390768157111275,0.7050581574440002,,,0.6612798124551773,,,1.0234670270780843,0.996426934261901
Lipophilicity,17,7,0.34493638078371686,0.47393933683633804,,,0.44702330976724625,,,0.8355182059614147,0.8213009646320983
Lipophilicity,17,8,0.35312160739192255,0.5961490646004677,,,0.527545839548111,,,0.9526846759716497,0.8838160726729821
Lipophilicity,17,9,0.32629322233023467,0.5388404279947281,,,0.5369251221418381,,,0.8945783577721266,0.889657817167212
Lipophilicity,17,10,0.300444898781953,0.4919567108154297,,,0.48953547328710556,,,0.8645572122205185,0.8463247362546319
Lipophilicity,17,11,0.278092528934832,0.45042213797569275,,,0.4498192369937897,,,0.8250871756763131,0.8030290642819302
Lipophilicity,17,12,0.2675057335032357,0.4866396635770798,,,0.42897333204746246,,,0.8594452569159451,0.8039534841290568
Lipophilicity,17,13,0.26616320069189425,0.44957882910966873,,,0.43615005165338516,,,0.8415254655431185,0.8001525644024927
Lipophilicity,17,14,0.24344923595587412,0.5223925858736038,,,0.4371141120791435,,,0.8970250844818312,0.8229529256115896
Lipophilicity,17,15,0.28458572924137115,0.4196869507431984,,,0.3952472507953644,,,0.7994311977910785,0.7702478857584026
Lipophilicity,17,16,0.28725450458350005,0.5342719182372093,,,0.5648698508739471,,,0.9077615956727003,0.9009847604646138
Lipophilicity,17,17,0.24217409999282272,0.4998512491583824,,,0.4760207384824753,,,0.8802179339786298,0.8421811246896046
Lipophilicity,17,18,0.22951401163030555,0.4036034792661667,,,0.41610944271087646,,,0.7896274394966427,0.7913358063898862
Lipophilicity,17,19,0.23492727621837897,0.4367435947060585,,,0.4494727849960327,,,0.8246309596516106,0.8098190164883108
Lipophilicity,17,20,0.22590973200621428,0.5051560178399086,,,0.4926380142569542,,,0.8746934762568606,0.8526320434064635
Lipophilicity,17,21,0.22530888352129194,0.3972536399960518,,,0.3853604421019554,,,0.7773744203277355,0.74856465798486
Lipophilicity,17,22,0.2247318023884738,0.5358469039201736,,,0.5173439159989357,,,0.8975421590652438,0.8622048688509949
Lipophilicity,17,23,0.2330392113438359,0.376435287296772,,,0.35940610617399216,,,0.7683613593381811,0.736795777777214
Lipophilicity,17,24,0.2075871819699252,0.4130882993340492,,,0.4119349345564842,,,0.8003224244669805,0.7776707100592105
Lipophilicity,17,25,0.2057643571385631,0.4061400145292282,,,0.4032740592956543,,,0.7998150090074426,0.7787310235786763
Lipophilicity,17,26,0.20196210399821954,0.4377209097146988,,,0.4106466695666313,,,0.8270651675198366,0.7819619177572532
Lipophilicity,17,27,0.19550880348240887,0.41964174062013626,,,0.40094560384750366,,,0.8022382553562789,0.7841296340340852
Lipophilicity,17,28,0.20444040717902007,0.5181617736816406,,,0.5015828460454941,,,0.8883400769243147,0.8644944378909437
Lipophilicity,17,29,0.1929487125189216,0.4589441567659378,,,0.40377236902713776,,,0.837069021899817,0.7868800053880427
Lipophilicity,17,30,0.18396821562890653,0.36818593367934227,,,0.35278796404600143,,,0.7630468674385646,0.719111973379792
Lipophilicity,17,31,0.184914642462024,0.4393020123243332,,,0.44614533334970474,,,0.8243549830947079,0.8076199182097502
Lipophilicity,17,32,0.18951350284947288,0.4584055617451668,,,0.414397157728672,,,0.8442279733411348,0.7883621733822488
Lipophilicity,17,33,0.18994774531435082,0.5572796165943146,,,0.5452899932861328,,,0.9054935850172127,0.8946097060534323
Lipophilicity,17,34,0.18971497427534173,0.44101516902446747,,,0.3835208788514137,,,0.8151142172554323,0.768404915744362
Lipophilicity,17,35,0.1777058011955685,0.44027598202228546,,,0.40354615449905396,,,0.8174349131324121,0.7777294563049784
Lipophilicity,17,36,0.16884148176069613,0.4015314131975174,,,0.3705947548151016,,,0.7922963641302693,0.7490405462467101
Lipophilicity,17,37,0.17213314688867992,0.39406391978263855,,,0.37924233824014664,,,0.774693557697108,0.7562759789032187
Lipophilicity,17,38,0.17675574344617348,0.4190246909856796,,,0.3906775340437889,,,0.8048512190403901,0.7708089455191871
Lipophilicity,17,39,0.17354978648600755,0.3797222971916199,,,0.40251951664686203,,,0.7639850647425168,0.7630252295531261
Lipophilicity,17,40,0.1739839094656485,0.3927552402019501,,,0.36929579824209213,,,0.7778774710371837,0.7370335364533721
Lipophilicity,17,41,0.15889098909166124,0.3810438960790634,,,0.38014068454504013,,,0.7707007182374198,0.7572383475302858
Lipophilicity,17,42,0.1546875478492843,0.3942844495177269,,,0.3667595759034157,,,0.7863887772948749,0.7419078099130877
Lipophilicity,17,43,0.16859992952258498,0.39028266072273254,,,0.35820118337869644,,,0.7804767978623678,0.7406930433475807
Lipophilicity,17,44,0.16000694588378625,0.4383324980735779,,,0.4753142520785332,,,0.830292438441315,0.8266672944122926
Lipophilicity,17,45,0.17208344434146527,0.35531412810087204,,,0.355896532535553,,,0.7393013098554593,0.726777116805668
Lipophilicity,17,46,0.14766298317246968,0.36898452788591385,,,0.3373583294451237,,,0.7584600533117318,0.7235400182864672
Lipophilicity,17,47,0.1442713605033027,0.368934728205204,,,0.40392622351646423,,,0.7579785587806138,0.7735739693513766
Lipophilicity,17,48,0.14580136040846506,0.4120350554585457,,,0.362185075879097,,,0.7908484011367966,0.7431732457880581
Lipophilicity,17,49,0.1556159726999424,0.3724109083414078,,,0.3763326033949852,,,0.7649656687618784,0.7449029336970644
Lipophilicity,17,50,0.15905338608556324,0.36601531505584717,,,0.3423119857907295,,,0.7456060283386489,0.7209907516039773
Lipophilicity,17,51,0.14223113490475547,0.3639455661177635,,,0.35927289724349976,,,0.743989303301754,0.7387317312470002
Lipophilicity,17,52,0.13694782223966387,0.34146687760949135,,,0.3423171639442444,,,0.733532605045263,0.7171715944475323
Lipophilicity,17,53,0.13632637207154874,0.43834175169467926,,,0.46511979401111603,,,0.8157700975931118,0.8209589636138318
Lipophilicity,17,54,0.14924911106074298,0.36616362631320953,,,0.34077735990285873,,,0.7578600052563393,0.7237185943457078
Lipophilicity,17,55,0.14923656704249205,0.3624866008758545,,,0.41405482590198517,,,0.752080852014846,0.7744879861691641
Lipophilicity,17,56,0.1312656855141675,0.3917025104165077,,,0.38144518435001373,,,0.7796508444079928,0.77135255870527
Lipophilicity,17,57,0.1346647184756067,0.35602640360593796,,,0.3247176855802536,,,0.7460959868871899,0.7044451083111802
Lipophilicity,17,58,0.16263451785952956,0.41450705379247665,,,0.3910028859972954,,,0.8036319883929472,0.7741087880653729
Lipophilicity,17,59,0.16286753090443434,0.4097525477409363,,,0.37664833664894104,,,0.7881007234493324,0.7586826559154575
Lipophilicity,17,60,0.14120120693136146,0.3640851601958275,,,0.3466396927833557,,,0.7481605702343946,0.7262425692468678
Lipophilicity,17,61,0.11723038995707477,0.35463566705584526,,,0.39083877205848694,,,0.745283955601235,0.7622849536387136
Lipophilicity,17,62,0.13197366175828157,0.42206626385450363,,,0.4501766711473465,,,0.7958193125330215,0.8112846968979363
Lipophilicity,17,63,0.12775085673288064,0.4011889770627022,,,0.36795929819345474,,,0.7909047366937226,0.7527141336709745
Lipophilicity,17,64,0.14106979662621463,0.37291406095027924,,,0.3786129131913185,,,0.7637367708774255,0.7508461867561353
Lipophilicity,17,65,0.14634387526247236,0.4420732259750366,,,0.4476182088255882,,,0.8171211653384991,0.8051815553253395
Lipophilicity,17,66,0.14969331136456243,0.5989353358745575,,,0.6583256870508194,,,0.9561228586582617,0.9763679005329713
Lipophilicity,17,67,0.1334236294583038,0.34002043306827545,,,0.3350527733564377,,,0.7256141954877671,0.7150785967169813
Lipophilicity,17,68,0.12436217897468144,0.3450905531644821,,,0.34720810502767563,,,0.7292171506208229,0.7244388760173605
Lipophilicity,17,69,0.12860950744814342,0.34765124320983887,,,0.33493711799383163,,,0.7381835953649003,0.711949979401974
Lipophilicity,17,70,0.12378139793872833,0.35509025678038597,,,0.3618512526154518,,,0.7523168303525177,0.7377573808813378
Lipophilicity,17,71,0.11342163466744953,0.3378213196992874,,,0.3550466299057007,,,0.7298157164756053,0.7263825306473307
Lipophilicity,17,72,0.1175507155281526,0.3418683037161827,,,0.33618758246302605,,,0.7254034662625081,0.7233272427274645
Lipophilicity,17,73,0.12174895819690493,0.40830089151859283,,,0.41123732179403305,,,0.7988263715430977,0.7975266727782366
Lipophilicity,17,74,0.12438188631225515,0.3562591001391411,,,0.3619009181857109,,,0.7475365872822289,0.7422319097784543
Lipophilicity,17,75,0.115341874598353,0.34400779381394386,,,0.3566628396511078,,,0.7355081054712849,0.7253461932007672
Lipophilicity,17,76,0.11417362287088677,0.3560073971748352,,,0.3826935663819313,,,0.746492928176977,0.7544270036245472
Lipophilicity,17,77,0.11255210113746149,0.3386537656188011,,,0.3582199737429619,,,0.7237840255091814,0.7307499634947949
Lipophilicity,17,78,0.10724898703672268,0.3390685021877289,,,0.36117586493492126,,,0.7241378854256727,0.7283559833935787
Lipophilicity,17,79,0.10786850833230549,0.37195994704961777,,,0.3459780141711235,,,0.7604433385970208,0.7238601553963756
Lipophilicity,17,80,0.11904071712935413,0.35956208407878876,,,0.3733644634485245,,,0.7472825889436622,0.7511677789997978
Lipophilicity,17,81,0.10463061432043712,0.44068344682455063,,,0.42670615017414093,,,0.8217481493509806,0.8154553072439563
Lipophilicity,17,82,0.12360762694367657,0.33089929819107056,,,0.331906296312809,,,0.7083077893606664,0.7054529646652538
Lipophilicity,17,83,0.10609086271789339,0.3383467495441437,,,0.3468627855181694,,,0.7193812210781771,0.7225031922609761
Lipophilicity,17,84,0.09718856077503275,0.37512777745723724,,,0.3893904313445091,,,0.7536355753220054,0.7596613559908307
Lipophilicity,17,85,0.10591821896809119,0.3715081885457039,,,0.357664130628109,,,0.7622125052353884,0.7482446155195042
Lipophilicity,17,86,0.12829053125999593,0.4433852657675743,,,0.4933992326259613,,,0.8314608915884305,0.851301940812155
Lipophilicity,17,87,0.10485850743673465,0.3530575558543205,,,0.3782322481274605,,,0.7335198882175418,0.7491451796129567
Lipophilicity,17,88,0.1235824500521024,0.3286786787211895,,,0.343264639377594,,,0.7198936237457136,0.7255585820623539
Lipophilicity,17,89,0.10377129388076288,0.3529726006090641,,,0.3566880002617836,,,0.7532784016873233,0.7382760022496612
Lipophilicity,17,90,0.1040638091939467,0.43298572301864624,,,0.4013065993785858,,,0.8172060685391316,0.7880468725191421
Lipophilicity,17,91,0.10141788864577259,0.32846513018012047,,,0.3134026937186718,,,0.719084661773057,0.6938209179552354
Lipophilicity,17,92,0.1000523107747237,0.3395163379609585,,,0.336052305996418,,,0.7299221257908858,0.7221279378220101
Lipophilicity,17,93,0.10164882435842797,0.3591745123267174,,,0.35219793021678925,,,0.7390377064713656,0.7278412671298438
Lipophilicity,17,94,0.0989663302898407,0.32704780995845795,,,0.35424603521823883,,,0.7192265962168164,0.7380346057785026
Lipophilicity,17,95,0.09273956771250125,0.33358466997742653,,,0.35221608728170395,,,0.7279096849874964,0.7378535570857551
Lipophilicity,17,96,0.10375294199696293,0.3187359869480133,,,0.35117100179195404,,,0.7048169865026935,0.7282085027006047
Lipophilicity,17,97,0.11279128436689023,0.3775818720459938,,,0.3539607897400856,,,0.7553473026841836,0.7316829361623773
Lipophilicity,17,98,0.1041338794209339,0.3286430723965168,,,0.3312806636095047,,,0.7144700621385267,0.7082063804252864
Lipophilicity,17,99,0.1072744067620348,0.4303367882966995,,,0.38711298257112503,,,0.82237445899353,0.7726956672758281
Lipophilicity,17,100,0.09486914895198963,0.434420183300972,,,0.4692866876721382,,,0.806574562452556,0.8288737456971356
Lipophilicity,37,1,0.9041524308699148,0.9955117851495743,,,0.7015880793333054,,,1.1625312103675907,1.0448893033949491
Lipophilicity,37,2,0.6476559959076069,0.735278382897377,,,0.667970634996891,,,1.0546541561931166,1.0163538738246531
Lipophilicity,37,3,0.5219738163329937,0.5754405856132507,,,0.48920372128486633,,,0.9176922645562073,0.8626562073826239
Lipophilicity,37,4,0.48334904622148583,0.6203681975603104,,,0.592133954167366,,,0.9629673492010458,0.9398219599936781
Lipophilicity,37,5,0.42182136906517875,0.4953730180859566,,,0.5306715965270996,,,0.865556988299382,0.8591157695619076
Lipophilicity,37,6,0.3885118442553061,0.5725868940353394,,,0.5349526852369308,,,0.9260324065035439,0.8947430155935276
Lipophilicity,37,7,0.3653620304884734,0.6570728868246078,,,0.708685114979744,,,0.9958838746614024,1.0248688451082226
Lipophilicity,37,8,0.36671140017332854,0.5939049199223518,,,0.6039667874574661,,,0.956278945135718,0.9427752216417854
Lipophilicity,37,9,0.32371846834818524,0.5575307533144951,,,0.6020290553569794,,,0.9176457587625966,0.9335083543355616
Lipophilicity,37,10,0.31727768701535686,0.5665678828954697,,,0.4903523176908493,,,0.9199747446988906,0.8547528899178265
Lipophilicity,37,11,0.29179914902757714,0.43186163902282715,,,0.4837635010480881,,,0.8176380702322559,0.8218974831990584
Lipophilicity,37,12,0.30136656485222,0.5661803483963013,,,0.6369446069002151,,,0.9224617270927272,0.943243900284405
Lipophilicity,37,13,0.2741647191621639,0.45522353053092957,,,0.43073948472738266,,,0.8327503589112863,0.7938920457151504
Lipophilicity,37,14,0.26600381787176486,0.5175841450691223,,,0.45151325315237045,,,0.893475972028097,0.814240315762427
Lipophilicity,37,15,0.26178540344591494,0.49592825770378113,,,0.4856003075838089,,,0.8646366991478945,0.8291281616113851
Lipophilicity,37,16,0.25209942239302174,0.45069634169340134,,,0.39105305820703506,,,0.8297916052496872,0.7746338117614452
Lipophilicity,37,17,0.24985600621611984,0.4756953790783882,,,0.4738231748342514,,,0.8430451168508246,0.8245786269909628
Lipophilicity,37,18,0.25180309376230947,0.5276459902524948,,,0.6064493581652641,,,0.8822663905198601,0.9178511199255254
Lipophilicity,37,19,0.2524067235213739,0.58199792355299,,,0.5316603854298592,,,0.9205495389841372,0.8838602785533438
Lipophilicity,37,20,0.24247880390396825,0.5720441788434982,,,0.6248575448989868,,,0.9288670421696321,0.9468457736801952
Lipophilicity,37,21,0.24203168959529311,0.4382250979542732,,,0.45071449875831604,,,0.8249559043890778,0.8102451360309937
Lipophilicity,37,22,0.22751367699216912,0.4789455905556679,,,0.48680827021598816,,,0.8558874629681477,0.8269598339387089
Lipophilicity,37,23,0.2320426658347801,0.5152750313282013,,,0.4449734538793564,,,0.8789193046448013,0.8193139674590929
Lipophilicity,37,24,0.24164779815408918,0.41150693595409393,,,0.40679626166820526,,,0.7913630346641825,0.7599282764797769
Lipophilicity,37,25,0.22370788841335862,0.4452774077653885,,,0.428469218313694,,,0.8205029947620254,0.7839285518461275
Lipophilicity,37,26,0.233602292559765,0.3971424475312233,,,0.451401524245739,,,0.7762914464700216,0.7824796917141676
Lipophilicity,37,27,0.21082902230598308,0.46118374168872833,,,0.44582125544548035,,,0.8478000009179931,0.8024653891351874
Lipophilicity,37,28,0.20943588073606845,0.5840243101119995,,,0.5615502148866653,,,0.9320452629116726,0.9083850965420392
Lipophilicity,37,29,0.20762464707648312,0.40838056802749634,,,0.3952874094247818,,,0.791631463589913,0.7668283697997264
Lipophilicity,37,30,0.19799275309951217,0.43374551087617874,,,0.44326087832450867,,,0.8139796721921844,0.7952196467967899
Lipophilicity,37,31,0.17780671103133094,0.7490804940462112,,,0.7633923292160034,,,1.0523811271390335,1.0530471478672778
Lipophilicity,37,32,0.2020829532433439,0.546304814517498,,,0.5863995850086212,,,0.9034687312087465,0.9251308490376018
Lipophilicity,37,33,0.1876023549724508,0.5032775327563286,,,0.47961823642253876,,,0.8704274456062235,0.8346470292940417
Lipophilicity,37,34,0.19126157462596893,0.4080902710556984,,,0.45004550367593765,,,0.7902462832524269,0.7937712343634652
Lipophilicity,37,35,0.20876490131572442,0.44559895247220993,,,0.44076742976903915,,,0.8216530881021534,0.7924274795877104
Lipophilicity,37,36,0.1855516011516253,0.42598074674606323,,,0.4412180334329605,,,0.7985040431651811,0.793693511935315
Lipophilicity,37,37,0.20025438842950044,0.43302010744810104,,,0.428938090801239,,,0.8164026360682759,0.7857001399339782
Lipophilicity,37,38,0.17507269205870452,0.38390104472637177,,,0.41397774964571,,,0.761978887495788,0.7664029975845433
Lipophilicity,37,39,0.1795114325704398,0.6012566238641739,,,0.5907583385705948,,,0.9485486652013588,0.9222266286306807
Lipophilicity,37,40,0.18493638298025838,0.4082472398877144,,,0.4001365527510643,,,0.7831457787730769,0.7631521187977375
Lipophilicity,37,41,0.1613316723593959,0.3904331400990486,,,0.40464019775390625,,,0.7712500880409822,0.7652374376563824
Lipophilicity,37,42,0.16101055730272223,0.4618523344397545,,,0.4771828353404999,,,0.8386946512939801,0.829994143557282
Lipophilicity,37,43,0.15887293495513774,0.4957248345017433,,,0.5076989233493805,,,0.8569209692913557,0.858139294076715
Lipophilicity,37,44,0.1906035785321836,0.45971662551164627,,,0.4712352678179741,,,0.8372748542028524,0.8257225744790271
Lipophilicity,37,45,0.16897930011705117,0.4259927347302437,,,0.4149743691086769,,,0.8109416689609391,0.7828724607852527
Lipophilicity,37,46,0.15905598302682242,0.40217749774456024,,,0.4119093492627144,,,0.7902054770555744,0.7777022488759093
Lipophilicity,37,47,0.1665714474187957,0.4310727044939995,,,0.39703579992055893,,,0.8233323234546764,0.7668650957756642
Lipophilicity,37,48,0.15735185477468702,0.3927142173051834,,,0.3862483277916908,,,0.7756859051370888,0.741708138910111
Lipophilicity,37,49,0.15732068126952206,0.4044823423027992,,,0.3752940744161606,,,0.7850774089647874,0.7464077273891842
Lipophilicity,37,50,0.14766195637208443,0.3937772214412689,,,0.3793930262327194,,,0.7719948926470118,0.7476615610601713
Lipophilicity,37,51,0.159128126722795,0.4318952038884163,,,0.43572062999010086,,,0.8262153054944729,0.7916168941779728
Lipophilicity,37,52,0.1388575636126377,0.35182297229766846,,,0.3789258375763893,,,0.7376696763193428,0.7326835470062849
Lipophilicity,37,53,0.15915579983481654,0.41117794811725616,,,0.4184034615755081,,,0.7834340656389357,0.7788193083118764
Lipophilicity,37,54,0.15841962065961626,0.42614270746707916,,,0.43446673452854156,,,0.8062222483390596,0.7925281146023465
Lipophilicity,37,55,0.1441394736369451,0.4439774975180626,,,0.40008068084716797,,,0.823330006830803,0.7655274465263756
Lipophilicity,37,56,0.13579397372625493,0.4214862659573555,,,0.42661958187818527,,,0.8076422801611227,0.7926770881246349
Lipophilicity,37,57,0.13733251420436082,0.4084217846393585,,,0.4140613228082657,,,0.7951412413746008,0.766433055848314
Lipophilicity,37,58,0.15098893062935936,0.511741079390049,,,0.49399252235889435,,,0.8783262924862792,0.8435054353969629
Lipophilicity,37,59,0.13676324210785054,0.38524753600358963,,,0.39188818633556366,,,0.7640239557634753,0.7511049317173765
Lipophilicity,37,60,0.1502752243368714,0.36761605739593506,,,0.39325712621212006,,,0.7551845327551229,0.7531526584215926
Lipophilicity,37,61,0.15666945968513135,0.3712749555706978,,,0.35716618597507477,,,0.7552623115629599,0.7250720087004485
Lipophilicity,37,62,0.13305238303211,0.41074856370687485,,,0.43782754242420197,,,0.7900309143777903,0.7899044568195069
Lipophilicity,37,63,0.15416539405231122,0.39786751568317413,,,0.37201131880283356,,,0.7807375562410913,0.7410265224461868
Lipophilicity,37,64,0.1366809523767895,0.3718262016773224,,,0.3589983582496643,,,0.755480451996204,0.7197159206064286
Lipophilicity,37,65,0.1277192132892432,0.4266035854816437,,,0.38096383213996887,,,0.8089320999857714,0.7457432747568649
Lipophilicity,37,66,0.13435766680373085,0.3822788670659065,,,0.34907494485378265,,,0.7614811061962349,0.7272354619004723
Lipophilicity,37,67,0.13583742992745507,0.39140085875988007,,,0.3705936372280121,,,0.7694830322650508,0.7344934895475549
Lipophilicity,37,68,0.13297097854040288,0.3856261223554611,,,0.3485952094197273,,,0.7705993211216019,0.7219317954703867
Lipophilicity,37,69,0.13456692160279662,0.35302527248859406,,,0.33684683591127396,,,0.7373854839189463,0.7046235539758342
Lipophilicity,37,70,0.12315622358410447,0.38353412598371506,,,0.3774852678179741,,,0.7734522962599851,0.7473359875970758
Lipophilicity,37,71,0.12963795551547297,0.45862220227718353,,,0.4242643564939499,,,0.8376605378197564,0.797004726546666
Lipophilicity,37,72,0.12118293979653606,0.35150041431188583,,,0.38175956904888153,,,0.7352910517179858,0.7403620707902777
Lipophilicity,37,73,0.11931293236988562,0.4096708223223686,,,0.41962262243032455,,,0.7893000330177918,0.7808518730440579
Lipophilicity,37,74,0.13174637075927523,0.5191795825958252,,,0.5177383124828339,,,0.8773410338498173,0.8711677485626472
Lipophilicity,37,75,0.12407866837801756,0.3646449074149132,,,0.366606205701828,,,0.7452971914706537,0.733996841787669
Lipophilicity,37,76,0.13406723185821814,0.38090846687555313,,,0.4015725627541542,,,0.7641663182409304,0.7640625327642703
Lipophilicity,37,77,0.12918207463290957,0.42665866017341614,,,0.42605268955230713,,,0.7952403337454202,0.7876190352923114
Lipophilicity,37,78,0.12716413261713805,0.3556611128151417,,,0.3384315073490143,,,0.7468157166132324,0.7110785459679677
Lipophilicity,37,79,0.12958490048293714,0.3585096225142479,,,0.3342650905251503,,,0.7456653423539147,0.700731314386515
Lipophilicity,37,80,0.12604718876105767,0.37457527965307236,,,0.3528629466891289,,,0.7565645383470975,0.7283316781427474
Lipophilicity,37,81,0.10933758566776912,0.3800698295235634,,,0.3928629606962204,,,0.769196529497539,0.7601463325065247
Lipophilicity,37,82,0.11190180563264424,0.3727087005972862,,,0.3810521066188812,,,0.7521704025449081,0.7407912120137178
Lipophilicity,37,83,0.14472036174050085,0.3739226534962654,,,0.3671922981739044,,,0.7642261025732762,0.7390827893946085
Lipophilicity,37,84,0.12390513138638602,0.4476396515965462,,,0.43403664976358414,,,0.8171855729556292,0.7967877433725615
Lipophilicity,37,85,0.10891345584834064,0.3548867255449295,,,0.3431207835674286,,,0.7374865175081624,0.7143434952457968
Lipophilicity,37,86,0.10686756118580147,0.36477065086364746,,,0.3695940747857094,,,0.7411252903364298,0.7331675891261951
Lipophilicity,37,87,0.10561877295926765,0.3448180556297302,,,0.3483866676688194,,,0.73069408837372,0.7204532345135475
Lipophilicity,37,88,0.1134512534847966,0.3534390963613987,,,0.3744555860757828,,,0.7435671781989308,0.732225966637736
Lipophilicity,37,89,0.12283875600055412,0.34227917343378067,,,0.3731195852160454,,,0.724941249637426,0.7392504350301671
Lipophilicity,37,90,0.10245456077434399,0.33331364393234253,,,0.3487057685852051,,,0.7215801165162079,0.7112158345763987
Lipophilicity,37,91,0.10406108642065967,0.46235450357198715,,,0.47991611808538437,,,0.8435357492895231,0.8453848153875246
Lipophilicity,37,92,0.11663177250712006,0.4327749088406563,,,0.4226307198405266,,,0.8038907226605149,0.7935728205778635
Lipophilicity,37,93,0.10311418468201602,0.3514118082821369,,,0.36610741168260574,,,0.739714628752747,0.7288117816706583
Lipophilicity,37,94,0.09942535504146859,0.3309343121945858,,,0.3443507254123688,,,0.7155391458376503,0.7152383267737762
Lipophilicity,37,95,0.11376404900241781,0.47630612552165985,,,0.44045229256153107,,,0.8593528744710367,0.8089854448091294
Lipophilicity,37,96,0.10800459677422489,0.34575891494750977,,,0.3678370416164398,,,0.7311892704321494,0.7379451572023846
Lipophilicity,37,97,0.0973049192516892,0.3528437241911888,,,0.3591816797852516,,,0.7372017693846608,0.7208936899380763
Lipophilicity,37,98,0.09237047698762682,0.360812708735466,,,0.3352614566683769,,,0.7454535248928105,0.702857793261895
Lipophilicity,37,99,0.10003721203517031,0.37134040147066116,,,0.36079665273427963,,,0.7528106951662236,0.7311263770568057
Lipophilicity,37,100,0.10011959048332991,0.4102204144001007,,,0.4048342630267143,,,0.7906878887389949,0.7639987958004834
