sample_index,smiles,label,space,x,y
0,O=C1CSC(=Nc2cccc(Cl)c2Cl)N1,0,GCN h_G,-9.798992156982422,3.6674766540527344
0,O=C1CSC(=Nc2cccc(Cl)c2Cl)N1,0,GCN-CfC final,22.3673038482666,0.9923095107078552
1,Cc1sc2c3ccsc3ccc2[n+]1C.[I-],0,GCN h_G,7.147536754608154,12.087809562683105
1,Cc1sc2c3ccsc3ccc2[n+]1C.[I-],0,GCN-CfC final,10.205212593078613,10.39976978302002
2,CCc1cc(=O)oc2c(C)c(OC(C)C(=O)N3CCC[C@@H]3C(=O)O)ccc12,0,GCN h_G,-21.40846061706543,-3.7408740520477295
2,CCc1cc(=O)oc2c(C)c(OC(C)C(=O)N3CCC[C@@H]3C(=O)O)ccc12,0,GCN-CfC final,17.233196258544922,-8.3148832321167
3,Cc1ccc(OCC(=O)N2CCN(S(=O)(=O)c3ccccc3[N+](=O)[O-])CC2)cc1,0,GCN h_G,-21.57691764831543,4.8255743980407715
3,Cc1ccc(OCC(=O)N2CCN(S(=O)(=O)c3ccccc3[N+](=O)[O-])CC2)cc1,0,GCN-CfC final,30.191097259521484,2.0785317420959473
4,CCc1cc(NC(C)=O)ccc1-c1ccc2cc(-c3nc4cc(C(=O)N5CC6CCC5[C@@H]6N)cc(OC)c4n3C)n(CC3CC3)c2n1,1,GCN h_G,38.467716217041016,-6.278475761413574
4,CCc1cc(NC(C)=O)ccc1-c1ccc2cc(-c3nc4cc(C(=O)N5CC6CCC5[C@@H]6N)cc(OC)c4n3C)n(CC3CC3)c2n1,1,GCN-CfC final,-41.23301696777344,2.721125602722168
5,COc1cc(-c2ccc3cc(-c4nc5cc(C(=O)N6CC7CCC6[C@@H]7N)cc(OC)c5n4C)n(CC4CC4)c3n2)ccc1CC(N)=O,1,GCN h_G,41.01240539550781,-3.269278049468994
5,COc1cc(-c2ccc3cc(-c4nc5cc(C(=O)N6CC7CCC6[C@@H]7N)cc(OC)c5n4C)n(CC4CC4)c3n2)ccc1CC(N)=O,1,GCN-CfC final,-47.20726013183594,0.5724280476570129
6,C/C(=N\NS(C)(=O)=O)c1ccccc1,0,GCN h_G,5.484842300415039,1.1096316576004028
6,C/C(=N\NS(C)(=O)=O)c1ccccc1,0,GCN-CfC final,-9.106364250183105,2.1527256965637207
7,Cc1nn2c(N3CCN(C)CC3)c3c(nc2c1-c1ccccc1)CCCC3,0,GCN h_G,-27.0616397857666,-7.164000511169434
7,Cc1nn2c(N3CCN(C)CC3)c3c(nc2c1-c1ccccc1)CCCC3,0,GCN-CfC final,10.570881843566895,-12.043438911437988
8,Cc1ccc([C@@H]2C3COCC=C3C(C#N)=C(N)C2(C#N)C#N)o1,0,GCN h_G,-18.255142211914062,-14.248435974121094
8,Cc1ccc([C@@H]2C3COCC=C3C(C#N)=C(N)C2(C#N)C#N)o1,0,GCN-CfC final,27.252748489379883,-0.5380954146385193
9,CCN(c1ccccc1)S(=O)(=O)c1ccc(F)c(C(=O)O)c1,0,GCN h_G,-0.919841468334198,3.726984977722168
9,CCN(c1ccccc1)S(=O)(=O)c1ccc(F)c(C(=O)O)c1,0,GCN-CfC final,3.525590181350708,1.3671947717666626
10,COc1cc(C(=O)N2C[C@H](N)C[C@@H](F)C2)cc2nc(-c3cc4ccc(-c5ccc(C(N)=O)cc5C(F)(F)F)nc4n3CC3CC3)n(C)c12,1,GCN h_G,35.88132095336914,3.8944156169891357
10,COc1cc(C(=O)N2C[C@H](N)C[C@@H](F)C2)cc2nc(-c3cc4ccc(-c5ccc(C(N)=O)cc5C(F)(F)F)nc4n3CC3CC3)n(C)c12,1,GCN-CfC final,-39.37971496582031,-1.2214213609695435
11,O=C(CCNC(=O)C1CCN(S(=O)(=O)c2ccc(F)cc2)CC1)NCc1ccccc1Cl,0,GCN h_G,-4.4140753746032715,-1.2180043458938599
11,O=C(CCNC(=O)C1CCN(S(=O)(=O)c2ccc(F)cc2)CC1)NCc1ccccc1Cl,0,GCN-CfC final,9.201598167419434,-5.313602924346924
12,Cn1nnnc1SCc1ccccc1F,0,GCN h_G,-10.810954093933105,1.7638763189315796
12,Cn1nnnc1SCc1ccccc1F,0,GCN-CfC final,19.84892463684082,6.022928237915039
13,C/C(N)=C(/C#N)C(=O)COC(=O)C(NS(=O)(=O)c1ccc(Cl)cc1)C(C)O,0,GCN h_G,-3.947082281112671,-2.61842679977417
13,C/C(N)=C(/C#N)C(=O)COC(=O)C(NS(=O)(=O)c1ccc(Cl)cc1)C(C)O,0,GCN-CfC final,6.08875036239624,-2.182197332382202
14,C=CCOC(=O)C1=C(C)NC(C)=C(C(=O)OCC=C)C1c1ccc(C)o1,0,GCN h_G,-14.076011657714844,-14.11811351776123
14,C=CCOC(=O)C1=C(C)NC(C)=C(C(=O)OCC=C)C1c1ccc(C)o1,0,GCN-CfC final,-0.7486007213592529,-6.732611179351807
15,Cc1ccc(-n2ncc3c2CCCC3NC(=O)c2ccoc2)cc1C,0,GCN h_G,-5.496339797973633,-8.765936851501465
15,Cc1ccc(-n2ncc3c2CCCC3NC(=O)c2ccoc2)cc1C,0,GCN-CfC final,-4.599534034729004,-1.417424201965332
16,CCCN1CCN(S(=O)(=O)c2ccc3c(c2)CC(C)N3C(=O)C2CC2)CC1,0,GCN h_G,-20.195178985595703,-10.908378601074219
16,CCCN1CCN(S(=O)(=O)c2ccc3c(c2)CC(C)N3C(=O)C2CC2)CC1,0,GCN-CfC final,13.229433059692383,-12.25899600982666
17,CCN1CCN(Cc2c(O)c(Cl)cc3c(C)cc(=O)oc23)CC1,0,GCN h_G,-26.884254455566406,0.34192636609077454
17,CCN1CCN(Cc2c(O)c(Cl)cc3c(C)cc(=O)oc23)CC1,0,GCN-CfC final,25.76435089111328,-5.522367000579834
18,COc1cc(C(=O)N2[C@H]3CC[C@@H]2[C@H](N)C3)cc2nc(-c3cc4ccc([C@@H](C)NC(=O)CCC(=O)O)nc4n3CC3CC3)c(C)n12,1,GCN h_G,30.021116256713867,-0.32330241799354553
18,COc1cc(C(=O)N2[C@H]3CC[C@@H]2[C@H](N)C3)cc2nc(-c3cc4ccc([C@@H](C)NC(=O)CCC(=O)O)nc4n3CC3CC3)c(C)n12,1,GCN-CfC final,-32.594947814941406,3.183448314666748
19,COc1cc(C(=O)N2C[C@H](N)C[C@@H](F)C2)cc2nc(-c3cc4ccc(C5=CC(F)C=C6N=C(C)C(=O)N=C65)nc4n3CC3CC3)n(C)c12,1,GCN h_G,41.61635208129883,3.2430663108825684
19,COc1cc(C(=O)N2C[C@H](N)C[C@@H](F)C2)cc2nc(-c3cc4ccc(C5=CC(F)C=C6N=C(C)C(=O)N=C65)nc4n3CC3CC3)n(C)c12,1,GCN-CfC final,-43.81511306762695,-1.4491682052612305
20,Cc1cc(C(C)(C)C)ccc1OCCN1CCCC1,0,GCN h_G,-28.000232696533203,1.5477368831634521
20,Cc1cc(C(C)(C)C)ccc1OCCN1CCCC1,0,GCN-CfC final,24.617136001586914,-5.178406238555908
21,CC1(C)CC(=O)c2cc(C(=O)NC3CCSC3=O)c(=O)n(-c3ccc(Cl)cc3)c2C1,0,GCN h_G,-13.014180183410645,-8.636246681213379
21,CC1(C)CC(=O)c2cc(C(=O)NC3CCSC3=O)c(=O)n(-c3ccc(Cl)cc3)c2C1,0,GCN-CfC final,-2.3829054832458496,-4.949942111968994
22,COc1cccc(CN2CCN(C(=O)Nc3ccc([N+](=O)[O-])cc3)CC2)c1,0,GCN h_G,-20.304094314575195,5.496161937713623
22,COc1cccc(CN2CCN(C(=O)Nc3ccc([N+](=O)[O-])cc3)CC2)c1,0,GCN-CfC final,23.09585189819336,-1.3391618728637695
23,CCCCn1nc2cc(C(=O)NCC34CC5CC(CC(C5)C3)C4)ccc2c1OCC,0,GCN h_G,-30.362756729125977,1.5080291032791138
23,CCCCn1nc2cc(C(=O)NCC34CC5CC(CC(C5)C3)C4)ccc2c1OCC,0,GCN-CfC final,24.35498809814453,-8.470866203308105
24,CCCCCCn1c(=O)[nH]c2nc3cc(N)ccc3nc2c1=O,0,GCN h_G,-17.01537322998047,-2.6415820121765137
24,CCCCCCn1c(=O)[nH]c2nc3cc(N)ccc3nc2c1=O,0,GCN-CfC final,14.301198959350586,-9.331047058105469
25,Cn1cccc1/C=C1\SC(=S)N(NC(=O)c2ccc(F)cc2)C1=O,0,GCN h_G,-0.5124187469482422,-3.660615921020508
25,Cn1cccc1/C=C1\SC(=S)N(NC(=O)c2ccc(F)cc2)C1=O,0,GCN-CfC final,-1.2165974378585815,2.560248613357544
26,O=C(CSc1nc2ccccc2s1)NC1CCCC1,0,GCN h_G,-9.956507682800293,14.603747367858887
26,O=C(CSc1nc2ccccc2s1)NC1CCCC1,0,GCN-CfC final,15.750693321228027,0.6211638450622559
27,COc1cc(C(=O)N2CC3CCC2[C@@H]3N)cc2nc(-c3cc4ccc(-c5cc(O)ccc5F)cc4n3CC3CC3)n(C)c12,1,GCN h_G,43.302452087402344,-7.2131195068359375
27,COc1cc(C(=O)N2CC3CCC2[C@@H]3N)cc2nc(-c3cc4ccc(-c5cc(O)ccc5F)cc4n3CC3CC3)n(C)c12,1,GCN-CfC final,-50.371639251708984,0.8473749756813049
28,COc1ccccc1N1CCN(C(=O)C(=O)c2cn(CC(=O)N3CCOCC3)c3ccccc23)CC1,0,GCN h_G,-26.56809425354004,-5.8046112060546875
28,COc1ccccc1N1CCN(C(=O)C(=O)c2cn(CC(=O)N3CCOCC3)c3ccccc23)CC1,0,GCN-CfC final,10.033567428588867,-11.632767677307129
29,O=C(COC(=O)c1cccnc1Cl)c1ccc(OC(F)F)cc1,0,GCN h_G,-3.4619829654693604,4.875455379486084
29,O=C(COC(=O)c1cccnc1Cl)c1ccc(OC(F)F)cc1,0,GCN-CfC final,9.210898399353027,3.4596714973449707
30,COc1cc(C(=O)N2C[C@H](N)C[C@@H](F)C2)cc2nc(-c3cc4ccc(-c5ccc6[nH]c(=O)cc(O)c6c5)nc4n3CC3CC3)n(C)c12,1,GCN h_G,33.811683654785156,4.221742630004883
30,COc1cc(C(=O)N2C[C@H](N)C[C@@H](F)C2)cc2nc(-c3cc4ccc(-c5ccc6[nH]c(=O)cc(O)c6c5)nc4n3CC3CC3)n(C)c12,1,GCN-CfC final,-36.39403533935547,2.3968801498413086
31,CCCN=C1N(C)C[C@@H]2[C@@H]3C(=O)N(Cc4ccccc4)C(=O)[C@@H]3[C@](Cc3ccccc3)(C(=O)OC)N12.O=C(O)C(F)(F)F,0,GCN h_G,-15.394896507263184,-11.523357391357422
31,CCCN=C1N(C)C[C@@H]2[C@@H]3C(=O)N(Cc4ccccc4)C(=O)[C@@H]3[C@](Cc3ccccc3)(C(=O)OC)N12.O=C(O)C(F)(F)F,0,GCN-CfC final,2.803180694580078,-8.154891014099121
32,CCCc1nc([N+](=O)[O-])c(S(=O)(=O)c2ccccc2)n1CC(C)C,0,GCN h_G,-22.218297958374023,5.168959617614746
32,CCCc1nc([N+](=O)[O-])c(S(=O)(=O)c2ccccc2)n1CC(C)C,0,GCN-CfC final,29.798542022705078,1.0095726251602173
33,Cc1ccc2c(c1)N(C(C)C(=O)NCc1ccccn1)C(=O)CO2,0,GCN h_G,-7.676149368286133,-7.3055901527404785
33,Cc1ccc2c(c1)N(C(C)C(=O)NCc1ccccn1)C(=O)CO2,0,GCN-CfC final,15.472585678100586,5.979525566101074
34,CCOC(=O)C1CCCN(C(=S)Nc2cc(C)cc(C)c2)C1,0,GCN h_G,-28.238800048828125,3.3887033462524414
34,CCOC(=O)C1CCCN(C(=S)Nc2cc(C)cc(C)c2)C1,0,GCN-CfC final,24.601638793945312,-2.661038637161255
35,OCCC1CN(CCCc2ccccc2)CCN1Cc1ccccc1,0,GCN h_G,-22.505878448486328,7.676076889038086
35,OCCC1CN(CCCc2ccccc2)CCN1Cc1ccccc1,0,GCN-CfC final,17.932973861694336,-3.102426767349243
36,COc1cc(C(=O)N2CC3CCC2[C@@H]3N)cc2nc(-c3cc4ccc(Nc5cncnc5)cc4n3CC3CC3)n(C)c12,1,GCN h_G,41.34883499145508,-6.456192493438721
36,COc1cc(C(=O)N2CC3CCC2[C@@H]3N)cc2nc(-c3cc4ccc(Nc5cncnc5)cc4n3CC3CC3)n(C)c12,1,GCN-CfC final,-50.494178771972656,-0.1518930047750473
37,CN1C2C=C3C(C#N)=C(N)C(C#N)(C#N)[C@@H](c4cccs4)C3C1CC2,0,GCN h_G,-18.09825897216797,-14.180214881896973
37,CN1C2C=C3C(C#N)=C(N)C(C#N)(C#N)[C@@H](c4cccs4)C3C1CC2,0,GCN-CfC final,1.3195995092391968,-10.048262596130371
38,CCOc1ccccc1NC(=S)NCc1ccccc1,0,GCN h_G,1.3863863945007324,9.255523681640625
38,CCOc1ccccc1NC(=S)NCc1ccccc1,0,GCN-CfC final,17.25501823425293,9.986367225646973
39,CCCCNC(=O)CCC(=O)Nc1ccc2nc(N3CCN(C)CC3)cc(C)c2c1,0,GCN h_G,-20.65724754333496,-6.010510444641113
39,CCCCNC(=O)CCC(=O)Nc1ccc2nc(N3CCN(C)CC3)cc(C)c2c1,0,GCN-CfC final,-1.3908843994140625,-4.443906784057617
40,COc1cc(C(=O)N2C[C@H](N)C[C@@H](F)C2)cc2nc(-c3cc4ccc(C(=O)NC5CCC(=O)NC5=O)nc4n3CC3CC3)n(C)c12,1,GCN h_G,39.426055908203125,2.485306978225708
40,COc1cc(C(=O)N2C[C@H](N)C[C@@H](F)C2)cc2nc(-c3cc4ccc(C(=O)NC5CCC(=O)NC5=O)nc4n3CC3CC3)n(C)c12,1,GCN-CfC final,-42.38248825073242,-0.3334447145462036
41,CC(C)=N/N=C(/c1ccc([N+](=O)[O-])cc1)C12CN3CN(CN(C3)C1)C2,0,GCN h_G,-30.80714225769043,-3.2326273918151855
41,CC(C)=N/N=C(/c1ccc([N+](=O)[O-])cc1)C12CN3CN(CN(C3)C1)C2,0,GCN-CfC final,30.231834411621094,-5.824520587921143
42,CNC(=O)Nc1ccccc1NC(=O)NC,0,GCN h_G,6.966334342956543,7.833011627197266
42,CNC(=O)Nc1ccccc1NC(=O)NC,0,GCN-CfC final,-0.9850673079490662,7.368905544281006
43,Cc1c(NC(=O)CN2CCCc3ccccc32)c(=O)n(-c2ccccc2)n1C,0,GCN h_G,-10.51086711883545,-1.733086347579956
43,Cc1c(NC(=O)CN2CCCc3ccccc32)c(=O)n(-c2ccccc2)n1C,0,GCN-CfC final,10.40273380279541,-0.00845478568226099
44,COc1ccc(C2CC(c3ccc(C)cc3)Nc3ncnn32)cc1,0,GCN h_G,-4.939512729644775,-7.140367031097412
44,COc1ccc(C2CC(c3ccc(C)cc3)Nc3ncnn32)cc1,0,GCN-CfC final,4.317256450653076,7.046664714813232
45,COc1cc(C(=O)N2CC3CCC2[C@@H]3N)cc2nc(-c3cc4ccc(C5C=CC6=NC(=O)NC6=C5)nc4n3CC3CC3)n(C)c12,1,GCN h_G,42.97137451171875,1.2029889822006226
45,COc1cc(C(=O)N2CC3CCC2[C@@H]3N)cc2nc(-c3cc4ccc(C5C=CC6=NC(=O)NC6=C5)nc4n3CC3CC3)n(C)c12,1,GCN-CfC final,-51.79343032836914,-1.8527628183364868
46,Nn1c(SCC(=O)Nc2cc(C(F)(F)F)ccc2Cl)nncc1=O,0,GCN h_G,-11.017413139343262,4.585689067840576
46,Nn1c(SCC(=O)Nc2cc(C(F)(F)F)ccc2Cl)nncc1=O,0,GCN-CfC final,10.113816261291504,-4.694730281829834
47,COc1ccc(C2CC(c3ccc(Br)cc3)=NN2C(=O)c2cccnc2)cc1,0,GCN h_G,-7.296280384063721,-7.223571300506592
47,COc1ccc(C2CC(c3ccc(Br)cc3)=NN2C(=O)c2cccnc2)cc1,0,GCN-CfC final,15.361379623413086,6.316310405731201
48,Cc1cc(N/N=C/c2ccc(O)cc2O)nc(-c2ccccc2O)n1,0,GCN h_G,1.1505157947540283,11.93634033203125
48,Cc1cc(N/N=C/c2ccc(O)cc2O)nc(-c2ccccc2O)n1,0,GCN-CfC final,19.34883689880371,8.969401359558105
49,COc1cc(-c2ccc3cc(-c4nc5cc(C(=O)N6CC7CCC6[C@@H]7N)cc(OC)c5n4C)n(CC4CC4)c3c2)c(F)cc1O,1,GCN h_G,43.34241485595703,-7.1649603843688965
49,COc1cc(-c2ccc3cc(-c4nc5cc(C(=O)N6CC7CCC6[C@@H]7N)cc(OC)c5n4C)n(CC4CC4)c3c2)c(F)cc1O,1,GCN-CfC final,-50.31087112426758,0.9946978688240051
50,Cc1ccc(NC2=C/C(=N/S(=O)(=O)c3cccs3)c3ccccc3C2=O)cc1,0,GCN h_G,4.416500091552734,2.676997423171997
50,Cc1ccc(NC2=C/C(=N/S(=O)(=O)c3cccs3)c3ccccc3C2=O)cc1,0,GCN-CfC final,-2.616741895675659,4.975926399230957
51,COc1cc(C(=O)N2CC3CCC2[C@@H]3N)cc2nc(-c3cc4ccc(-c5ccc6c(c5)C(=O)CS(=O)(=O)N6C)cc4n3CC3CC3)n(C)c12,1,GCN h_G,43.67268371582031,-5.095889568328857
51,COc1cc(C(=O)N2CC3CCC2[C@@H]3N)cc2nc(-c3cc4ccc(-c5ccc6c(c5)C(=O)CS(=O)(=O)N6C)cc4n3CC3CC3)n(C)c12,1,GCN-CfC final,-46.344932556152344,-0.0042989496141672134
52,COc1cc(C(=O)N2CC3CCC2[C@@H]3N)cc2nc(-c3cc4ccc(Nc5cnc(C#N)nc5)nc4n3CC3CC3)n(C)c12,1,GCN h_G,40.049415588378906,-6.476177215576172
52,COc1cc(C(=O)N2CC3CCC2[C@@H]3N)cc2nc(-c3cc4ccc(Nc5cnc(C#N)nc5)nc4n3CC3CC3)n(C)c12,1,GCN-CfC final,-45.85142517089844,2.844689130783081
53,C=CCn1c(SCC(=O)N2CCOCC2)nc2sc3c(c2c1=O)CCCC3,0,GCN h_G,-29.768993377685547,-6.983906269073486
53,C=CCn1c(SCC(=O)N2CCOCC2)nc2sc3c(c2c1=O)CCCC3,0,GCN-CfC final,11.1646728515625,-13.084887504577637
54,COc1cc(C(=O)N2C[C@H](N)C[C@@H](F)C2)cc2nc(-c3cc4ccc(C5=CC6=NC(=O)NC6N=C5)cc4n3CC3CC3)n(C)c12,1,GCN h_G,41.34264373779297,2.1183629035949707
54,COc1cc(C(=O)N2C[C@H](N)C[C@@H](F)C2)cc2nc(-c3cc4ccc(C5=CC6=NC(=O)NC6N=C5)cc4n3CC3CC3)n(C)c12,1,GCN-CfC final,-49.82378387451172,-1.7319281101226807
55,O=C(Nc1ccc(F)cc1F)c1c(C(F)(F)F)ccnc1Oc1ccccc1,0,GCN h_G,-3.9684386253356934,3.272428035736084
55,O=C(Nc1ccc(F)cc1F)c1c(C(F)(F)F)ccnc1Oc1ccccc1,0,GCN-CfC final,0.5059669613838196,0.4662134349346161
56,CCC1CCCCN1C(=O)CCNS(=O)(=O)c1ccc2c(c1)oc(=O)n2C,0,GCN h_G,-22.93768310546875,-1.776573657989502
56,CCC1CCCCN1C(=O)CCNS(=O)(=O)c1ccc2c(c1)oc(=O)n2C,0,GCN-CfC final,16.313526153564453,-8.594598770141602
57,S=c1nccc(-c2ccc3c(c2)CCO3)[nH]1,0,GCN h_G,-6.092411041259766,7.456912040710449
57,S=c1nccc(-c2ccc3c(c2)CCO3)[nH]1,0,GCN-CfC final,5.379698276519775,3.19370698928833
58,COc1cc(C(=O)N2C[C@H](N)CC[C@@H]2C)cc2nc(-c3cc4ccc(-c5ccc(C(N)=O)c(F)c5)nc4n3CC3CC3)n(C)c12,1,GCN h_G,31.264501571655273,-0.6925325393676758
58,COc1cc(C(=O)N2C[C@H](N)CC[C@@H]2C)cc2nc(-c3cc4ccc(-c5ccc(C(N)=O)c(F)c5)nc4n3CC3CC3)n(C)c12,1,GCN-CfC final,-33.382789611816406,2.454197406768799
59,Cc1ccc(Nc2ncccc2C(N)=O)cc1,0,GCN h_G,4.389484882354736,8.054633140563965
59,Cc1ccc(Nc2ncccc2C(N)=O)cc1,0,GCN-CfC final,14.359549522399902,10.757787704467773
60,CCOc1ccccc1NC(=O)CSc1nc(=O)n(Cc2ccncc2)c2c1CCC2,0,GCN h_G,-15.450532913208008,1.4423352479934692
60,CCOc1ccccc1NC(=O)CSc1nc(=O)n(Cc2ccncc2)c2c1CCC2,0,GCN-CfC final,12.919394493103027,-4.006309509277344
61,COc1ccc(NC2=NC(=S)N(c3ccc(C)cc3)C23CCCCC3)cc1,0,GCN h_G,-18.558820724487305,4.3149638175964355
61,COc1ccc(NC2=NC(=S)N(c3ccc(C)cc3)C23CCCCC3)cc1,0,GCN-CfC final,24.405845642089844,0.008984550833702087
62,COc1ccc(-n2ncc3c2CC(C)(C)CC3NC(=O)C2CCN(C(C)=O)CC2)cc1,0,GCN h_G,-13.784287452697754,-7.7130537033081055
62,COc1ccc(-n2ncc3c2CC(C)(C)CC3NC(=O)C2CCN(C(C)=O)CC2)cc1,0,GCN-CfC final,-0.5223604440689087,-4.343420028686523
63,Cc1ccc(/C=N/c2sc3c(c2C(N)=O)CCCC3)o1,0,GCN h_G,-19.00675392150879,-1.9084157943725586
63,Cc1ccc(/C=N/c2sc3c(c2C(N)=O)CCCC3)o1,0,GCN-CfC final,14.909411430358887,-8.285881042480469
64,COc1cc(C(=O)N2CC3CCC2[C@@H]3N)cc2nc(-c3cc4ccc(N5CCC6(CC5)CNC6=O)nc4n3CC3CC3)n(C)c12,1,GCN h_G,47.1252555847168,-1.3403741121292114
64,COc1cc(C(=O)N2CC3CCC2[C@@H]3N)cc2nc(-c3cc4ccc(N5CCC6(CC5)CNC6=O)nc4n3CC3CC3)n(C)c12,1,GCN-CfC final,-35.543094635009766,-1.9006435871124268
65,CC1N=C2c3ccccc3N=C(SCc3cc(=O)n4cc(Cl)ccc4n3)N2C1=O,0,GCN h_G,-11.583832740783691,-4.8523383140563965
65,CC1N=C2c3ccccc3N=C(SCc3cc(=O)n4cc(Cl)ccc4n3)N2C1=O,0,GCN-CfC final,20.207902908325195,-0.6733179688453674
66,COc1cc(C(=O)N2CC3CCC2[C@@H]3N)cc2nc(-c3cc4ccc(-c5cnc6[nH]c(=O)ccc6c5)cc4n3CC3CC3)n(C)c12,1,GCN h_G,42.187129974365234,-7.382724761962891
66,COc1cc(C(=O)N2CC3CCC2[C@@H]3N)cc2nc(-c3cc4ccc(-c5cnc6[nH]c(=O)ccc6c5)cc4n3CC3CC3)n(C)c12,1,GCN-CfC final,-48.12311935424805,1.226686954498291
67,Cc1ccc(C(=O)NCC(=O)OCC(=O)c2c(N)n(C)c(=O)n(C)c2=O)s1,0,GCN h_G,-20.867013931274414,-2.9621803760528564
67,Cc1ccc(C(=O)NCC(=O)OCC(=O)c2c(N)n(C)c(=O)n(C)c2=O)s1,0,GCN-CfC final,21.464035034179688,-3.218600273132324
68,COc1cc(C(=O)N2CC3CCC2[C@@H]3N)cc2nc(-c3cc4ccc(Nc5ccnc(C#N)c5)nc4n3CC3CC3)n(C)c12,1,GCN h_G,39.73293685913086,-6.929257392883301
68,COc1cc(C(=O)N2CC3CCC2[C@@H]3N)cc2nc(-c3cc4ccc(Nc5ccnc(C#N)c5)nc4n3CC3CC3)n(C)c12,1,GCN-CfC final,-45.156917572021484,2.703927993774414
69,O=C(O)CSCC(=O)N1CCN(c2nc3cc(Cl)ccc3s2)CC1,0,GCN h_G,-29.240999221801758,-3.9310498237609863
69,O=C(O)CSCC(=O)N1CCN(c2nc3cc(Cl)ccc3s2)CC1,0,GCN-CfC final,29.1574649810791,-5.300844192504883
70,COc1cc(C(=O)N2CC3CCC2[C@@H]3N)cc2nc(-c3cc4ccc(-c5ccc(C(=O)Nc6ccncc6)cc5)cc4n3CC3CC3)n(C)c12,1,GCN h_G,40.62007141113281,-8.880627632141113
70,COc1cc(C(=O)N2CC3CCC2[C@@H]3N)cc2nc(-c3cc4ccc(-c5ccc(C(=O)Nc6ccncc6)cc5)cc4n3CC3CC3)n(C)c12,1,GCN-CfC final,-39.01105499267578,3.7862355709075928
71,O=C(Oc1ccc(Br)cc1)c1cccnc1,0,GCN h_G,-1.4871000051498413,13.1613187789917
71,O=C(Oc1ccc(Br)cc1)c1cccnc1,0,GCN-CfC final,27.94455337524414,7.138885974884033
72,COc1cc(C(=O)N2C[C@H](N)C[C@@H](F)C2)cc2nc(-c3cc4ccc(-c5ccn(C)c(=O)c5)nc4n3CC3CC3)n(C)c12,1,GCN h_G,33.837581634521484,2.2514820098876953
72,COc1cc(C(=O)N2C[C@H](N)C[C@@H](F)C2)cc2nc(-c3cc4ccc(-c5ccn(C)c(=O)c5)nc4n3CC3CC3)n(C)c12,1,GCN-CfC final,-38.66215515136719,0.5539886355400085
73,COc1ccc(C2C3=C(N=C4SCC(=O)N42)c2ccccc2CC3)cc1OC,0,GCN h_G,-14.605428695678711,-11.867573738098145
73,COc1ccc(C2C3=C(N=C4SCC(=O)N42)c2ccccc2CC3)cc1OC,0,GCN-CfC final,2.0781891345977783,-8.179401397705078
74,Fc1ccc(-c2ccc(Nc3cccc(F)c3)nn2)cc1,0,GCN h_G,5.2213664054870605,6.908515453338623
74,Fc1ccc(-c2ccc(Nc3cccc(F)c3)nn2)cc1,0,GCN-CfC final,-1.7983530759811401,6.374349594116211
75,S=c1[nH]nc(-c2ccc3ccccc3n2)n1-c1ccc2c(c1)OCCO2,0,GCN h_G,-5.415163993835449,9.087861061096191
75,S=c1[nH]nc(-c2ccc3ccccc3n2)n1-c1ccc2c(c1)OCCO2,0,GCN-CfC final,10.883551597595215,1.8874900341033936
76,CC1(C)CC(NC(=O)N2c3ccccc3Sc3ccccc32)CC(C)(C)N1,0,GCN h_G,3.7842507362365723,0.09308437258005142
76,CC1(C)CC(NC(=O)N2c3ccccc3Sc3ccccc32)CC(C)(C)N1,0,GCN-CfC final,-3.7991394996643066,3.6141650676727295
77,Cc1c(-c2cc3ccccc3n2Cc2ccoc2)nc2cc(C(=O)N3CCC[C@@H](N)C3)ccn12,1,GCN h_G,26.302751541137695,-4.413751125335693
77,Cc1c(-c2cc3ccccc3n2Cc2ccoc2)nc2cc(C(=O)N3CCC[C@@H](N)C3)ccn12,1,GCN-CfC final,-28.916059494018555,2.8794288635253906
78,Cc1cccc(C)c1NC(=O)CSc1nnc(C2CCCCC2)o1,0,GCN h_G,-17.83991241455078,8.048176765441895
78,Cc1cccc(C)c1NC(=O)CSc1nnc(C2CCCCC2)o1,0,GCN-CfC final,28.260578155517578,2.7828316688537598
79,COc1cc(C(=O)N2CC3CCC2[C@@H]3N)cc2nc(-c3cc4ccc(-c5[nH]ccc(=O)c5F)nc4n3CC3CC3)n(C)c12,1,GCN h_G,36.012046813964844,-6.4853339195251465
79,COc1cc(C(=O)N2CC3CCC2[C@@H]3N)cc2nc(-c3cc4ccc(-c5[nH]ccc(=O)c5F)nc4n3CC3CC3)n(C)c12,1,GCN-CfC final,-40.0604248046875,1.9604911804199219
80,COc1cc(C(=O)N2CC3CCC2[C@@H]3N)cc2nc(-c3cc4ccc(-c5ccc(N6CCCC(O)C6=O)c(F)c5)nc4n3CC3CC3)n(C)c12,1,GCN h_G,39.043678283691406,-4.0178937911987305
80,COc1cc(C(=O)N2CC3CCC2[C@@H]3N)cc2nc(-c3cc4ccc(-c5ccc(N6CCCC(O)C6=O)c(F)c5)nc4n3CC3CC3)n(C)c12,1,GCN-CfC final,-42.02976608276367,1.5742391347885132
81,COc1ccc(N)cc1-n1c(C)ccc1C,0,GCN h_G,8.345086097717285,5.765617370605469
81,COc1ccc(N)cc1-n1c(C)ccc1C,0,GCN-CfC final,-5.376949787139893,4.177422523498535
82,Cc1cc(C)n(/N=C/c2cccs2)c(=O)c1C#N,0,GCN h_G,-9.508854866027832,-0.42665791511535645
82,Cc1cc(C)n(/N=C/c2cccs2)c(=O)c1C#N,0,GCN-CfC final,12.056278228759766,1.9156198501586914
83,COc1ccc(C(=O)CSC#N)cc1OC,0,GCN h_G,-7.005396842956543,-13.367167472839355
83,COc1ccc(C(=O)CSC#N)cc1OC,0,GCN-CfC final,-7.2184295654296875,-2.9204330444335938
84,O=C1OCCN1C(=O)[C@H]1[C@H](c2ccc(Cl)cc2)C(c2ccc(F)cc2)=NN1c1ccccc1,0,GCN h_G,-10.248185157775879,-7.219336986541748
84,O=C1OCCN1C(=O)[C@H]1[C@H](c2ccc(Cl)cc2)C(c2ccc(F)cc2)=NN1c1ccccc1,0,GCN-CfC final,16.60407829284668,5.771756172180176
85,CCOC(=O)c1[nH]c2c(c1-c1ccccc1)C(=O)CC(c1ccc(Cl)cc1)C2,0,GCN h_G,-10.69580364227295,-8.110655784606934
85,CCOC(=O)c1[nH]c2c(c1-c1ccccc1)C(=O)CC(c1ccc(Cl)cc1)C2,0,GCN-CfC final,8.33749008178711,-1.7763642072677612
86,COc1cc(C(=O)N2CCC[C@@H](N)C2)cc2nc(-c3ccc(C(=O)N(Cc4ccccc4)c4ccccc4)n3CC3CC3)n(C)c12,0,GCN h_G,24.470661163330078,-3.323223114013672
86,COc1cc(C(=O)N2CCC[C@@H](N)C2)cc2nc(-c3ccc(C(=O)N(Cc4ccccc4)c4ccccc4)n3CC3CC3)n(C)c12,0,GCN-CfC final,-26.007415771484375,3.2459254264831543
87,CC(=O)Nc1cccc(-c2nnc(-c3ccccc3)o2)c1,0,GCN h_G,0.9224167466163635,12.275043487548828
87,CC(=O)Nc1cccc(-c2nnc(-c3ccccc3)o2)c1,0,GCN-CfC final,19.484926223754883,9.185036659240723
88,O=C1CCC(C(=O)OC(C(=O)c2c[nH]c3ccccc23)c2ccccc2)=NN1,0,GCN h_G,-9.454753875732422,-7.220431804656982
88,O=C1CCC(C(=O)OC(C(=O)c2c[nH]c3ccccc23)c2ccccc2)=NN1,0,GCN-CfC final,8.843518257141113,-0.8033167719841003
89,O=C(CSS(=O)(=O)[O-])N1CCN(C(=O)c2ccoc2)CC1.[Na+],0,GCN h_G,-28.94654655456543,-5.066882610321045
89,O=C(CSS(=O)(=O)[O-])N1CCN(C(=O)c2ccoc2)CC1.[Na+],0,GCN-CfC final,28.262527465820312,-6.201003551483154
90,O=C(COc1ccc(F)cc1)N/N=C/c1cccc2cccnc12,0,GCN h_G,3.174510955810547,5.51429557800293
90,O=C(COc1ccc(F)cc1)N/N=C/c1cccc2cccnc12,0,GCN-CfC final,-1.1698576211929321,5.245153427124023
91,COc1cc(C(=O)N2CC3CCC2[C@@H]3N)cc2nc(-c3cc4ccc(-c5ccc(CC(N)=O)cc5)nc4n3CC3CC3)n(C)c12,1,GCN h_G,40.708160400390625,-3.370535135269165
91,COc1cc(C(=O)N2CC3CCC2[C@@H]3N)cc2nc(-c3cc4ccc(-c5ccc(CC(N)=O)cc5)nc4n3CC3CC3)n(C)c12,1,GCN-CfC final,-47.626338958740234,0.3753640055656433
92,COc1ccc(CN2CC[C@H]3C=CCc4cccc(c43)C2)cc1,0,GCN h_G,-2.079735517501831,-6.094276428222656
92,COc1ccc(CN2CC[C@H]3C=CCc4cccc(c43)C2)cc1,0,GCN-CfC final,-6.5440993309021,-2.350133180618286
93,COc1ccc(/C=N\N=C(N)N)cc1.O=[N+]([O-])O,0,GCN h_G,-12.324265480041504,8.061738014221191
93,COc1ccc(/C=N\N=C(N)N)cc1.O=[N+]([O-])O,0,GCN-CfC final,6.491246700286865,0.6328485608100891
94,COc1cccc(/C=N/NC(=O)c2cnn(-c3ccccc3)c2N)c1,0,GCN h_G,3.0929057598114014,6.410616397857666
94,COc1cccc(/C=N/NC(=O)c2cnn(-c3ccccc3)c2N)c1,0,GCN-CfC final,-0.6430153250694275,5.788478851318359
95,COc1cc(C(=O)N2CC3CCC2[C@@H]3N)cc2nc(-c3cc4ccc(-c5cnc(C(N)=O)c(F)c5)nc4n3CC3CC3)n(C)c12,1,GCN h_G,41.84780502319336,-2.594989538192749
95,COc1cc(C(=O)N2CC3CCC2[C@@H]3N)cc2nc(-c3cc4ccc(-c5cnc(C(N)=O)c(F)c5)nc4n3CC3CC3)n(C)c12,1,GCN-CfC final,-49.75606155395508,-0.2957891523838043
96,COc1cccc(Cn2c(-c3nc4cc(C(=O)N5CCC[C@@H](N)C5)ccn4c3C)cc3cc(F)ccc32)c1,1,GCN h_G,27.50933074951172,-4.708373069763184
96,COc1cccc(Cn2c(-c3nc4cc(C(=O)N5CCC[C@@H](N)C5)ccn4c3C)cc3cc(F)ccc32)c1,1,GCN-CfC final,-31.040685653686523,2.793585777282715
97,Cc1noc(NC(=O)c2ccc(Cl)cc2)c1Cl,0,GCN h_G,-5.359526634216309,12.15719985961914
97,Cc1noc(NC(=O)c2ccc(Cl)cc2)c1Cl,0,GCN-CfC final,24.083232879638672,6.183614730834961
98,CCOC(=O)CSC1=NC(=O)/C(=C\c2ccc(OC(C)=O)cc2)S1,0,GCN h_G,-23.821819305419922,3.9953269958496094
98,CCOC(=O)CSC1=NC(=O)/C(=C\c2ccc(OC(C)=O)cc2)S1,0,GCN-CfC final,23.7244930267334,-2.538774013519287
99,C=CCn1sc(N)c(C(=O)OCC)c1=S,0,GCN h_G,-18.120559692382812,-4.445223808288574
99,C=CCn1sc(N)c(C(=O)OCC)c1=S,0,GCN-CfC final,14.537370681762695,-10.136955261230469
100,CC(c1nc2ccccc2s1)N(C)C(=O)c1ccccc1F,0,GCN h_G,6.1275153160095215,11.663460731506348
100,CC(c1nc2ccccc2s1)N(C)C(=O)c1ccccc1F,0,GCN-CfC final,14.561464309692383,8.684492111206055
101,COCCn1c(C)cc(C(=O)COC(=O)c2ccc(N3CCCC3=O)cc2)c1C,0,GCN h_G,-20.71587371826172,-6.291887283325195
101,COCCn1c(C)cc(C(=O)COC(=O)c2ccc(N3CCCC3=O)cc2)c1C,0,GCN-CfC final,0.6606627702713013,-6.0226945877075195
102,CC1CCC2(CC1)SCC(=O)N2c1ccc(F)cc1,0,GCN h_G,-22.23410987854004,-11.104854583740234
102,CC1CCC2(CC1)SCC(=O)N2c1ccc(F)cc1,0,GCN-CfC final,21.97937774658203,-6.164899826049805
103,O=C1C(Cl)=C(N2CCOCC2)C(=O)N1c1cccc(C(F)(F)F)c1,0,GCN h_G,-19.43210220336914,-11.743230819702148
103,O=C1C(Cl)=C(N2CCOCC2)C(=O)N1c1cccc(C(F)(F)F)c1,0,GCN-CfC final,3.4512624740600586,-9.821521759033203
104,COc1ncc(-c2ccc3cc(-c4nc5cc(C(=O)N6CC7CCC6[C@@H]7N)cc(OC)c5n4C)n(CC4CC4)c3n2)cc1O,1,GCN h_G,39.00631332397461,-5.175509929656982
104,COc1ncc(-c2ccc3cc(-c4nc5cc(C(=O)N6CC7CCC6[C@@H]7N)cc(OC)c5n4C)n(CC4CC4)c3n2)cc1O,1,GCN-CfC final,-44.554561614990234,2.1110591888427734
105,COc1cc(C(=O)N2C[C@H](N)C[C@@H](F)C2)cc2nc(-c3cc4ccc(-c5cccc(O)c5F)nc4n3CC3CC3)n(C)c12,1,GCN h_G,34.38005828857422,2.844548225402832
105,COc1cc(C(=O)N2C[C@H](N)C[C@@H](F)C2)cc2nc(-c3cc4ccc(-c5cccc(O)c5F)nc4n3CC3CC3)n(C)c12,1,GCN-CfC final,-39.04457092285156,0.1489419937133789
106,CC(C)c1nccn1CCN1C(=O)NC(C)(C)C1=O,0,GCN h_G,2.5532126426696777,-9.024904251098633
106,CC(C)c1nccn1CCN1C(=O)NC(C)(C)C1=O,0,GCN-CfC final,-5.025982856750488,-0.34978270530700684
107,CC(C)C(=O)N(c1cc2sc(=O)oc2c2ccccc12)S(=O)(=O)c1cccs1,0,GCN h_G,-7.141375541687012,9.838351249694824
107,CC(C)C(=O)N(c1cc2sc(=O)oc2c2ccccc12)S(=O)(=O)c1cccs1,0,GCN-CfC final,23.105527877807617,3.4436283111572266
108,Cc1oc2c(c1C(=O)NCc1cccnc1)C(=O)c1ccccc1C2=O,0,GCN h_G,-9.842366218566895,-13.737712860107422
108,Cc1oc2c(c1C(=O)NCc1cccnc1)C(=O)c1ccccc1C2=O,0,GCN-CfC final,-6.0784101486206055,-5.08675479888916
109,COc1cc(C(=O)N2C[C@H](N)C[C@@H](F)C2)cc2nc(-c3cc4ccc(-c5cc(Cl)c(O)cc5C)nc4n3CC3CC3)n(C)c12,1,GCN h_G,33.258331298828125,3.2261788845062256
109,COc1cc(C(=O)N2C[C@H](N)C[C@@H](F)C2)cc2nc(-c3cc4ccc(-c5cc(Cl)c(O)cc5C)nc4n3CC3CC3)n(C)c12,1,GCN-CfC final,-37.64137268066406,0.0042304666712880135
110,Cc1cccc(NC(=S)N2CCCCCC2)c1,0,GCN h_G,-27.973384857177734,3.3876473903656006
110,Cc1cccc(NC(=S)N2CCCCCC2)c1,0,GCN-CfC final,24.978368759155273,-2.009357452392578
111,CCC1c2ccc(C)n2CCN1C(=O)Nc1cc(Cl)ccc1OC,0,GCN h_G,-5.912614345550537,-8.710395812988281
111,CCC1c2ccc(C)n2CCN1C(=O)Nc1cc(Cl)ccc1OC,0,GCN-CfC final,5.961417198181152,-4.52897310256958
112,CC1CC(C)(C)NC(=S)N1CC(=O)N1CCN(Cc2ccccc2)CC1,0,GCN h_G,-27.33203125,-3.4669041633605957
112,CC1CC(C)(C)NC(=S)N1CC(=O)N1CCN(Cc2ccccc2)CC1,0,GCN-CfC final,7.699376583099365,-12.266074180603027
113,COc1cc(C(=O)N2C[C@H](N)C[C@@H](F)C2)cc2nc(-c3cc4ccc(-c5ccc(N6CCCC(O)C6=O)cc5)nc4n3CC3CC3)n(C)c12,1,GCN h_G,33.492332458496094,-0.27927345037460327
113,COc1cc(C(=O)N2C[C@H](N)C[C@@H](F)C2)cc2nc(-c3cc4ccc(-c5ccc(N6CCCC(O)C6=O)cc5)nc4n3CC3CC3)n(C)c12,1,GCN-CfC final,-35.477474212646484,1.6175158023834229
114,Cc1cccc(-n2cc[nH]c2=S)c1,0,GCN h_G,2.431644916534424,14.982451438903809
114,Cc1cccc(-n2cc[nH]c2=S)c1,0,GCN-CfC final,27.655797958374023,8.091073989868164
115,CC(C)(C)NC(=O)/C(=C/c1ccccc1F)NC(=O)c1ccc([N+](=O)[O-])cc1,0,GCN h_G,4.271759986877441,-2.6056268215179443
115,CC(C)(C)NC(=O)/C(=C/c1ccccc1F)NC(=O)c1ccc([N+](=O)[O-])cc1,0,GCN-CfC final,-9.541108131408691,0.6890661716461182
116,COc1cccc(C2CC(c3cccs3)=NN2C(=O)CSC2=NCCS2)c1OC,0,GCN h_G,-23.154964447021484,-8.80809211730957
116,COc1cccc(C2CC(c3cccs3)=NN2C(=O)CSC2=NCCS2)c1OC,0,GCN-CfC final,23.122655868530273,-4.042408466339111
117,O=C(O)c1ccc(Cl)c2c1C1C=CCC1C(c1ccccn1)N2,0,GCN h_G,-4.417415142059326,-9.630715370178223
117,O=C(O)c1ccc(Cl)c2c1C1C=CCC1C(c1ccccn1)N2,0,GCN-CfC final,-7.401768207550049,1.6012505292892456
118,CCOC(=O)Cn1c(=NC(=O)CSC(C)=O)sc2ccccc21,0,GCN h_G,-23.58858299255371,3.4350881576538086
118,CCOC(=O)Cn1c(=NC(=O)CSC(C)=O)sc2ccccc21,0,GCN-CfC final,26.835552215576172,-2.4099631309509277
119,O=[N+]([O-])c1ccc(Sc2nccn2Cc2ccccc2)c([N+](=O)[O-])c1,0,GCN h_G,-2.37751841545105,9.538704872131348
119,O=[N+]([O-])c1ccc(Sc2nccn2Cc2ccccc2)c([N+](=O)[O-])c1,0,GCN-CfC final,24.99251365661621,6.031754016876221
120,CCCN(Cc1nnc(-c2ccccc2Cl)o1)C(=O)c1cccc(S(=O)(=O)N2CCOCC2)c1,0,GCN h_G,-22.67649269104004,0.850532591342926
120,CCCN(Cc1nnc(-c2ccccc2Cl)o1)C(=O)c1cccc(S(=O)(=O)N2CCOCC2)c1,0,GCN-CfC final,25.84827995300293,-3.6243677139282227
121,COc1ccc2cc(-c3nc4cc(C(=O)N5CCC[C@@H](N)C5)ccn4c3C)n(Cc3ccc(F)cc3)c2c1,1,GCN h_G,27.258825302124023,-4.437747001647949
121,COc1ccc2cc(-c3nc4cc(C(=O)N5CCC[C@@H](N)C5)ccn4c3C)n(Cc3ccc(F)cc3)c2c1,1,GCN-CfC final,-29.89692497253418,2.8941028118133545
122,CCN(CC)c1ccc(N=Cc2cc(Br)ccc2O)cc1,0,GCN h_G,-6.28382682800293,-5.074498176574707
122,CCN(CC)c1ccc(N=Cc2cc(Br)ccc2O)cc1,0,GCN-CfC final,22.43982696533203,6.822634220123291
123,N#Cc1ccc(C23CC4(C2)[C@H](CN(P(=O)(c2ccccc2)c2ccccc2)[C@@H]4c2ccccc2)C3c2ccc(Cl)nc2)cc1,0,GCN h_G,3.9317526817321777,12.040472030639648
123,N#Cc1ccc(C23CC4(C2)[C@H](CN(P(=O)(c2ccccc2)c2ccccc2)[C@@H]4c2ccccc2)C3c2ccc(Cl)nc2)cc1,0,GCN-CfC final,17.87982940673828,7.786160469055176
124,COc1ccc(-c2nc3ccccc3n2OC(=O)N(C)C)cc1,0,GCN h_G,3.142817497253418,10.668815612792969
124,COc1ccc(-c2nc3ccccc3n2OC(=O)N(C)C)cc1,0,GCN-CfC final,14.003644943237305,8.101935386657715
125,N=C(CCl)NCCCc1cn(Cc2ccccc2)c2ccccc12,1,GCN h_G,24.80204963684082,-5.28619384765625
125,N=C(CCl)NCCCc1cn(Cc2ccccc2)c2ccccc12,1,GCN-CfC final,-27.560762405395508,4.389993190765381
126,O=c1c2ccccc2nc(/C=C/c2ccc(Br)cc2)n1CCO,0,GCN h_G,3.8328452110290527,10.329917907714844
126,O=c1c2ccccc2nc(/C=C/c2ccc(Br)cc2)n1CCO,0,GCN-CfC final,10.645387649536133,8.248794555664062
127,COc1cc(C(=O)N2C[C@H]3CC[C@@H]2[C@@H]3N)cc2nc(-c3cc4ccc(C5COC5)nc4n3CC3CC3)n(C)c12,1,GCN h_G,30.411304473876953,-2.660114288330078
127,COc1cc(C(=O)N2C[C@H]3CC[C@@H]2[C@@H]3N)cc2nc(-c3cc4ccc(C5COC5)nc4n3CC3CC3)n(C)c12,1,GCN-CfC final,-31.705968856811523,3.293487071990967
128,CC(=O)Oc1ccc(N(C(C)=O)S(=O)(=O)c2ccc(C)c([N+](=O)[O-])c2)cc1,0,GCN h_G,-11.304476737976074,7.062976837158203
128,CC(=O)Oc1ccc(N(C(C)=O)S(=O)(=O)c2ccc(C)c([N+](=O)[O-])c2)cc1,0,GCN-CfC final,20.865459442138672,3.390331983566284
129,COc1cc(C(=O)N2CC3CCC2[C@@H]3N)cc2nc(-c3cc4ccc(-c5cccc(S(N)(=O)=O)c5)nc4n3CC3CC3)n(C)c12,1,GCN h_G,39.47054672241211,-2.340095281600952
129,COc1cc(C(=O)N2CC3CCC2[C@@H]3N)cc2nc(-c3cc4ccc(-c5cccc(S(N)(=O)=O)c5)nc4n3CC3CC3)n(C)c12,1,GCN-CfC final,-45.339012145996094,1.7447829246520996
130,COc1cc(C(=O)N2C[C@H](N)C[C@@H](F)C2)cc2nc(-c3cc4ccc(-c5ccc(C6CNC(=O)N6)cc5)nc4n3CC3CC3)n(C)c12,1,GCN h_G,37.94660949707031,0.5324205160140991
130,COc1cc(C(=O)N2C[C@H](N)C[C@@H](F)C2)cc2nc(-c3cc4ccc(-c5ccc(C6CNC(=O)N6)cc5)nc4n3CC3CC3)n(C)c12,1,GCN-CfC final,-45.951053619384766,-1.6349202394485474
131,CCn1c(-c2cnn(-c3ccccc3)c2C2CC2)nc2cc(C(=O)N3CCC[C@@H](N)C3)ccc21,0,GCN h_G,22.48467445373535,-2.8880138397216797
131,CCn1c(-c2cnn(-c3ccccc3)c2C2CC2)nc2cc(C(=O)N3CCC[C@@H](N)C3)ccc21,0,GCN-CfC final,-13.206064224243164,0.603070855140686
132,Cn1c(=O)c(C(=O)Nc2ccccc2S(N)(=O)=O)c(O)c2ccccc21,0,GCN h_G,0.20761407911777496,4.318066596984863
132,Cn1c(=O)c(C(=O)Nc2ccccc2S(N)(=O)=O)c(O)c2ccccc21,0,GCN-CfC final,2.6077163219451904,0.985882043838501
133,CC(=O)Nc1cccc(NC=C(C#N)C#N)c1,0,GCN h_G,2.9843316078186035,-5.200664520263672
133,CC(=O)Nc1cccc(NC=C(C#N)C#N)c1,0,GCN-CfC final,-5.900865077972412,0.6617711782455444
134,Cc1nn(CC(=O)N2CCOCC2)c(=O)c2ccccc12,0,GCN h_G,-26.530445098876953,-5.248481273651123
134,Cc1nn(CC(=O)N2CCOCC2)c(=O)c2ccccc12,0,GCN-CfC final,26.914627075195312,-4.739997863769531
135,CCOC(=O)c1c2c3c(cccc3n(C)c1=O)C(=O)c1ccccc1-2,0,GCN h_G,-12.448104858398438,-10.917173385620117
135,CCOC(=O)c1c2c3c(cccc3n(C)c1=O)C(=O)c1ccccc1-2,0,GCN-CfC final,-2.670074939727783,-8.110795974731445
136,O=C(NCc1cccnc1)c1ccc(Cl)cc1[N+](=O)[O-],0,GCN h_G,-1.763150930404663,7.699570178985596
136,O=C(NCc1cccnc1)c1ccc(Cl)cc1[N+](=O)[O-],0,GCN-CfC final,11.923008918762207,4.414509296417236
137,CCOc1ccc(-c2cc(C(=O)NCCCN3CCN(CC)CC3)c3ccccc3n2)cc1,0,GCN h_G,-21.25434112548828,2.1366467475891113
137,CCOc1ccc(-c2cc(C(=O)NCCCN3CCN(CC)CC3)c3ccccc3n2)cc1,0,GCN-CfC final,11.185734748840332,-6.168671607971191
138,COc1cc(C(=O)N2C[C@H](N)C[C@@H](F)C2)cc2nc(-c3cc4ccc(-c5c(F)ccc(O)c5Cl)nc4n3CC3CC3)n(C)c12,1,GCN h_G,34.74639892578125,3.395622491836548
138,COc1cc(C(=O)N2C[C@H](N)C[C@@H](F)C2)cc2nc(-c3cc4ccc(-c5c(F)ccc(O)c5Cl)nc4n3CC3CC3)n(C)c12,1,GCN-CfC final,-40.009464263916016,-1.1304070949554443
139,COC(=O)Nc1ccc(-c2ccc3cc(-c4nc5cc(C(=O)N6CC7CCC6[C@@H]7N)cc(OC)c5n4C)n(CC4CC4)c3c2)cc1,1,GCN h_G,41.05976104736328,-7.9587016105651855
139,COC(=O)Nc1ccc(-c2ccc3cc(-c4nc5cc(C(=O)N6CC7CCC6[C@@H]7N)cc(OC)c5n4C)n(CC4CC4)c3c2)cc1,1,GCN-CfC final,-44.28333282470703,1.2334753274917603
140,CCOc1ccc(S(=O)(=O)Nc2nc3ccccc3nc2Nc2ccc(N3CCOCC3)cc2)cc1,0,GCN h_G,-3.4088141918182373,7.457052707672119
140,CCOc1ccc(S(=O)(=O)Nc2nc3ccccc3nc2Nc2ccc(N3CCOCC3)cc2)cc1,0,GCN-CfC final,14.348013877868652,1.872945785522461
141,COc1ccccc1NC(=S)N1CCN(c2ccccn2)CC1,0,GCN h_G,-20.519001007080078,6.716377258300781
141,COc1ccccc1NC(=S)N1CCN(c2ccccn2)CC1,0,GCN-CfC final,17.88260841369629,-2.6374878883361816
142,CCOC(=O)c1sc(-c2ccccc2)cc1NC(=O)c1ccc(S(=O)(=O)N(CCOC)CCOC)cc1,0,GCN h_G,-14.328790664672852,3.1766045093536377
142,CCOC(=O)c1sc(-c2ccccc2)cc1NC(=O)c1ccc(S(=O)(=O)N(CCOC)CCOC)cc1,0,GCN-CfC final,12.340876579284668,0.008590184152126312
143,Cn1c(-c2ccc(Cc3ccccc3)n2CC2CC2)nc2cc(C(=O)N3CCC[C@@H](N)C3)cnc21,1,GCN h_G,25.963489532470703,-2.952115297317505
143,Cn1c(-c2ccc(Cc3ccccc3)n2CC2CC2)nc2cc(C(=O)N3CCC[C@@H](N)C3)cnc21,1,GCN-CfC final,-27.811843872070312,3.4742953777313232
144,CC1=C(C(=O)OC2CCCCC2)C(c2ccc(C)o2)C2=C(CC(C)(C)CC2=O)N1,0,GCN h_G,-18.759998321533203,-11.652139663696289
144,CC1=C(C(=O)OC2CCCCC2)C(c2ccc(C)o2)C2=C(CC(C)(C)CC2=O)N1,0,GCN-CfC final,16.80622673034668,-11.585956573486328
145,CC(C)N1OC2CC1c1nc3ccccc3n1C2,0,GCN h_G,-6.1336517333984375,-2.756002902984619
145,CC(C)N1OC2CC1c1nc3ccccc3n1C2,0,GCN-CfC final,6.26181697845459,-4.975754737854004
146,Cl.O=C(NC1CCN(Cc2ccccc2)CC1)c1cccc(S(=O)(=O)Nc2ccc(SC(F)F)cc2)c1,0,GCN h_G,1.56798255443573,0.5905137658119202
146,Cl.O=C(NC1CCN(Cc2ccccc2)CC1)c1cccc(S(=O)(=O)Nc2ccc(SC(F)F)cc2)c1,0,GCN-CfC final,-0.23019467294216156,3.826725721359253
147,N#Cc1cccc(CS(=O)(=O)c2ccc(Cl)cc2)c1,0,GCN h_G,0.17536479234695435,1.9360886812210083
147,N#Cc1cccc(CS(=O)(=O)c2ccc(Cl)cc2)c1,0,GCN-CfC final,2.1531193256378174,3.0144150257110596
148,CCOc1cc2c(cc1/C=C/c1noc(C)c1[N+](=O)[O-])OC(C)C2,0,GCN h_G,-19.275354385375977,0.1283147633075714
148,CCOc1cc2c(cc1/C=C/c1noc(C)c1[N+](=O)[O-])OC(C)C2,0,GCN-CfC final,14.125380516052246,-7.186556816101074
149,O=C(O)c1ccccc1CSc1nc2ccccc2s1,0,GCN h_G,-4.304378509521484,14.974895477294922
149,O=C(O)c1ccccc1CSc1nc2ccccc2s1,0,GCN-CfC final,24.247520446777344,5.010193347930908
150,CCC(C)N=CC1=C(O)CC(c2ccccc2)CC1=O,0,GCN h_G,-14.734674453735352,-9.271225929260254
150,CCC(C)N=CC1=C(O)CC(c2ccccc2)CC1=O,0,GCN-CfC final,7.45540189743042,-2.847938060760498
151,O=C(CSc1nc2ccccc2[nH]1)NCCN1CCCCC1,0,GCN h_G,-22.203256607055664,1.7889418601989746
151,O=C(CSc1nc2ccccc2[nH]1)NCCN1CCCCC1,0,GCN-CfC final,20.32892417907715,-4.186135292053223
152,COc1cc(C(=O)N2CC3CCC2[C@@H]3N)cc2nc(-c3cc4ccc(C5=CC6NC(=O)N=C6N=C5)cc4n3CC3CC3)n(C)c12,1,GCN h_G,43.316837310791016,0.7103549242019653
152,COc1cc(C(=O)N2CC3CCC2[C@@H]3N)cc2nc(-c3cc4ccc(C5=CC6NC(=O)N=C6N=C5)cc4n3CC3CC3)n(C)c12,1,GCN-CfC final,-52.65312576293945,-1.8668826818466187
153,CCn1ncc(Br)c1C(=O)Nc1ccc(C(C)C)cc1,0,GCN h_G,-8.306010246276855,-2.978313446044922
153,CCn1ncc(Br)c1C(=O)Nc1ccc(C(C)C)cc1,0,GCN-CfC final,27.877138137817383,2.9326624870300293
154,CC(=O)Nc1ccc(SCC(=O)NC(=O)c2ccc(S(=O)(=O)N(C)C)cc2)cc1,0,GCN h_G,0.758561909198761,0.502560555934906
154,CC(=O)Nc1ccc(SCC(=O)NC(=O)c2ccc(S(=O)(=O)N(C)C)cc2)cc1,0,GCN-CfC final,8.248801231384277,5.540380001068115
155,COc1cc(C(=O)N2C[C@H](N)C[C@@H](F)C2)cc2nc(-c3cc4ccc(N5CCC6(CC5)CN(C)C(=O)O6)cc4n3CC3CC3)n(C)c12,1,GCN h_G,47.669281005859375,-0.49627867341041565
155,COc1cc(C(=O)N2C[C@H](N)C[C@@H](F)C2)cc2nc(-c3cc4ccc(N5CCC6(CC5)CN(C)C(=O)O6)cc4n3CC3CC3)n(C)c12,1,GCN-CfC final,-34.690093994140625,-1.0108447074890137
156,Cc1c(-c2cc3ccccc3n2Cc2ccc(F)cn2)nc2cc(C(=O)N3CCC[C@@H](N)C3)ccn12,1,GCN h_G,26.90645408630371,-4.184566497802734
156,Cc1c(-c2cc3ccccc3n2Cc2ccc(F)cn2)nc2cc(C(=O)N3CCC[C@@H](N)C3)ccn12,1,GCN-CfC final,-29.52335548400879,3.132646083831787
157,Cc1cccc(CN2CCN(Cc3cnn(-c4ccccc4F)c3)CC2CCO)n1,0,GCN h_G,-23.424800872802734,7.092846393585205
157,Cc1cccc(CN2CCN(Cc3cnn(-c4ccccc4F)c3)CC2CCO)n1,0,GCN-CfC final,16.58401107788086,-3.150139093399048
158,COc1ccc2[nH]cc(CCNC(=O)Nc3ccccc3)c2c1,0,GCN h_G,3.7890849113464355,6.2558465003967285
158,COc1ccc2[nH]cc(CCNC(=O)Nc3ccccc3)c2c1,0,GCN-CfC final,-1.7856184244155884,5.8223443031311035
159,CCn1c(-c2cnc(-c3ccccc3)n2CC2CC2)nc2cc(C(=O)N3CCC[C@@H](N)C3)ccc21,1,GCN h_G,25.747346878051758,-3.2501797676086426
159,CCn1c(-c2cnc(-c3ccccc3)n2CC2CC2)nc2cc(C(=O)N3CCC[C@@H](N)C3)ccc21,1,GCN-CfC final,-27.76343536376953,2.9392714500427246
160,Cc1ccccc1C(=O)NCC(=O)Nc1ccccc1C(F)(F)F,0,GCN h_G,4.02295446395874,3.2354023456573486
160,Cc1ccccc1C(=O)NCC(=O)Nc1ccccc1C(F)(F)F,0,GCN-CfC final,-2.9182212352752686,4.139387607574463
161,O=C1CN(C(=O)COc2ccc([N+](=O)[O-])cc2Cl)c2ccccc2N1,0,GCN h_G,-13.735560417175293,7.140066146850586
161,O=C1CN(C(=O)COc2ccc([N+](=O)[O-])cc2Cl)c2ccccc2N1,0,GCN-CfC final,21.692771911621094,1.8806071281433105
162,COC(=O)C1=CC(=O)N=C2C=CC(c3ccc4cc(-c5nc6cc(C(=O)N7CC8CCC7[C@@H]8N)cc(OC)c6n5C)n(CC5CC5)c4c3)C=C12,1,GCN h_G,43.44829177856445,2.036626100540161
162,COC(=O)C1=CC(=O)N=C2C=CC(c3ccc4cc(-c5nc6cc(C(=O)N7CC8CCC7[C@@H]8N)cc(OC)c6n5C)n(CC5CC5)c4c3)C=C12,1,GCN-CfC final,-50.74293899536133,-2.3400726318359375
163,COC(=O)c1cn(-c2ccccc2)c(C)c1C(=O)OC,0,GCN h_G,-9.708168029785156,-13.583855628967285
163,COC(=O)c1cn(-c2ccccc2)c(C)c1C(=O)OC,0,GCN-CfC final,-6.053277969360352,-4.964785575866699
164,CCN(CC(=O)Nc1c(F)cccc1F)C(=O)Cc1ccc(OC)c(S(=O)(=O)N2CCOCC2)c1,0,GCN h_G,-22.11600685119629,-1.4766703844070435
164,CCN(CC(=O)Nc1c(F)cccc1F)C(=O)Cc1ccc(OC)c(S(=O)(=O)N2CCOCC2)c1,0,GCN-CfC final,11.897716522216797,-8.583008766174316
165,COc1cc(C(=O)N2C[C@H](N)C[C@@H](F)C2)cc2nc(-c3cc4ccc(-c5c(C)ccc(O)c5C)nc4n3CC3CC3)n(C)c12,1,GCN h_G,32.541290283203125,3.097003936767578
165,COc1cc(C(=O)N2C[C@H](N)C[C@@H](F)C2)cc2nc(-c3cc4ccc(-c5c(C)ccc(O)c5C)nc4n3CC3CC3)n(C)c12,1,GCN-CfC final,-38.09794998168945,-1.2091162204742432
166,Cc1ccc(-n2ncc(C#N)c2/N=C/N2CCN(C)CC2)cc1,0,GCN h_G,-24.82497215270996,-6.699160575866699
166,Cc1ccc(-n2ncc(C#N)c2/N=C/N2CCN(C)CC2)cc1,0,GCN-CfC final,19.596229553222656,-2.7684195041656494
167,O=C(COC(=O)c1ccccc1SCC(=O)N1CCCC1)Nc1ccc(OC(F)F)cc1,0,GCN h_G,-20.09206199645996,3.59270977973938
167,O=C(COC(=O)c1ccccc1SCC(=O)N1CCCC1)Nc1ccc(OC(F)F)cc1,0,GCN-CfC final,22.033252716064453,-2.060331106185913
168,CC1CCN(c2nc3c(=O)[nH]c(N)nc3n2[C@@H]2O[C@H](CO)[C@@H](O)[C@H]2O)CC1,0,GCN h_G,-23.603078842163086,-3.2852792739868164
168,CC1CCN(c2nc3c(=O)[nH]c(N)nc3n2[C@@H]2O[C@H](CO)[C@@H](O)[C@H]2O)CC1,0,GCN-CfC final,12.474966049194336,-9.116918563842773
169,CN(c1ccc(C(=O)NCCCn2ccnc2)cc1)S(C)(=O)=O,0,GCN h_G,5.987183570861816,-3.253232002258301
169,CN(c1ccc(C(=O)NCCCn2ccnc2)cc1)S(C)(=O)=O,0,GCN-CfC final,-9.9988374710083,0.12780475616455078
170,Cn1c(-c2cc3ccc(-c4ccc5[nH]c(=O)[nH]c(=O)c5c4)cc3n2CC2CC2)nc2cc(C(=O)N3C[C@H](N)C[C@@H](F)C3)cc(F)c21,1,GCN h_G,33.62492370605469,5.183324813842773
170,Cn1c(-c2cc3ccc(-c4ccc5[nH]c(=O)[nH]c(=O)c5c4)cc3n2CC2CC2)nc2cc(C(=O)N3C[C@H](N)C[C@@H](F)C3)cc(F)c21,1,GCN-CfC final,-40.32945251464844,-0.2570153772830963
171,COc1cc(C(=O)N2CC3CCC2[C@@H]3N)cc2nc(-c3cc4ccc(-c5cccc(C(N)=O)c5F)nc4n3CC3CC3)n(C)c12,1,GCN h_G,40.623390197753906,-4.395143508911133
171,COc1cc(C(=O)N2CC3CCC2[C@@H]3N)cc2nc(-c3cc4ccc(-c5cccc(C(N)=O)c5F)nc4n3CC3CC3)n(C)c12,1,GCN-CfC final,-45.41737365722656,0.6995995044708252
172,Cc1cc(C(=O)Nc2ccc3c(c2)CCC3)ccc1[N+](=O)[O-],0,GCN h_G,0.5477247834205627,-6.326237201690674
172,Cc1cc(C(=O)Nc2ccc3c(c2)CCC3)ccc1[N+](=O)[O-],0,GCN-CfC final,-5.4942803382873535,-1.160037875175476
173,CCCCOc1ccc(CSc2nc(C)[nH]c2[N+](=O)[O-])cc1[N+](=O)[O-],0,GCN h_G,-14.970796585083008,9.972719192504883
173,CCCCOc1ccc(CSc2nc(C)[nH]c2[N+](=O)[O-])cc1[N+](=O)[O-],0,GCN-CfC final,30.068235397338867,2.7082114219665527
174,CC(C)c1oc(=O)cc2c1[C@@H](O)[C@H]1OC(=O)[C@@]3(C)CC[C@@H](O)[C@@]2(C)C13,0,GCN h_G,-19.237974166870117,-15.198624610900879
174,CC(C)c1oc(=O)cc2c1[C@@H](O)[C@H]1OC(=O)[C@@]3(C)CC[C@@H](O)[C@@]2(C)C13,0,GCN-CfC final,27.2203369140625,0.44128966331481934
175,CCc1cc2c(SCC(=O)Nc3cc(C)on3)ncnc2s1,0,GCN h_G,-16.15867805480957,7.620998382568359
175,CCc1cc2c(SCC(=O)Nc3cc(C)on3)ncnc2s1,0,GCN-CfC final,15.779098510742188,-1.132127046585083
176,COc1cc(C(=O)N2CC3CCC2[C@@H]3N)cc2nc(-c3cc4ccc(Nc5ccc(N)cc5)nc4n3CC3CC3)n(C)c12,1,GCN h_G,39.40707015991211,-8.281871795654297
176,COc1cc(C(=O)N2CC3CCC2[C@@H]3N)cc2nc(-c3cc4ccc(Nc5ccc(N)cc5)nc4n3CC3CC3)n(C)c12,1,GCN-CfC final,-43.70543670654297,3.3088538646698
177,C=CCn1c(SCC(=O)Nc2nc3ccccc3s2)nc(O)c(CC)c1=O,0,GCN h_G,-12.015935897827148,10.185774803161621
177,C=CCn1c(SCC(=O)Nc2nc3ccccc3s2)nc(O)c(CC)c1=O,0,GCN-CfC final,14.26508903503418,-0.3858157694339752
178,COc1cc(C(=O)N2CC3CCC2[C@@H]3N)cc2nc(-c3cc4ccc(CCN5CCOC5=O)cc4n3CC3CC3)n(C)c12,1,GCN h_G,46.5019645690918,-1.1804115772247314
178,COc1cc(C(=O)N2CC3CCC2[C@@H]3N)cc2nc(-c3cc4ccc(CCN5CCOC5=O)cc4n3CC3CC3)n(C)c12,1,GCN-CfC final,-47.558876037597656,5.307981967926025
179,COc1cc(-c2ccc3cc(-c4nc5cc(C(=O)N6C[C@H](N)C[C@@H](F)C6)cc(OC)c5n4C)n(CC4CC4)c3n2)c(F)cc1CO,1,GCN h_G,36.278541564941406,2.8494768142700195
179,COc1cc(-c2ccc3cc(-c4nc5cc(C(=O)N6C[C@H](N)C[C@@H](F)C6)cc(OC)c5n4C)n(CC4CC4)c3n2)c(F)cc1CO,1,GCN-CfC final,-41.772525787353516,-1.3804409503936768
180,Cn1c(-c2ccc(-c3ccccc3)n2CC2CC2)nc2cc(C(=O)N3CC[C@@H]4CCN[C@@H]4C3)ccc21,1,GCN h_G,24.879880905151367,-3.953885316848755
180,Cn1c(-c2ccc(-c3ccccc3)n2CC2CC2)nc2cc(C(=O)N3CC[C@@H]4CCN[C@@H]4C3)ccc21,1,GCN-CfC final,-27.107580184936523,3.4055137634277344
181,O=C1NC(=O)/C(=C/c2ccc(OS(=O)(=O)c3ccc(F)cc3F)cc2)N1,0,GCN h_G,-1.8392783403396606,1.1345151662826538
181,O=C1NC(=O)/C(=C/c2ccc(OS(=O)(=O)c3ccc(F)cc3F)cc2)N1,0,GCN-CfC final,-9.798267364501953,-1.8149454593658447
182,COc1cc(C(=O)N2CC3CCC2[C@@H]3N)cc2nc(-c3cc4ccc(Nc5ccc6c(c5)CCC(=O)N6)nc4n3CC3CC3)n(C)c12,1,GCN h_G,38.839656829833984,-7.0152130126953125
182,COc1cc(C(=O)N2CC3CCC2[C@@H]3N)cc2nc(-c3cc4ccc(Nc5ccc6c(c5)CCC(=O)N6)nc4n3CC3CC3)n(C)c12,1,GCN-CfC final,-41.45462417602539,3.461965322494507
183,Cc1ccc(CN2CCc3c(OCc4ccc(F)cc4)cccc3C2=O)cc1,0,GCN h_G,-2.3633053302764893,-5.825493812561035
183,Cc1ccc(CN2CCc3c(OCc4ccc(F)cc4)cccc3C2=O)cc1,0,GCN-CfC final,0.2150367945432663,4.4457502365112305
184,COc1ccc(C(=O)C[n+]2ccc3c(c2)nc(-c2ccccc2)n3C)cc1.[Br-],0,GCN h_G,6.656585693359375,5.842923164367676
184,COc1ccc(C(=O)C[n+]2ccc3c(c2)nc(-c2ccccc2)n3C)cc1.[Br-],0,GCN-CfC final,-5.125799655914307,4.425685405731201
185,CCCOC(=O)C(C)n1cnc2scc(-c3ccc(C)cc3)c2c1=O,0,GCN h_G,-10.953339576721191,-6.137772560119629
185,CCCOC(=O)C(C)n1cnc2scc(-c3ccc(C)cc3)c2c1=O,0,GCN-CfC final,19.144046783447266,0.11992418020963669
186,Cc1ccc(-c2nn(-c3ccccn3)c(=O)c3ccccc23)cc1C,0,GCN h_G,6.011600971221924,12.732366561889648
186,Cc1ccc(-c2nn(-c3ccccn3)c(=O)c3ccccc23)cc1C,0,GCN-CfC final,14.461642265319824,9.40854549407959
187,COc1cc(C(=O)N2C[C@H](N)C[C@@H](F)C2)cc2nc(-c3cc4ccc(N5CCC6(CC5)CNC(=O)O6)cc4n3CC3CC3)n(C)c12,1,GCN h_G,47.56315994262695,-0.5831090807914734
187,COc1cc(C(=O)N2C[C@H](N)C[C@@H](F)C2)cc2nc(-c3cc4ccc(N5CCC6(CC5)CNC(=O)O6)cc4n3CC3CC3)n(C)c12,1,GCN-CfC final,-35.28446960449219,-1.528658390045166
188,COc1cc(C(=O)N2CC3CCC2[C@@H]3N)cc2nc(-c3cc4ccc(C5C=CC6=NC(=O)C=C(CO)C6=C5)nc4n3CC3CC3)n(C)c12,1,GCN h_G,42.97992706298828,1.7871739864349365
188,COc1cc(C(=O)N2CC3CCC2[C@@H]3N)cc2nc(-c3cc4ccc(C5C=CC6=NC(=O)C=C(CO)C6=C5)nc4n3CC3CC3)n(C)c12,1,GCN-CfC final,-50.36968231201172,-2.114931106567383
189,Brc1ccc(-c2csc3[n+]2CCCCC3)cc1.[Br-],0,GCN h_G,-14.091649055480957,-1.3160672187805176
189,Brc1ccc(-c2csc3[n+]2CCCCC3)cc1.[Br-],0,GCN-CfC final,11.109362602233887,-3.220655918121338
190,CCCCCn1c(=O)c2ccccc2n2c(=S)[nH]nc12,0,GCN h_G,-15.96076488494873,-2.8411855697631836
190,CCCCCn1c(=O)c2ccccc2n2c(=S)[nH]nc12,0,GCN-CfC final,15.533486366271973,-4.867459774017334
191,CN(C)c1ccc2cc(C(=O)N[C@@H](CCCN=C(N)CCl)C(=O)NCc3ccccc3)ccc2c1,1,GCN h_G,4.911916255950928,-4.327085494995117
191,CN(C)c1ccc2cc(C(=O)N[C@@H](CCCN=C(N)CCl)C(=O)NCc3ccccc3)ccc2c1,1,GCN-CfC final,-12.212291717529297,-0.10607541352510452
192,CNc1ccccc(-c2ccc3cc4c(cc3n2)OCO4)c1=O,0,GCN h_G,-4.856717586517334,7.486100673675537
192,CNc1ccccc(-c2ccc3cc4c(cc3n2)OCO4)c1=O,0,GCN-CfC final,2.808100461959839,2.2990219593048096
193,CC(C)NC(=O)CSc1c2c(nc3ccccc13)CCCC2,0,GCN h_G,-13.31473159790039,-1.7899084091186523
193,CC(C)NC(=O)CSc1c2c(nc3ccccc13)CCCC2,0,GCN-CfC final,11.736599922180176,-2.4587178230285645
194,COc1cc(C(=O)N2CC3CCC2[C@@H]3N)cc2nc(-c3cc4ccc(-c5ccc(C(N)=O)c(F)c5)nc4n3CC3CC3)n(C)c12,1,GCN h_G,41.55878448486328,-3.7068896293640137
194,COc1cc(C(=O)N2CC3CCC2[C@@H]3N)cc2nc(-c3cc4ccc(-c5ccc(C(N)=O)c(F)c5)nc4n3CC3CC3)n(C)c12,1,GCN-CfC final,-49.48537063598633,-0.3497200310230255
195,COC(=O)c1cc(-c2ccc3cc(-c4nc5cc(C(=O)N6C[C@H](N)C[C@@H](F)C6)cc(OC)c5n4C)n(CC4CC4)c3n2)n(C)n1,1,GCN h_G,34.64215087890625,1.232828974723816
195,COC(=O)c1cc(-c2ccc3cc(-c4nc5cc(C(=O)N6C[C@H](N)C[C@@H](F)C6)cc(OC)c5n4C)n(CC4CC4)c3n2)n(C)n1,1,GCN-CfC final,-37.09667205810547,0.9755034446716309
196,CCn1c(C(=O)NCc2cccnc2)cc2sc(Cl)cc21,0,GCN h_G,-7.008761882781982,4.629690170288086
196,CCn1c(C(=O)NCc2cccnc2)cc2sc(Cl)cc21,0,GCN-CfC final,-7.639763832092285,-1.444510579109192
197,CC(/C=C/c1ccc(N(C)C)cc1)=N/N=C1/NC(=O)CC(C(=O)Nc2ccc(Cl)cc2)S1,0,GCN h_G,-4.787773132324219,-4.217212677001953
197,CC(/C=C/c1ccc(N(C)C)cc1)=N/N=C1/NC(=O)CC(C(=O)Nc2ccc(Cl)cc2)S1,0,GCN-CfC final,14.541570663452148,4.9503278732299805
198,COC(=O)Cc1cnc(NC(=O)CSc2nc(C(C)C)cc(=O)[nH]2)s1,0,GCN h_G,-17.23200798034668,7.991030216217041
198,COC(=O)Cc1cnc(NC(=O)CSc2nc(C(C)C)cc(=O)[nH]2)s1,0,GCN-CfC final,28.790908813476562,2.689987897872925
199,O=C(Cc1cccs1)NNC(=S)NC(=O)c1ccc(F)c(F)c1,0,GCN h_G,3.0839385986328125,-3.578519821166992
199,O=C(Cc1cccs1)NNC(=S)NC(=O)c1ccc(F)c(F)c1,0,GCN-CfC final,-9.44632625579834,-0.6760634183883667
200,COc1cc(C(=O)N2CC3CCC2[C@@H]3N)cc2nc(-c3cc4ccc(-c5ccc6c(c5)C(=O)NCC6)nc4n3CC3CC3)n(C)c12,1,GCN h_G,42.36491775512695,-3.285688877105713
200,COc1cc(C(=O)N2CC3CCC2[C@@H]3N)cc2nc(-c3cc4ccc(-c5ccc6c(c5)C(=O)NCC6)nc4n3CC3CC3)n(C)c12,1,GCN-CfC final,-50.71118927001953,-0.7613053321838379
201,COc1cc(C(=O)N2CC3CCC2[C@@H]3N)cc2nc(-c3cc4ccc(C(C)O)cc4n3CC3CC3)n(Cc3cnn(C)c3)c12,1,GCN h_G,45.03124237060547,-7.316338539123535
201,COc1cc(C(=O)N2CC3CCC2[C@@H]3N)cc2nc(-c3cc4ccc(C(C)O)cc4n3CC3CC3)n(Cc3cnn(C)c3)c12,1,GCN-CfC final,-48.99074935913086,2.831245183944702
202,Cc1cc(C)c(Nc2cc(S(=O)(=O)[O-])c(N)c3c2C(=O)c2ccccc2C3=O)c(C)c1.[Na+],0,GCN h_G,-10.65406608581543,-10.641237258911133
202,Cc1cc(C)c(Nc2cc(S(=O)(=O)[O-])c(N)c3c2C(=O)c2ccccc2C3=O)c(C)c1.[Na+],0,GCN-CfC final,-1.932041883468628,-7.531092643737793
203,CCCc1c(-c2nc3cc(C(=O)N4CCC[C@@H](N)C4)ccc3n2C)cnn1-c1ccccc1,0,GCN h_G,21.913908004760742,-2.8232192993164062
203,CCCc1c(-c2nc3cc(C(=O)N4CCC[C@@H](N)C4)ccc3n2C)cnn1-c1ccccc1,0,GCN-CfC final,-12.766521453857422,0.5514832139015198
204,Cc1ccc(OCCC(=O)NNC(=O)c2cc(C)oc2C)cc1,0,GCN h_G,-6.920809268951416,-4.905886173248291
204,Cc1ccc(OCCC(=O)NNC(=O)c2cc(C)oc2C)cc1,0,GCN-CfC final,21.652585983276367,6.621152400970459
205,CC1(C)NC(=O)N(CCc2nn[nH]n2)C1=O,1,GCN h_G,7.574855804443359,-3.911571979522705
205,CC1(C)NC(=O)N(CCc2nn[nH]n2)C1=O,1,GCN-CfC final,-14.128637313842773,-0.24267201125621796
206,CCOC(=O)c1sc(NC(=O)CSc2nc(O)c(Cc3ccccc3)c(=O)[nH]2)nc1C,0,GCN h_G,-12.143455505371094,10.200159072875977
206,CCOC(=O)c1sc(NC(=O)CSc2nc(O)c(Cc3ccccc3)c(=O)[nH]2)nc1C,0,GCN-CfC final,21.283689498901367,0.647171139717102
207,NS(=O)(=O)c1ccc(S(=O)(=O)c2ccccc2)nc1,0,GCN h_G,0.2554117739200592,3.313445806503296
207,NS(=O)(=O)c1ccc(S(=O)(=O)c2ccccc2)nc1,0,GCN-CfC final,6.911456108093262,7.823045253753662
208,Nc1nnc2c(n1)CCCC2,0,GCN h_G,-31.019163131713867,-7.832573890686035
208,Nc1nnc2c(n1)CCCC2,0,GCN-CfC final,9.676230430603027,-10.0635347366333
209,O=C(COc1ccccc1)Nc1nc(-c2ccc(S(=O)(=O)N3CCOCC3)cc2)cs1,0,GCN h_G,-14.564652442932129,3.963118076324463
209,O=C(COc1ccccc1)Nc1nc(-c2ccc(S(=O)(=O)N3CCOCC3)cc2)cs1,0,GCN-CfC final,22.284122467041016,-0.3050462305545807
210,CN1CN(C)c2ccc([N+](=O)[O-])c3cccc1c23,0,GCN h_G,-11.577615737915039,-9.113787651062012
210,CN1CN(C)c2ccc([N+](=O)[O-])c3cccc1c23,0,GCN-CfC final,4.519245147705078,-6.552416801452637
211,COc1cc(C(=O)N2C[C@H](N)C[C@@H](F)C2)cc2nc(-c3cc4ccc(-c5ccc6c(c5)C(=O)NCC(=O)N6)nc4n3CC3CC3)n(C)c12,1,GCN h_G,37.75718688964844,1.3868637084960938
211,COc1cc(C(=O)N2C[C@H](N)C[C@@H](F)C2)cc2nc(-c3cc4ccc(-c5ccc6c(c5)C(=O)NCC(=O)N6)nc4n3CC3CC3)n(C)c12,1,GCN-CfC final,-42.797630310058594,-0.7091049551963806
212,CCOC(=O)CSc1cc(C)nc2ccc(OC)cc12,0,GCN h_G,-17.16875648498535,6.575379848480225
212,CCOC(=O)CSc1cc(C)nc2ccc(OC)cc12,0,GCN-CfC final,23.12643814086914,0.6424487233161926
213,CCc1cc(NC(C)=O)ncc1-c1ccc2cc(-c3nc4cc(C(=O)N5C[C@H](N)C[C@@H](F)C5)cc(OC)c4n3C)n(CC3CC3)c2n1,1,GCN h_G,35.81068801879883,0.8105181455612183
213,CCc1cc(NC(C)=O)ncc1-c1ccc2cc(-c3nc4cc(C(=O)N5C[C@H](N)C[C@@H](F)C5)cc(OC)c4n3C)n(CC3CC3)c2n1,1,GCN-CfC final,-36.86679458618164,1.5541884899139404
214,O=C(NCc1ccccc1)C(c1ccccc1)N(Cc1cccs1)C(=O)c1cnccn1,0,GCN h_G,3.106996536254883,7.824014186859131
214,O=C(NCc1ccccc1)C(c1ccccc1)N(Cc1cccs1)C(=O)c1cnccn1,0,GCN-CfC final,2.6151657104492188,7.037140846252441
215,COc1cc(C(=O)N2CC3CCC2[C@@H]3N)cc2nc(-c3cc4ccc(Oc5cc(C)nc(C)c5)nc4n3CC3CC3)n(C)c12,1,GCN h_G,36.229248046875,-8.302040100097656
215,COc1cc(C(=O)N2CC3CCC2[C@@H]3N)cc2nc(-c3cc4ccc(Oc5cc(C)nc(C)c5)nc4n3CC3CC3)n(C)c12,1,GCN-CfC final,-33.64769744873047,3.7039897441864014
216,CC(=O)OCc1nc2ccccc2s1,0,GCN h_G,-4.989572048187256,15.053141593933105
216,CC(=O)OCc1nc2ccccc2s1,0,GCN-CfC final,25.069217681884766,4.4081034660339355
217,COc1cc(C(=O)N2CC3CCC2[C@@H]3N)cc2nc(-c3cc4ccc(-c5cn(C)nc5-c5ccc(F)cc5)nc4n3CC3CC3)n(C)c12,1,GCN h_G,36.38055419921875,-4.4792938232421875
217,COc1cc(C(=O)N2CC3CCC2[C@@H]3N)cc2nc(-c3cc4ccc(-c5cn(C)nc5-c5ccc(F)cc5)nc4n3CC3CC3)n(C)c12,1,GCN-CfC final,-40.817684173583984,1.492620825767517
218,COc1cc(/C=N/NC(=O)C(=O)/C=C2\NC(C)(C)Cc3ccccc32)ccc1O,0,GCN h_G,4.476139068603516,-3.512218952178955
218,COc1cc(/C=N/NC(=O)C(=O)/C=C2\NC(C)(C)Cc3ccccc32)ccc1O,0,GCN-CfC final,-11.75762939453125,-0.6336050033569336
219,Cc1cc(C)nc(/N=C(\N)Nc2ccc3c(c2)OCCO3)n1,0,GCN h_G,-17.539026260375977,2.186016082763672
219,Cc1cc(C)nc(/N=C(\N)Nc2ccc3c(c2)OCCO3)n1,0,GCN-CfC final,15.429798126220703,-1.6578707695007324
220,CCN1CCN(c2ccc(N3CCN(C(=O)c4ccc(Br)o4)CC3)nn2)CC1,0,GCN h_G,-29.67168617248535,-4.1844072341918945
220,CCN1CCN(c2ccc(N3CCN(C(=O)c4ccc(Br)o4)CC3)nn2)CC1,0,GCN-CfC final,29.344253540039062,-5.694309711456299
221,O=C(C1=C[C@H](C2CC2)C[C@H](OCCCCO)O1)N1CCN(Cc2ccc3c(c2)OCO3)CC1,0,GCN h_G,-24.765724182128906,-0.8415172100067139
221,O=C(C1=C[C@H](C2CC2)C[C@H](OCCCCO)O1)N1CCN(Cc2ccc3c(c2)OCO3)CC1,0,GCN-CfC final,11.930960655212402,-9.880057334899902
222,COc1cc(C(=O)N2C[C@H]3CC[C@@H]2[C@@H]3N)cc2nc(-c3ccc(C#N)n3CC3CC3)n([C@@H](C)c3ccccn3)c12,0,GCN h_G,27.400680541992188,-2.2228734493255615
222,COc1cc(C(=O)N2C[C@H]3CC[C@@H]2[C@@H]3N)cc2nc(-c3ccc(C#N)n3CC3CC3)n([C@@H](C)c3ccccn3)c12,0,GCN-CfC final,-28.1624698638916,4.026987075805664
223,COc1cccc(CNS(=O)(=O)c2c(C)[nH]c(C)c2C(=O)N2CCCCC2)c1,0,GCN h_G,-21.20061492919922,-1.2176505327224731
223,COc1cccc(CNS(=O)(=O)c2c(C)[nH]c(C)c2C(=O)N2CCCCC2)c1,0,GCN-CfC final,12.323139190673828,-7.117898464202881
224,COc1cc(-c2ccc3cc(-c4nc5cc(C(=O)N6C[C@H]7CC[C@@H]6[C@@H]7N)cc(OC)c5n4C)n(CC4CC4)c3n2)ccc1F,1,GCN h_G,30.872947692871094,-1.7247611284255981
224,COc1cc(-c2ccc3cc(-c4nc5cc(C(=O)N6C[C@H]7CC[C@@H]6[C@@H]7N)cc(OC)c5n4C)n(CC4CC4)c3n2)ccc1F,1,GCN-CfC final,-32.83415985107422,2.3662712574005127
225,COc1cc(C(=O)N2CC3CCC2[C@@H]3N)cc2nc(-c3cc4ccc(N5CC6(CCS6(=O)=O)C5)cc4n3CC3CC3)n(C)c12,1,GCN h_G,47.064491271972656,-1.9917099475860596
225,COc1cc(C(=O)N2CC3CCC2[C@@H]3N)cc2nc(-c3cc4ccc(N5CC6(CCS6(=O)=O)C5)cc4n3CC3CC3)n(C)c12,1,GCN-CfC final,-47.60116195678711,5.307280540466309
226,COc1cc(C(=O)N2C[C@H](N)C[C@@H](F)C2)cc2nc(-c3cc4ccc(-c5ccn6nc(C)cc6n5)nc4n3CC3CC3)n(C)c12,1,GCN h_G,33.63201904296875,1.3540208339691162
226,COc1cc(C(=O)N2C[C@H](N)C[C@@H](F)C2)cc2nc(-c3cc4ccc(-c5ccn6nc(C)cc6n5)nc4n3CC3CC3)n(C)c12,1,GCN-CfC final,-35.97745895385742,1.3852699995040894
227,CC1CCN(C(=O)C2CCN(S(=O)(=O)c3cccc4nonc34)CC2)CC1,0,GCN h_G,-24.14754295349121,-2.3344192504882812
227,CC1CCN(C(=O)C2CCN(S(=O)(=O)c3cccc4nonc34)CC2)CC1,0,GCN-CfC final,26.197965621948242,-6.072206497192383
228,COc1cc(C(=O)N2CC3CCC2[C@@H]3N)cc2nc(-c3cc4ccc(N5CCNCC5=O)cc4n3CC3CC3)n(C)c12,1,GCN h_G,44.320762634277344,-3.161665678024292
228,COc1cc(C(=O)N2CC3CCC2[C@@H]3N)cc2nc(-c3cc4ccc(N5CCNCC5=O)cc4n3CC3CC3)n(C)c12,1,GCN-CfC final,-52.01408386230469,-0.5067009329795837
229,COc1ccc(-n2c(CNC(=O)c3ccc(S(=O)(=O)N4CCCC4)cc3)n[nH]c2=S)cc1,0,GCN h_G,-13.75014591217041,2.725273847579956
229,COc1ccc(-n2c(CNC(=O)c3ccc(S(=O)(=O)N4CCCC4)cc3)n[nH]c2=S)cc1,0,GCN-CfC final,11.969840049743652,-0.9074349999427795
230,CC(=O)c1ccccc1NC(=O)CC1(CC(=O)O)CCCCC1,0,GCN h_G,-25.977066040039062,3.3067171573638916
230,CC(=O)c1ccccc1NC(=O)CC1(CC(=O)O)CCCCC1,0,GCN-CfC final,19.670841217041016,-5.612395286560059
231,COc1cc(C(=O)NC(C)C2CC3CCC2C3)cc(OC)c1OC,0,GCN h_G,31.34081268310547,-6.026528835296631
231,COc1cc(C(=O)NC(C)C2CC3CCC2C3)cc(OC)c1OC,0,GCN-CfC final,-26.57723045349121,4.192934989929199
232,COc1cc(C(=O)N2CC3CCC2[C@@H]3N)cc2nc(-c3cc4ccc(Nc5cc(=O)[nH]cn5)nc4n3CC3CC3)n(C)c12,1,GCN h_G,37.45707702636719,-7.9406352043151855
232,COc1cc(C(=O)N2CC3CCC2[C@@H]3N)cc2nc(-c3cc4ccc(Nc5cc(=O)[nH]cn5)nc4n3CC3CC3)n(C)c12,1,GCN-CfC final,-38.048797607421875,3.3715875148773193
233,O=C(N/C(=C/c1ccccc1F)C(=O)N1CCCCC1)c1ccccc1,0,GCN h_G,0.5242630243301392,-3.2116928100585938
233,O=C(N/C(=C/c1ccccc1F)C(=O)N1CCCCC1)c1ccccc1,0,GCN-CfC final,-1.0553288459777832,1.3907749652862549
234,O=C(COC(=O)c1ccc([N+](=O)[O-])s1)NNC(=O)c1ccccc1,0,GCN h_G,-9.491314888000488,9.950335502624512
234,O=C(COC(=O)c1ccc([N+](=O)[O-])s1)NNC(=O)c1ccccc1,0,GCN-CfC final,21.231685638427734,2.5474436283111572
235,Cn1c2c(c(=O)n(C)c1=O)C(CC(=O)Nc1ccccc1F)C(=O)N2,0,GCN h_G,-12.267743110656738,-6.8361687660217285
235,Cn1c2c(c(=O)n(C)c1=O)C(CC(=O)Nc1ccccc1F)C(=O)N2,0,GCN-CfC final,17.67106056213379,-6.048946380615234
236,O=C(COc1ccccc1)N/N=C/c1sc(=O)n(Cc2cccc(C(=O)O)c2)c1Cl,0,GCN h_G,-10.244032859802246,8.780426979064941
236,O=C(COc1ccccc1)N/N=C/c1sc(=O)n(Cc2cccc(C(=O)O)c2)c1Cl,0,GCN-CfC final,13.665416717529297,1.939727783203125
237,CCN(CC)C(=S)SCC(=O)c1ccc(F)cc1,0,GCN h_G,-21.176734924316406,-2.530334949493408
237,CCN(CC)C(=S)SCC(=O)c1ccc(F)cc1,0,GCN-CfC final,13.439352989196777,-7.548398494720459
238,O=C(NC(=S)NNC(=O)c1ccccc1[N+](=O)[O-])c1ccc(Br)cc1,0,GCN h_G,-0.5193199515342712,8.237524032592773
238,O=C(NC(=S)NNC(=O)c1ccccc1[N+](=O)[O-])c1ccc(Br)cc1,0,GCN-CfC final,12.36230182647705,7.528009414672852
239,CCn1c(SCC(=O)NC2=NCCS2)nnc1C(C)NC(=O)c1ccccc1F,0,GCN h_G,-12.361522674560547,1.1958354711532593
239,CCn1c(SCC(=O)NC2=NCCS2)nnc1C(C)NC(=O)c1ccccc1F,0,GCN-CfC final,11.922200202941895,-4.107378959655762
240,COc1cc(C(=O)N2CC3CCC2[C@@H]3N)cc2nc(-c3cc4ccc(-c5cnc(NC(C)=O)cc5Cl)nc4n3CC3CC3)n(C)c12,1,GCN h_G,37.67516326904297,-5.856034755706787
240,COc1cc(C(=O)N2CC3CCC2[C@@H]3N)cc2nc(-c3cc4ccc(-c5cnc(NC(C)=O)cc5Cl)nc4n3CC3CC3)n(C)c12,1,GCN-CfC final,-38.25803756713867,2.434370279312134
241,COc1cc(C(=O)N2C[C@H](N)C[C@@H](F)C2)cc2nc(-c3cc4ccc(C5=CC(C(F)(F)F)=CC6=NC(=O)NC56)nc4n3CC3CC3)n(C)c12,1,GCN h_G,41.29624938964844,2.8574633598327637
241,COc1cc(C(=O)N2C[C@H](N)C[C@@H](F)C2)cc2nc(-c3cc4ccc(C5=CC(C(F)(F)F)=CC6=NC(=O)NC56)nc4n3CC3CC3)n(C)c12,1,GCN-CfC final,-45.28334045410156,-2.2322118282318115
242,CCCc1cc2c(=O)c(-c3ccccn3)c(C)oc2cc1O,0,GCN h_G,-7.678975582122803,6.642073154449463
242,CCCc1cc2c(=O)c(-c3ccccn3)c(C)oc2cc1O,0,GCN-CfC final,1.844525933265686,-0.10789470374584198
243,O=C(NCc1csc(-c2cccs2)n1)C1CCC1,0,GCN h_G,-9.934948921203613,14.631240844726562
243,O=C(NCc1csc(-c2cccs2)n1)C1CCC1,0,GCN-CfC final,15.805418014526367,0.7183359265327454
244,Cc1cc(/C=C(\C#N)c2nnc(N3CCOCC3)n2-c2ccccc2)c(C)n1-c1ccccc1,0,GCN h_G,-11.188112258911133,-3.4855430126190186
244,Cc1cc(/C=C(\C#N)c2nnc(N3CCOCC3)n2-c2ccccc2)c(C)n1-c1ccccc1,0,GCN-CfC final,9.86367130279541,-1.918161392211914
245,COC1=CC(=O)c2ccccc2C1=O,0,GCN h_G,5.2086710929870605,-6.7439494132995605
245,COC1=CC(=O)c2ccccc2C1=O,0,GCN-CfC final,-12.219672203063965,-1.3440401554107666
246,COC(=O)c1ccc(NC(=O)CSc2nc3cccnc3n2C)cc1,0,GCN h_G,-8.169974327087402,2.3541505336761475
246,COC(=O)c1ccc(NC(=O)CSc2nc3cccnc3n2C)cc1,0,GCN-CfC final,7.364360809326172,3.620739698410034
247,COC(=O)CNC(=O)COc1ccc(-c2ccc3cc(-c4nc5cc(C(=O)N6CC7CCC6[C@@H]7N)cc(OC)c5n4C)n(CC4CC4)c3n2)cc1,1,GCN h_G,33.41386032104492,-5.5853142738342285
247,COC(=O)CNC(=O)COc1ccc(-c2ccc3cc(-c4nc5cc(C(=O)N6CC7CCC6[C@@H]7N)cc(OC)c5n4C)n(CC4CC4)c3n2)cc1,1,GCN-CfC final,-33.72711181640625,3.319941759109497
248,O=C1CCN2C=Nc3cccc4ccc1c2c34,0,GCN h_G,-13.954429626464844,-11.723995208740234
248,O=C1CCN2C=Nc3cccc4ccc1c2c34,0,GCN-CfC final,-4.773382186889648,-6.066684722900391
249,O=C(O)CCSc1ccc([N+](=O)[O-])cc1[N+](=O)[O-],0,GCN h_G,-14.65186595916748,10.591032981872559
249,O=C(O)CCSc1ccc([N+](=O)[O-])cc1[N+](=O)[O-],0,GCN-CfC final,30.868099212646484,3.284276247024536
250,COc1cc(C(=O)N2C[C@H](N)C[C@@H](F)C2)cc2nc(-c3cc4ccc(-c5ccc(N6CCCC6=O)cc5)nc4n3CC3CC3)n(C)c12,1,GCN h_G,33.795291900634766,-0.30099162459373474
250,COc1cc(C(=O)N2C[C@H](N)C[C@@H](F)C2)cc2nc(-c3cc4ccc(-c5ccc(N6CCCC6=O)cc5)nc4n3CC3CC3)n(C)c12,1,GCN-CfC final,-36.2669677734375,0.6930182576179504
251,Cc1cc(OCC(=O)N2CCOCC2)ccc1NC(=O)c1ccccc1C,0,GCN h_G,-18.81647300720215,4.213490009307861
251,Cc1cc(OCC(=O)N2CCOCC2)ccc1NC(=O)c1ccccc1C,0,GCN-CfC final,24.265880584716797,-0.45586928725242615
252,CCc1c(O)nc(SCc2nc3ccccc3c(=O)[nH]2)[nH]c1=O,0,GCN h_G,-11.460025787353516,11.242047309875488
252,CCc1c(O)nc(SCc2nc3ccccc3c(=O)[nH]2)[nH]c1=O,0,GCN-CfC final,26.148426055908203,4.448334217071533
253,COC(=O)C1=C(N)Oc2cc(N(C)C)ccc2C1c1ccccc1OC,0,GCN h_G,-10.730569839477539,-10.206412315368652
253,COC(=O)C1=C(N)Oc2cc(N(C)C)ccc2C1c1ccccc1OC,0,GCN-CfC final,-1.8705060482025146,-7.381526470184326
254,Cc1ccc(C2CC(=O)Oc3cc(O)ccc32)cc1,0,GCN h_G,-6.409782886505127,-6.3117289543151855
254,Cc1ccc(C2CC(=O)Oc3cc(O)ccc32)cc1,0,GCN-CfC final,22.22216796875,7.532042026519775
255,Cc1ccc(C)c(-n2nnnc2SCC(=O)Nc2cccc(-c3nnc4n3CCCCC4)c2)c1,0,GCN h_G,-12.95107650756836,-0.39942753314971924
255,Cc1ccc(C)c(-n2nnnc2SCC(=O)Nc2cccc(-c3nnc4n3CCCCC4)c2)c1,0,GCN-CfC final,13.354107856750488,-2.6284983158111572
256,Cc1csc(CNc2ncnc3ccc(-c4ccc5c(c4)OCO5)cc23)c1,0,GCN h_G,-5.595263957977295,6.102663516998291
256,Cc1csc(CNc2ncnc3ccc(-c4ccc5c(c4)OCO5)cc23)c1,0,GCN-CfC final,-6.852887153625488,-2.2561886310577393
257,COc1cc(C(=O)N2C[C@H](N)C[C@@H](F)C2)cc2nc(-c3cc4ccc(-c5cnc(C#N)nc5)nc4n3CC3CC3)n(C)c12,1,GCN h_G,38.156131744384766,2.8788959980010986
257,COc1cc(C(=O)N2C[C@H](N)C[C@@H](F)C2)cc2nc(-c3cc4ccc(-c5cnc(C#N)nc5)nc4n3CC3CC3)n(C)c12,1,GCN-CfC final,-47.88867950439453,-1.197854995727539
258,COC(=O)C(Cc1csc2ccc(Cl)cc12)NC(=O)c1ccc(Cl)cc1,0,GCN h_G,-2.6872425079345703,5.865340709686279
258,COC(=O)C(Cc1csc2ccc(Cl)cc12)NC(=O)c1ccc(Cl)cc1,0,GCN-CfC final,3.2540576457977295,2.9673798084259033
259,CCN1C(=NCc2ccco2)N[C@@H](c2cccc(F)c2)C(C(=O)OC)=C1C,0,GCN h_G,-8.89664363861084,-8.430017471313477
259,CCN1C(=NCc2ccco2)N[C@@H](c2cccc(F)c2)C(C(=O)OC)=C1C,0,GCN-CfC final,4.033812999725342,-3.294708728790283
260,CC1(C)CC(=O)c2c(O)cc(OCC(=O)Nc3ccc(S(N)(=O)=O)cc3)cc2O1,0,GCN h_G,-16.417739868164062,-0.43554943799972534
260,CC1(C)CC(=O)c2c(O)cc(OCC(=O)Nc3ccc(S(N)(=O)=O)cc3)cc2O1,0,GCN-CfC final,1.4604759216308594,-2.7894914150238037
261,Cc1c(C(c2cccs2)c2c(C)n(C)n(-c3ccccc3)c2=O)c(=O)n(-c2ccccc2)n1C,0,GCN h_G,7.213312149047852,13.387768745422363
261,Cc1c(C(c2cccs2)c2c(C)n(C)n(-c3ccccc3)c2=O)c(=O)n(-c2ccccc2)n1C,0,GCN-CfC final,15.614190101623535,9.526670455932617
262,Cn1c(-n2nccc2-c2ccccc2)nc2cc(C(=O)N3CCC[C@@H](N)C3)ccc21,0,GCN h_G,21.33343505859375,-2.733281135559082
262,Cn1c(-n2nccc2-c2ccccc2)nc2cc(C(=O)N3CCC[C@@H](N)C3)ccc21,0,GCN-CfC final,-10.822404861450195,0.6085663437843323
263,Cc1ccc(C(C)NC(=O)Cc2cccs2)cc1C,0,GCN h_G,-4.83579158782959,-6.11068058013916
263,Cc1ccc(C(C)NC(=O)Cc2cccs2)cc1C,0,GCN-CfC final,16.168123245239258,8.20948314666748
264,COc1ccccc1CCC(=O)Nc1cc(S(=O)(=O)N2CCCCC2)ccc1N1CCN(C)CC1,0,GCN h_G,-23.502649307250977,-0.9861518740653992
264,COc1ccccc1CCC(=O)Nc1cc(S(=O)(=O)N2CCCCC2)ccc1N1CCN(C)CC1,0,GCN-CfC final,12.476204872131348,-8.017009735107422
265,CC(C)CN1Cc2ccccc2Oc2cc(Br)ccc2S1(=O)=O,0,GCN h_G,-7.281929016113281,12.259369850158691
265,CC(C)CN1Cc2ccccc2Oc2cc(Br)ccc2S1(=O)=O,0,GCN-CfC final,28.292125701904297,4.072890281677246
266,CCN(CC)S(=O)(=O)c1cc(C(=O)Oc2cccc(-c3cnc4ccccc4n3)c2)ccc1OC,0,GCN h_G,-4.220722675323486,7.015092849731445
266,CCN(CC)S(=O)(=O)c1cc(C(=O)Oc2cccc(-c3cnc4ccccc4n3)c2)ccc1OC,0,GCN-CfC final,9.976985931396484,1.9490480422973633
267,CCOc1ccc(C(=O)N/N=C/c2cccc3cccnc23)cc1,0,GCN h_G,3.4884371757507324,5.534278869628906
267,CCOc1ccc(C(=O)N/N=C/c2cccc3cccnc23)cc1,0,GCN-CfC final,-1.4778635501861572,5.453213214874268
268,CC1(c2nnc(-c3cccc(Cl)c3)o2)CC(c2ccc(C#N)cc2)=NO1,0,GCN h_G,-7.2663187980651855,2.3284547328948975
268,CC1(c2nnc(-c3cccc(Cl)c3)o2)CC(c2ccc(C#N)cc2)=NO1,0,GCN-CfC final,6.740972518920898,2.536175489425659
269,O=C(NC(=S)N(Cc1ccccc1)c1ccccn1)C1CC1,0,GCN h_G,1.7695441246032715,7.716573238372803
269,O=C(NC(=S)N(Cc1ccccc1)c1ccccn1)C1CC1,0,GCN-CfC final,13.144896507263184,6.697293281555176
270,O=C(Nc1ccc(S(=O)(=O)Nc2nccs2)cc1)C1CC(=O)N(c2ccc(Cl)cc2)C1,0,GCN h_G,-2.6724441051483154,4.669745445251465
270,O=C(Nc1ccc(S(=O)(=O)Nc2nccs2)cc1)C1CC(=O)N(c2ccc(Cl)cc2)C1,0,GCN-CfC final,12.995309829711914,3.2486300468444824
271,CCCCN(Cc1ccco1)C(=O)Cn1ncc2c(=O)oc3ccc(C)cc3c21,0,GCN h_G,-23.98420524597168,1.57309091091156
271,CCCCN(Cc1ccco1)C(=O)Cn1ncc2c(=O)oc3ccc(C)cc3c21,0,GCN-CfC final,26.030641555786133,-3.1558308601379395
272,COc1cc(C(=O)N2C[C@H](N)C[C@@H](F)C2)cc2nc(-c3cc4ccc(-c5ccc(C(N)=O)nc5C)nc4n3CC3CC3)n(C)c12,1,GCN h_G,35.59311294555664,1.5303374528884888
272,COc1cc(C(=O)N2C[C@H](N)C[C@@H](F)C2)cc2nc(-c3cc4ccc(-c5ccc(C(N)=O)nc5C)nc4n3CC3CC3)n(C)c12,1,GCN-CfC final,-38.881961822509766,-0.5149267315864563
273,Cc1sc2nc(SCc3nc(-c4cccs4)no3)n(-c3ccccc3)c(=O)c2c1C,0,GCN h_G,-5.9336628913879395,15.256537437438965
273,Cc1sc2nc(SCc3nc(-c4cccs4)no3)n(-c3ccccc3)c(=O)c2c1C,0,GCN-CfC final,25.11136817932129,3.679924726486206
274,COC(=O)C1=C(C(=O)OC)C(c2ccc(OC)c(OC)c2)c2sc(=O)[nH]c2S1,0,GCN h_G,-11.277931213378906,-12.383743286132812
274,COC(=O)C1=C(C(=O)OC)C(c2ccc(OC)c(OC)c2)c2sc(=O)[nH]c2S1,0,GCN-CfC final,1.3602336645126343,-6.653585910797119
275,COc1cc(C(=O)N2C[C@H](N)C[C@@H](F)C2)cc2nc(-c3cc4ccc(-c5cccc(O)c5Cl)nc4n3CC3CC3)n(C)c12,1,GCN h_G,34.092681884765625,2.921839952468872
275,COc1cc(C(=O)N2C[C@H](N)C[C@@H](F)C2)cc2nc(-c3cc4ccc(-c5cccc(O)c5Cl)nc4n3CC3CC3)n(C)c12,1,GCN-CfC final,-38.025386810302734,0.5640496015548706
276,Cc1c(-c2cc3cccc(Cl)c3n2Cc2ccc(F)cc2)nc2cc(C(=O)N3CCC[C@@H](N)C3)ccn12,1,GCN h_G,27.074371337890625,-3.8317787647247314
276,Cc1c(-c2cc3cccc(Cl)c3n2Cc2ccc(F)cc2)nc2cc(C(=O)N3CCC[C@@H](N)C3)ccn12,1,GCN-CfC final,-29.022127151489258,3.5490963459014893
277,CCOc1c(Br)cc(CNc2ccc(N3CCOCC3)cc2)cc1OC,0,GCN h_G,-18.62761878967285,1.4948418140411377
277,CCOc1c(Br)cc(CNc2ccc(N3CCOCC3)cc2)cc1OC,0,GCN-CfC final,12.48291015625,-6.907895565032959
278,CC(C)(C)OC(=O)NCCC(=O)N/N=C/c1cccc2nccnc12,0,GCN h_G,6.351718425750732,-3.2816672325134277
278,CC(C)(C)OC(=O)NCCC(=O)N/N=C/c1cccc2nccnc12,0,GCN-CfC final,-9.524441719055176,-0.23060224950313568
279,CC(CNC(=O)C1CCCCC1C(=O)O)c1ccccc1,0,GCN h_G,-15.6953706741333,-7.924371242523193
279,CC(CNC(=O)C1CCCCC1C(=O)O)c1ccccc1,0,GCN-CfC final,7.459167957305908,-3.9912445545196533
280,COC(=O)c1cc(C(=O)OCC(=O)NCc2cccs2)cc([N+](=O)[O-])c1,0,GCN h_G,-13.516863822937012,6.0638322830200195
280,COC(=O)c1cc(C(=O)OCC(=O)NCc2cccs2)cc([N+](=O)[O-])c1,0,GCN-CfC final,6.532733917236328,-0.2399950623512268
281,CCCCCCCCCCCCN1[C@@H](CC(=O)O)c2cc(C(F)(F)F)ccc2S1(=O)=O,0,GCN h_G,-25.103336334228516,-0.2384922057390213
281,CCCCCCCCCCCCN1[C@@H](CC(=O)O)c2cc(C(F)(F)F)ccc2S1(=O)=O,0,GCN-CfC final,17.744613647460938,-9.523947715759277
282,CCOC(=O)N1CCN(C(=O)c2c(-c3ccccc3)noc2C)CC1,0,GCN h_G,-26.912673950195312,-5.695271015167236
282,CCOC(=O)N1CCN(C(=O)c2c(-c3ccccc3)noc2C)CC1,0,GCN-CfC final,27.178503036499023,-4.436068534851074
283,CCn1c(N)[n+](CC(=O)Nc2ccc(SC(F)F)cc2)c2ccccc21.[Cl-],0,GCN h_G,18.89345932006836,-2.315415620803833
283,CCn1c(N)[n+](CC(=O)Nc2ccc(SC(F)F)cc2)c2ccccc21.[Cl-],0,GCN-CfC final,-11.882797241210938,0.8726168274879456
284,CC1=CC(=O)C2=C(C)CC[C@@H]3[C@H](OC(=O)[C@H]3C)[C@@H]12,0,GCN h_G,-17.119747161865234,-13.927845001220703
284,CC1=CC(=O)C2=C(C)CC[C@@H]3[C@H](OC(=O)[C@H]3C)[C@@H]12,0,GCN-CfC final,1.1979389190673828,-10.048602104187012
285,CC(C)CCOc1cccc(OCC(=O)NC2CCS(=O)(=O)C2)c1,0,GCN h_G,-20.0768985748291,9.807075500488281
285,CC(C)CCOc1cccc(OCC(=O)NC2CCS(=O)(=O)C2)c1,0,GCN-CfC final,9.113804817199707,-5.9772868156433105
286,NNC(=O)c1ccc(N2CCc3ccccc32)c([N+](=O)[O-])c1,0,GCN h_G,1.0203096866607666,-5.604428768157959
286,NNC(=O)c1ccc(N2CCc3ccccc32)c([N+](=O)[O-])c1,0,GCN-CfC final,-10.438888549804688,-0.07380472123622894
287,COc1cc(C(=O)N2CC3CCC2[C@@H]3N)cc2nc(-c3cc4ccc(C5CNNC5OC)nc4n3CC3CC3)n(C)c12,1,GCN h_G,45.522071838378906,-6.467807769775391
287,COc1cc(C(=O)N2CC3CCC2[C@@H]3N)cc2nc(-c3cc4ccc(C5CNNC5OC)nc4n3CC3CC3)n(C)c12,1,GCN-CfC final,-49.5533332824707,2.834641456604004
288,CCOc1ccc(N2C(=O)/C(=C/c3cc(OC)c(OC)c(OC)c3)N(CC(=O)OC)C2=S)cc1,0,GCN h_G,-11.918807029724121,-12.794831275939941
288,CCOc1ccc(N2C(=O)/C(=C/c3cc(OC)c(OC)c(OC)c3)N(CC(=O)OC)C2=S)cc1,0,GCN-CfC final,-0.4992670714855194,-5.437517166137695
289,CN(C)S(=O)(=O)c1cc(NC(=O)CN2CCN(c3ccccc3O)CC2)ccc1Cl,0,GCN h_G,-21.036211013793945,3.7455368041992188
289,CN(C)S(=O)(=O)c1cc(NC(=O)CN2CCN(c3ccccc3O)CC2)ccc1Cl,0,GCN-CfC final,21.193748474121094,-2.1819045543670654
290,CNC(=O)NC1CCCCc2sccc21,0,GCN h_G,-0.13320861756801605,-8.1749849319458
290,CNC(=O)NC1CCCCc2sccc21,0,GCN-CfC final,-6.836503028869629,-1.2032088041305542
291,CC1(OC(=O)C2CCCC2)C(=O)C=C2C=C(c3ccsc3)N(CC3CC3)C=C2C1=O,0,GCN h_G,-13.837080955505371,-14.908156394958496
291,CC1(OC(=O)C2CCCC2)C(=O)C=C2C=C(c3ccsc3)N(CC3CC3)C=C2C1=O,0,GCN-CfC final,-9.75426197052002,-3.456493377685547
292,COc1ccc(Oc2nnnn2-c2ccccc2)cc1,0,GCN h_G,-2.2155230045318604,13.982322692871094
292,COc1ccc(Oc2nnnn2-c2ccccc2)cc1,0,GCN-CfC final,28.171051025390625,6.645781517028809
293,COc1cc(C(=O)N2CC3CCC2[C@@H]3N)cc2nc(-c3cc4ccc(-c5cnn(C)c5-c5ccc(F)cc5)nc4n3CC3CC3)n(C)c12,1,GCN h_G,36.39140319824219,-4.426624298095703
293,COc1cc(C(=O)N2CC3CCC2[C@@H]3N)cc2nc(-c3cc4ccc(-c5cnn(C)c5-c5ccc(F)cc5)nc4n3CC3CC3)n(C)c12,1,GCN-CfC final,-41.15061569213867,1.4017220735549927
294,CC(C)OCCCNC(=O)C1CC(=O)N(C2CCCCCCC2)C1,0,GCN h_G,-29.672321319580078,0.7729106545448303
294,CC(C)OCCCNC(=O)C1CC(=O)N(C2CCCCCCC2)C1,0,GCN-CfC final,24.64398956298828,-7.363326549530029
295,COc1ccc(-n2c(C)n[nH]c2=O)cc1OC,0,GCN h_G,-8.842133522033691,5.121474742889404
295,COc1ccc(-n2c(C)n[nH]c2=O)cc1OC,0,GCN-CfC final,5.45839786529541,3.173419237136841
296,COc1cc(C(=O)N2CC3CCC2[C@@H]3N)cc2nc(-c3cc4ccc(C5CNC(=O)NC5=O)nc4n3CC3CC3)n(C)c12,1,GCN h_G,45.39545440673828,-4.573971748352051
296,COc1cc(C(=O)N2CC3CCC2[C@@H]3N)cc2nc(-c3cc4ccc(C5CNC(=O)NC5=O)nc4n3CC3CC3)n(C)c12,1,GCN-CfC final,-50.56672286987305,2.1629557609558105
297,Cc1ccc(CC(CC(=O)NCCc2ccc3c(c2)OCO3)C(=O)O)cc1,0,GCN h_G,-8.624554634094238,-5.237318515777588
297,Cc1ccc(CC(CC(=O)NCCc2ccc3c(c2)OCO3)C(=O)O)cc1,0,GCN-CfC final,17.522504806518555,1.8410557508468628
298,O=C(CSc1nnc(CNc2ccc(Cl)cc2)n1Cc1ccccc1)NCc1ccco1,0,GCN h_G,-3.1217422485351562,11.537179946899414
298,O=C(CSc1nnc(CNc2ccc(Cl)cc2)n1Cc1ccccc1)NCc1ccco1,0,GCN-CfC final,19.535520553588867,7.815282344818115
299,Cc1ccc(S(=O)(=O)NNC(=O)C(=O)NNc2ccccn2)cc1,0,GCN h_G,2.527730703353882,2.8835418224334717
299,Cc1ccc(S(=O)(=O)NNC(=O)C(=O)NNc2ccccn2)cc1,0,GCN-CfC final,9.192008972167969,7.825746059417725
300,CCOC(=O)c1[nH]c2ccc(F)cc2c1NC(=O)c1cc(OC)c(OC)c(OC)c1,0,GCN h_G,-7.4380598068237305,-13.037195205688477
300,CCOC(=O)c1[nH]c2ccc(F)cc2c1NC(=O)c1cc(OC)c(OC)c(OC)c1,0,GCN-CfC final,-9.86387825012207,-1.91066575050354
301,COc1cc(C(=O)N2CC3CCC2C3)cc2nc(-c3cc4ccc(N(C)C)cc4n3CC3CC3)n(C)c12,1,GCN h_G,31.579504013061523,-3.70687198638916
301,COc1cc(C(=O)N2CC3CCC2C3)cc2nc(-c3cc4ccc(N(C)C)cc4n3CC3CC3)n(C)c12,1,GCN-CfC final,-31.55080795288086,4.001808166503906
302,CCOc1ccc2nc(N/C(N)=N/C(=S)Nc3ccc(C)c(C)c3)nc(C)c2c1,0,GCN h_G,-6.743862152099609,-0.6798011660575867
302,CCOc1ccc2nc(N/C(N)=N/C(=S)Nc3ccc(C)c(C)c3)nc(C)c2c1,0,GCN-CfC final,8.41977596282959,4.668610572814941
303,CCOc1cc(/C=C\c2[nH]c(=O)[nH]c(=O)c2[N+](=O)[O-])ccc1OC(C)CC,0,GCN h_G,-14.684184074401855,9.437873840332031
303,CCOc1cc(/C=C\c2[nH]c(=O)[nH]c(=O)c2[N+](=O)[O-])ccc1OC(C)CC,0,GCN-CfC final,29.665477752685547,3.0433568954467773
304,Cc1nc(SCC(=O)N(C)C2(C#N)CCCCC2)c2ccccc2n1,0,GCN h_G,-25.806312561035156,-4.591553688049316
304,Cc1nc(SCC(=O)N(C)C2(C#N)CCCCC2)c2ccccc2n1,0,GCN-CfC final,26.486223220825195,-4.757906436920166
305,Cc1noc(C(F)(F)F)c1C(=O)NNC(=O)c1ccccc1,0,GCN h_G,-4.289306640625,2.3683366775512695
305,Cc1noc(C(F)(F)F)c1C(=O)NNC(=O)c1ccccc1,0,GCN-CfC final,-0.04823535308241844,0.18061307072639465
306,COc1cc(C(=O)N2C[C@H](N)C[C@@H](F)C2)cc2nc(-c3cc4ccc(-c5ccc(C(N)=O)cc5Cl)nc4n3CC3CC3)n(C)c12,1,GCN h_G,35.474735260009766,2.356722593307495
306,COc1cc(C(=O)N2C[C@H](N)C[C@@H](F)C2)cc2nc(-c3cc4ccc(-c5ccc(C(N)=O)cc5Cl)nc4n3CC3CC3)n(C)c12,1,GCN-CfC final,-39.3001594543457,-0.5283176302909851
307,COC(=O)c1cc(-c2ccc3cc(-c4nc5cc(C(=O)N6CC7CCC6[C@@H]7N)cc(OC)c5n4C)n(CC4CC4)c3n2)n(C)n1,1,GCN h_G,37.94390106201172,-4.856793403625488
307,COC(=O)c1cc(-c2ccc3cc(-c4nc5cc(C(=O)N6CC7CCC6[C@@H]7N)cc(OC)c5n4C)n(CC4CC4)c3n2)n(C)n1,1,GCN-CfC final,-41.16872024536133,1.9947267770767212
308,Cc1cc2cc(CNC(=O)c3cccs3)ccc2n1C,0,GCN h_G,7.704902172088623,5.727331638336182
308,Cc1cc2cc(CNC(=O)c3cccs3)ccc2n1C,0,GCN-CfC final,-7.638968467712402,2.564694881439209
309,C=CCSc1nnc(CNC(=O)c2ccc(Cl)cc2)n1CC,0,GCN h_G,-11.903414726257324,1.5920027494430542
309,C=CCSc1nnc(CNC(=O)c2ccc(Cl)cc2)n1CC,0,GCN-CfC final,14.153223991394043,-1.076938271522522
310,O=C(NC1CCCC1)NS(=O)(=O)c1ccccc1Cl,0,GCN h_G,-2.0291085243225098,2.8998308181762695
310,O=C(NC1CCCC1)NS(=O)(=O)c1ccccc1Cl,0,GCN-CfC final,1.173970103263855,1.5160287618637085
311,CC(=O)Nc1ccc2c(c1)CCCC2,0,GCN h_G,-17.01068687438965,-7.478109359741211
311,CC(=O)Nc1ccc2c(c1)CCCC2,0,GCN-CfC final,-5.361406326293945,-1.8949639797210693
312,Cc1ccc2c(CN3CCOCC3)cc(=O)oc2c1C,0,GCN h_G,-26.949922561645508,0.47865724563598633
312,Cc1ccc2c(CN3CCOCC3)cc(=O)oc2c1C,0,GCN-CfC final,25.259721755981445,-5.265732765197754
313,CC(=O)NCCNC(=O)CCNC(=O)c1ccc(Cl)cc1,0,GCN h_G,2.9269351959228516,-3.6490767002105713
313,CC(=O)NCCNC(=O)CCNC(=O)c1ccc(Cl)cc1,0,GCN-CfC final,-6.913037300109863,0.15226875245571136
314,COc1cc(C(=O)N2CC3CCC2[C@@H]3N)cc2nc(-c3cc4ccc(C5=CC=CC6=NC(=O)C=CC56)nc4n3CC3CC3)n(C)c12,1,GCN h_G,43.15998458862305,1.312457799911499
314,COc1cc(C(=O)N2CC3CCC2[C@@H]3N)cc2nc(-c3cc4ccc(C5=CC=CC6=NC(=O)C=CC56)nc4n3CC3CC3)n(C)c12,1,GCN-CfC final,-52.15400314331055,-2.1949081420898438
315,Cn1ccnc1C(=O)c1ccccc1Cl,0,GCN h_G,6.1537933349609375,11.357926368713379
315,Cn1ccnc1C(=O)c1ccccc1Cl,0,GCN-CfC final,15.417112350463867,8.979567527770996
316,COc1ccc(-c2cc(=O)[nH][nH]2)cc1,0,GCN h_G,-0.30801132321357727,15.450318336486816
316,COc1ccc(-c2cc(=O)[nH][nH]2)cc1,0,GCN-CfC final,18.893892288208008,10.369930267333984
317,O=C(C1=C[C@@H](c2ccc(C(F)(F)F)cc2)C[C@@H](OCc2ccc(CO)cc2)O1)N1CCN(Cc2ccc3c(c2)OCO3)CC1,0,GCN h_G,-20.433048248291016,0.05697226524353027
317,O=C(C1=C[C@@H](c2ccc(C(F)(F)F)cc2)C[C@@H](OCc2ccc(CO)cc2)O1)N1CCN(Cc2ccc3c(c2)OCO3)CC1,0,GCN-CfC final,10.474010467529297,-7.790112495422363
318,COc1cc(/C=N/Nc2ccccc2[N+](=O)[O-])ccc1OC(=O)c1ccccc1F,0,GCN h_G,-0.7487993240356445,7.166012763977051
318,COc1cc(/C=N/Nc2ccccc2[N+](=O)[O-])ccc1OC(=O)c1ccccc1F,0,GCN-CfC final,11.12094497680664,5.866796493530273
319,Cc1ccccc1Cn1ccc(NC(=O)c2onc(C)c2Cl)n1,0,GCN h_G,-8.724401473999023,1.71829354763031
319,Cc1ccccc1Cn1ccc(NC(=O)c2onc(C)c2Cl)n1,0,GCN-CfC final,18.98916244506836,7.252657890319824
320,CCOc1ccc(N(C(=O)c2cnsn2)C(C(=O)NC2CCCCC2)c2ccncc2)cc1,0,GCN h_G,-1.08204984664917,-8.436164855957031
320,CCOc1ccc(N(C(=O)c2cnsn2)C(C(=O)NC2CCCCC2)c2ccncc2)cc1,0,GCN-CfC final,-0.33411526679992676,1.7807238101959229
321,COc1ccc(-c2nn(-c3ccccc3)cc2C(=O)NC(=S)NNC(=O)c2ccncc2)cc1,0,GCN h_G,4.7229204177856445,5.4110426902771
321,COc1ccc(-c2nn(-c3ccccc3)cc2C(=O)NC(=S)NNC(=O)c2ccncc2)cc1,0,GCN-CfC final,-3.131356954574585,5.724907875061035
322,COc1cc(C(=O)N2CC3CCC2[C@@H]3N)cc2nc(-c3cc4ccc(-c5cnc(C#N)cc5C)nc4n3CC3CC3)n(C)c12,1,GCN h_G,42.07233428955078,-4.742969989776611
322,COc1cc(C(=O)N2CC3CCC2[C@@H]3N)cc2nc(-c3cc4ccc(-c5cnc(C#N)cc5C)nc4n3CC3CC3)n(C)c12,1,GCN-CfC final,-49.5119743347168,0.2511817216873169
323,COc1cc([N+](=O)[O-])c(OC)cc1SCc1n[nH]c(=S)n1-c1ccc(F)cc1,0,GCN h_G,-9.99142074584961,5.156342506408691
323,COc1cc([N+](=O)[O-])c(OC)cc1SCc1n[nH]c(=S)n1-c1ccc(F)cc1,0,GCN-CfC final,13.863045692443848,-0.23382385075092316
324,Cc1sc2ncn(CC(=O)NCC(=O)N3CCN(c4ccccc4F)CC3)c(=O)c2c1C,0,GCN h_G,-25.494831085205078,-6.090768337249756
324,Cc1sc2ncn(CC(=O)NCC(=O)N3CCN(c4ccccc4F)CC3)c(=O)c2c1C,0,GCN-CfC final,9.695564270019531,-11.198067665100098
325,CCCC[n+]1c(C)sc2cc(OC)ccc21.[I-],0,GCN h_G,-14.604924201965332,-0.2595128118991852
325,CCCC[n+]1c(C)sc2cc(OC)ccc21.[I-],0,GCN-CfC final,-0.17695358395576477,-3.41595721244812
326,COc1cc(C(=O)N2CC3CCC2[C@@H]3N)cc2nc(-c3cc4ccc(N5CCC(O)(c6ccccc6)C5)nc4n3CC3CC3)n(C)c12,1,GCN h_G,37.85824203491211,-9.151339530944824
326,COc1cc(C(=O)N2CC3CCC2[C@@H]3N)cc2nc(-c3cc4ccc(N5CCC(O)(c6ccccc6)C5)nc4n3CC3CC3)n(C)c12,1,GCN-CfC final,-37.00984191894531,3.290680170059204
327,COc1cc(C(=O)N2CC3CCC2[C@@H]3N)cc2nc(-c3cc4ccc(-c5ccc6c(c5)CCNC6=O)nc4n3CC3CC3)n(C)c12,1,GCN h_G,42.31743621826172,-3.2825865745544434
327,COc1cc(C(=O)N2CC3CCC2[C@@H]3N)cc2nc(-c3cc4ccc(-c5ccc6c(c5)CCNC6=O)nc4n3CC3CC3)n(C)c12,1,GCN-CfC final,-50.706398010253906,-0.7866966128349304
328,NS(=O)(=O)c1cc(C(=O)NNC(=O)c2ccc3c(c2)OCO3)ccc1Cl,0,GCN h_G,-1.9106134176254272,1.5571637153625488
328,NS(=O)(=O)c1cc(C(=O)NNC(=O)c2ccc3c(c2)OCO3)ccc1Cl,0,GCN-CfC final,1.2019370794296265,-1.9889702796936035
329,Fc1ccc(OCc2nnc(-c3ccccc3Br)o2)c(Cl)c1,0,GCN h_G,-6.3855390548706055,13.2925443649292
329,Fc1ccc(OCc2nnc(-c3ccccc3Br)o2)c(Cl)c1,0,GCN-CfC final,28.810638427734375,4.626748085021973
330,COc1cc(C(=O)N2C[C@H](N)C[C@@H](F)C2)cc2nc(-c3cc4ccc(-c5cnc6c(c5)C(=O)NC6)nc4n3CC3CC3)n(C)c12,1,GCN h_G,38.255126953125,2.1439027786254883
330,COc1cc(C(=O)N2C[C@H](N)C[C@@H](F)C2)cc2nc(-c3cc4ccc(-c5cnc6c(c5)C(=O)NC6)nc4n3CC3CC3)n(C)c12,1,GCN-CfC final,-47.60723876953125,-1.0698375701904297
331,COc1cc(C(=O)N2C[C@H](N)C[C@@H](F)C2)cc2nc(-c3cc4ccc(-c5ccc(N6CCC(O)C6=O)c(C)n5)nc4n3CC3CC3)n(C)c12,1,GCN h_G,32.99129867553711,-0.12402598559856415
331,COc1cc(C(=O)N2C[C@H](N)C[C@@H](F)C2)cc2nc(-c3cc4ccc(-c5ccc(N6CCC(O)C6=O)c(C)n5)nc4n3CC3CC3)n(C)c12,1,GCN-CfC final,-34.57219696044922,1.8572602272033691
332,CCc1ccc(S(=O)(=O)Nc2ccc(O)c3ccccc23)cc1,0,GCN h_G,3.3916773796081543,4.290431976318359
332,CCc1ccc(S(=O)(=O)Nc2ccc(O)c3ccccc23)cc1,0,GCN-CfC final,9.873519897460938,7.8353753089904785
333,COC(=O)c1sc2ccccc2c1NC(=O)c1ccc(S(=O)(=O)N2CC(C)CC(C)C2)cc1,0,GCN h_G,-0.7886946797370911,-0.9069197773933411
333,COC(=O)c1sc2ccccc2c1NC(=O)c1ccc(S(=O)(=O)N2CC(C)CC(C)C2)cc1,0,GCN-CfC final,-0.5339024662971497,-0.6784430146217346
334,CCCS(=O)(=O)c1csc(C(=O)OC)c1N,0,GCN h_G,-17.319665908813477,-4.490165710449219
334,CCCS(=O)(=O)c1csc(C(=O)OC)c1N,0,GCN-CfC final,1.353014588356018,-3.8074684143066406
335,O=c1[nH]c(Nc2ccccn2)cc2ccccc12,0,GCN h_G,2.0076658725738525,14.662651062011719
335,O=c1[nH]c(Nc2ccccn2)cc2ccccc12,0,GCN-CfC final,17.505769729614258,10.65113353729248
336,CS(=O)(=O)N(CC(=O)N1CCOCC1)Cc1ccc(Cl)cc1,0,GCN h_G,-27.451988220214844,-2.1090219020843506
336,CS(=O)(=O)N(CC(=O)N1CCOCC1)Cc1ccc(Cl)cc1,0,GCN-CfC final,26.447168350219727,-6.644822120666504
337,COc1ccc(OCC(=O)Nc2ccccc2C(=O)Nc2ccc(C(=O)O)cc2)cc1,0,GCN h_G,0.46982836723327637,7.540313243865967
337,COc1ccc(OCC(=O)Nc2ccccc2C(=O)Nc2ccc(C(=O)O)cc2)cc1,0,GCN-CfC final,11.652941703796387,6.498749256134033
338,COc1cc(C(=O)N2CC3CCC2[C@@H]3N)cc2nc(-c3cc4ccc(-c5cn[nH]c5C)cc4n3CC3CC3)n(C)c12,1,GCN h_G,42.786312103271484,-5.848804950714111
338,COc1cc(C(=O)N2CC3CCC2[C@@H]3N)cc2nc(-c3cc4ccc(-c5cn[nH]c5C)cc4n3CC3CC3)n(C)c12,1,GCN-CfC final,-52.51239776611328,-0.8494150042533875
339,Cc1ccccc1OC(C)C(=O)NCCC1=CCCCC1,0,GCN h_G,-7.842413425445557,-5.413712024688721
339,Cc1ccccc1OC(C)C(=O)NCCC1=CCCCC1,0,GCN-CfC final,15.010871887207031,4.423919677734375
340,CCOc1ccc(N(CC(=O)N/N=C/c2cc([N+](=O)[O-])ccc2Cl)S(C)(=O)=O)cc1,0,GCN h_G,-12.266560554504395,7.122937202453613
340,CCOc1ccc(N(CC(=O)N/N=C/c2cc([N+](=O)[O-])ccc2Cl)S(C)(=O)=O)cc1,0,GCN-CfC final,6.350924015045166,0.28804102540016174
341,COc1cc(C(=O)N2CC3CCC2[C@@H]3N)cc2nc(-c3cc4ccc(-c5ccc(S(C)(=O)=O)nc5)nc4n3CC3CC3)n(C)c12,1,GCN h_G,39.79749298095703,-2.12068247795105
341,COc1cc(C(=O)N2CC3CCC2[C@@H]3N)cc2nc(-c3cc4ccc(-c5ccc(S(C)(=O)=O)nc5)nc4n3CC3CC3)n(C)c12,1,GCN-CfC final,-46.1193733215332,1.861068844795227
342,O=C1CN(S(=O)(=O)c2cc(C(=O)O)ccc2Cl)c2ccccc2N1,0,GCN h_G,-1.5090248584747314,3.384807825088501
342,O=C1CN(S(=O)(=O)c2cc(C(=O)O)ccc2Cl)c2ccccc2N1,0,GCN-CfC final,4.652378559112549,1.0836197137832642
343,CC(=O)c1ccc(OCc2cc(C(=O)NCCN3CCCC(O)C3)no2)cc1,0,GCN h_G,-19.8096923828125,1.258939504623413
343,CC(=O)c1ccc(OCc2cc(C(=O)NCCN3CCCC(O)C3)no2)cc1,0,GCN-CfC final,10.538657188415527,-6.415362358093262
344,CSC1=NC(C)(C)CC2(C)Nc3ccccc3N12,0,GCN h_G,6.814631462097168,-2.7937769889831543
344,CSC1=NC(C)(C)CC2(C)Nc3ccccc3N12,0,GCN-CfC final,-12.592889785766602,-0.378728449344635
345,S=c1[nH]nc(-c2c[nH]c3ccccc23)o1,0,GCN h_G,-1.7163687944412231,15.964214324951172
345,S=c1[nH]nc(-c2c[nH]c3ccccc23)o1,0,GCN-CfC final,27.396516799926758,5.713389873504639
346,CC(C)c1nc(SCC(=O)N2CC(=O)Nc3ccccc32)c2ccccc2n1,0,GCN h_G,-10.180059432983398,-2.796496629714966
346,CC(C)c1nc(SCC(=O)N2CC(=O)Nc3ccccc32)c2ccccc2n1,0,GCN-CfC final,23.62847328186035,2.0285263061523438
347,COc1cc(C(=O)N2CC3CCC2[C@@H]3N)cc2nc(-c3cc4ccc(N5CCC(S(C)(=O)=O)CC5)cc4n3CC3CC3)n(C)c12,1,GCN h_G,45.2342414855957,-3.1888887882232666
347,COc1cc(C(=O)N2CC3CCC2[C@@H]3N)cc2nc(-c3cc4ccc(N5CCC(S(C)(=O)=O)CC5)cc4n3CC3CC3)n(C)c12,1,GCN-CfC final,-51.10228729248047,1.7786322832107544
348,COc1cc(C(=O)N2C[C@H](N)C[C@@H](F)C2)cc2nc(-c3cc4ccc(CCN5CCOC5=O)nc4n3CC3CC3)n(C)c12,1,GCN h_G,47.14030456542969,-0.09183075278997421
348,COc1cc(C(=O)N2C[C@H](N)C[C@@H](F)C2)cc2nc(-c3cc4ccc(CCN5CCOC5=O)nc4n3CC3CC3)n(C)c12,1,GCN-CfC final,-35.414588928222656,-1.494854211807251
349,Cc1cccc(-c2nc3ccccc3c(=O)n2NC(=O)c2ccc([N+](=O)[O-])c(C)c2)c1,0,GCN h_G,2.7180585861206055,10.221639633178711
349,Cc1cccc(-c2nc3ccccc3c(=O)n2NC(=O)c2ccc([N+](=O)[O-])c(C)c2)c1,0,GCN-CfC final,12.564194679260254,7.947094917297363
350,CN(C)C(CNC(=O)C1CCN(S(=O)(=O)c2cccc(Cl)c2Cl)CC1)c1ccccc1,0,GCN h_G,-6.11396598815918,-2.426279306411743
350,CN(C)C(CNC(=O)C1CCN(S(=O)(=O)c2cccc(Cl)c2Cl)CC1)c1ccccc1,0,GCN-CfC final,26.636056900024414,1.9689520597457886
351,Cn1sc(=O)c2cc(S(=O)(=O)NC3CC3)ccc21,0,GCN h_G,-2.6921441555023193,-0.38462507724761963
351,Cn1sc(=O)c2cc(S(=O)(=O)NC3CC3)ccc21,0,GCN-CfC final,-2.4743852615356445,-0.4612672030925751
352,CCCc1c(C(=O)N/N=C/c2ccc(OC)c(OCc3ccccc3)c2)nnn1-c1nonc1N,0,GCN h_G,-14.944929122924805,1.574324369430542
352,CCCc1c(C(=O)N/N=C/c2ccc(OC)c(OCc3ccccc3)c2)nnn1-c1nonc1N,0,GCN-CfC final,13.160500526428223,-3.810403347015381
353,CCNC(=O)c1c(NC(=O)C2COc3ccccc3O2)sc2c1CCCC2,0,GCN h_G,-18.964895248413086,-0.9986516237258911
353,CCNC(=O)c1c(NC(=O)C2COc3ccccc3O2)sc2c1CCCC2,0,GCN-CfC final,14.804024696350098,-7.535223484039307
354,COc1cc2nc(N(CCCN(C)C)C(=O)c3ccc(S(=O)(=O)N4CCc5ccccc54)cc3)sc2cc1OC.Cl,0,GCN h_G,-13.556876182556152,1.5093488693237305
354,COc1cc2nc(N(CCCN(C)C)C(=O)c3ccc(S(=O)(=O)N4CCc5ccccc54)cc3)sc2cc1OC.Cl,0,GCN-CfC final,0.154636949300766,-3.040372133255005
355,COc1cc(C(=O)N2CC3CCC2[C@@H]3N)cc2nc(-c3cc4ccc(-c5ccc6nnnn6c5)nc4n3CC3CC3)n(C)c12,1,GCN h_G,37.75599670410156,-3.645463228225708
355,COc1cc(C(=O)N2CC3CCC2[C@@H]3N)cc2nc(-c3cc4ccc(-c5ccc6nnnn6c5)nc4n3CC3CC3)n(C)c12,1,GCN-CfC final,-46.41050338745117,2.9517383575439453
356,CNC(=O)n1ccc(C(=O)N2CCCCC2)n1,0,GCN h_G,-23.440580368041992,-0.4076247811317444
356,CNC(=O)n1ccc(C(=O)N2CCCCC2)n1,0,GCN-CfC final,19.414630889892578,-6.891346454620361
357,CC(NC(=O)c1ccccc1)C(=O)OCC(=O)c1ccc(Br)cc1,0,GCN h_G,-4.954561233520508,-4.753898620605469
357,CC(NC(=O)c1ccccc1)C(=O)OCC(=O)c1ccc(Br)cc1,0,GCN-CfC final,15.088129997253418,7.456184387207031
358,CCOC(=O)c1ccc(NC(=O)CSc2nc3cccnc3n2C)cc1,0,GCN h_G,-8.488897323608398,2.4850542545318604
358,CCOC(=O)c1ccc(NC(=O)CSc2nc3cccnc3n2C)cc1,0,GCN-CfC final,13.520121574401855,2.203076124191284
359,O=C(COc1ccc(S(=O)(=O)N2CCCC2)cc1)NCc1cccnc1,0,GCN h_G,-19.212444305419922,2.664494037628174
359,O=C(COc1ccc(S(=O)(=O)N2CCCC2)cc1)NCc1cccnc1,0,GCN-CfC final,12.50313663482666,-5.601900100708008
360,COC(=O)C1=C(C(=O)OC)SC2(S1)C(C(=O)OC)=C(C(=O)OC)SC1=C2c2cc(C)cc(C)c2NC1(C)C,0,GCN h_G,-17.02806282043457,-12.955243110656738
360,COC(=O)C1=C(C(=O)OC)SC2(S1)C(C(=O)OC)=C(C(=O)OC)SC1=C2c2cc(C)cc(C)c2NC1(C)C,0,GCN-CfC final,1.303756833076477,-9.351524353027344
361,COC(=O)c1cn(C(=O)c2cc(OC)cc(OC)c2)c2ccccc12,0,GCN h_G,-9.2447509765625,-12.139623641967773
361,COC(=O)c1cn(C(=O)c2cc(OC)cc(OC)c2)c2ccccc12,0,GCN-CfC final,-5.804948806762695,-3.5008299350738525
362,COc1ccc(Cn2c(-c3nc4cc(C(=O)N5CCC[C@@H](N)C5)ccn4c3C)cc3ccccc32)nc1,1,GCN h_G,26.33123016357422,-4.049374580383301
362,COc1ccc(Cn2c(-c3nc4cc(C(=O)N5CCC[C@@H](N)C5)ccn4c3C)cc3ccccc32)nc1,1,GCN-CfC final,-28.447900772094727,3.234128475189209
363,COc1ccc(/C=N/n2c(=O)c(C(C)(C)C)nn3cnnc23)cc1,0,GCN h_G,-10.664641380310059,1.0681195259094238
363,COc1ccc(/C=N/n2c(=O)c(C(C)(C)C)nn3cnnc23)cc1,0,GCN-CfC final,14.444708824157715,-2.1530277729034424
364,COc1cccc2cc(C(=O)NC3CC(C)(C)NC(C)(C)C3)c(=O)oc12,0,GCN h_G,3.6281325817108154,-0.4551656246185303
364,COc1cccc2cc(C(=O)NC3CC(C)(C)NC(C)(C)C3)c(=O)oc12,0,GCN-CfC final,-3.3450167179107666,0.2741704285144806
365,COc1ccc(C(=O)NCCc2ccc(C(F)(F)F)cc2)cc1S(=O)(=O)N1CCOCC1,0,GCN h_G,-17.972766876220703,0.021711409091949463
365,COc1ccc(C(=O)NCCc2ccc(C(F)(F)F)cc2)cc1S(=O)(=O)N1CCOCC1,0,GCN-CfC final,-1.922745943069458,-2.3668456077575684
366,O=C(O)CN1C(=O)/C(=C\c2ccccc2OCc2ccc(Cl)cc2Cl)SC1=S,0,GCN h_G,-16.71979522705078,4.693373203277588
366,O=C(O)CN1C(=O)/C(=C\c2ccccc2OCc2ccc(Cl)cc2Cl)SC1=S,0,GCN-CfC final,21.18839454650879,-0.4928297996520996
367,Cc1cc(C)cc(-n2ccnc2SCC(=O)Nc2cccc(S(=O)(=O)NC3=NCCC3)c2)c1,0,GCN h_G,-6.9946370124816895,0.3607224225997925
367,Cc1cc(C)cc(-n2ccnc2SCC(=O)Nc2cccc(S(=O)(=O)NC3=NCCC3)c2)c1,0,GCN-CfC final,7.197030544281006,2.8167240619659424
368,O=C(NNC(=O)c1cccc(C(F)(F)F)c1)c1ccc(-n2cnnn2)cc1,0,GCN h_G,-4.329364776611328,1.9357987642288208
368,O=C(NNC(=O)c1cccc(C(F)(F)F)c1)c1ccc(-n2cnnn2)cc1,0,GCN-CfC final,-8.919997215270996,0.30838724970817566
369,Cc1c(-c2cc3ccccc3n2CC2CC2)nc2cc(C(=O)N3CCC4OCCNC4C3)ccn12,1,GCN h_G,29.05270004272461,-4.511506080627441
369,Cc1c(-c2cc3ccccc3n2CC2CC2)nc2cc(C(=O)N3CCC4OCCNC4C3)ccn12,1,GCN-CfC final,-30.26605796813965,3.491511344909668
370,COc1cc(C(=O)N2CC3CCC2[C@@H]3N)cc2nc(-c3cc4ccc(-c5nnnn5C)nc4n3CC3CC3)n(C)c12,1,GCN h_G,37.53230667114258,-3.3371317386627197
370,COc1cc(C(=O)N2CC3CCC2[C@@H]3N)cc2nc(-c3cc4ccc(-c5nnnn5C)nc4n3CC3CC3)n(C)c12,1,GCN-CfC final,-47.03728103637695,3.279012680053711
371,Cc1sc2nc(-c3ccco3)oc(=O)c2c1C,0,GCN h_G,-6.592072486877441,14.978886604309082
371,Cc1sc2nc(-c3ccco3)oc(=O)c2c1C,0,GCN-CfC final,29.829158782958984,4.878861427307129
372,Cc1cc(C(C#N)c2ccccc2)n2ncnc2n1,0,GCN h_G,-8.677742958068848,-0.18645311892032623
372,Cc1cc(C(C#N)c2ccccc2)n2ncnc2n1,0,GCN-CfC final,1.3394116163253784,5.276254653930664
373,O=C(C1CCCO1)N1CCN(S(=O)(=O)c2ccc(Cl)cc2)CC1,0,GCN h_G,-27.667198181152344,-2.0323235988616943
373,O=C(C1CCCO1)N1CCN(S(=O)(=O)c2ccc(Cl)cc2)CC1,0,GCN-CfC final,29.69183921813965,-4.4228997230529785
374,Cn1c(-c2cncn2CC2CC2)nc2cc(C(=O)N3CCC[C@@H](N)C3)ccc21,0,GCN h_G,25.750030517578125,-1.75052809715271
374,Cn1c(-c2cncn2CC2CC2)nc2cc(C(=O)N3CCC[C@@H](N)C3)ccc21,0,GCN-CfC final,-26.586591720581055,2.9678521156311035
375,COc1cc(C(=O)N2CC3CCC2[C@@H]3N)cc2nc(-c3cc4ccc(-c5ccnc(F)c5C)nc4n3CC3CC3)n(C)c12,1,GCN h_G,41.496917724609375,-5.0044074058532715
375,COc1cc(C(=O)N2CC3CCC2[C@@H]3N)cc2nc(-c3cc4ccc(-c5ccnc(F)c5C)nc4n3CC3CC3)n(C)c12,1,GCN-CfC final,-49.032867431640625,0.877125084400177
376,O=C(Oc1cccc([N+](=O)[O-])c1)c1ccc2c(=O)n3c(nc2c1)CCC3,0,GCN h_G,-14.009930610656738,7.130720615386963
376,O=C(Oc1cccc([N+](=O)[O-])c1)c1ccc2c(=O)n3c(nc2c1)CCC3,0,GCN-CfC final,15.319080352783203,-6.477274417877197
377,COCCn1nnnc1SCC(=O)N1CCCCC1,0,GCN h_G,-30.760345458984375,-6.432486534118652
377,COCCn1nnnc1SCC(=O)N1CCCCC1,0,GCN-CfC final,29.275405883789062,-6.477892875671387
378,Cc1ccc([N+](=O)[O-])c(C(=O)N/N=C/c2cccnc2)c1,0,GCN h_G,1.0925897359848022,6.476426601409912
378,Cc1ccc([N+](=O)[O-])c(C(=O)N/N=C/c2cccnc2)c1,0,GCN-CfC final,7.119244575500488,6.109588623046875
379,c1ccc2c(CNC3CCCCC3)c[nH]c2c1,0,GCN h_G,-1.1752461194992065,-9.733538627624512
379,c1ccc2c(CNC3CCCCC3)c[nH]c2c1,0,GCN-CfC final,-3.1336827278137207,2.3062191009521484
380,COC(=O)c1ccc(-c2ncc[nH]2)cc1,0,GCN h_G,5.717368125915527,5.039170742034912
380,COC(=O)c1ccc(-c2ncc[nH]2)cc1,0,GCN-CfC final,-2.8846473693847656,6.487752437591553
381,O=S(=O)(/C=C/c1ccccc1)N1CCN(Cc2ccc3c(c2)OCO3)CC1,0,GCN h_G,-19.993789672851562,2.93426513671875
381,O=S(=O)(/C=C/c1ccccc1)N1CCN(Cc2ccc3c(c2)OCO3)CC1,0,GCN-CfC final,12.824691772460938,-5.760761260986328
382,COc1ccc(Cl)cc1NC(=O)c1[nH]c(C)c(C(C)=O)c1C,0,GCN h_G,-8.892196655273438,-10.626103401184082
382,COc1ccc(Cl)cc1NC(=O)c1[nH]c(C)c(C(C)=O)c1C,0,GCN-CfC final,5.169501304626465,-1.816516399383545
383,COc1cccc(NC(=O)Nc2cccs2)c1,0,GCN h_G,0.12475452572107315,10.548001289367676
383,COc1cccc(NC(=O)Nc2cccs2)c1,0,GCN-CfC final,25.31932258605957,8.301799774169922
384,Cn1cnc([N+](=O)[O-])c1Sc1ccc(C(C)(C)C)cc1,0,GCN h_G,-8.216387748718262,-2.282547950744629
384,Cn1cnc([N+](=O)[O-])c1Sc1ccc(C(C)(C)C)cc1,0,GCN-CfC final,27.78241539001465,3.695976972579956
385,CC(=O)Nc1c(O)nc(SCC(=O)Nc2sc3c(c2C#N)CCCCCC3)[nH]c1=O,0,GCN h_G,-18.178630828857422,-2.6151163578033447
385,CC(=O)Nc1c(O)nc(SCC(=O)Nc2sc3c(c2C#N)CCCCCC3)[nH]c1=O,0,GCN-CfC final,15.10833740234375,-9.025806427001953
386,COc1cc(C(=O)N2C[C@H](N)C[C@@H](F)C2)cc2nc(-c3cc4ccc(-c5cccc(F)c5C(=O)O)nc4n3CC3CC3)n(C)c12,1,GCN h_G,35.0604362487793,2.4463813304901123
386,COc1cc(C(=O)N2C[C@H](N)C[C@@H](F)C2)cc2nc(-c3cc4ccc(-c5cccc(F)c5C(=O)O)nc4n3CC3CC3)n(C)c12,1,GCN-CfC final,-38.43046569824219,-0.01590513437986374
387,COc1cc(C(=O)N2CC3CCC2[C@@H]3N)cc2nc(-c3cc4ccc(-c5cc(O)ccc5Cl)nc4n3CC3CC3)n(C)c12,1,GCN h_G,36.33351516723633,-6.027152061462402
387,COc1cc(C(=O)N2CC3CCC2[C@@H]3N)cc2nc(-c3cc4ccc(-c5cc(O)ccc5Cl)nc4n3CC3CC3)n(C)c12,1,GCN-CfC final,-40.017826080322266,1.72781503200531
388,CC(=O)Nc1ccc(NC(=O)C(C)OC(=O)CC2CCCCC2)cc1,0,GCN h_G,-16.148466110229492,-7.711767673492432
388,CC(=O)Nc1ccc(NC(=O)C(C)OC(=O)CC2CCCCC2)cc1,0,GCN-CfC final,16.66061782836914,2.5541253089904785
389,N#Cc1ccc(N2Cc3ccccc3C2=NC(=O)c2cccs2)cc1,0,GCN h_G,4.974826335906982,4.093076229095459
389,N#Cc1ccc(N2Cc3ccccc3C2=NC(=O)c2cccs2)cc1,0,GCN-CfC final,-6.322736740112305,2.743542194366455
390,COc1cc(C(=O)N2CC3CCC2[C@@H]3N)cc2nc(-c3cc4ccc(-c5ccc(Cl)c(C(N)=O)c5)nc4n3CC3CC3)n(C)c12,1,GCN h_G,40.63954162597656,-4.396453857421875
390,COc1cc(C(=O)N2CC3CCC2[C@@H]3N)cc2nc(-c3cc4ccc(-c5ccc(Cl)c(C(N)=O)c5)nc4n3CC3CC3)n(C)c12,1,GCN-CfC final,-46.053958892822266,0.6401779055595398
391,Cc1[nH]n2c(=O)c3c(nc2c1-c1ccccc1)CCCC3,0,GCN h_G,-14.87865924835205,-2.9676926136016846
391,Cc1[nH]n2c(=O)c3c(nc2c1-c1ccccc1)CCCC3,0,GCN-CfC final,10.447305679321289,-2.5816235542297363
392,COc1ccc(N(C(=O)c2cccnc2)S(=O)(=O)c2cccc([N+](=O)[O-])c2)cc1,0,GCN h_G,-0.8613160848617554,5.753204822540283
392,COc1ccc(N(C(=O)c2cccnc2)S(=O)(=O)c2cccc([N+](=O)[O-])c2)cc1,0,GCN-CfC final,11.927495956420898,5.851050853729248
393,Cc1ccc(S(=O)(=O)NCCC(=O)Nc2ccc(S(=O)(=O)NC(C)C)cc2)cc1,0,GCN h_G,2.1142191886901855,2.253120183944702
393,Cc1ccc(S(=O)(=O)NCCC(=O)Nc2ccc(S(=O)(=O)NC(C)C)cc2)cc1,0,GCN-CfC final,8.29045295715332,6.588056564331055
394,O=S(=O)(c1ccc2ccccc2c1)N1CCN(S(=O)(=O)N2CCCCC2)CC1,0,GCN h_G,-26.080326080322266,-2.6611411571502686
394,O=S(=O)(c1ccc2ccccc2c1)N1CCN(S(=O)(=O)N2CCCCC2)CC1,0,GCN-CfC final,27.103116989135742,-6.1617751121521
395,O=c1cc(-c2ccc(Cl)cc2)[nH][nH]1,0,GCN h_G,-0.47423386573791504,15.582026481628418
395,O=c1cc(-c2ccc(Cl)cc2)[nH][nH]1,0,GCN-CfC final,27.342233657836914,7.387505531311035
396,Cc1sc2ccccc2[n+]1CC(=O)O.[Br-],0,GCN h_G,-8.534926414489746,7.927478790283203
396,Cc1sc2ccccc2[n+]1CC(=O)O.[Br-],0,GCN-CfC final,11.15988826751709,0.27569323778152466
397,Cc1ccc(N(C(=O)c2cccs2)C2C=CS(=O)(=O)C2)cc1,0,GCN h_G,4.138021469116211,1.597672939300537
397,Cc1ccc(N(C(=O)c2cccs2)C2C=CS(=O)(=O)C2)cc1,0,GCN-CfC final,-2.818999767303467,4.286144733428955
398,CC(C)c1ccc(NC2CCCN(C(=O)CCN3CCOCC3)C2)cc1,0,GCN h_G,-28.433425903320312,1.5168311595916748
398,CC(C)c1ccc(NC2CCCN(C(=O)CCN3CCOCC3)C2)cc1,0,GCN-CfC final,24.82965660095215,-6.1723246574401855
399,COC1CCCN(C(=O)c2cccc(OC3CCN(S(=O)(=O)N(C)C)CC3)c2)C1,0,GCN h_G,-26.535533905029297,-1.6519958972930908
399,COC1CCCN(C(=O)c2cccc(OC3CCN(S(=O)(=O)N(C)C)CC3)c2)C1,0,GCN-CfC final,25.810958862304688,-7.030323028564453
400,COc1cc(C(=O)N2C[C@H](N)C[C@@H](F)C2)cc2nc(-c3cc4ccc(-c5ccc(OCC(N)=O)cc5)nc4n3CC3CC3)n(C)c12,1,GCN h_G,35.03493118286133,0.283434122800827
400,COc1cc(C(=O)N2C[C@H](N)C[C@@H](F)C2)cc2nc(-c3cc4ccc(-c5ccc(OCC(N)=O)cc5)nc4n3CC3CC3)n(C)c12,1,GCN-CfC final,-36.29179382324219,1.9286741018295288
401,COc1ccc(CCNS(=O)(=O)c2cccc(C(=O)O)c2)cc1OC,0,GCN h_G,-0.9089993834495544,2.1746320724487305
401,COc1ccc(CCNS(=O)(=O)c2cccc(C(=O)O)c2)cc1OC,0,GCN-CfC final,1.4335954189300537,2.690533399581909
402,COc1cc(C(=O)N2CC3CCC2[C@@H]3N)cc2nc(-c3cc4ccc(-c5cc(F)c6c(c5)CCC(=O)N6)cc4n3CC3CC3)n(C)c12,1,GCN h_G,43.703609466552734,-3.8156604766845703
402,COc1cc(C(=O)N2CC3CCC2[C@@H]3N)cc2nc(-c3cc4ccc(-c5cc(F)c6c(c5)CCC(=O)N6)cc4n3CC3CC3)n(C)c12,1,GCN-CfC final,-52.984344482421875,-1.1088993549346924
403,COc1cc(OC)cc(C2C(C#N)=C(N)Oc3n[nH]c(-c4cccnc4)c32)c1,0,GCN h_G,-10.000436782836914,-12.063211441040039
403,COc1cc(OC)cc(C2C(C#N)=C(N)Oc3n[nH]c(-c4cccnc4)c32)c1,0,GCN-CfC final,-3.188481092453003,-4.367653846740723
404,Cc1sc2ccccc2[n+]1CCC(C)S(=O)(=O)[O-],0,GCN h_G,-0.979774534702301,-0.8240030407905579
404,Cc1sc2ccccc2[n+]1CCC(C)S(=O)(=O)[O-],0,GCN-CfC final,-1.0340313911437988,-0.33287638425827026
405,Cc1cccc2sc(N(CCCN(C)C)C(=O)c3ccc4ncsc4c3)nc12,0,GCN h_G,-11.626651763916016,-2.3468821048736572
405,Cc1cccc2sc(N(CCCN(C)C)C(=O)c3ccc4ncsc4c3)nc12,0,GCN-CfC final,10.423206329345703,-1.1305323839187622
406,CN(C)CCCn1c(SCC(=O)N2c3ccccc3Sc3ccccc32)nc2ccccc2c1=O,0,GCN h_G,-10.553780555725098,-2.8121817111968994
406,CN(C)CCCn1c(SCC(=O)N2c3ccccc3Sc3ccccc32)nc2ccccc2c1=O,0,GCN-CfC final,23.821640014648438,2.051623582839966
407,C[C@H](CO)N1C[C@H](C)[C@@H](CN(C)Cc2ccc(C(=O)O)cc2)Oc2ccc(NS(=O)(=O)c3cn(C)cn3)cc2C1=O,0,GCN h_G,-2.08573842048645,-3.0421030521392822
407,C[C@H](CO)N1C[C@H](C)[C@@H](CN(C)Cc2ccc(C(=O)O)cc2)Oc2ccc(NS(=O)(=O)c3cn(C)cn3)cc2C1=O,0,GCN-CfC final,-2.4920194149017334,-2.102053642272949
408,O=C(Cc1cc(=O)[nH][nH]1)N/N=C/c1cccc(Cl)c1Cl,0,GCN h_G,-6.845342636108398,3.0723912715911865
408,O=C(Cc1cc(=O)[nH][nH]1)N/N=C/c1cccc(Cl)c1Cl,0,GCN-CfC final,6.250511169433594,2.979853391647339
409,CN1CCc2c(sc3nc(SCC(N)=O)n(-c4ccccc4)c(=O)c23)C1,0,GCN h_G,-15.547282218933105,-3.6733317375183105
409,CN1CCc2c(sc3nc(SCC(N)=O)n(-c4ccccc4)c(=O)c23)C1,0,GCN-CfC final,14.616622924804688,-4.874388217926025
410,COc1ccc(OC)c(S(=O)(=O)Nc2ccccc2C(=O)O)c1,0,GCN h_G,-0.9146663546562195,4.570221424102783
410,COc1ccc(OC)c(S(=O)(=O)Nc2ccccc2C(=O)O)c1,0,GCN-CfC final,9.752036094665527,5.457612037658691
411,CCc1ccccc1N(CC)C(=O)c1cn(C)c(=O)c2cc(OC)c(OC)cc12,0,GCN h_G,-9.821253776550293,-10.225226402282715
411,CCc1ccccc1N(CC)C(=O)c1cn(C)c(=O)c2cc(OC)c(OC)cc12,0,GCN-CfC final,-1.9357495307922363,-6.344067096710205
412,NC(=O)COC(=O)c1ccccc1Nc1ccc(SC(F)F)cc1,0,GCN h_G,1.6103062629699707,1.0589392185211182
412,NC(=O)COC(=O)c1ccccc1Nc1ccc(SC(F)F)cc1,0,GCN-CfC final,8.454207420349121,4.202141761779785
413,CCOC(=O)N1CCN(c2c(N3CCN(c4cccc(C(F)(F)F)c4)CC3)c(=O)c2=O)CC1,0,GCN h_G,-28.9804630279541,-5.811160087585449
413,CCOC(=O)N1CCN(c2c(N3CCN(c4cccc(C(F)(F)F)c4)CC3)c(=O)c2=O)CC1,0,GCN-CfC final,12.013668060302734,-12.631824493408203
414,CCOC(=O)c1[nH]c(=O)c2ccccc2c1O,0,GCN h_G,-6.806088924407959,9.186888694763184
414,CCOC(=O)c1[nH]c(=O)c2ccccc2c1O,0,GCN-CfC final,22.629852294921875,3.2422454357147217
415,COc1cc(C(=O)N2CC3CCC2[C@@H]3N)cc2nc(-c3cc4ccc(-c5ccc(CS(C)(=O)=O)cc5F)nc4n3CC3CC3)n(C)c12,1,GCN h_G,40.42158126831055,-1.8911412954330444
415,COc1cc(C(=O)N2CC3CCC2[C@@H]3N)cc2nc(-c3cc4ccc(-c5ccc(CS(C)(=O)=O)cc5F)nc4n3CC3CC3)n(C)c12,1,GCN-CfC final,-48.65727996826172,0.10044515132904053
416,COc1ccc([N+](=O)[O-])cc1NC(=O)CCS(=O)(=O)c1ccc(Br)cc1,0,GCN h_G,-11.54054069519043,7.040431022644043
416,COc1ccc([N+](=O)[O-])cc1NC(=O)CCS(=O)(=O)c1ccc(Br)cc1,0,GCN-CfC final,20.931446075439453,3.123757839202881
417,COc1cc(C(=O)N2[C@H]3CC[C@@H]2[C@H](N)C3)cc2nc(-c3cc4ccc([C@@H](C)NC(=O)N5CCO[C@@H](C)C5)nc4n3CC3CC3)c(C)n12,1,GCN h_G,29.499492645263672,-0.6691514253616333
417,COc1cc(C(=O)N2[C@H]3CC[C@@H]2[C@H](N)C3)cc2nc(-c3cc4ccc([C@@H](C)NC(=O)N5CCO[C@@H](C)C5)nc4n3CC3CC3)c(C)n12,1,GCN-CfC final,-31.031164169311523,3.619004487991333
418,Cc1nn(Cc2c(F)c(F)c(F)c(F)c2F)c(C)c1NC(=O)c1c([N+](=O)[O-])c(C)nn1C,0,GCN h_G,-22.93789291381836,-4.699249744415283
418,Cc1nn(Cc2c(F)c(F)c(F)c(F)c2F)c(C)c1NC(=O)c1c([N+](=O)[O-])c(C)nn1C,0,GCN-CfC final,6.577521800994873,-9.202569961547852
419,CCC(C)c1ccccc1NC(=O)CN1CCN(C/C=C/c2ccccc2)CC1,0,GCN h_G,-22.260208129882812,7.466740131378174
419,CCC(C)c1ccccc1NC(=O)CN1CCN(C/C=C/c2ccccc2)CC1,0,GCN-CfC final,17.73308563232422,-2.8117899894714355
420,COc1cc(C(=O)N2C[C@H](N)C[C@@H](F)C2)cc2nc(-c3cc4ccc(-c5ccc6c(c5)CCC(=O)N6)nc4n3CC3CC3)n(C)c12,1,GCN h_G,37.82194519042969,1.707450270652771
420,COc1cc(C(=O)N2C[C@H](N)C[C@@H](F)C2)cc2nc(-c3cc4ccc(-c5ccc6c(c5)CCC(=O)N6)nc4n3CC3CC3)n(C)c12,1,GCN-CfC final,-45.535484313964844,-0.9901772737503052
421,COc1cc(C(=O)N2C[C@H](N)C[C@@H](F)C2)cc2nc(-c3cc4ccc(-c5ccc(CS(C)(=O)=O)cc5)cc4n3CC3CC3)n(C)c12,1,GCN h_G,38.776790618896484,-0.06323383003473282
421,COc1cc(C(=O)N2C[C@H](N)C[C@@H](F)C2)cc2nc(-c3cc4ccc(-c5ccc(CS(C)(=O)=O)cc5)cc4n3CC3CC3)n(C)c12,1,GCN-CfC final,-46.60325241088867,-1.2587288618087769
422,COc1cc(C(=O)N2C[C@H](N)C[C@@H](F)C2)cc2nc(-c3cc4ccc(C5CCNC(=O)C5)nc4n3CC3CC3)n(C)c12,1,GCN h_G,39.80585479736328,1.426267147064209
422,COc1cc(C(=O)N2C[C@H](N)C[C@@H](F)C2)cc2nc(-c3cc4ccc(C5CCNC(=O)C5)nc4n3CC3CC3)n(C)c12,1,GCN-CfC final,-51.579872131347656,0.16357767581939697
423,O=C1Nc2ccc(Br)cc2/C1=C/C(=O)c1ccc2c(c1)OCO2,0,GCN h_G,-7.551319122314453,-11.733274459838867
423,O=C1Nc2ccc(Br)cc2/C1=C/C(=O)c1ccc2c(c1)OCO2,0,GCN-CfC final,1.7685803174972534,-1.6674896478652954
424,COc1ccc(CCN(Cc2ccccn2)C(=S)Nc2ccccc2F)cc1OC,0,GCN h_G,1.7448638677597046,5.645153999328613
424,COc1ccc(CCN(Cc2ccccn2)C(=S)Nc2ccccc2F)cc1OC,0,GCN-CfC final,3.387653112411499,5.911643028259277
425,CCc1c(C)nc2c(C)cccc2c1SCCC#N,0,GCN h_G,-13.150343894958496,-4.9495697021484375
425,CCc1c(C)nc2c(C)cccc2c1SCCC#N,0,GCN-CfC final,-4.183817386627197,-5.354640007019043
426,Cn1nc(C(F)(F)F)cc1-c1ccc(S(N)(=O)=O)s1,0,GCN h_G,-3.828190326690674,0.4863017797470093
426,Cn1nc(C(F)(F)F)cc1-c1ccc(S(N)(=O)=O)s1,0,GCN-CfC final,-2.310971736907959,-0.6373403072357178
427,CC(=O)Nc1ccc(OC(=O)c2ccco2)cc1,0,GCN h_G,-1.0543991327285767,12.065338134765625
427,CC(=O)Nc1ccc(OC(=O)c2ccco2)cc1,0,GCN-CfC final,28.740264892578125,6.766870498657227
428,Cc1cccc(NS(=O)(=O)c2ccc(OCC(=O)N3CCCC3)cc2)c1,0,GCN h_G,-20.569238662719727,4.026535511016846
428,Cc1cccc(NS(=O)(=O)c2ccc(OCC(=O)N3CCCC3)cc2)c1,0,GCN-CfC final,23.726329803466797,-1.3659329414367676
429,Cc1ccc(C)c(OCCCC(C)(C)C(=O)O)c1,0,GCN h_G,-7.625515460968018,-4.1668596267700195
429,Cc1ccc(C)c(OCCCC(C)(C)C(=O)O)c1,0,GCN-CfC final,22.375194549560547,6.019203186035156
430,COC(=O)c1ccc(=O)c2nc3/c(=C/O)c(O)cc(=O)c3[nH]c12,0,GCN h_G,-6.963181495666504,6.411935806274414
430,COC(=O)c1ccc(=O)c2nc3/c(=C/O)c(O)cc(=O)c3[nH]c12,0,GCN-CfC final,0.9856860637664795,-0.947961151599884
431,O=C(NCc1ccccn1)c1ccc2nc(-c3ccco3)c(-c3ccco3)nc2c1,0,GCN h_G,0.3636713922023773,13.962064743041992
431,O=C(NCc1ccccn1)c1ccc2nc(-c3ccco3)c(-c3ccco3)nc2c1,0,GCN-CfC final,9.849620819091797,6.81369686126709
432,COc1cc(C(=O)N2CC3CCC2[C@@H]3N)cc2nc(-c3cc4ccc(-c5ccc(C(N)=O)cn5)nc4n3CC3CC3)n(C)c12,1,GCN h_G,40.099822998046875,-4.043888092041016
432,COc1cc(C(=O)N2CC3CCC2[C@@H]3N)cc2nc(-c3cc4ccc(-c5ccc(C(N)=O)cn5)nc4n3CC3CC3)n(C)c12,1,GCN-CfC final,-46.15509033203125,1.1293237209320068
433,CC12CCC(C(=O)Nc3ccc(SC(F)F)cc3)(CC1=O)C2(C)C,0,GCN h_G,-22.345064163208008,-11.573383331298828
433,CC12CCC(C(=O)Nc3ccc(SC(F)F)cc3)(CC1=O)C2(C)C,0,GCN-CfC final,22.348146438598633,-5.902252674102783
434,O=C(Nc1ccc2ccccc2n1)C1CCCCC1,0,GCN h_G,-1.579972743988037,-9.60519027709961
434,O=C(Nc1ccc2ccccc2n1)C1CCCCC1,0,GCN-CfC final,16.282852172851562,2.806816577911377
435,COc1cc(C(=O)N2CC3CCC2[C@@H]3N)cc2nc(-c3cc4ccc(-c5ccc(O)c(-c6ccno6)c5)nc4n3CC3CC3)n(C)c12,1,GCN h_G,35.66564178466797,-6.487165451049805
435,COc1cc(C(=O)N2CC3CCC2[C@@H]3N)cc2nc(-c3cc4ccc(-c5ccc(O)c(-c6ccno6)c5)nc4n3CC3CC3)n(C)c12,1,GCN-CfC final,-38.707027435302734,2.6718931198120117
436,CCCOc1cccc(OCC(=O)Nc2nc3ccccc3[nH]2)c1,0,GCN h_G,-1.7920457124710083,11.214070320129395
436,CCCOc1cccc(OCC(=O)Nc2nc3ccccc3[nH]2)c1,0,GCN-CfC final,25.735300064086914,7.2437663078308105
437,Cc1ccc(/C=N/n2c(-c3cccnc3)n[nH]c2=S)o1,0,GCN h_G,-3.8517308235168457,12.517109870910645
437,Cc1ccc(/C=N/n2c(-c3cccnc3)n[nH]c2=S)o1,0,GCN-CfC final,25.630502700805664,6.024233818054199
438,COc1cc(C(=O)N2C[C@H](N)C[C@@H](F)C2)cc2nc(-c3cc4ccc(-c5cnc6c(c5)OCC(=O)N6)cc4n3CC3CC3)n(C)c12,1,GCN h_G,37.54116439819336,2.328723430633545
438,COc1cc(C(=O)N2C[C@H](N)C[C@@H](F)C2)cc2nc(-c3cc4ccc(-c5cnc6c(c5)OCC(=O)N6)cc4n3CC3CC3)n(C)c12,1,GCN-CfC final,-44.95759582519531,-0.5277132391929626
439,CCOC(=O)N1CCN(C(=O)c2cn(CC)c3cc(N4CCN(C)CC4)c(F)cc3c2=O)CC1.Cl,0,GCN h_G,-28.692886352539062,-6.540252685546875
439,CCOC(=O)N1CCN(C(=O)c2cn(CC)c3cc(N4CCN(C)CC4)c(F)cc3c2=O)CC1.Cl,0,GCN-CfC final,9.409628868103027,-13.040578842163086
440,COc1cc(C(=O)N2C[C@H]3CC[C@@H]2[C@@H]3N)cc2nc(-c3ccc(F)nc3CC3CC3)n(C)c12,1,GCN h_G,28.654123306274414,-1.7345331907272339
440,COc1cc(C(=O)N2C[C@H]3CC[C@@H]2[C@@H]3N)cc2nc(-c3ccc(F)nc3CC3CC3)n(C)c12,1,GCN-CfC final,-28.925697326660156,4.199835300445557
441,COc1cc(C(=O)N2CC3CCC2[C@@H]3N)cc2nc(-c3cc4ccc(-c5cccc(NS(C)(=O)=O)c5)nc4n3CC3CC3)n(C)c12,1,GCN h_G,39.36741638183594,-2.0743470191955566
441,COc1cc(C(=O)N2CC3CCC2[C@@H]3N)cc2nc(-c3cc4ccc(-c5cccc(NS(C)(=O)=O)c5)nc4n3CC3CC3)n(C)c12,1,GCN-CfC final,-46.386756896972656,1.7977663278579712
442,COc1cc(C2OC(=O)c3ccccc3S2)cc(OC)c1OC,0,GCN h_G,-4.710949420928955,5.527286529541016
442,COc1cc(C2OC(=O)c3ccccc3S2)cc(OC)c1OC,0,GCN-CfC final,8.940832138061523,2.5223612785339355
443,O=C(c1cc(N2CCOCC2)c(F)cc1[N+](=O)[O-])N1CCOCC1,0,GCN h_G,-29.365488052368164,-6.2848334312438965
443,O=C(c1cc(N2CCOCC2)c(F)cc1[N+](=O)[O-])N1CCOCC1,0,GCN-CfC final,12.392838478088379,-12.679242134094238
444,O=C(COC(=O)CCCc1c[nH]c2ccccc12)Nc1ccc2c(c1)OCO2,0,GCN h_G,-14.8489351272583,5.802281379699707
444,O=C(COC(=O)CCCc1c[nH]c2ccccc12)Nc1ccc2c(c1)OCO2,0,GCN-CfC final,17.567180633544922,0.6039674282073975
445,CC(C)c1ccccc1NC(=S)NC1CCN(Cc2ccccc2)CC1,0,GCN h_G,-4.069176197052002,-5.313495635986328
445,CC(C)c1ccccc1NC(=S)NC1CCN(Cc2ccccc2)CC1,0,GCN-CfC final,15.756315231323242,7.32619571685791
446,CCOc1ccc2c(c1)-c1c(ssc1=S)C(C)(C)N2C(=O)CSC1=NCCS1,0,GCN h_G,-21.982276916503906,-8.320646286010742
446,CCOc1ccc2c(c1)-c1c(ssc1=S)C(C)(C)N2C(=O)CSC1=NCCS1,0,GCN-CfC final,2.2009217739105225,-7.161683082580566
447,O=C(CSc1n[nH]c(-c2ccccc2)n1)N1CCCC1,0,GCN h_G,-22.84368896484375,1.7359541654586792
447,O=C(CSc1n[nH]c(-c2ccccc2)n1)N1CCCC1,0,GCN-CfC final,27.044692993164062,-3.330376625061035
448,O=C(NNC(=S)NC(=O)c1cn(-c2ccccc2)nc1-c1ccccc1)c1ccncc1,0,GCN h_G,4.875732898712158,5.570481777191162
448,O=C(NNC(=S)NC(=O)c1cn(-c2ccccc2)nc1-c1ccccc1)c1ccncc1,0,GCN-CfC final,-3.1318318843841553,6.018102169036865
449,O=C(COC(=O)c1ccc(Br)o1)NCc1ccc(Cl)cc1,0,GCN h_G,-6.592069625854492,13.00506591796875
449,O=C(COC(=O)c1ccc(Br)o1)NCc1ccc(Cl)cc1,0,GCN-CfC final,28.994333267211914,4.263706684112549
450,CCCOC(=S)NC(=O)c1sc2ccccc2c1Cl,0,GCN h_G,-8.41136360168457,7.767321586608887
450,CCCOC(=S)NC(=O)c1sc2ccccc2c1Cl,0,GCN-CfC final,11.644357681274414,0.7724711894989014
451,CN(C(=O)COC(=O)c1cccc(S(=O)(=O)N2CCOCC2)c1)C1CCS(=O)(=O)C1,0,GCN h_G,-25.637893676757812,-2.150045394897461
451,CN(C(=O)COC(=O)c1cccc(S(=O)(=O)N2CCOCC2)c1)C1CCS(=O)(=O)C1,0,GCN-CfC final,13.495708465576172,-11.644181251525879
452,O=C(NCc1cccs1)c1ccc2c(c1)ncn2C1CCCC1,0,GCN h_G,-1.3309671878814697,-8.578865051269531
452,O=C(NCc1cccs1)c1ccc2c(c1)ncn2C1CCCC1,0,GCN-CfC final,-6.414794921875,-1.3517844676971436
453,COc1cc2oc3ccccc3c(=O)c2cc1OC,0,GCN h_G,-4.712652206420898,8.008035659790039
453,COc1cc2oc3ccccc3c(=O)c2cc1OC,0,GCN-CfC final,6.076624393463135,4.997886657714844
454,O=C1c2ccccc2C(=O)N1CCCc1cn(C[C@H]2CC[C@@H]([C@@H]3CC[C@H](Cn4cc(CCCN5C(=O)c6ccccc6C5=O)nn4)O3)O2)nn1,0,GCN h_G,-22.024032592773438,-6.202394962310791
454,O=C1c2ccccc2C(=O)N1CCCc1cn(C[C@H]2CC[C@@H]([C@@H]3CC[C@H](Cn4cc(CCCN5C(=O)c6ccccc6C5=O)nn4)O3)O2)nn1,0,GCN-CfC final,1.2035775184631348,-5.272284984588623
455,N#C/C(=C\C=C\c1ccccc1)C(=O)NCc1cccnc1,0,GCN h_G,6.39100456237793,2.702364206314087
455,N#C/C(=C\C=C\c1ccccc1)C(=O)NCc1cccnc1,0,GCN-CfC final,-10.323867797851562,1.704105019569397
456,COCCN(CCOC)C(=O)c1ccc(CSc2nc3ccccc3s2)cc1,0,GCN h_G,-15.646180152893066,2.9309544563293457
456,COCCN(CCOC)C(=O)c1ccc(CSc2nc3ccccc3s2)cc1,0,GCN-CfC final,19.11402702331543,-1.706408143043518
457,C=CCN(Cc1ccc(Cl)s1)C(=O)c1cc(S(=O)(=O)N2CCOCC2)ccc1F,0,GCN h_G,-22.261343002319336,-1.2974021434783936
457,C=CCN(Cc1ccc(Cl)s1)C(=O)c1cc(S(=O)(=O)N2CCOCC2)ccc1F,0,GCN-CfC final,11.287749290466309,-8.590812683105469
458,COc1cc(C(=O)N2C[C@H](N)C[C@@H](F)C2)cc2nc(-c3cc4ccc(-c5ccc(CC(N)=O)nc5)nc4n3CC3CC3)n(C)c12,1,GCN h_G,37.072181701660156,1.5281424522399902
458,COc1cc(C(=O)N2C[C@H](N)C[C@@H](F)C2)cc2nc(-c3cc4ccc(-c5ccc(CC(N)=O)nc5)nc4n3CC3CC3)n(C)c12,1,GCN-CfC final,-44.921142578125,-1.181947112083435
459,COc1ccc(OC)c(N2Cc3cc(C)c(C)cc3C2)c1,0,GCN h_G,-6.940976619720459,-9.477038383483887
459,COc1ccc(OC)c(N2Cc3cc(C)c(C)cc3C2)c1,0,GCN-CfC final,-3.885462522506714,-2.498941659927368
460,COc1ccccc1-c1nnc(NC(=O)c2ccc3ncsc3c2)o1,0,GCN h_G,-5.056863307952881,9.490330696105957
460,COc1ccccc1-c1nnc(NC(=O)c2ccc3ncsc3c2)o1,0,GCN-CfC final,10.490290641784668,2.7173116207122803
461,O=C(C1CCCC1)N1CCC(CC2CC(c3ccc(Cl)cc3)=NO2)(C(=O)NCC2CCCCC2)CC1,0,GCN h_G,-29.82000732421875,1.021019697189331
461,O=C(C1CCCC1)N1CCC(CC2CC(c3ccc(Cl)cc3)=NO2)(C(=O)NCC2CCCCC2)CC1,0,GCN-CfC final,24.563005447387695,-8.029060363769531
462,C=CC(COCc1ccccc1)N(Cc1ccccc1)S(=O)(=O)c1ccccc1Br,0,GCN h_G,2.948779821395874,8.853472709655762
462,C=CC(COCc1ccccc1)N(Cc1ccccc1)S(=O)(=O)c1ccccc1Br,0,GCN-CfC final,18.01679801940918,8.582146644592285
463,CN(C)C(=O)c1ccc(NC(=O)c2cccc(S(=O)(=O)N3CCCc4ccccc43)c2)cc1,0,GCN h_G,0.3462832272052765,-2.7768924236297607
463,CN(C)C(=O)c1ccc(NC(=O)c2cccc(S(=O)(=O)N3CCCc4ccccc43)c2)cc1,0,GCN-CfC final,-0.4926415979862213,2.504490613937378
464,O=C1c2ccccc2-c2onc3c(N4CCN(CCO)CC4)cc(N4CCN(C(=O)c5ccco5)CC4)c1c23,0,GCN h_G,-26.804357528686523,-6.352578163146973
464,O=C1c2ccccc2-c2onc3c(N4CCN(CCO)CC4)cc(N4CCN(C(=O)c5ccco5)CC4)c1c23,0,GCN-CfC final,9.848710060119629,-11.909319877624512
465,COc1ccc(Cl)cc1C(=O)NNC(=O)c1cccs1,0,GCN h_G,-1.4599900245666504,6.915024280548096
465,COc1ccc(Cl)cc1C(=O)NNC(=O)c1cccs1,0,GCN-CfC final,10.760376930236816,5.500330924987793
466,COC(=O)c1ccc(-c2ccc3cc(-c4nc5cc(C(=O)N6CC7CCC6[C@@H]7N)cc(OC)c5n4C)n(CC4CC4)c3n2)cc1O,1,GCN h_G,39.720367431640625,-5.058071613311768
466,COC(=O)c1ccc(-c2ccc3cc(-c4nc5cc(C(=O)N6CC7CCC6[C@@H]7N)cc(OC)c5n4C)n(CC4CC4)c3n2)cc1O,1,GCN-CfC final,-43.578826904296875,1.5477057695388794
467,Cc1nc(Cl)c2c(n1)NC1=C(O2)C(=O)CCC1,0,GCN h_G,-19.380226135253906,-3.3262689113616943
467,Cc1nc(Cl)c2c(n1)NC1=C(O2)C(=O)CCC1,0,GCN-CfC final,15.153753280639648,-9.411946296691895
468,CC1Cc2ccccc2N1C(=O)CSc1nnc(CSc2ncccn2)n1C,0,GCN h_G,-12.066499710083008,-4.069582462310791
468,CC1Cc2ccccc2N1C(=O)CSc1nnc(CSc2ncccn2)n1C,0,GCN-CfC final,19.9307918548584,-1.4601905345916748
469,CCCCn1c(=O)c(C(=O)Nc2ccccc2F)c(O)c2ccccc21,0,GCN h_G,-8.135037422180176,6.838909149169922
469,CCCCn1c(=O)c(C(=O)Nc2ccccc2F)c(O)c2ccccc21,0,GCN-CfC final,2.116852283477783,0.4518817067146301
470,CCN(c1ccccc1)S(=O)(=O)c1ccc(Cl)c(C(=O)O)c1,0,GCN h_G,-0.86280357837677,4.0571417808532715
470,CCN(c1ccccc1)S(=O)(=O)c1ccc(Cl)c(C(=O)O)c1,0,GCN-CfC final,11.022502899169922,5.085776329040527
471,COc1cc(C(=O)N2CC3CCC2[C@@H]3N)cc2nc(-c3cc4ccc(Nc5cccc(C(N)=O)c5)nc4n3CC3CC3)n(C)c12,1,GCN h_G,39.000701904296875,-7.807816505432129
471,COc1cc(C(=O)N2CC3CCC2[C@@H]3N)cc2nc(-c3cc4ccc(Nc5cccc(C(N)=O)c5)nc4n3CC3CC3)n(C)c12,1,GCN-CfC final,-41.264366149902344,3.6153197288513184
472,COc1cc(C(=O)N2C[C@H](N)CC[C@@H]2C)cc2nc(-c3cc4ccc(-c5ccc6c(c5)CC(=O)N6)nc4n3CC3CC3)n(C)c12,1,GCN h_G,31.207630157470703,-0.7738064527511597
472,COc1cc(C(=O)N2C[C@H](N)CC[C@@H]2C)cc2nc(-c3cc4ccc(-c5ccc6c(c5)CC(=O)N6)nc4n3CC3CC3)n(C)c12,1,GCN-CfC final,-33.771358489990234,2.4126062393188477
473,COc1cc(C(=O)N2CC3CCC2[C@@H]3N)cc2nc(-c3cc4ccc(-c5ccc(NC(C)=O)c(C(=O)O)c5)nc4n3CC3CC3)n(C)c12,1,GCN h_G,38.8481330871582,-5.84346342086792
473,COc1cc(C(=O)N2CC3CCC2[C@@H]3N)cc2nc(-c3cc4ccc(-c5ccc(NC(C)=O)c(C(=O)O)c5)nc4n3CC3CC3)n(C)c12,1,GCN-CfC final,-40.462093353271484,3.1744964122772217
474,O=C(N1CCOCC1)N1CCN(c2ccccc2F)CC1,0,GCN h_G,-30.199481964111328,-4.626556873321533
474,O=C(N1CCOCC1)N1CCN(c2ccccc2F)CC1,0,GCN-CfC final,29.428550720214844,-6.14314603805542
475,CC1(OC(=O)c2ccc(Cl)nc2)C(=O)C=C2C=C(C3CC3)OC=C2C1=O,0,GCN h_G,-13.744545936584473,-14.87269115447998
475,CC1(OC(=O)c2ccc(Cl)nc2)C(=O)C=C2C=C(C3CC3)OC=C2C1=O,0,GCN-CfC final,-9.187457084655762,-3.7492787837982178
476,CCCNC(=S)Nc1ccc(CC(=O)OC)cc1,0,GCN h_G,2.708306074142456,-4.6879353523254395
476,CCCNC(=S)Nc1ccc(CC(=O)OC)cc1,0,GCN-CfC final,-5.980055809020996,0.6943443417549133
477,COc1ccc(OC)c(NC(=S)NCc2cccs2)c1,0,GCN h_G,0.5660369992256165,8.718341827392578
477,COc1ccc(OC)c(NC(=S)NCc2cccs2)c1,0,GCN-CfC final,10.783151626586914,6.813473224639893
478,CCCN(CCC)S(=O)(=O)c1ccc(NC(=O)c2cc(C(=O)OC)cc([N+](=O)[O-])c2)cc1,0,GCN h_G,-16.673139572143555,0.19426049292087555
478,CCCN(CCC)S(=O)(=O)c1ccc(NC(=O)c2cc(C(=O)OC)cc([N+](=O)[O-])c2)cc1,0,GCN-CfC final,2.689802885055542,-3.2229115962982178
479,COc1ccc(C2CC(c3cccs3)=NN2C(=O)CSC2=NCCS2)cc1,0,GCN h_G,-23.26422119140625,-8.847800254821777
479,COc1ccc(C2CC(c3cccs3)=NN2C(=O)CSC2=NCCS2)cc1,0,GCN-CfC final,23.26369285583496,-3.890796661376953
480,O=C1C2CCCCC2C(=O)N1c1ccc(NC2CCCCC2)c([N+](=O)[O-])c1,0,GCN h_G,-19.229677200317383,-9.925637245178223
480,O=C1C2CCCCC2C(=O)N1c1ccc(NC2CCCCC2)c([N+](=O)[O-])c1,0,GCN-CfC final,16.259199142456055,-11.801406860351562
481,COc1ccc(N(CC(O)CN2C(=O)NC(C)(C)C2=O)S(=O)(=O)c2ccc(C)cc2)cc1,0,GCN h_G,3.660270929336548,-1.6562721729278564
481,COc1ccc(N(CC(O)CN2C(=O)NC(C)(C)C2=O)S(=O)(=O)c2ccc(C)cc2)cc1,0,GCN-CfC final,-7.605798721313477,0.5612033009529114
482,CCOc1ccc(OCC(=O)Nc2ccc(OC)cc2)cc1,0,GCN h_G,-1.4899955987930298,11.239151000976562
482,CCOc1ccc(OCC(=O)Nc2ccc(OC)cc2)cc1,0,GCN-CfC final,25.613248825073242,7.645326137542725
483,Cc1ccc(N(NC(=O)C(O)(c2ccccc2)c2ccccc2)C(=O)CCl)cc1,0,GCN h_G,5.461616516113281,8.986536026000977
483,Cc1ccc(N(NC(=O)C(O)(c2ccccc2)c2ccccc2)C(=O)CCl)cc1,0,GCN-CfC final,13.809063911437988,10.319308280944824
484,O=C(Oc1ccccc1C(=O)Nc1ccccc1)c1ccc(Br)c([N+](=O)[O-])c1,0,GCN h_G,-0.973569393157959,9.436371803283691
484,O=C(Oc1ccccc1C(=O)Nc1ccccc1)c1ccc(Br)c([N+](=O)[O-])c1,0,GCN-CfC final,24.80388641357422,6.628235816955566
485,CC(C)Cc1nn2c(=O)cc(O)nc2s1,0,GCN h_G,-16.596895217895508,10.214866638183594
485,CC(C)Cc1nn2c(=O)cc(O)nc2s1,0,GCN-CfC final,31.32939910888672,3.910132884979248
486,COc1ccc(C(=O)C2CCCN(C(=O)c3ccc4nccnc4c3)C2)c(C)c1,0,GCN h_G,-9.225495338439941,-9.497594833374023
486,COc1ccc(C(=O)C2CCCN(C(=O)c3ccc4nccnc4c3)C2)c(C)c1,0,GCN-CfC final,-2.204099178314209,-3.612938642501831
487,COc1cc(C(=O)N2C[C@H](N)C[C@@H](F)C2)cc2nc(-c3cc4ccc(C(=O)Nc5ccc(S(N)(=O)=O)cc5)nc4n3CC3CC3)n(C)c12,1,GCN h_G,35.39555358886719,-0.6878612041473389
487,COc1cc(C(=O)N2C[C@H](N)C[C@@H](F)C2)cc2nc(-c3cc4ccc(C(=O)Nc5ccc(S(N)(=O)=O)cc5)nc4n3CC3CC3)n(C)c12,1,GCN-CfC final,-34.8256721496582,2.9140875339508057
488,COc1ccc(OC(C)C(=O)N(C)Cc2nc(-c3ccccc3)no2)cc1,0,GCN h_G,-3.528303384780884,11.457279205322266
488,COc1ccc(OC(C)C(=O)N(C)Cc2nc(-c3ccccc3)no2)cc1,0,GCN-CfC final,25.882802963256836,6.5975260734558105
489,COc1cc(C(=O)N2CC3CCC2[C@@H]3N)cc2nc(-c3cc4ccc(Nc5ccncc5CO)nc4n3CC3CC3)n(C)c12,1,GCN h_G,38.76376724243164,-7.346864700317383
489,COc1cc(C(=O)N2CC3CCC2[C@@H]3N)cc2nc(-c3cc4ccc(Nc5ccncc5CO)nc4n3CC3CC3)n(C)c12,1,GCN-CfC final,-42.1365852355957,3.2431280612945557
490,CN(C)/C=C(\C#N)S(=O)(=O)c1ccccc1,0,GCN h_G,1.4013781547546387,-0.6624060869216919
490,CN(C)/C=C(\C#N)S(=O)(=O)c1ccccc1,0,GCN-CfC final,13.344131469726562,5.117464542388916
491,CC(=O)N1CCC(=NNc2nc3ccccc3[nH]2)CC1.O=C(O)C(=O)O,0,GCN h_G,-19.862314224243164,5.553843021392822
491,CC(=O)N1CCC(=NNc2nc3ccccc3[nH]2)CC1.O=C(O)C(=O)O,0,GCN-CfC final,22.878124237060547,-1.1779577732086182
492,COc1cc(C(=O)N2CC3CCC2[C@@H]3N)cc2nc(-c3cc4ccc(-c5cc(F)c6c(c5)CCN(C(C)=O)C6)nc4n3CC3CC3)n(C)c12,1,GCN h_G,44.01318359375,-2.26088547706604
492,COc1cc(C(=O)N2CC3CCC2[C@@H]3N)cc2nc(-c3cc4ccc(-c5cc(F)c6c(c5)CCN(C(C)=O)C6)nc4n3CC3CC3)n(C)c12,1,GCN-CfC final,-51.838661193847656,0.7632348537445068
493,CCc1ncc(/C=C2\C(=O)Nc3ccccc32)[nH]1,0,GCN h_G,5.011155605316162,-5.847517013549805
493,CCc1ncc(/C=C2\C(=O)Nc3ccccc32)[nH]1,0,GCN-CfC final,-8.638553619384766,1.1477060317993164
494,COc1cc(C(=O)N2CC3CCC2[C@@H]3N)cc2nc(-c3cc4ccc(-c5ccc6oc(=O)[nH]c6c5)cc4n3CC3CC3)n(C)c12,1,GCN h_G,34.99287796020508,-7.261768341064453
494,COc1cc(C(=O)N2CC3CCC2[C@@H]3N)cc2nc(-c3cc4ccc(-c5ccc6oc(=O)[nH]c6c5)cc4n3CC3CC3)n(C)c12,1,GCN-CfC final,-40.972591400146484,0.4359642267227173
495,C/C(CC(=O)Nc1ccc(Cl)c(C(F)(F)F)c1)=N\NC(=O)c1cnccn1,0,GCN h_G,-5.6837158203125,1.8974616527557373
495,C/C(CC(=O)Nc1ccc(Cl)c(C(F)(F)F)c1)=N\NC(=O)c1cnccn1,0,GCN-CfC final,-1.0859806537628174,-1.5478698015213013
496,COc1ccc(-c2ccc3cc(-c4nc5cc(C(=O)N6C[C@H]7CC[C@@H]6[C@@H]7N)cc(OC)c5n4C)n(CC4CC4)c3c2)c(F)c1,1,GCN h_G,31.071205139160156,-2.0756914615631104
496,COc1ccc(-c2ccc3cc(-c4nc5cc(C(=O)N6C[C@H]7CC[C@@H]6[C@@H]7N)cc(OC)c5n4C)n(CC4CC4)c3c2)c(F)c1,1,GCN-CfC final,-33.35581970214844,1.8085659742355347
497,COc1ccccc1-c1oc2ccccc2c1-c1ccccc1OC,0,GCN h_G,5.51406717300415,13.366724967956543
497,COc1ccccc1-c1oc2ccccc2c1-c1ccccc1OC,0,GCN-CfC final,9.472601890563965,10.319989204406738
498,CCC1(C)Cc2c(sc(NC(=O)CCC(=O)O)c2C#N)CO1,0,GCN h_G,-20.454662322998047,-4.933237552642822
498,CCC1(C)Cc2c(sc(NC(=O)CCC(=O)O)c2C#N)CO1,0,GCN-CfC final,8.154279708862305,-9.598917007446289
499,C=CCn1c(Cc2csc(N)n2)nnc1SCC(=O)OCC,0,GCN h_G,-18.932838439941406,-4.558676719665527
499,C=CCn1c(Cc2csc(N)n2)nnc1SCC(=O)OCC,0,GCN-CfC final,8.89792537689209,-9.832413673400879
500,C=CCOc1ccccc1CNCCCN1CCOCC1.Cl,0,GCN h_G,-20.856216430664062,1.4016774892807007
500,C=CCOc1ccccc1CNCCCN1CCOCC1.Cl,0,GCN-CfC final,11.057578086853027,-6.913865089416504
501,COc1ccc(CCNC(=O)c2c(-c3ccccc3)noc2C)cc1OC,0,GCN h_G,1.9207555055618286,5.160974979400635
501,COc1ccc(CCNC(=O)c2c(-c3ccccc3)noc2C)cc1OC,0,GCN-CfC final,-1.5075531005859375,4.208448886871338
502,Cn1nccc1NC(=O)c1nccnc1C(=O)O,0,GCN h_G,-8.316353797912598,3.5633223056793213
502,Cn1nccc1NC(=O)c1nccnc1C(=O)O,0,GCN-CfC final,12.503372192382812,4.058063983917236
503,C/C(=N\Nc1nc2c(s1)CCCC2)c1ccc(Cl)cc1.Cl,0,GCN h_G,-13.666555404663086,-1.1862317323684692
503,C/C(=N\Nc1nc2c(s1)CCCC2)c1ccc(Cl)cc1.Cl,0,GCN-CfC final,12.239738464355469,-2.577267646789551
504,Oc1ccc(-c2cnc3ccccc3n2)cc1,0,GCN h_G,1.9593663215637207,13.886332511901855
504,Oc1ccc(-c2cnc3ccccc3n2)cc1,0,GCN-CfC final,15.66042709350586,11.035791397094727
505,COc1cc(C(=O)N2CCC[C@@H](N)C2)cc2nc(-c3ccc(C#N)n3CC3CCOCC3)n(C)c12,0,GCN h_G,28.7635498046875,-0.9565333127975464
505,COc1cc(C(=O)N2CCC[C@@H](N)C2)cc2nc(-c3ccc(C#N)n3CC3CCOCC3)n(C)c12,0,GCN-CfC final,-29.84175682067871,4.08937406539917
506,COc1cc(C(=O)OCC(=O)Nc2ccc(S(=O)(=O)N3CCCC3)cc2)cc(OC)c1OC,0,GCN h_G,-17.227767944335938,-0.17966215312480927
506,COc1cc(C(=O)OCC(=O)Nc2ccc(S(=O)(=O)N3CCCC3)cc2)cc(OC)c1OC,0,GCN-CfC final,1.8940300941467285,-3.46602463722229
