sample_index,smiles,label,space,x,y
0,O=C1CSC(=Nc2cccc(Cl)c2Cl)N1,0,GCN h_G,-9.57514762878418,3.2724170684814453
0,O=C1CSC(=Nc2cccc(Cl)c2Cl)N1,0,GCN-CfC final,21.50373077392578,-0.42862170934677124
1,Cc1sc2c3ccsc3ccc2[n+]1C.[I-],0,GCN h_G,7.046733379364014,9.111246109008789
1,Cc1sc2c3ccsc3ccc2[n+]1C.[I-],0,GCN-CfC final,12.173079490661621,-8.592249870300293
2,CCc1cc(=O)oc2c(C)c(OC(C)C(=O)N3CCC[C@@H]3C(=O)O)ccc12,0,GCN h_G,-22.680225372314453,-4.847461700439453
2,CCc1cc(=O)oc2c(C)c(OC(C)C(=O)N3CCC[C@@H]3C(=O)O)ccc12,0,GCN-CfC final,21.280044555664062,6.273404598236084
3,Cc1ccc(OCC(=O)N2CCN(S(=O)(=O)c3ccccc3[N+](=O)[O-])CC2)cc1,0,GCN h_G,-21.07474136352539,2.233887195587158
3,Cc1ccc(OCC(=O)N2CCN(S(=O)(=O)c3ccccc3[N+](=O)[O-])CC2)cc1,0,GCN-CfC final,30.006744384765625,0.8144307136535645
4,CCc1cc(NC(C)=O)ccc1-c1ccc2cc(-c3nc4cc(C(=O)N5CC6CCC5[C@@H]6N)cc(OC)c4n3C)n(CC3CC3)c2n1,1,GCN h_G,42.12854766845703,2.0710134506225586
4,CCc1cc(NC(C)=O)ccc1-c1ccc2cc(-c3nc4cc(C(=O)N5CC6CCC5[C@@H]6N)cc(OC)c4n3C)n(CC3CC3)c2n1,1,GCN-CfC final,-39.875518798828125,4.308913230895996
5,COc1cc(-c2ccc3cc(-c4nc5cc(C(=O)N6CC7CCC6[C@@H]7N)cc(OC)c5n4C)n(CC4CC4)c3n2)ccc1CC(N)=O,1,GCN h_G,43.507537841796875,-1.219131350517273
5,COc1cc(-c2ccc3cc(-c4nc5cc(C(=O)N6CC7CCC6[C@@H]7N)cc(OC)c5n4C)n(CC4CC4)c3n2)ccc1CC(N)=O,1,GCN-CfC final,-45.357810974121094,2.3071224689483643
6,C/C(=N\NS(C)(=O)=O)c1ccccc1,0,GCN h_G,4.629791736602783,-1.8913648128509521
6,C/C(=N\NS(C)(=O)=O)c1ccccc1,0,GCN-CfC final,-12.984006881713867,-2.005890130996704
7,Cc1nn2c(N3CCN(C)CC3)c3c(nc2c1-c1ccccc1)CCCC3,0,GCN h_G,-30.181766510009766,2.7138562202453613
7,Cc1nn2c(N3CCN(C)CC3)c3c(nc2c1-c1ccccc1)CCCC3,0,GCN-CfC final,17.3593692779541,12.190053939819336
8,Cc1ccc([C@@H]2C3COCC=C3C(C#N)=C(N)C2(C#N)C#N)o1,0,GCN h_G,-22.14908790588379,-14.583195686340332
8,Cc1ccc([C@@H]2C3COCC=C3C(C#N)=C(N)C2(C#N)C#N)o1,0,GCN-CfC final,31.776836395263672,3.3066155910491943
9,CCN(c1ccccc1)S(=O)(=O)c1ccc(F)c(C(=O)O)c1,0,GCN h_G,-1.960864782333374,1.4845607280731201
9,CCN(c1ccccc1)S(=O)(=O)c1ccc(F)c(C(=O)O)c1,0,GCN-CfC final,3.2436158657073975,-3.4718217849731445
10,COc1cc(C(=O)N2C[C@H](N)C[C@@H](F)C2)cc2nc(-c3cc4ccc(-c5ccc(C(N)=O)cc5C(F)(F)F)nc4n3CC3CC3)n(C)c12,1,GCN h_G,37.42597198486328,-1.5881093740463257
10,COc1cc(C(=O)N2C[C@H](N)C[C@@H](F)C2)cc2nc(-c3cc4ccc(-c5ccc(C(N)=O)cc5C(F)(F)F)nc4n3CC3CC3)n(C)c12,1,GCN-CfC final,-39.261192321777344,1.2057002782821655
11,O=C(CCNC(=O)C1CCN(S(=O)(=O)c2ccc(F)cc2)CC1)NCc1ccccc1Cl,0,GCN h_G,-15.349414825439453,-3.734314203262329
11,O=C(CCNC(=O)C1CCN(S(=O)(=O)c2ccc(F)cc2)CC1)NCc1ccccc1Cl,0,GCN-CfC final,5.7613019943237305,-4.709283828735352
12,Cn1nnnc1SCc1ccccc1F,0,GCN h_G,-15.358156204223633,7.7265305519104
12,Cn1nnnc1SCc1ccccc1F,0,GCN-CfC final,18.88285255432129,0.9172093868255615
13,C/C(N)=C(/C#N)C(=O)COC(=O)C(NS(=O)(=O)c1ccc(Cl)cc1)C(C)O,0,GCN h_G,-6.832254409790039,-4.552283763885498
13,C/C(N)=C(/C#N)C(=O)COC(=O)C(NS(=O)(=O)c1ccc(Cl)cc1)C(C)O,0,GCN-CfC final,7.803588390350342,1.5211997032165527
14,C=CCOC(=O)C1=C(C)NC(C)=C(C(=O)OCC=C)C1c1ccc(C)o1,0,GCN h_G,-20.036802291870117,-11.52121353149414
14,C=CCOC(=O)C1=C(C)NC(C)=C(C(=O)OCC=C)C1c1ccc(C)o1,0,GCN-CfC final,-3.8973586559295654,-9.526336669921875
15,Cc1ccc(-n2ncc3c2CCCC3NC(=O)c2ccoc2)cc1C,0,GCN h_G,-8.93752384185791,-9.63603401184082
15,Cc1ccc(-n2ncc3c2CCCC3NC(=O)c2ccoc2)cc1C,0,GCN-CfC final,-7.579258918762207,-1.0671403408050537
16,CCCN1CCN(S(=O)(=O)c2ccc3c(c2)CC(C)N3C(=O)C2CC2)CC1,0,GCN h_G,-23.654611587524414,-10.368172645568848
16,CCCN1CCN(S(=O)(=O)c2ccc3c(c2)CC(C)N3C(=O)C2CC2)CC1,0,GCN-CfC final,20.627744674682617,9.440425872802734
17,CCN1CCN(Cc2c(O)c(Cl)cc3c(C)cc(=O)oc23)CC1,0,GCN h_G,-26.389328002929688,-4.621911525726318
17,CCN1CCN(Cc2c(O)c(Cl)cc3c(C)cc(=O)oc23)CC1,0,GCN-CfC final,27.628732681274414,5.649119853973389
18,COc1cc(C(=O)N2[C@H]3CC[C@@H]2[C@H](N)C3)cc2nc(-c3cc4ccc([C@@H](C)NC(=O)CCC(=O)O)nc4n3CC3CC3)c(C)n12,1,GCN h_G,31.22770881652832,-4.247063159942627
18,COc1cc(C(=O)N2[C@H]3CC[C@@H]2[C@H](N)C3)cc2nc(-c3cc4ccc([C@@H](C)NC(=O)CCC(=O)O)nc4n3CC3CC3)c(C)n12,1,GCN-CfC final,-31.26848602294922,3.2599844932556152
19,COc1cc(C(=O)N2C[C@H](N)C[C@@H](F)C2)cc2nc(-c3cc4ccc(C5=CC(F)C=C6N=C(C)C(=O)N=C65)nc4n3CC3CC3)n(C)c12,1,GCN h_G,42.0961799621582,-6.91002893447876
19,COc1cc(C(=O)N2C[C@H](N)C[C@@H](F)C2)cc2nc(-c3cc4ccc(C5=CC(F)C=C6N=C(C)C(=O)N=C65)nc4n3CC3CC3)n(C)c12,1,GCN-CfC final,-43.17453384399414,0.05737052485346794
20,Cc1cc(C(C)(C)C)ccc1OCCN1CCCC1,0,GCN h_G,-27.921464920043945,-5.436624526977539
20,Cc1cc(C(C)(C)C)ccc1OCCN1CCCC1,0,GCN-CfC final,29.470989227294922,4.712238311767578
21,CC1(C)CC(=O)c2cc(C(=O)NC3CCSC3=O)c(=O)n(-c3ccc(Cl)cc3)c2C1,0,GCN h_G,-16.18137550354004,-9.511396408081055
21,CC1(C)CC(=O)c2cc(C(=O)NC3CCSC3=O)c(=O)n(-c3ccc(Cl)cc3)c2C1,0,GCN-CfC final,-5.695246696472168,-6.592585563659668
22,COc1cccc(CN2CCN(C(=O)Nc3ccc([N+](=O)[O-])cc3)CC2)c1,0,GCN h_G,-19.325578689575195,1.6485059261322021
22,COc1cccc(CN2CCN(C(=O)Nc3ccc([N+](=O)[O-])cc3)CC2)c1,0,GCN-CfC final,25.258033752441406,2.000037908554077
23,CCCCn1nc2cc(C(=O)NCC34CC5CC(CC(C5)C3)C4)ccc2c1OCC,0,GCN h_G,-29.845447540283203,-7.414196491241455
23,CCCCn1nc2cc(C(=O)NCC34CC5CC(CC(C5)C3)C4)ccc2c1OCC,0,GCN-CfC final,28.027807235717773,6.507482528686523
24,CCCCCCn1c(=O)[nH]c2nc3cc(N)ccc3nc2c1=O,0,GCN h_G,-24.50240707397461,7.471938133239746
24,CCCCCCn1c(=O)[nH]c2nc3cc(N)ccc3nc2c1=O,0,GCN-CfC final,12.598795890808105,9.125907897949219
25,Cn1cccc1/C=C1\SC(=S)N(NC(=O)c2ccc(F)cc2)C1=O,0,GCN h_G,-4.7860941886901855,-5.398096084594727
25,Cn1cccc1/C=C1\SC(=S)N(NC(=O)c2ccc(F)cc2)C1=O,0,GCN-CfC final,-1.3386427164077759,-2.2574024200439453
26,O=C(CSc1nc2ccccc2s1)NC1CCCC1,0,GCN h_G,-6.094103813171387,15.729448318481445
26,O=C(CSc1nc2ccccc2s1)NC1CCCC1,0,GCN-CfC final,14.574209213256836,2.1923911571502686
27,COc1cc(C(=O)N2CC3CCC2[C@@H]3N)cc2nc(-c3cc4ccc(-c5cc(O)ccc5F)cc4n3CC3CC3)n(C)c12,1,GCN h_G,47.235023498535156,1.7627791166305542
27,COc1cc(C(=O)N2CC3CCC2[C@@H]3N)cc2nc(-c3cc4ccc(-c5cc(O)ccc5F)cc4n3CC3CC3)n(C)c12,1,GCN-CfC final,-48.8190803527832,2.96560001373291
28,COc1ccccc1N1CCN(C(=O)C(=O)c2cn(CC(=O)N3CCOCC3)c3ccccc23)CC1,0,GCN h_G,-29.358680725097656,1.414770245552063
28,COc1ccccc1N1CCN(C(=O)C(=O)c2cn(CC(=O)N3CCOCC3)c3ccccc23)CC1,0,GCN-CfC final,17.857463836669922,11.355940818786621
29,O=C(COC(=O)c1cccnc1Cl)c1ccc(OC(F)F)cc1,0,GCN h_G,-5.143520832061768,0.2230740338563919
29,O=C(COC(=O)c1cccnc1Cl)c1ccc(OC(F)F)cc1,0,GCN-CfC final,11.986724853515625,-1.8441561460494995
30,COc1cc(C(=O)N2C[C@H](N)C[C@@H](F)C2)cc2nc(-c3cc4ccc(-c5ccc6[nH]c(=O)cc(O)c6c5)nc4n3CC3CC3)n(C)c12,1,GCN h_G,35.96796417236328,0.5142454504966736
30,COc1cc(C(=O)N2C[C@H](N)C[C@@H](F)C2)cc2nc(-c3cc4ccc(-c5ccc6[nH]c(=O)cc(O)c6c5)nc4n3CC3CC3)n(C)c12,1,GCN-CfC final,-35.335365295410156,3.5052411556243896
31,CCCN=C1N(C)C[C@@H]2[C@@H]3C(=O)N(Cc4ccccc4)C(=O)[C@@H]3[C@](Cc3ccccc3)(C(=O)OC)N12.O=C(O)C(F)(F)F,0,GCN h_G,-18.67730712890625,-13.565585136413574
31,CCCN=C1N(C)C[C@@H]2[C@@H]3C(=O)N(Cc4ccccc4)C(=O)[C@@H]3[C@](Cc3ccccc3)(C(=O)OC)N12.O=C(O)C(F)(F)F,0,GCN-CfC final,-1.400588870048523,-10.161211013793945
32,CCCc1nc([N+](=O)[O-])c(S(=O)(=O)c2ccccc2)n1CC(C)C,0,GCN h_G,-21.152202606201172,2.939373016357422
32,CCCc1nc([N+](=O)[O-])c(S(=O)(=O)c2ccccc2)n1CC(C)C,0,GCN-CfC final,27.674392700195312,1.1415491104125977
33,Cc1ccc2c(c1)N(C(C)C(=O)NCc1ccccn1)C(=O)CO2,0,GCN h_G,-11.659703254699707,-8.228075981140137
33,Cc1ccc2c(c1)N(C(C)C(=O)NCc1ccccn1)C(=O)CO2,0,GCN-CfC final,16.91742706298828,-2.522913694381714
34,CCOC(=O)C1CCCN(C(=S)Nc2cc(C)cc(C)c2)C1,0,GCN h_G,-27.32137107849121,-7.151788234710693
34,CCOC(=O)C1CCCN(C(=S)Nc2cc(C)cc(C)c2)C1,0,GCN-CfC final,29.0435791015625,4.211896896362305
35,OCCC1CN(CCCc2ccccc2)CCN1Cc1ccccc1,0,GCN h_G,-18.305278778076172,-3.0174076557159424
35,OCCC1CN(CCCc2ccccc2)CCN1Cc1ccccc1,0,GCN-CfC final,21.48147964477539,3.6192851066589355
36,COc1cc(C(=O)N2CC3CCC2[C@@H]3N)cc2nc(-c3cc4ccc(Nc5cncnc5)cc4n3CC3CC3)n(C)c12,1,GCN h_G,46.023197174072266,0.6410489082336426
36,COc1cc(C(=O)N2CC3CCC2[C@@H]3N)cc2nc(-c3cc4ccc(Nc5cncnc5)cc4n3CC3CC3)n(C)c12,1,GCN-CfC final,-49.25810241699219,2.162806987762451
37,CN1C2C=C3C(C#N)=C(N)C(C#N)(C#N)[C@@H](c4cccs4)C3C1CC2,0,GCN h_G,-21.972820281982422,-14.581220626831055
37,CN1C2C=C3C(C#N)=C(N)C(C#N)(C#N)[C@@H](c4cccs4)C3C1CC2,0,GCN-CfC final,-3.132636785507202,-12.270744323730469
38,CCOc1ccccc1NC(=S)NCc1ccccc1,0,GCN h_G,1.091423749923706,6.841825008392334
38,CCOc1ccccc1NC(=S)NCc1ccccc1,0,GCN-CfC final,21.373655319213867,-6.733692169189453
39,CCCCNC(=O)CCC(=O)Nc1ccc2nc(N3CCN(C)CC3)cc(C)c2c1,0,GCN h_G,-23.8110294342041,-3.3533935546875
39,CCCCNC(=O)CCC(=O)Nc1ccc2nc(N3CCN(C)CC3)cc(C)c2c1,0,GCN-CfC final,1.9221621751785278,-9.216490745544434
40,COc1cc(C(=O)N2C[C@H](N)C[C@@H](F)C2)cc2nc(-c3cc4ccc(C(=O)NC5CCC(=O)NC5=O)nc4n3CC3CC3)n(C)c12,1,GCN h_G,38.16741943359375,-5.99260139465332
40,COc1cc(C(=O)N2C[C@H](N)C[C@@H](F)C2)cc2nc(-c3cc4ccc(C(=O)NC5CCC(=O)NC5=O)nc4n3CC3CC3)n(C)c12,1,GCN-CfC final,-41.31256103515625,1.159018874168396
41,CC(C)=N/N=C(/c1ccc([N+](=O)[O-])cc1)C12CN3CN(CN(C3)C1)C2,0,GCN h_G,-32.3626708984375,-2.1076388359069824
41,CC(C)=N/N=C(/c1ccc([N+](=O)[O-])cc1)C12CN3CN(CN(C3)C1)C2,0,GCN-CfC final,28.903963088989258,8.864888191223145
42,CNC(=O)Nc1ccccc1NC(=O)NC,0,GCN h_G,7.266741752624512,1.008937954902649
42,CNC(=O)Nc1ccccc1NC(=O)NC,0,GCN-CfC final,-2.2372167110443115,1.8933273553848267
43,Cc1c(NC(=O)CN2CCCc3ccccc32)c(=O)n(-c2ccccc2)n1C,0,GCN h_G,-11.929859161376953,0.12180154025554657
43,Cc1c(NC(=O)CN2CCCc3ccccc32)c(=O)n(-c2ccccc2)n1C,0,GCN-CfC final,12.632383346557617,0.09245177358388901
44,COc1ccc(C2CC(c3ccc(C)cc3)Nc3ncnn32)cc1,0,GCN h_G,-8.820955276489258,-7.914396286010742
44,COc1ccc(C2CC(c3ccc(C)cc3)Nc3ncnn32)cc1,0,GCN-CfC final,3.965341091156006,2.6223676204681396
45,COc1cc(C(=O)N2CC3CCC2[C@@H]3N)cc2nc(-c3cc4ccc(C5C=CC6=NC(=O)NC6=C5)nc4n3CC3CC3)n(C)c12,1,GCN h_G,44.1229133605957,-5.7653889656066895
45,COc1cc(C(=O)N2CC3CCC2[C@@H]3N)cc2nc(-c3cc4ccc(C5C=CC6=NC(=O)NC6=C5)nc4n3CC3CC3)n(C)c12,1,GCN-CfC final,-51.11380386352539,-0.10431458801031113
46,Nn1c(SCC(=O)Nc2cc(C(F)(F)F)ccc2Cl)nncc1=O,0,GCN h_G,-11.698100090026855,8.333195686340332
46,Nn1c(SCC(=O)Nc2cc(C(F)(F)F)ccc2Cl)nncc1=O,0,GCN-CfC final,8.884247779846191,4.179382801055908
47,COc1ccc(C2CC(c3ccc(Br)cc3)=NN2C(=O)c2cccnc2)cc1,0,GCN h_G,-10.959739685058594,-8.392269134521484
47,COc1ccc(C2CC(c3ccc(Br)cc3)=NN2C(=O)c2cccnc2)cc1,0,GCN-CfC final,16.883209228515625,-2.8024768829345703
48,Cc1cc(N/N=C/c2ccc(O)cc2O)nc(-c2ccccc2O)n1,0,GCN h_G,1.475429654121399,9.436966896057129
48,Cc1cc(N/N=C/c2ccc(O)cc2O)nc(-c2ccccc2O)n1,0,GCN-CfC final,21.6884765625,-5.351777076721191
49,COc1cc(-c2ccc3cc(-c4nc5cc(C(=O)N6CC7CCC6[C@@H]7N)cc(OC)c5n4C)n(CC4CC4)c3c2)c(F)cc1O,1,GCN h_G,47.252479553222656,1.7022351026535034
49,COc1cc(-c2ccc3cc(-c4nc5cc(C(=O)N6CC7CCC6[C@@H]7N)cc(OC)c5n4C)n(CC4CC4)c3c2)c(F)cc1O,1,GCN-CfC final,-48.759193420410156,2.9970366954803467
50,Cc1ccc(NC2=C/C(=N/S(=O)(=O)c3cccs3)c3ccccc3C2=O)cc1,0,GCN h_G,3.851656675338745,0.11235243082046509
50,Cc1ccc(NC2=C/C(=N/S(=O)(=O)c3cccs3)c3ccccc3C2=O)cc1,0,GCN-CfC final,-1.9947798252105713,-1.6933646202087402
51,COc1cc(C(=O)N2CC3CCC2[C@@H]3N)cc2nc(-c3cc4ccc(-c5ccc6c(c5)C(=O)CS(=O)(=O)N6C)cc4n3CC3CC3)n(C)c12,1,GCN h_G,47.79812240600586,-0.9949920773506165
51,COc1cc(C(=O)N2CC3CCC2[C@@H]3N)cc2nc(-c3cc4ccc(-c5ccc6c(c5)C(=O)CS(=O)(=O)N6C)cc4n3CC3CC3)n(C)c12,1,GCN-CfC final,-43.88506317138672,2.209426164627075
52,COc1cc(C(=O)N2CC3CCC2[C@@H]3N)cc2nc(-c3cc4ccc(Nc5cnc(C#N)nc5)nc4n3CC3CC3)n(C)c12,1,GCN h_G,41.645111083984375,0.5178252458572388
52,COc1cc(C(=O)N2CC3CCC2[C@@H]3N)cc2nc(-c3cc4ccc(Nc5cnc(C#N)nc5)nc4n3CC3CC3)n(C)c12,1,GCN-CfC final,-45.01557159423828,4.450164794921875
53,C=CCn1c(SCC(=O)N2CCOCC2)nc2sc3c(c2c1=O)CCCC3,0,GCN h_G,-32.49802017211914,2.178950786590576
53,C=CCn1c(SCC(=O)N2CCOCC2)nc2sc3c(c2c1=O)CCCC3,0,GCN-CfC final,15.788117408752441,12.084097862243652
54,COc1cc(C(=O)N2C[C@H](N)C[C@@H](F)C2)cc2nc(-c3cc4ccc(C5=CC6=NC(=O)NC6N=C5)cc4n3CC3CC3)n(C)c12,1,GCN h_G,42.06658935546875,-5.749015808105469
54,COc1cc(C(=O)N2C[C@H](N)C[C@@H](F)C2)cc2nc(-c3cc4ccc(C5=CC6=NC(=O)NC6N=C5)cc4n3CC3CC3)n(C)c12,1,GCN-CfC final,-49.44499206542969,-0.5118436217308044
55,O=C(Nc1ccc(F)cc1F)c1c(C(F)(F)F)ccnc1Oc1ccccc1,0,GCN h_G,1.0659940242767334,-1.7130179405212402
55,O=C(Nc1ccc(F)cc1F)c1c(C(F)(F)F)ccnc1Oc1ccccc1,0,GCN-CfC final,-2.5200846195220947,-3.182981491088867
56,CCC1CCCCN1C(=O)CCNS(=O)(=O)c1ccc2c(c1)oc(=O)n2C,0,GCN h_G,-24.68655776977539,0.2322915494441986
56,CCC1CCCCN1C(=O)CCNS(=O)(=O)c1ccc2c(c1)oc(=O)n2C,0,GCN-CfC final,18.412036895751953,9.120244979858398
57,S=c1nccc(-c2ccc3c(c2)CCO3)[nH]1,0,GCN h_G,-7.668518543243408,8.295827865600586
57,S=c1nccc(-c2ccc3c(c2)CCO3)[nH]1,0,GCN-CfC final,11.042743682861328,1.0386849641799927
58,COc1cc(C(=O)N2C[C@H](N)CC[C@@H]2C)cc2nc(-c3cc4ccc(-c5ccc(C(N)=O)c(F)c5)nc4n3CC3CC3)n(C)c12,1,GCN h_G,31.895751953125,-3.1337456703186035
58,COc1cc(C(=O)N2C[C@H](N)CC[C@@H]2C)cc2nc(-c3cc4ccc(-c5ccc(C(N)=O)c(F)c5)nc4n3CC3CC3)n(C)c12,1,GCN-CfC final,-32.0074577331543,2.3870537281036377
59,Cc1ccc(Nc2ncccc2C(N)=O)cc1,0,GCN h_G,3.9189555644989014,5.400680065155029
59,Cc1ccc(Nc2ncccc2C(N)=O)cc1,0,GCN-CfC final,14.333122253417969,-5.413331508636475
60,CCOc1ccccc1NC(=O)CSc1nc(=O)n(Cc2ccncc2)c2c1CCC2,0,GCN h_G,-18.970922470092773,6.07814884185791
60,CCOc1ccccc1NC(=O)CSc1nc(=O)n(Cc2ccncc2)c2c1CCC2,0,GCN-CfC final,12.935482025146484,6.819097995758057
61,COc1ccc(NC2=NC(=S)N(c3ccc(C)cc3)C23CCCCC3)cc1,0,GCN h_G,-20.00014877319336,-3.5544495582580566
61,COc1ccc(NC2=NC(=S)N(c3ccc(C)cc3)C23CCCCC3)cc1,0,GCN-CfC final,26.024295806884766,2.596470355987549
62,COc1ccc(-n2ncc3c2CC(C)(C)CC3NC(=O)C2CCN(C(C)=O)CC2)cc1,0,GCN h_G,-16.412342071533203,-4.662814617156982
62,COc1ccc(-n2ncc3c2CC(C)(C)CC3NC(=O)C2CCN(C(C)=O)CC2)cc1,0,GCN-CfC final,2.237583637237549,-8.24143123626709
63,Cc1ccc(/C=N/c2sc3c(c2C(N)=O)CCCC3)o1,0,GCN h_G,-21.718059539794922,5.931160926818848
63,Cc1ccc(/C=N/c2sc3c(c2C(N)=O)CCCC3)o1,0,GCN-CfC final,14.945655822753906,8.85741138458252
64,COc1cc(C(=O)N2CC3CCC2[C@@H]3N)cc2nc(-c3cc4ccc(N5CCC6(CC5)CNC6=O)nc4n3CC3CC3)n(C)c12,1,GCN h_G,39.83271026611328,-10.069424629211426
64,COc1cc(C(=O)N2CC3CCC2[C@@H]3N)cc2nc(-c3cc4ccc(N5CCC6(CC5)CNC6=O)nc4n3CC3CC3)n(C)c12,1,GCN-CfC final,-35.208351135253906,-0.029509130865335464
65,CC1N=C2c3ccccc3N=C(SCc3cc(=O)n4cc(Cl)ccc4n3)N2C1=O,0,GCN h_G,-14.00765323638916,-1.7320622205734253
65,CC1N=C2c3ccccc3N=C(SCc3cc(=O)n4cc(Cl)ccc4n3)N2C1=O,0,GCN-CfC final,18.933618545532227,-1.0281864404678345
66,COc1cc(C(=O)N2CC3CCC2[C@@H]3N)cc2nc(-c3cc4ccc(-c5cnc6[nH]c(=O)ccc6c5)cc4n3CC3CC3)n(C)c12,1,GCN h_G,46.06560516357422,2.2098875045776367
66,COc1cc(C(=O)N2CC3CCC2[C@@H]3N)cc2nc(-c3cc4ccc(-c5cnc6[nH]c(=O)ccc6c5)cc4n3CC3CC3)n(C)c12,1,GCN-CfC final,-47.20462417602539,3.360635995864868
67,Cc1ccc(C(=O)NCC(=O)OCC(=O)c2c(N)n(C)c(=O)n(C)c2=O)s1,0,GCN h_G,-21.99388313293457,-3.5107080936431885
67,Cc1ccc(C(=O)NCC(=O)OCC(=O)c2c(N)n(C)c(=O)n(C)c2=O)s1,0,GCN-CfC final,21.258874893188477,5.722909927368164
68,COc1cc(C(=O)N2CC3CCC2[C@@H]3N)cc2nc(-c3cc4ccc(Nc5ccnc(C#N)c5)nc4n3CC3CC3)n(C)c12,1,GCN h_G,41.47938537597656,1.0318130254745483
68,COc1cc(C(=O)N2CC3CCC2[C@@H]3N)cc2nc(-c3cc4ccc(Nc5ccnc(C#N)c5)nc4n3CC3CC3)n(C)c12,1,GCN-CfC final,-44.22051239013672,4.472267150878906
69,O=C(O)CSCC(=O)N1CCN(c2nc3cc(Cl)ccc3s2)CC1,0,GCN h_G,-30.923160552978516,-0.6755882501602173
69,O=C(O)CSCC(=O)N1CCN(c2nc3cc(Cl)ccc3s2)CC1,0,GCN-CfC final,29.802038192749023,7.697995185852051
70,COc1cc(C(=O)N2CC3CCC2[C@@H]3N)cc2nc(-c3cc4ccc(-c5ccc(C(=O)Nc6ccncc6)cc5)cc4n3CC3CC3)n(C)c12,1,GCN h_G,44.626216888427734,2.984773874282837
70,COc1cc(C(=O)N2CC3CCC2[C@@H]3N)cc2nc(-c3cc4ccc(-c5ccc(C(=O)Nc6ccncc6)cc5)cc4n3CC3CC3)n(C)c12,1,GCN-CfC final,-37.661827087402344,5.5419793128967285
71,O=C(Oc1ccc(Br)cc1)c1cccnc1,0,GCN h_G,-0.6515910029411316,10.821558952331543
71,O=C(Oc1ccc(Br)cc1)c1cccnc1,0,GCN-CfC final,28.5448055267334,-5.665238857269287
72,COc1cc(C(=O)N2C[C@H](N)C[C@@H](F)C2)cc2nc(-c3cc4ccc(-c5ccn(C)c(=O)c5)nc4n3CC3CC3)n(C)c12,1,GCN h_G,35.15308380126953,-1.2743977308273315
72,COc1cc(C(=O)N2C[C@H](N)C[C@@H](F)C2)cc2nc(-c3cc4ccc(-c5ccn(C)c(=O)c5)nc4n3CC3CC3)n(C)c12,1,GCN-CfC final,-37.80712127685547,2.8769900798797607
73,COc1ccc(C2C3=C(N=C4SCC(=O)N42)c2ccccc2CC3)cc1OC,0,GCN h_G,-17.975595474243164,-13.615119934082031
73,COc1ccc(C2C3=C(N=C4SCC(=O)N42)c2ccccc2CC3)cc1OC,0,GCN-CfC final,-1.6787652969360352,-9.348651885986328
74,Fc1ccc(-c2ccc(Nc3cccc(F)c3)nn2)cc1,0,GCN h_G,4.701015949249268,4.237742900848389
74,Fc1ccc(-c2ccc(Nc3cccc(F)c3)nn2)cc1,0,GCN-CfC final,-3.6317174434661865,1.6529247760772705
75,S=c1[nH]nc(-c2ccc3ccccc3n2)n1-c1ccc2c(c1)OCCO2,0,GCN h_G,-5.555819988250732,10.189790725708008
75,S=c1[nH]nc(-c2ccc3ccccc3n2)n1-c1ccc2c(c1)OCCO2,0,GCN-CfC final,11.298918724060059,0.9751068949699402
76,CC1(C)CC(NC(=O)N2c3ccccc3Sc3ccccc32)CC(C)(C)N1,0,GCN h_G,0.9939934015274048,-10.386134147644043
76,CC1(C)CC(NC(=O)N2c3ccccc3Sc3ccccc32)CC(C)(C)N1,0,GCN-CfC final,-6.376803874969482,2.330448865890503
77,Cc1c(-c2cc3ccccc3n2Cc2ccoc2)nc2cc(C(=O)N3CCC[C@@H](N)C3)ccn12,1,GCN h_G,25.85887908935547,-5.121582508087158
77,Cc1c(-c2cc3ccccc3n2Cc2ccoc2)nc2cc(C(=O)N3CCC[C@@H](N)C3)ccn12,1,GCN-CfC final,-27.48893928527832,2.8919005393981934
78,Cc1cccc(C)c1NC(=O)CSc1nnc(C2CCCCC2)o1,0,GCN h_G,-18.09596061706543,11.476035118103027
78,Cc1cccc(C)c1NC(=O)CSc1nnc(C2CCCCC2)o1,0,GCN-CfC final,30.02105712890625,-2.225062608718872
79,COc1cc(C(=O)N2CC3CCC2[C@@H]3N)cc2nc(-c3cc4ccc(-c5[nH]ccc(=O)c5F)nc4n3CC3CC3)n(C)c12,1,GCN h_G,41.545494079589844,4.7955851554870605
79,COc1cc(C(=O)N2CC3CCC2[C@@H]3N)cc2nc(-c3cc4ccc(-c5[nH]ccc(=O)c5F)nc4n3CC3CC3)n(C)c12,1,GCN-CfC final,-39.20933532714844,5.597782611846924
80,COc1cc(C(=O)N2CC3CCC2[C@@H]3N)cc2nc(-c3cc4ccc(-c5ccc(N6CCCC(O)C6=O)c(F)c5)nc4n3CC3CC3)n(C)c12,1,GCN h_G,44.17777633666992,1.1070022583007812
80,COc1cc(C(=O)N2CC3CCC2[C@@H]3N)cc2nc(-c3cc4ccc(-c5ccc(N6CCCC(O)C6=O)c(F)c5)nc4n3CC3CC3)n(C)c12,1,GCN-CfC final,-40.7596321105957,3.2966184616088867
81,COc1ccc(N)cc1-n1c(C)ccc1C,0,GCN h_G,7.723369121551514,4.731998920440674
81,COc1ccc(N)cc1-n1c(C)ccc1C,0,GCN-CfC final,-7.247062683105469,0.23292230069637299
82,Cc1cc(C)n(/N=C/c2cccs2)c(=O)c1C#N,0,GCN h_G,-10.283373832702637,0.4985266327857971
82,Cc1cc(C)n(/N=C/c2cccs2)c(=O)c1C#N,0,GCN-CfC final,5.25737190246582,1.1084177494049072
83,COc1ccc(C(=O)CSC#N)cc1OC,0,GCN h_G,-11.647991180419922,3.1999521255493164
83,COc1ccc(C(=O)CSC#N)cc1OC,0,GCN-CfC final,-6.381908893585205,-4.116909980773926
84,O=C1OCCN1C(=O)[C@H]1[C@H](c2ccc(Cl)cc2)C(c2ccc(F)cc2)=NN1c1ccccc1,0,GCN h_G,-11.894092559814453,-10.038677215576172
84,O=C1OCCN1C(=O)[C@H]1[C@H](c2ccc(Cl)cc2)C(c2ccc(F)cc2)=NN1c1ccccc1,0,GCN-CfC final,18.27204132080078,-1.6175810098648071
85,CCOC(=O)c1[nH]c2c(c1-c1ccccc1)C(=O)CC(c1ccc(Cl)cc1)C2,0,GCN h_G,-13.003626823425293,-10.722123146057129
85,CCOC(=O)c1[nH]c2c(c1-c1ccccc1)C(=O)CC(c1ccc(Cl)cc1)C2,0,GCN-CfC final,16.76714515686035,-1.4988341331481934
86,COc1cc(C(=O)N2CCC[C@@H](N)C2)cc2nc(-c3ccc(C(=O)N(Cc4ccccc4)c4ccccc4)n3CC3CC3)n(C)c12,0,GCN h_G,24.341079711914062,-4.160698413848877
86,COc1cc(C(=O)N2CCC[C@@H](N)C2)cc2nc(-c3ccc(C(=O)N(Cc4ccccc4)c4ccccc4)n3CC3CC3)n(C)c12,0,GCN-CfC final,-24.547775268554688,1.8779430389404297
87,CC(=O)Nc1cccc(-c2nnc(-c3ccccc3)o2)c1,0,GCN h_G,1.245347261428833,9.726104736328125
87,CC(=O)Nc1cccc(-c2nnc(-c3ccccc3)o2)c1,0,GCN-CfC final,22.125957489013672,-5.6629252433776855
88,O=C1CCC(C(=O)OC(C(=O)c2c[nH]c3ccccc23)c2ccccc2)=NN1,0,GCN h_G,-11.413829803466797,-10.681437492370605
88,O=C1CCC(C(=O)OC(C(=O)c2c[nH]c3ccccc23)c2ccccc2)=NN1,0,GCN-CfC final,10.282280921936035,-1.0326740741729736
89,O=C(CSS(=O)(=O)[O-])N1CCN(C(=O)c2ccoc2)CC1.[Na+],0,GCN h_G,-31.516292572021484,0.27055662870407104
89,O=C(CSS(=O)(=O)[O-])N1CCN(C(=O)c2ccoc2)CC1.[Na+],0,GCN-CfC final,26.753082275390625,8.947050094604492
90,O=C(COc1ccc(F)cc1)N/N=C/c1cccc2cccnc12,0,GCN h_G,2.6906356811523438,3.007061243057251
90,O=C(COc1ccc(F)cc1)N/N=C/c1cccc2cccnc12,0,GCN-CfC final,-1.5890988111495972,0.25661471486091614
91,COc1cc(C(=O)N2CC3CCC2[C@@H]3N)cc2nc(-c3cc4ccc(-c5ccc(CC(N)=O)cc5)nc4n3CC3CC3)n(C)c12,1,GCN h_G,43.16154861450195,-0.9920036196708679
91,COc1cc(C(=O)N2CC3CCC2[C@@H]3N)cc2nc(-c3cc4ccc(-c5ccc(CC(N)=O)cc5)nc4n3CC3CC3)n(C)c12,1,GCN-CfC final,-46.17230987548828,2.196162700653076
92,COc1ccc(CN2CC[C@H]3C=CCc4cccc(c43)C2)cc1,0,GCN h_G,-6.164271354675293,-7.699634552001953
92,COc1ccc(CN2CC[C@H]3C=CCc4cccc(c43)C2)cc1,0,GCN-CfC final,-6.263314247131348,-3.2082931995391846
93,COc1ccc(/C=N\N=C(N)N)cc1.O=[N+]([O-])O,0,GCN h_G,-5.292591571807861,3.0019102096557617
93,COc1ccc(/C=N\N=C(N)N)cc1.O=[N+]([O-])O,0,GCN-CfC final,6.34738826751709,-3.32475209236145
94,COc1cccc(/C=N/NC(=O)c2cnn(-c3ccccc3)c2N)c1,0,GCN h_G,2.6990270614624023,3.842895030975342
94,COc1cccc(/C=N/NC(=O)c2cnn(-c3ccccc3)c2N)c1,0,GCN-CfC final,-1.6541105508804321,0.8261060118675232
95,COc1cc(C(=O)N2CC3CCC2[C@@H]3N)cc2nc(-c3cc4ccc(-c5cnc(C(N)=O)c(F)c5)nc4n3CC3CC3)n(C)c12,1,GCN h_G,44.782527923583984,-1.4675544500350952
95,COc1cc(C(=O)N2CC3CCC2[C@@H]3N)cc2nc(-c3cc4ccc(-c5cnc(C(N)=O)c(F)c5)nc4n3CC3CC3)n(C)c12,1,GCN-CfC final,-48.65181350708008,1.3028827905654907
96,COc1cccc(Cn2c(-c3nc4cc(C(=O)N5CCC[C@@H](N)C5)ccn4c3C)cc3cc(F)ccc32)c1,1,GCN h_G,26.916748046875,-5.780508995056152
96,COc1cccc(Cn2c(-c3nc4cc(C(=O)N5CCC[C@@H](N)C5)ccn4c3C)cc3cc(F)ccc32)c1,1,GCN-CfC final,-29.132707595825195,3.556121826171875
97,Cc1noc(NC(=O)c2ccc(Cl)cc2)c1Cl,0,GCN h_G,-8.894379615783691,11.534423828125
97,Cc1noc(NC(=O)c2ccc(Cl)cc2)c1Cl,0,GCN-CfC final,23.043983459472656,-4.616000175476074
98,CCOC(=O)CSC1=NC(=O)/C(=C\c2ccc(OC(C)=O)cc2)S1,0,GCN h_G,-24.18926239013672,3.7386457920074463
98,CCOC(=O)CSC1=NC(=O)/C(=C\c2ccc(OC(C)=O)cc2)S1,0,GCN-CfC final,25.261127471923828,3.855250835418701
99,C=CCn1sc(N)c(C(=O)OCC)c1=S,0,GCN h_G,-23.156103134155273,9.222146987915039
99,C=CCn1sc(N)c(C(=O)OCC)c1=S,0,GCN-CfC final,4.919743061065674,-7.817229747772217
100,CC(c1nc2ccccc2s1)N(C)C(=O)c1ccccc1F,0,GCN h_G,6.004721164703369,8.676138877868652
100,CC(c1nc2ccccc2s1)N(C)C(=O)c1ccccc1F,0,GCN-CfC final,15.693958282470703,-6.469099521636963
101,COCCn1c(C)cc(C(=O)COC(=O)c2ccc(N3CCCC3=O)cc2)c1C,0,GCN h_G,-23.62864875793457,-3.7235047817230225
101,COCCn1c(C)cc(C(=O)COC(=O)c2ccc(N3CCCC3=O)cc2)c1C,0,GCN-CfC final,1.4679105281829834,-9.177648544311523
102,CC1CCC2(CC1)SCC(=O)N2c1ccc(F)cc1,0,GCN h_G,-25.176427841186523,-9.397160530090332
102,CC1CCC2(CC1)SCC(=O)N2c1ccc(F)cc1,0,GCN-CfC final,20.486507415771484,8.081701278686523
103,O=C1C(Cl)=C(N2CCOCC2)C(=O)N1c1cccc(C(F)(F)F)c1,0,GCN h_G,-23.0808162689209,-11.424199104309082
103,O=C1C(Cl)=C(N2CCOCC2)C(=O)N1c1cccc(C(F)(F)F)c1,0,GCN-CfC final,-1.2198705673217773,-11.5446138381958
104,COc1ncc(-c2ccc3cc(-c4nc5cc(C(=O)N6CC7CCC6[C@@H]7N)cc(OC)c5n4C)n(CC4CC4)c3n2)cc1O,1,GCN h_G,43.192630767822266,1.9335108995437622
104,COc1ncc(-c2ccc3cc(-c4nc5cc(C(=O)N6CC7CCC6[C@@H]7N)cc(OC)c5n4C)n(CC4CC4)c3n2)cc1O,1,GCN-CfC final,-43.038570404052734,3.932490348815918
105,COc1cc(C(=O)N2C[C@H](N)C[C@@H](F)C2)cc2nc(-c3cc4ccc(-c5cccc(O)c5F)nc4n3CC3CC3)n(C)c12,1,GCN h_G,35.93088150024414,-1.1059455871582031
105,COc1cc(C(=O)N2C[C@H](N)C[C@@H](F)C2)cc2nc(-c3cc4ccc(-c5cccc(O)c5F)nc4n3CC3CC3)n(C)c12,1,GCN-CfC final,-38.33742904663086,2.54964542388916
106,CC(C)c1nccn1CCN1C(=O)NC(C)(C)C1=O,0,GCN h_G,-6.57478141784668,-13.787769317626953
106,CC(C)c1nccn1CCN1C(=O)NC(C)(C)C1=O,0,GCN-CfC final,-10.89807415008545,-4.918432712554932
107,CC(C)C(=O)N(c1cc2sc(=O)oc2c2ccccc12)S(=O)(=O)c1cccs1,0,GCN h_G,-7.143969535827637,10.34415340423584
107,CC(C)C(=O)N(c1cc2sc(=O)oc2c2ccccc12)S(=O)(=O)c1cccs1,0,GCN-CfC final,22.22003173828125,-1.4684538841247559
108,Cc1oc2c(c1C(=O)NCc1cccnc1)C(=O)c1ccccc1C2=O,0,GCN h_G,-14.185284614562988,-14.808635711669922
108,Cc1oc2c(c1C(=O)NCc1cccnc1)C(=O)c1ccccc1C2=O,0,GCN-CfC final,-7.449069023132324,-7.100812911987305
109,COc1cc(C(=O)N2C[C@H](N)C[C@@H](F)C2)cc2nc(-c3cc4ccc(-c5cc(Cl)c(O)cc5C)nc4n3CC3CC3)n(C)c12,1,GCN h_G,35.03525924682617,-0.21390344202518463
109,COc1cc(C(=O)N2C[C@H](N)C[C@@H](F)C2)cc2nc(-c3cc4ccc(-c5cc(Cl)c(O)cc5C)nc4n3CC3CC3)n(C)c12,1,GCN-CfC final,-36.84577178955078,2.342878580093384
110,Cc1cccc(NC(=S)N2CCCCCC2)c1,0,GCN h_G,-27.242979049682617,-6.993648529052734
110,Cc1cccc(NC(=S)N2CCCCCC2)c1,0,GCN-CfC final,28.764162063598633,4.0417375564575195
111,CCC1c2ccc(C)n2CCN1C(=O)Nc1cc(Cl)ccc1OC,0,GCN h_G,-9.460380554199219,-9.594911575317383
111,CCC1c2ccc(C)n2CCN1C(=O)Nc1cc(Cl)ccc1OC,0,GCN-CfC final,5.784082889556885,2.385956048965454
112,CC1CC(C)(C)NC(=S)N1CC(=O)N1CCN(Cc2ccccc2)CC1,0,GCN h_G,-30.210020065307617,-3.468134880065918
112,CC1CC(C)(C)NC(=S)N1CC(=O)N1CCN(Cc2ccccc2)CC1,0,GCN-CfC final,3.2991490364074707,-10.256023406982422
113,COc1cc(C(=O)N2C[C@H](N)C[C@@H](F)C2)cc2nc(-c3cc4ccc(-c5ccc(N6CCCC(O)C6=O)cc5)nc4n3CC3CC3)n(C)c12,1,GCN h_G,33.973899841308594,-4.0705695152282715
113,COc1cc(C(=O)N2C[C@H](N)C[C@@H](F)C2)cc2nc(-c3cc4ccc(-c5ccc(N6CCCC(O)C6=O)cc5)nc4n3CC3CC3)n(C)c12,1,GCN-CfC final,-34.048805236816406,2.5710999965667725
114,Cc1cccc(-n2cc[nH]c2=S)c1,0,GCN h_G,2.173142671585083,12.15041732788086
114,Cc1cccc(-n2cc[nH]c2=S)c1,0,GCN-CfC final,27.96580696105957,-6.423708438873291
115,CC(C)(C)NC(=O)/C(=C/c1ccccc1F)NC(=O)c1ccc([N+](=O)[O-])cc1,0,GCN h_G,2.268571376800537,-5.414168357849121
115,CC(C)(C)NC(=O)/C(=C/c1ccccc1F)NC(=O)c1ccc([N+](=O)[O-])cc1,0,GCN-CfC final,-13.456104278564453,-2.8884127140045166
116,COc1cccc(C2CC(c3cccs3)=NN2C(=O)CSC2=NCCS2)c1OC,0,GCN h_G,-23.29823112487793,-6.941450119018555
116,COc1cccc(C2CC(c3cccs3)=NN2C(=O)CSC2=NCCS2)c1OC,0,GCN-CfC final,23.658353805541992,5.443629264831543
117,O=C(O)c1ccc(Cl)c2c1C1C=CCC1C(c1ccccn1)N2,0,GCN h_G,-7.785037994384766,-10.23427963256836
117,O=C(O)c1ccc(Cl)c2c1C1C=CCC1C(c1ccccn1)N2,0,GCN-CfC final,-8.436241149902344,-0.5793900489807129
118,CCOC(=O)Cn1c(=NC(=O)CSC(C)=O)sc2ccccc21,0,GCN h_G,-24.122821807861328,3.4360463619232178
118,CCOC(=O)Cn1c(=NC(=O)CSC(C)=O)sc2ccccc21,0,GCN-CfC final,26.54829216003418,3.759458541870117
119,O=[N+]([O-])c1ccc(Sc2nccn2Cc2ccccc2)c([N+](=O)[O-])c1,0,GCN h_G,-2.7646520137786865,6.256414890289307
119,O=[N+]([O-])c1ccc(Sc2nccn2Cc2ccccc2)c([N+](=O)[O-])c1,0,GCN-CfC final,24.282094955444336,-4.894680023193359
120,CCCN(Cc1nnc(-c2ccccc2Cl)o1)C(=O)c1cccc(S(=O)(=O)N2CCOCC2)c1,0,GCN h_G,-23.27330780029297,1.1913926601409912
120,CCCN(Cc1nnc(-c2ccccc2Cl)o1)C(=O)c1cccc(S(=O)(=O)N2CCOCC2)c1,0,GCN-CfC final,24.41152000427246,3.243919610977173
121,COc1ccc2cc(-c3nc4cc(C(=O)N5CCC[C@@H](N)C5)ccn4c3C)n(Cc3ccc(F)cc3)c2c1,1,GCN h_G,26.782251358032227,-5.402947902679443
121,COc1ccc2cc(-c3nc4cc(C(=O)N5CCC[C@@H](N)C5)ccn4c3C)n(Cc3ccc(F)cc3)c2c1,1,GCN-CfC final,-28.280044555664062,3.444230079650879
122,CCN(CC)c1ccc(N=Cc2cc(Br)ccc2O)cc1,0,GCN h_G,-10.535120964050293,-5.829602241516113
122,CCN(CC)c1ccc(N=Cc2cc(Br)ccc2O)cc1,0,GCN-CfC final,26.625507354736328,-2.9690399169921875
123,N#Cc1ccc(C23CC4(C2)[C@H](CN(P(=O)(c2ccccc2)c2ccccc2)[C@@H]4c2ccccc2)C3c2ccc(Cl)nc2)cc1,0,GCN h_G,-10.17519760131836,-1.970535397529602
123,N#Cc1ccc(C23CC4(C2)[C@H](CN(P(=O)(c2ccccc2)c2ccccc2)[C@@H]4c2ccccc2)C3c2ccc(Cl)nc2)cc1,0,GCN-CfC final,21.488845825195312,-3.9311466217041016
124,COc1ccc(-c2nc3ccccc3n2OC(=O)N(C)C)cc1,0,GCN h_G,3.351067543029785,7.966425895690918
124,COc1ccc(-c2nc3ccccc3n2OC(=O)N(C)C)cc1,0,GCN-CfC final,16.075803756713867,-4.863688945770264
125,N=C(CCl)NCCCc1cn(Cc2ccccc2)c2ccccc12,1,GCN h_G,24.279813766479492,-5.499706268310547
125,N=C(CCl)NCCCc1cn(Cc2ccccc2)c2ccccc12,1,GCN-CfC final,-26.177230834960938,3.477705478668213
126,O=c1c2ccccc2nc(/C=C/c2ccc(Br)cc2)n1CCO,0,GCN h_G,4.043671607971191,7.579098224639893
126,O=c1c2ccccc2nc(/C=C/c2ccc(Br)cc2)n1CCO,0,GCN-CfC final,11.98030948638916,-4.981864929199219
127,COc1cc(C(=O)N2C[C@H]3CC[C@@H]2[C@@H]3N)cc2nc(-c3cc4ccc(C5COC5)nc4n3CC3CC3)n(C)c12,1,GCN h_G,30.127582550048828,-1.9429558515548706
127,COc1cc(C(=O)N2C[C@H]3CC[C@@H]2[C@@H]3N)cc2nc(-c3cc4ccc(C5COC5)nc4n3CC3CC3)n(C)c12,1,GCN-CfC final,-30.01190757751465,2.7772130966186523
128,CC(=O)Oc1ccc(N(C(C)=O)S(=O)(=O)c2ccc(C)c([N+](=O)[O-])c2)cc1,0,GCN h_G,-3.6806628704071045,3.0247011184692383
128,CC(=O)Oc1ccc(N(C(C)=O)S(=O)(=O)c2ccc(C)c([N+](=O)[O-])c2)cc1,0,GCN-CfC final,23.36515235900879,-1.7146862745285034
129,COc1cc(C(=O)N2CC3CCC2[C@@H]3N)cc2nc(-c3cc4ccc(-c5cccc(S(N)(=O)=O)c5)nc4n3CC3CC3)n(C)c12,1,GCN h_G,41.61042022705078,-1.1985034942626953
129,COc1cc(C(=O)N2CC3CCC2[C@@H]3N)cc2nc(-c3cc4ccc(-c5cccc(S(N)(=O)=O)c5)nc4n3CC3CC3)n(C)c12,1,GCN-CfC final,-45.113826751708984,3.4880073070526123
130,COc1cc(C(=O)N2C[C@H](N)C[C@@H](F)C2)cc2nc(-c3cc4ccc(-c5ccc(C6CNC(=O)N6)cc5)nc4n3CC3CC3)n(C)c12,1,GCN h_G,39.30052185058594,-3.268889904022217
130,COc1cc(C(=O)N2C[C@H](N)C[C@@H](F)C2)cc2nc(-c3cc4ccc(-c5ccc(C6CNC(=O)N6)cc5)nc4n3CC3CC3)n(C)c12,1,GCN-CfC final,-44.947418212890625,1.1827070713043213
131,CCn1c(-c2cnn(-c3ccccc3)c2C2CC2)nc2cc(C(=O)N3CCC[C@@H](N)C3)ccc21,0,GCN h_G,22.253662109375,-3.4540746212005615
131,CCn1c(-c2cnn(-c3ccccc3)c2C2CC2)nc2cc(C(=O)N3CCC[C@@H](N)C3)ccc21,0,GCN-CfC final,-15.136090278625488,-0.9313249588012695
132,Cn1c(=O)c(C(=O)Nc2ccccc2S(N)(=O)=O)c(O)c2ccccc21,0,GCN h_G,-0.17661434412002563,1.5920841693878174
132,Cn1c(=O)c(C(=O)Nc2ccccc2S(N)(=O)=O)c(O)c2ccccc21,0,GCN-CfC final,-1.1535377502441406,-3.121950149536133
133,CC(=O)Nc1cccc(NC=C(C#N)C#N)c1,0,GCN h_G,0.22517132759094238,-7.5603461265563965
133,CC(=O)Nc1cccc(NC=C(C#N)C#N)c1,0,GCN-CfC final,-8.51170539855957,-3.044658899307251
134,Cc1nn(CC(=O)N2CCOCC2)c(=O)c2ccccc12,0,GCN h_G,-29.1048641204834,0.9287101626396179
134,Cc1nn(CC(=O)N2CCOCC2)c(=O)c2ccccc12,0,GCN-CfC final,25.793317794799805,5.951415061950684
135,CCOC(=O)c1c2c3c(cccc3n(C)c1=O)C(=O)c1ccccc1-2,0,GCN h_G,-15.909042358398438,-14.643198013305664
135,CCOC(=O)c1c2c3c(cccc3n(C)c1=O)C(=O)c1ccccc1-2,0,GCN-CfC final,-5.456109046936035,-9.189373016357422
136,O=C(NCc1cccnc1)c1ccc(Cl)cc1[N+](=O)[O-],0,GCN h_G,-2.581887722015381,4.664093971252441
136,O=C(NCc1cccnc1)c1ccc(Cl)cc1[N+](=O)[O-],0,GCN-CfC final,11.4506254196167,-2.7885019779205322
137,CCOc1ccc(-c2cc(C(=O)NCCCN3CCN(CC)CC3)c3ccccc3n2)cc1,0,GCN h_G,-19.614158630371094,-1.7535277605056763
137,CCOc1ccc(-c2cc(C(=O)NCCCN3CCN(CC)CC3)c3ccccc3n2)cc1,0,GCN-CfC final,16.71661376953125,7.004230499267578
138,COc1cc(C(=O)N2C[C@H](N)C[C@@H](F)C2)cc2nc(-c3cc4ccc(-c5c(F)ccc(O)c5Cl)nc4n3CC3CC3)n(C)c12,1,GCN h_G,36.480926513671875,-0.8859592080116272
138,COc1cc(C(=O)N2C[C@H](N)C[C@@H](F)C2)cc2nc(-c3cc4ccc(-c5c(F)ccc(O)c5Cl)nc4n3CC3CC3)n(C)c12,1,GCN-CfC final,-39.2868537902832,2.154158353805542
139,COC(=O)Nc1ccc(-c2ccc3cc(-c4nc5cc(C(=O)N6CC7CCC6[C@@H]7N)cc(OC)c5n4C)n(CC4CC4)c3c2)cc1,1,GCN h_G,44.79180145263672,2.264230728149414
139,COC(=O)Nc1ccc(-c2ccc3cc(-c4nc5cc(C(=O)N6CC7CCC6[C@@H]7N)cc(OC)c5n4C)n(CC4CC4)c3c2)cc1,1,GCN-CfC final,-43.366722106933594,3.300017833709717
140,CCOc1ccc(S(=O)(=O)Nc2nc3ccccc3nc2Nc2ccc(N3CCOCC3)cc2)cc1,0,GCN h_G,-4.733213424682617,6.453717231750488
140,CCOc1ccc(S(=O)(=O)Nc2nc3ccccc3nc2Nc2ccc(N3CCOCC3)cc2)cc1,0,GCN-CfC final,15.234752655029297,0.10827678442001343
141,COc1ccccc1NC(=S)N1CCN(c2ccccn2)CC1,0,GCN h_G,-17.958101272583008,1.0019474029541016
141,COc1ccccc1NC(=S)N1CCN(c2ccccn2)CC1,0,GCN-CfC final,22.289169311523438,2.6809499263763428
142,CCOC(=O)c1sc(-c2ccccc2)cc1NC(=O)c1ccc(S(=O)(=O)N(CCOC)CCOC)cc1,0,GCN h_G,-14.386348724365234,2.5233752727508545
142,CCOC(=O)c1sc(-c2ccccc2)cc1NC(=O)c1ccc(S(=O)(=O)N(CCOC)CCOC)cc1,0,GCN-CfC final,10.30720043182373,-0.4727136790752411
143,Cn1c(-c2ccc(Cc3ccccc3)n2CC2CC2)nc2cc(C(=O)N3CCC[C@@H](N)C3)cnc21,1,GCN h_G,26.06393051147461,-3.68896746635437
143,Cn1c(-c2ccc(Cc3ccccc3)n2CC2CC2)nc2cc(C(=O)N3CCC[C@@H](N)C3)cnc21,1,GCN-CfC final,-26.283920288085938,2.7854905128479004
144,CC1=C(C(=O)OC2CCCCC2)C(c2ccc(C)o2)C2=C(CC(C)(C)CC2=O)N1,0,GCN h_G,-22.280696868896484,-11.331643104553223
144,CC1=C(C(=O)OC2CCCCC2)C(c2ccc(C)o2)C2=C(CC(C)(C)CC2=O)N1,0,GCN-CfC final,21.802719116210938,8.348261833190918
145,CC(C)N1OC2CC1c1nc3ccccc3n1C2,0,GCN h_G,-13.24543285369873,-4.129683017730713
145,CC(C)N1OC2CC1c1nc3ccccc3n1C2,0,GCN-CfC final,7.869828701019287,2.519130229949951
146,Cl.O=C(NC1CCN(Cc2ccccc2)CC1)c1cccc(S(=O)(=O)Nc2ccc(SC(F)F)cc2)c1,0,GCN h_G,-3.7669060230255127,-2.1630358695983887
146,Cl.O=C(NC1CCN(Cc2ccccc2)CC1)c1cccc(S(=O)(=O)Nc2ccc(SC(F)F)cc2)c1,0,GCN-CfC final,-1.2935882806777954,-1.3133760690689087
147,N#Cc1cccc(CS(=O)(=O)c2ccc(Cl)cc2)c1,0,GCN h_G,-2.7437756061553955,-0.8258435130119324
147,N#Cc1cccc(CS(=O)(=O)c2ccc(Cl)cc2)c1,0,GCN-CfC final,0.0711570754647255,-1.009006381034851
148,CCOc1cc2c(cc1/C=C/c1noc(C)c1[N+](=O)[O-])OC(C)C2,0,GCN h_G,-18.19164276123047,3.1866891384124756
148,CCOc1cc2c(cc1/C=C/c1noc(C)c1[N+](=O)[O-])OC(C)C2,0,GCN-CfC final,17.282001495361328,7.726552963256836
149,O=C(O)c1ccccc1CSc1nc2ccccc2s1,0,GCN h_G,-4.6652750968933105,12.657851219177246
149,O=C(O)c1ccccc1CSc1nc2ccccc2s1,0,GCN-CfC final,23.993330001831055,-7.526814937591553
150,CCC(C)N=CC1=C(O)CC(c2ccccc2)CC1=O,0,GCN h_G,-15.39650821685791,-7.576206684112549
150,CCC(C)N=CC1=C(O)CC(c2ccccc2)CC1=O,0,GCN-CfC final,16.511476516723633,-0.8804571032524109
151,O=C(CSc1nc2ccccc2[nH]1)NCCN1CCCCC1,0,GCN h_G,-22.532291412353516,1.189408540725708
151,O=C(CSc1nc2ccccc2[nH]1)NCCN1CCCCC1,0,GCN-CfC final,23.57253074645996,3.86586856842041
152,COc1cc(C(=O)N2CC3CCC2[C@@H]3N)cc2nc(-c3cc4ccc(C5=CC6NC(=O)N=C6N=C5)cc4n3CC3CC3)n(C)c12,1,GCN h_G,44.74821472167969,-5.569305419921875
152,COc1cc(C(=O)N2CC3CCC2[C@@H]3N)cc2nc(-c3cc4ccc(C5=CC6NC(=O)N=C6N=C5)cc4n3CC3CC3)n(C)c12,1,GCN-CfC final,-51.8613166809082,0.05678650364279747
153,CCn1ncc(Br)c1C(=O)Nc1ccc(C(C)C)cc1,0,GCN h_G,-10.940041542053223,-4.168159008026123
153,CCn1ncc(Br)c1C(=O)Nc1ccc(C(C)C)cc1,0,GCN-CfC final,29.0162296295166,-2.4394986629486084
154,CC(=O)Nc1ccc(SCC(=O)NC(=O)c2ccc(S(=O)(=O)N(C)C)cc2)cc1,0,GCN h_G,-3.22098970413208,-2.1696488857269287
154,CC(=O)Nc1ccc(SCC(=O)NC(=O)c2ccc(S(=O)(=O)N(C)C)cc2)cc1,0,GCN-CfC final,6.999645709991455,-0.3252066671848297
155,COc1cc(C(=O)N2C[C@H](N)C[C@@H](F)C2)cc2nc(-c3cc4ccc(N5CCC6(CC5)CN(C)C(=O)O6)cc4n3CC3CC3)n(C)c12,1,GCN h_G,38.79571533203125,-10.097328186035156
155,COc1cc(C(=O)N2C[C@H](N)C[C@@H](F)C2)cc2nc(-c3cc4ccc(N5CCC6(CC5)CN(C)C(=O)O6)cc4n3CC3CC3)n(C)c12,1,GCN-CfC final,-33.77435302734375,0.5301870703697205
156,Cc1c(-c2cc3ccccc3n2Cc2ccc(F)cn2)nc2cc(C(=O)N3CCC[C@@H](N)C3)ccn12,1,GCN h_G,26.577571868896484,-5.0006489753723145
156,Cc1c(-c2cc3ccccc3n2Cc2ccc(F)cn2)nc2cc(C(=O)N3CCC[C@@H](N)C3)ccn12,1,GCN-CfC final,-28.081626892089844,3.2510077953338623
157,Cc1cccc(CN2CCN(Cc3cnn(-c4ccccc4F)c3)CC2CCO)n1,0,GCN h_G,-18.187894821166992,-2.0309438705444336
157,Cc1cccc(CN2CCN(Cc3cnn(-c4ccccc4F)c3)CC2CCO)n1,0,GCN-CfC final,18.912813186645508,3.909520387649536
158,COc1ccc2[nH]cc(CCNC(=O)Nc3ccccc3)c2c1,0,GCN h_G,3.3885464668273926,3.554996967315674
158,COc1ccc2[nH]cc(CCNC(=O)Nc3ccccc3)c2c1,0,GCN-CfC final,-2.476372003555298,0.7610857486724854
159,CCn1c(-c2cnc(-c3ccccc3)n2CC2CC2)nc2cc(C(=O)N3CCC[C@@H](N)C3)ccc21,1,GCN h_G,25.62152099609375,-3.9410128593444824
159,CCn1c(-c2cnc(-c3ccccc3)n2CC2CC2)nc2cc(C(=O)N3CCC[C@@H](N)C3)ccc21,1,GCN-CfC final,-26.27791404724121,2.3317644596099854
160,Cc1ccccc1C(=O)NCC(=O)Nc1ccccc1C(F)(F)F,0,GCN h_G,3.245001792907715,0.29717397689819336
160,Cc1ccccc1C(=O)NCC(=O)Nc1ccccc1C(F)(F)F,0,GCN-CfC final,-2.420555830001831,-1.3387620449066162
161,O=C1CN(C(=O)COc2ccc([N+](=O)[O-])cc2Cl)c2ccccc2N1,0,GCN h_G,-13.161162376403809,6.327033996582031
161,O=C1CN(C(=O)COc2ccc([N+](=O)[O-])cc2Cl)c2ccccc2N1,0,GCN-CfC final,23.244413375854492,-0.2972123920917511
162,COC(=O)C1=CC(=O)N=C2C=CC(c3ccc4cc(-c5nc6cc(C(=O)N7CC8CCC7[C@@H]8N)cc(OC)c6n5C)n(CC5CC5)c4c3)C=C12,1,GCN h_G,44.328590393066406,-6.748872756958008
162,COC(=O)C1=CC(=O)N=C2C=CC(c3ccc4cc(-c5nc6cc(C(=O)N7CC8CCC7[C@@H]8N)cc(OC)c6n5C)n(CC5CC5)c4c3)C=C12,1,GCN-CfC final,-50.334320068359375,-0.17004555463790894
163,COC(=O)c1cn(-c2ccccc2)c(C)c1C(=O)OC,0,GCN h_G,-14.090596199035645,-14.677711486816406
163,COC(=O)c1cn(-c2ccccc2)c(C)c1C(=O)OC,0,GCN-CfC final,-7.939804553985596,-6.895697593688965
164,CCN(CC(=O)Nc1c(F)cccc1F)C(=O)Cc1ccc(OC)c(S(=O)(=O)N2CCOCC2)c1,0,GCN h_G,-23.967357635498047,-0.5160242915153503
164,CCN(CC(=O)Nc1c(F)cccc1F)C(=O)Cc1ccc(OC)c(S(=O)(=O)N2CCOCC2)c1,0,GCN-CfC final,17.80101203918457,8.411286354064941
165,COc1cc(C(=O)N2C[C@H](N)C[C@@H](F)C2)cc2nc(-c3cc4ccc(-c5c(C)ccc(O)c5C)nc4n3CC3CC3)n(C)c12,1,GCN h_G,34.34342575073242,0.04810934513807297
165,COc1cc(C(=O)N2C[C@H](N)C[C@@H](F)C2)cc2nc(-c3cc4ccc(-c5c(C)ccc(O)c5C)nc4n3CC3CC3)n(C)c12,1,GCN-CfC final,-37.604286193847656,1.2844651937484741
166,Cc1ccc(-n2ncc(C#N)c2/N=C/N2CCN(C)CC2)cc1,0,GCN h_G,-28.44445037841797,3.454552412033081
166,Cc1ccc(-n2ncc(C#N)c2/N=C/N2CCN(C)CC2)cc1,0,GCN-CfC final,19.67121124267578,4.09823751449585
167,O=C(COC(=O)c1ccccc1SCC(=O)N1CCCC1)Nc1ccc(OC(F)F)cc1,0,GCN h_G,-20.941694259643555,0.6680545806884766
167,O=C(COC(=O)c1ccccc1SCC(=O)N1CCCC1)Nc1ccc(OC(F)F)cc1,0,GCN-CfC final,24.395360946655273,2.6904547214508057
168,CC1CCN(c2nc3c(=O)[nH]c(N)nc3n2[C@@H]2O[C@H](CO)[C@@H](O)[C@H]2O)CC1,0,GCN h_G,-26.177465438842773,1.022721767425537
168,CC1CCN(c2nc3c(=O)[nH]c(N)nc3n2[C@@H]2O[C@H](CO)[C@@H](O)[C@H]2O)CC1,0,GCN-CfC final,22.976360321044922,9.759881973266602
169,CN(c1ccc(C(=O)NCCCn2ccnc2)cc1)S(C)(=O)=O,0,GCN h_G,4.086704254150391,-5.720590591430664
169,CN(c1ccc(C(=O)NCCCn2ccnc2)cc1)S(C)(=O)=O,0,GCN-CfC final,-12.598036766052246,-2.20749831199646
170,Cn1c(-c2cc3ccc(-c4ccc5[nH]c(=O)[nH]c(=O)c5c4)cc3n2CC2CC2)nc2cc(C(=O)N3C[C@H](N)C[C@@H](F)C3)cc(F)c21,1,GCN h_G,36.07761764526367,1.6994438171386719
170,Cn1c(-c2cc3ccc(-c4ccc5[nH]c(=O)[nH]c(=O)c5c4)cc3n2CC2CC2)nc2cc(C(=O)N3C[C@H](N)C[C@@H](F)C3)cc(F)c21,1,GCN-CfC final,-38.50394058227539,3.7651846408843994
171,COc1cc(C(=O)N2CC3CCC2[C@@H]3N)cc2nc(-c3cc4ccc(-c5cccc(C(N)=O)c5F)nc4n3CC3CC3)n(C)c12,1,GCN h_G,43.76048278808594,-0.04476510360836983
171,COc1cc(C(=O)N2CC3CCC2[C@@H]3N)cc2nc(-c3cc4ccc(-c5cccc(C(N)=O)c5F)nc4n3CC3CC3)n(C)c12,1,GCN-CfC final,-44.29360580444336,3.1281394958496094
172,Cc1cc(C(=O)Nc2ccc3c(c2)CCC3)ccc1[N+](=O)[O-],0,GCN h_G,-2.880445957183838,-8.043810844421387
172,Cc1cc(C(=O)Nc2ccc3c(c2)CCC3)ccc1[N+](=O)[O-],0,GCN-CfC final,-7.7471394538879395,-2.0122601985931396
173,CCCCOc1ccc(CSc2nc(C)[nH]c2[N+](=O)[O-])cc1[N+](=O)[O-],0,GCN h_G,-14.084802627563477,12.467416763305664
173,CCCCOc1ccc(CSc2nc(C)[nH]c2[N+](=O)[O-])cc1[N+](=O)[O-],0,GCN-CfC final,29.360116958618164,0.29958871006965637
174,CC(C)c1oc(=O)cc2c1[C@@H](O)[C@H]1OC(=O)[C@@]3(C)CC[C@@H](O)[C@@]2(C)C13,0,GCN h_G,-23.535930633544922,-14.628816604614258
174,CC(C)c1oc(=O)cc2c1[C@@H](O)[C@H]1OC(=O)[C@@]3(C)CC[C@@H](O)[C@@]2(C)C13,0,GCN-CfC final,31.805015563964844,2.7493038177490234
175,CCc1cc2c(SCC(=O)Nc3cc(C)on3)ncnc2s1,0,GCN h_G,-16.114042282104492,10.256108283996582
175,CCc1cc2c(SCC(=O)Nc3cc(C)on3)ncnc2s1,0,GCN-CfC final,19.317712783813477,1.8365477323532104
176,COc1cc(C(=O)N2CC3CCC2[C@@H]3N)cc2nc(-c3cc4ccc(Nc5ccc(N)cc5)nc4n3CC3CC3)n(C)c12,1,GCN h_G,40.646331787109375,2.2469570636749268
176,COc1cc(C(=O)N2CC3CCC2[C@@H]3N)cc2nc(-c3cc4ccc(Nc5ccc(N)cc5)nc4n3CC3CC3)n(C)c12,1,GCN-CfC final,-42.95911407470703,4.9116740226745605
177,C=CCn1c(SCC(=O)Nc2nc3ccccc3s2)nc(O)c(CC)c1=O,0,GCN h_G,-12.39293384552002,10.0313720703125
177,C=CCn1c(SCC(=O)Nc2nc3ccccc3s2)nc(O)c(CC)c1=O,0,GCN-CfC final,12.109075546264648,2.3493826389312744
178,COc1cc(C(=O)N2CC3CCC2[C@@H]3N)cc2nc(-c3cc4ccc(CCN5CCOC5=O)cc4n3CC3CC3)n(C)c12,1,GCN h_G,39.93965148925781,-9.479884147644043
178,COc1cc(C(=O)N2CC3CCC2[C@@H]3N)cc2nc(-c3cc4ccc(CCN5CCOC5=O)cc4n3CC3CC3)n(C)c12,1,GCN-CfC final,-41.64904022216797,-1.2591856718063354
179,COc1cc(-c2ccc3cc(-c4nc5cc(C(=O)N6C[C@H](N)C[C@@H](F)C6)cc(OC)c5n4C)n(CC4CC4)c3n2)c(F)cc1CO,1,GCN h_G,37.41269302368164,-2.6557536125183105
179,COc1cc(-c2ccc3cc(-c4nc5cc(C(=O)N6C[C@H](N)C[C@@H](F)C6)cc(OC)c5n4C)n(CC4CC4)c3n2)c(F)cc1CO,1,GCN-CfC final,-40.75889205932617,1.6385020017623901
180,Cn1c(-c2ccc(-c3ccccc3)n2CC2CC2)nc2cc(C(=O)N3CC[C@@H]4CCN[C@@H]4C3)ccc21,1,GCN h_G,24.72443962097168,-3.285149097442627
180,Cn1c(-c2ccc(-c3ccccc3)n2CC2CC2)nc2cc(C(=O)N3CC[C@@H]4CCN[C@@H]4C3)ccc21,1,GCN-CfC final,-25.776838302612305,2.1845662593841553
181,O=C1NC(=O)/C(=C/c2ccc(OS(=O)(=O)c3ccc(F)cc3F)cc2)N1,0,GCN h_G,-0.9136732220649719,-1.3998029232025146
181,O=C1NC(=O)/C(=C/c2ccc(OS(=O)(=O)c3ccc(F)cc3F)cc2)N1,0,GCN-CfC final,-13.429610252380371,-4.005825996398926
182,COc1cc(C(=O)N2CC3CCC2[C@@H]3N)cc2nc(-c3cc4ccc(Nc5ccc6c(c5)CCC(=O)N6)nc4n3CC3CC3)n(C)c12,1,GCN h_G,40.756874084472656,1.0830599069595337
182,COc1cc(C(=O)N2CC3CCC2[C@@H]3N)cc2nc(-c3cc4ccc(Nc5ccc6c(c5)CCC(=O)N6)nc4n3CC3CC3)n(C)c12,1,GCN-CfC final,-39.97702407836914,4.356225490570068
183,Cc1ccc(CN2CCc3c(OCc4ccc(F)cc4)cccc3C2=O)cc1,0,GCN h_G,-6.433901786804199,-7.380728244781494
183,Cc1ccc(CN2CCc3c(OCc4ccc(F)cc4)cccc3C2=O)cc1,0,GCN-CfC final,2.2881240844726562,0.21780355274677277
184,COc1ccc(C(=O)C[n+]2ccc3c(c2)nc(-c2ccccc2)n3C)cc1.[Br-],0,GCN h_G,6.158123016357422,4.275261878967285
184,COc1ccc(C(=O)C[n+]2ccc3c(c2)nc(-c2ccccc2)n3C)cc1.[Br-],0,GCN-CfC final,-5.560085773468018,0.003628346137702465
185,CCCOC(=O)C(C)n1cnc2scc(-c3ccc(C)cc3)c2c1=O,0,GCN h_G,-13.49252700805664,-10.263100624084473
185,CCCOC(=O)C(C)n1cnc2scc(-c3ccc(C)cc3)c2c1=O,0,GCN-CfC final,17.72398567199707,-2.0840260982513428
186,Cc1ccc(-c2nn(-c3ccccn3)c(=O)c3ccccc23)cc1C,0,GCN h_G,5.831637859344482,9.72846794128418
186,Cc1ccc(-c2nn(-c3ccccn3)c(=O)c3ccccc23)cc1C,0,GCN-CfC final,15.565496444702148,-6.677363395690918
187,COc1cc(C(=O)N2C[C@H](N)C[C@@H](F)C2)cc2nc(-c3cc4ccc(N5CCC6(CC5)CNC(=O)O6)cc4n3CC3CC3)n(C)c12,1,GCN h_G,38.92658615112305,-10.034246444702148
187,COc1cc(C(=O)N2C[C@H](N)C[C@@H](F)C2)cc2nc(-c3cc4ccc(N5CCC6(CC5)CNC(=O)O6)cc4n3CC3CC3)n(C)c12,1,GCN-CfC final,-34.65260314941406,0.28233999013900757
188,COc1cc(C(=O)N2CC3CCC2[C@@H]3N)cc2nc(-c3cc4ccc(C5C=CC6=NC(=O)C=C(CO)C6=C5)nc4n3CC3CC3)n(C)c12,1,GCN h_G,43.89180374145508,-6.320840358734131
188,COc1cc(C(=O)N2CC3CCC2[C@@H]3N)cc2nc(-c3cc4ccc(C5C=CC6=NC(=O)C=C(CO)C6=C5)nc4n3CC3CC3)n(C)c12,1,GCN-CfC final,-49.68702697753906,0.22015278041362762
189,Brc1ccc(-c2csc3[n+]2CCCCC3)cc1.[Br-],0,GCN h_G,-19.94868278503418,8.712384223937988
189,Brc1ccc(-c2csc3[n+]2CCCCC3)cc1.[Br-],0,GCN-CfC final,13.35518741607666,5.495027542114258
190,CCCCCn1c(=O)c2ccccc2n2c(=S)[nH]nc12,0,GCN h_G,-25.465951919555664,7.266426086425781
190,CCCCCn1c(=O)c2ccccc2n2c(=S)[nH]nc12,0,GCN-CfC final,11.899020195007324,7.937000751495361
191,CN(C)c1ccc2cc(C(=O)N[C@@H](CCCN=C(N)CCl)C(=O)NCc3ccccc3)ccc2c1,1,GCN h_G,2.943162202835083,-6.919168949127197
191,CN(C)c1ccc2cc(C(=O)N[C@@H](CCCN=C(N)CCl)C(=O)NCc3ccccc3)ccc2c1,1,GCN-CfC final,-14.314033508300781,-1.8299342393875122
192,CNc1ccccc(-c2ccc3cc4c(cc3n2)OCO4)c1=O,0,GCN h_G,-5.914701461791992,8.024652481079102
192,CNc1ccccc(-c2ccc3cc4c(cc3n2)OCO4)c1=O,0,GCN-CfC final,-0.1217590793967247,0.21855220198631287
193,CC(C)NC(=O)CSc1c2c(nc3ccccc13)CCCC2,0,GCN h_G,-19.353660583496094,7.8295698165893555
193,CC(C)NC(=O)CSc1c2c(nc3ccccc13)CCCC2,0,GCN-CfC final,12.34947681427002,5.19577693939209
194,COc1cc(C(=O)N2CC3CCC2[C@@H]3N)cc2nc(-c3cc4ccc(-c5ccc(C(N)=O)c(F)c5)nc4n3CC3CC3)n(C)c12,1,GCN h_G,44.301334381103516,-1.0081466436386108
194,COc1cc(C(=O)N2CC3CCC2[C@@H]3N)cc2nc(-c3cc4ccc(-c5ccc(C(N)=O)c(F)c5)nc4n3CC3CC3)n(C)c12,1,GCN-CfC final,-48.53008270263672,1.6294262409210205
195,COC(=O)c1cc(-c2ccc3cc(-c4nc5cc(C(=O)N6C[C@H](N)C[C@@H](F)C6)cc(OC)c5n4C)n(CC4CC4)c3n2)n(C)n1,1,GCN h_G,35.27778244018555,-2.7915899753570557
195,COC(=O)c1cc(-c2ccc3cc(-c4nc5cc(C(=O)N6C[C@H](N)C[C@@H](F)C6)cc(OC)c5n4C)n(CC4CC4)c3n2)n(C)n1,1,GCN-CfC final,-36.36859130859375,2.81646990776062
196,CCn1c(C(=O)NCc2cccnc2)cc2sc(Cl)cc21,0,GCN h_G,-7.94879674911499,4.405591011047363
196,CCn1c(C(=O)NCc2cccnc2)cc2sc(Cl)cc21,0,GCN-CfC final,-9.965331077575684,-1.1448287963867188
197,CC(/C=C/c1ccc(N(C)C)cc1)=N/N=C1/NC(=O)CC(C(=O)Nc2ccc(Cl)cc2)S1,0,GCN h_G,-8.41187858581543,-4.997951507568359
197,CC(/C=C/c1ccc(N(C)C)cc1)=N/N=C1/NC(=O)CC(C(=O)Nc2ccc(Cl)cc2)S1,0,GCN-CfC final,7.5418548583984375,0.9691796898841858
198,COC(=O)Cc1cnc(NC(=O)CSc2nc(C(C)C)cc(=O)[nH]2)s1,0,GCN h_G,-17.26513671875,11.259159088134766
198,COC(=O)Cc1cnc(NC(=O)CSc2nc(C(C)C)cc(=O)[nH]2)s1,0,GCN-CfC final,30.0571346282959,-2.318540334701538
199,O=C(Cc1cccs1)NNC(=S)NC(=O)c1ccc(F)c(F)c1,0,GCN h_G,0.9005032181739807,-6.039791584014893
199,O=C(Cc1cccs1)NNC(=S)NC(=O)c1ccc(F)c(F)c1,0,GCN-CfC final,-12.0269193649292,-3.1271345615386963
200,COc1cc(C(=O)N2CC3CCC2[C@@H]3N)cc2nc(-c3cc4ccc(-c5ccc6c(c5)C(=O)NCC6)nc4n3CC3CC3)n(C)c12,1,GCN h_G,44.28118133544922,-2.22676944732666
200,COc1cc(C(=O)N2CC3CCC2[C@@H]3N)cc2nc(-c3cc4ccc(-c5ccc6c(c5)C(=O)NCC6)nc4n3CC3CC3)n(C)c12,1,GCN-CfC final,-49.5417366027832,1.1344902515411377
201,COc1cc(C(=O)N2CC3CCC2[C@@H]3N)cc2nc(-c3cc4ccc(C(C)O)cc4n3CC3CC3)n(Cc3cnn(C)c3)c12,1,GCN h_G,48.90053176879883,1.5612846612930298
201,COc1cc(C(=O)N2CC3CCC2[C@@H]3N)cc2nc(-c3cc4ccc(C(C)O)cc4n3CC3CC3)n(Cc3cnn(C)c3)c12,1,GCN-CfC final,-47.97767639160156,5.16603946685791
202,Cc1cc(C)c(Nc2cc(S(=O)(=O)[O-])c(N)c3c2C(=O)c2ccccc2C3=O)c(C)c1.[Na+],0,GCN h_G,-13.631110191345215,-12.98724365234375
202,Cc1cc(C)c(Nc2cc(S(=O)(=O)[O-])c(N)c3c2C(=O)c2ccccc2C3=O)c(C)c1.[Na+],0,GCN-CfC final,-3.736553430557251,-8.980548858642578
203,CCCc1c(-c2nc3cc(C(=O)N4CCC[C@@H](N)C4)ccc3n2C)cnn1-c1ccccc1,0,GCN h_G,21.671463012695312,-3.396496057510376
203,CCCc1c(-c2nc3cc(C(=O)N4CCC[C@@H](N)C4)ccc3n2C)cnn1-c1ccccc1,0,GCN-CfC final,-14.600830078125,-1.0750226974487305
204,Cc1ccc(OCCC(=O)NNC(=O)c2cc(C)oc2C)cc1,0,GCN h_G,-11.282118797302246,-5.855870723724365
204,Cc1ccc(OCCC(=O)NNC(=O)c2cc(C)oc2C)cc1,0,GCN-CfC final,26.57002830505371,-0.994502067565918
205,CC1(C)NC(=O)N(CCc2nn[nH]n2)C1=O,1,GCN h_G,5.749223709106445,-6.422042369842529
205,CC1(C)NC(=O)N(CCc2nn[nH]n2)C1=O,1,GCN-CfC final,-23.492889404296875,1.7325785160064697
206,CCOC(=O)c1sc(NC(=O)CSc2nc(O)c(Cc3ccccc3)c(=O)[nH]2)nc1C,0,GCN h_G,-12.506750106811523,10.165875434875488
206,CCOC(=O)c1sc(NC(=O)CSc2nc(O)c(Cc3ccccc3)c(=O)[nH]2)nc1C,0,GCN-CfC final,21.603885650634766,0.7577275633811951
207,NS(=O)(=O)c1ccc(S(=O)(=O)c2ccccc2)nc1,0,GCN h_G,-0.917124330997467,0.9922969341278076
207,NS(=O)(=O)c1ccc(S(=O)(=O)c2ccccc2)nc1,0,GCN-CfC final,4.023983478546143,-3.344029426574707
208,Nc1nnc2c(n1)CCCC2,0,GCN h_G,-33.13231658935547,3.7230632305145264
208,Nc1nnc2c(n1)CCCC2,0,GCN-CfC final,14.789671897888184,11.977807998657227
209,O=C(COc1ccccc1)Nc1nc(-c2ccc(S(=O)(=O)N3CCOCC3)cc2)cs1,0,GCN h_G,-14.218379020690918,3.2718706130981445
209,O=C(COc1ccccc1)Nc1nc(-c2ccc(S(=O)(=O)N3CCOCC3)cc2)cs1,0,GCN-CfC final,23.077852249145508,1.0058077573776245
210,CN1CN(C)c2ccc([N+](=O)[O-])c3cccc1c23,0,GCN h_G,-15.295166015625,-13.229662895202637
210,CN1CN(C)c2ccc([N+](=O)[O-])c3cccc1c23,0,GCN-CfC final,-2.023638963699341,-10.068296432495117
211,COc1cc(C(=O)N2C[C@H](N)C[C@@H](F)C2)cc2nc(-c3cc4ccc(-c5ccc6c(c5)C(=O)NCC(=O)N6)nc4n3CC3CC3)n(C)c12,1,GCN h_G,37.78483963012695,-4.706253528594971
211,COc1cc(C(=O)N2C[C@H](N)C[C@@H](F)C2)cc2nc(-c3cc4ccc(-c5ccc6c(c5)C(=O)NCC(=O)N6)nc4n3CC3CC3)n(C)c12,1,GCN-CfC final,-41.77476501464844,1.388073205947876
212,CCOC(=O)CSc1cc(C)nc2ccc(OC)cc12,0,GCN h_G,-17.476755142211914,10.299659729003906
212,CCOC(=O)CSc1cc(C)nc2ccc(OC)cc12,0,GCN-CfC final,26.178775787353516,0.04003565385937691
213,CCc1cc(NC(C)=O)ncc1-c1ccc2cc(-c3nc4cc(C(=O)N5C[C@H](N)C[C@@H](F)C5)cc(OC)c4n3C)n(CC3CC3)c2n1,1,GCN h_G,36.25715255737305,-3.9859516620635986
213,CCc1cc(NC(C)=O)ncc1-c1ccc2cc(-c3nc4cc(C(=O)N5C[C@H](N)C[C@@H](F)C5)cc(OC)c4n3C)n(CC3CC3)c2n1,1,GCN-CfC final,-35.76551055908203,2.7974939346313477
214,O=C(NCc1ccccc1)C(c1ccccc1)N(Cc1cccs1)C(=O)c1cnccn1,0,GCN h_G,2.602383613586426,5.270061492919922
214,O=C(NCc1ccccc1)C(c1ccccc1)N(Cc1cccs1)C(=O)c1cnccn1,0,GCN-CfC final,11.873135566711426,-5.772586822509766
215,COc1cc(C(=O)N2CC3CCC2[C@@H]3N)cc2nc(-c3cc4ccc(Oc5cc(C)nc(C)c5)nc4n3CC3CC3)n(C)c12,1,GCN h_G,39.42738342285156,4.184521198272705
215,COc1cc(C(=O)N2CC3CCC2[C@@H]3N)cc2nc(-c3cc4ccc(Oc5cc(C)nc(C)c5)nc4n3CC3CC3)n(C)c12,1,GCN-CfC final,-32.19892501831055,4.087032318115234
216,CC(=O)OCc1nc2ccccc2s1,0,GCN h_G,-5.321111679077148,13.031049728393555
216,CC(=O)OCc1nc2ccccc2s1,0,GCN-CfC final,24.528827667236328,-7.410646438598633
217,COc1cc(C(=O)N2CC3CCC2[C@@H]3N)cc2nc(-c3cc4ccc(-c5cn(C)nc5-c5ccc(F)cc5)nc4n3CC3CC3)n(C)c12,1,GCN h_G,43.580989837646484,4.430304527282715
217,COc1cc(C(=O)N2CC3CCC2[C@@H]3N)cc2nc(-c3cc4ccc(-c5cn(C)nc5-c5ccc(F)cc5)nc4n3CC3CC3)n(C)c12,1,GCN-CfC final,-40.728355407714844,5.774216175079346
218,COc1cc(/C=N/NC(=O)C(=O)/C=C2\NC(C)(C)Cc3ccccc32)ccc1O,0,GCN h_G,2.4901888370513916,-6.226104259490967
218,COc1cc(/C=N/NC(=O)C(=O)/C=C2\NC(C)(C)Cc3ccccc32)ccc1O,0,GCN-CfC final,-14.244220733642578,-2.4544787406921387
219,Cc1cc(C)nc(/N=C(\N)Nc2ccc3c(c2)OCCO3)n1,0,GCN h_G,-19.121198654174805,4.742122650146484
219,Cc1cc(C)nc(/N=C(\N)Nc2ccc3c(c2)OCCO3)n1,0,GCN-CfC final,19.957521438598633,2.4202749729156494
220,CCN1CCN(c2ccc(N3CCN(C(=O)c4ccc(Br)o4)CC3)nn2)CC1,0,GCN h_G,-31.444732666015625,-0.7347815036773682
220,CCN1CCN(c2ccc(N3CCN(C(=O)c4ccc(Br)o4)CC3)nn2)CC1,0,GCN-CfC final,29.90582847595215,7.946496963500977
221,O=C(C1=C[C@H](C2CC2)C[C@H](OCCCCO)O1)N1CCN(Cc2ccc3c(c2)OCO3)CC1,0,GCN h_G,-25.855167388916016,-2.0421066284179688
221,O=C(C1=C[C@H](C2CC2)C[C@H](OCCCCO)O1)N1CCN(Cc2ccc3c(c2)OCO3)CC1,0,GCN-CfC final,19.34612274169922,9.767361640930176
222,COc1cc(C(=O)N2C[C@H]3CC[C@@H]2[C@@H]3N)cc2nc(-c3ccc(C#N)n3CC3CC3)n([C@@H](C)c3ccccn3)c12,0,GCN h_G,27.720788955688477,-3.059587001800537
222,COc1cc(C(=O)N2C[C@H]3CC[C@@H]2[C@@H]3N)cc2nc(-c3ccc(C#N)n3CC3CC3)n([C@@H](C)c3ccccn3)c12,0,GCN-CfC final,-26.863306045532227,2.1290857791900635
223,COc1cccc(CNS(=O)(=O)c2c(C)[nH]c(C)c2C(=O)N2CCCCC2)c1,0,GCN h_G,-23.236783981323242,-1.1377036571502686
223,COc1cccc(CNS(=O)(=O)c2c(C)[nH]c(C)c2C(=O)N2CCCCC2)c1,0,GCN-CfC final,18.06373405456543,8.040970802307129
224,COc1cc(-c2ccc3cc(-c4nc5cc(C(=O)N6C[C@H]7CC[C@@H]6[C@@H]7N)cc(OC)c5n4C)n(CC4CC4)c3n2)ccc1F,1,GCN h_G,31.058582305908203,-2.3875322341918945
224,COc1cc(-c2ccc3cc(-c4nc5cc(C(=O)N6C[C@H]7CC[C@@H]6[C@@H]7N)cc(OC)c5n4C)n(CC4CC4)c3n2)ccc1F,1,GCN-CfC final,-31.238964080810547,2.6213161945343018
225,COc1cc(C(=O)N2CC3CCC2[C@@H]3N)cc2nc(-c3cc4ccc(N5CC6(CCS6(=O)=O)C5)cc4n3CC3CC3)n(C)c12,1,GCN h_G,40.44865036010742,-10.361204147338867
225,COc1cc(C(=O)N2CC3CCC2[C@@H]3N)cc2nc(-c3cc4ccc(N5CC6(CCS6(=O)=O)C5)cc4n3CC3CC3)n(C)c12,1,GCN-CfC final,-42.367679595947266,-1.6858702898025513
226,COc1cc(C(=O)N2C[C@H](N)C[C@@H](F)C2)cc2nc(-c3cc4ccc(-c5ccn6nc(C)cc6n5)nc4n3CC3CC3)n(C)c12,1,GCN h_G,34.452613830566406,-2.1097140312194824
226,COc1cc(C(=O)N2C[C@H](N)C[C@@H](F)C2)cc2nc(-c3cc4ccc(-c5ccn6nc(C)cc6n5)nc4n3CC3CC3)n(C)c12,1,GCN-CfC final,-35.924068450927734,3.6684374809265137
227,CC1CCN(C(=O)C2CCN(S(=O)(=O)c3cccc4nonc34)CC2)CC1,0,GCN h_G,-26.33857536315918,-0.14330388605594635
227,CC1CCN(C(=O)C2CCN(S(=O)(=O)c3cccc4nonc34)CC2)CC1,0,GCN-CfC final,25.458263397216797,7.441363334655762
228,COc1cc(C(=O)N2CC3CCC2[C@@H]3N)cc2nc(-c3cc4ccc(N5CCNCC5=O)cc4n3CC3CC3)n(C)c12,1,GCN h_G,45.69150924682617,-3.1330156326293945
228,COc1cc(C(=O)N2CC3CCC2[C@@H]3N)cc2nc(-c3cc4ccc(N5CCNCC5=O)cc4n3CC3CC3)n(C)c12,1,GCN-CfC final,-50.57484817504883,1.0160750150680542
229,COc1ccc(-n2c(CNC(=O)c3ccc(S(=O)(=O)N4CCCC4)cc3)n[nH]c2=S)cc1,0,GCN h_G,-14.00386905670166,2.540212631225586
229,COc1ccc(-n2c(CNC(=O)c3ccc(S(=O)(=O)N4CCCC4)cc3)n[nH]c2=S)cc1,0,GCN-CfC final,9.804975509643555,0.22019703686237335
230,CC(=O)c1ccccc1NC(=O)CC1(CC(=O)O)CCCCC1,0,GCN h_G,-20.15802001953125,-5.284687042236328
230,CC(=O)c1ccccc1NC(=O)CC1(CC(=O)O)CCCCC1,0,GCN-CfC final,19.67781639099121,8.06999397277832
231,COc1cc(C(=O)NC(C)C2CC3CCC2C3)cc(OC)c1OC,0,GCN h_G,29.684925079345703,-6.670091152191162
231,COc1cc(C(=O)NC(C)C2CC3CCC2C3)cc(OC)c1OC,0,GCN-CfC final,-25.166393280029297,3.117816686630249
232,COc1cc(C(=O)N2CC3CCC2[C@@H]3N)cc2nc(-c3cc4ccc(Nc5cc(=O)[nH]cn5)nc4n3CC3CC3)n(C)c12,1,GCN h_G,40.35011291503906,3.3951897621154785
232,COc1cc(C(=O)N2CC3CCC2[C@@H]3N)cc2nc(-c3cc4ccc(Nc5cc(=O)[nH]cn5)nc4n3CC3CC3)n(C)c12,1,GCN-CfC final,-36.42058181762695,4.970615386962891
233,O=C(N/C(=C/c1ccccc1F)C(=O)N1CCCCC1)c1ccccc1,0,GCN h_G,-3.5654165744781494,-5.856003761291504
233,O=C(N/C(=C/c1ccccc1F)C(=O)N1CCCCC1)c1ccccc1,0,GCN-CfC final,-0.03719994053244591,-3.5232346057891846
234,O=C(COC(=O)c1ccc([N+](=O)[O-])s1)NNC(=O)c1ccccc1,0,GCN h_G,-3.3447351455688477,5.436279773712158
234,O=C(COC(=O)c1ccc([N+](=O)[O-])s1)NNC(=O)c1ccccc1,0,GCN-CfC final,14.573074340820312,-1.3274837732315063
235,Cn1c2c(c(=O)n(C)c1=O)C(CC(=O)Nc1ccccc1F)C(=O)N2,0,GCN h_G,-13.459009170532227,-7.711277008056641
235,Cn1c2c(c(=O)n(C)c1=O)C(CC(=O)Nc1ccccc1F)C(=O)N2,0,GCN-CfC final,6.744942665100098,2.642873764038086
236,O=C(COc1ccccc1)N/N=C/c1sc(=O)n(Cc2cccc(C(=O)O)c2)c1Cl,0,GCN h_G,-5.026427745819092,4.923140048980713
236,O=C(COc1ccccc1)N/N=C/c1sc(=O)n(Cc2cccc(C(=O)O)c2)c1Cl,0,GCN-CfC final,13.111839294433594,-1.1106244325637817
237,CCN(CC)C(=S)SCC(=O)c1ccc(F)cc1,0,GCN h_G,-22.190752029418945,-2.8160927295684814
237,CCN(CC)C(=S)SCC(=O)c1ccc(F)cc1,0,GCN-CfC final,18.852785110473633,7.3856987953186035
238,O=C(NC(=S)NNC(=O)c1ccccc1[N+](=O)[O-])c1ccc(Br)cc1,0,GCN h_G,-1.0092023611068726,5.4858479499816895
238,O=C(NC(=S)NNC(=O)c1ccccc1[N+](=O)[O-])c1ccc(Br)cc1,0,GCN-CfC final,11.000448226928711,-3.653247594833374
239,CCn1c(SCC(=O)NC2=NCCS2)nnc1C(C)NC(=O)c1ccccc1F,0,GCN h_G,-16.913280487060547,6.902185916900635
239,CCn1c(SCC(=O)NC2=NCCS2)nnc1C(C)NC(=O)c1ccccc1F,0,GCN-CfC final,4.918174743652344,-5.676467418670654
240,COc1cc(C(=O)N2CC3CCC2[C@@H]3N)cc2nc(-c3cc4ccc(-c5cnc(NC(C)=O)cc5Cl)nc4n3CC3CC3)n(C)c12,1,GCN h_G,42.14338302612305,2.9391794204711914
240,COc1cc(C(=O)N2CC3CCC2[C@@H]3N)cc2nc(-c3cc4ccc(-c5cnc(NC(C)=O)cc5Cl)nc4n3CC3CC3)n(C)c12,1,GCN-CfC final,-37.357826232910156,4.406594276428223
241,COc1cc(C(=O)N2C[C@H](N)C[C@@H](F)C2)cc2nc(-c3cc4ccc(C5=CC(C(F)(F)F)=CC6=NC(=O)NC56)nc4n3CC3CC3)n(C)c12,1,GCN h_G,41.87229537963867,-6.3910627365112305
241,COc1cc(C(=O)N2C[C@H](N)C[C@@H](F)C2)cc2nc(-c3cc4ccc(C5=CC(C(F)(F)F)=CC6=NC(=O)NC56)nc4n3CC3CC3)n(C)c12,1,GCN-CfC final,-44.83380889892578,-0.3055395185947418
242,CCCc1cc2c(=O)c(-c3ccccn3)c(C)oc2cc1O,0,GCN h_G,-8.877429962158203,5.781301498413086
242,CCCc1cc2c(=O)c(-c3ccccn3)c(C)oc2cc1O,0,GCN-CfC final,1.089701533317566,-3.9104561805725098
243,O=C(NCc1csc(-c2cccs2)n1)C1CCC1,0,GCN h_G,-6.082620620727539,15.766061782836914
243,O=C(NCc1csc(-c2cccs2)n1)C1CCC1,0,GCN-CfC final,14.626686096191406,2.198906660079956
244,Cc1cc(/C=C(\C#N)c2nnc(N3CCOCC3)n2-c2ccccc2)c(C)n1-c1ccccc1,0,GCN h_G,-12.832305908203125,-1.0089343786239624
244,Cc1cc(/C=C(\C#N)c2nnc(N3CCOCC3)n2-c2ccccc2)c(C)n1-c1ccccc1,0,GCN-CfC final,11.285554885864258,5.269012928009033
245,COC1=CC(=O)c2ccccc2C1=O,0,GCN h_G,3.4966628551483154,-9.092550277709961
245,COC1=CC(=O)c2ccccc2C1=O,0,GCN-CfC final,-14.532958030700684,-3.1582083702087402
246,COC(=O)c1ccc(NC(=O)CSc2nc3cccnc3n2C)cc1,0,GCN h_G,-8.330384254455566,1.9390392303466797
246,COC(=O)c1ccc(NC(=O)CSc2nc3cccnc3n2C)cc1,0,GCN-CfC final,4.606592178344727,0.40221065282821655
247,COC(=O)CNC(=O)COc1ccc(-c2ccc3cc(-c4nc5cc(C(=O)N6CC7CCC6[C@@H]7N)cc(OC)c5n4C)n(CC4CC4)c3n2)cc1,1,GCN h_G,38.28700637817383,2.438633918762207
247,COC(=O)CNC(=O)COc1ccc(-c2ccc3cc(-c4nc5cc(C(=O)N6CC7CCC6[C@@H]7N)cc(OC)c5n4C)n(CC4CC4)c3n2)cc1,1,GCN-CfC final,-32.10490417480469,3.521116018295288
248,O=C1CCN2C=Nc3cccc4ccc1c2c34,0,GCN h_G,-17.255813598632812,-13.880248069763184
248,O=C1CCN2C=Nc3cccc4ccc1c2c34,0,GCN-CfC final,-6.867981910705566,-7.766873359680176
249,O=C(O)CCSc1ccc([N+](=O)[O-])cc1[N+](=O)[O-],0,GCN h_G,-13.676867485046387,13.178552627563477
249,O=C(O)CCSc1ccc([N+](=O)[O-])cc1[N+](=O)[O-],0,GCN-CfC final,30.09088706970215,0.17200390994548798
250,COc1cc(C(=O)N2C[C@H](N)C[C@@H](F)C2)cc2nc(-c3cc4ccc(-c5ccc(N6CCCC6=O)cc5)nc4n3CC3CC3)n(C)c12,1,GCN h_G,34.22178649902344,-4.340027809143066
250,COc1cc(C(=O)N2C[C@H](N)C[C@@H](F)C2)cc2nc(-c3cc4ccc(-c5ccc(N6CCCC6=O)cc5)nc4n3CC3CC3)n(C)c12,1,GCN-CfC final,-34.511051177978516,2.2463269233703613
251,Cc1cc(OCC(=O)N2CCOCC2)ccc1NC(=O)c1ccccc1C,0,GCN h_G,-20.217700958251953,-3.332237958908081
251,Cc1cc(OCC(=O)N2CCOCC2)ccc1NC(=O)c1ccccc1C,0,GCN-CfC final,26.47773551940918,2.4190051555633545
252,CCc1c(O)nc(SCc2nc3ccccc3c(=O)[nH]2)[nH]c1=O,0,GCN h_G,-11.310467720031738,10.777647972106934
252,CCc1c(O)nc(SCc2nc3ccccc3c(=O)[nH]2)[nH]c1=O,0,GCN-CfC final,25.67153549194336,-7.567002773284912
253,COC(=O)C1=C(N)Oc2cc(N(C)C)ccc2C1c1ccccc1OC,0,GCN h_G,-13.999096870422363,-12.616090774536133
253,COC(=O)C1=C(N)Oc2cc(N(C)C)ccc2C1c1ccccc1OC,0,GCN-CfC final,-3.118875503540039,-8.480277061462402
254,Cc1ccc(C2CC(=O)Oc3cc(O)ccc32)cc1,0,GCN h_G,-10.706334114074707,-7.100740909576416
254,Cc1ccc(C2CC(=O)Oc3cc(O)ccc32)cc1,0,GCN-CfC final,26.340791702270508,-2.2106151580810547
255,Cc1ccc(C)c(-n2nnnc2SCC(=O)Nc2cccc(-c3nnc4n3CCCCC4)c2)c1,0,GCN h_G,-18.282766342163086,8.008110046386719
255,Cc1ccc(C)c(-n2nnnc2SCC(=O)Nc2cccc(-c3nnc4n3CCCCC4)c2)c1,0,GCN-CfC final,13.196024894714355,4.711650848388672
256,Cc1csc(CNc2ncnc3ccc(-c4ccc5c(c4)OCO5)cc23)c1,0,GCN h_G,-7.093980312347412,7.278297424316406
256,Cc1csc(CNc2ncnc3ccc(-c4ccc5c(c4)OCO5)cc23)c1,0,GCN-CfC final,-5.751591682434082,-2.7641828060150146
257,COc1cc(C(=O)N2C[C@H](N)C[C@@H](F)C2)cc2nc(-c3cc4ccc(-c5cnc(C#N)nc5)nc4n3CC3CC3)n(C)c12,1,GCN h_G,39.045753479003906,-4.783411026000977
257,COc1cc(C(=O)N2C[C@H](N)C[C@@H](F)C2)cc2nc(-c3cc4ccc(-c5cnc(C#N)nc5)nc4n3CC3CC3)n(C)c12,1,GCN-CfC final,-46.745094299316406,0.5121206641197205
258,COC(=O)C(Cc1csc2ccc(Cl)cc12)NC(=O)c1ccc(Cl)cc1,0,GCN h_G,-5.747456073760986,-1.0169196128845215
258,COC(=O)C(Cc1csc2ccc(Cl)cc12)NC(=O)c1ccc(Cl)cc1,0,GCN-CfC final,0.7557564973831177,0.7591480612754822
259,CCN1C(=NCc2ccco2)N[C@@H](c2cccc(F)c2)C(C(=O)OC)=C1C,0,GCN h_G,-12.96491813659668,-8.677539825439453
259,CCN1C(=NCc2ccco2)N[C@@H](c2cccc(F)c2)C(C(=O)OC)=C1C,0,GCN-CfC final,-0.5837335586547852,-6.2300124168396
260,CC1(C)CC(=O)c2c(O)cc(OCC(=O)Nc3ccc(S(N)(=O)=O)cc3)cc2O1,0,GCN h_G,-16.08658218383789,3.5262513160705566
260,CC1(C)CC(=O)c2c(O)cc(OCC(=O)Nc3ccc(S(N)(=O)=O)cc3)cc2O1,0,GCN-CfC final,0.504794716835022,-7.011542797088623
261,Cc1c(C(c2cccs2)c2c(C)n(C)n(-c3ccccc3)c2=O)c(=O)n(-c2ccccc2)n1C,0,GCN h_G,7.093934059143066,10.451425552368164
261,Cc1c(C(c2cccs2)c2c(C)n(C)n(-c3ccccc3)c2=O)c(=O)n(-c2ccccc2)n1C,0,GCN-CfC final,16.414186477661133,-7.206287860870361
262,Cn1c(-n2nccc2-c2ccccc2)nc2cc(C(=O)N3CCC[C@@H](N)C3)ccc21,0,GCN h_G,21.078433990478516,-3.307734251022339
262,Cn1c(-n2nccc2-c2ccccc2)nc2cc(C(=O)N3CCC[C@@H](N)C3)ccc21,0,GCN-CfC final,-12.213120460510254,-1.3388053178787231
263,Cc1ccc(C(C)NC(=O)Cc2cccs2)cc1C,0,GCN h_G,-9.113658905029297,-6.883574485778809
263,Cc1ccc(C(C)NC(=O)Cc2cccs2)cc1C,0,GCN-CfC final,18.536439895629883,-4.688806533813477
264,COc1ccccc1CCC(=O)Nc1cc(S(=O)(=O)N2CCCCC2)ccc1N1CCN(C)CC1,0,GCN h_G,-24.749967575073242,-1.2853050231933594
264,COc1ccccc1CCC(=O)Nc1cc(S(=O)(=O)N2CCCCC2)ccc1N1CCN(C)CC1,0,GCN-CfC final,18.618804931640625,8.5939359664917
265,CC(C)CN1Cc2ccccc2Oc2cc(Br)ccc2S1(=O)=O,0,GCN h_G,-12.135798454284668,-3.251607894897461
265,CC(C)CN1Cc2ccccc2Oc2cc(Br)ccc2S1(=O)=O,0,GCN-CfC final,28.74627113342285,-3.627478837966919
266,CCN(CC)S(=O)(=O)c1cc(C(=O)Oc2cccc(-c3cnc4ccccc4n3)c2)ccc1OC,0,GCN h_G,-5.4341864585876465,7.1203508377075195
266,CCN(CC)S(=O)(=O)c1cc(C(=O)Oc2cccc(-c3cnc4ccccc4n3)c2)ccc1OC,0,GCN-CfC final,10.424405097961426,-1.3686445951461792
267,CCOc1ccc(C(=O)N/N=C/c2cccc3cccnc23)cc1,0,GCN h_G,3.00307559967041,2.9501967430114746
267,CCOc1ccc(C(=O)N/N=C/c2cccc3cccnc23)cc1,0,GCN-CfC final,-1.3928571939468384,0.14830757677555084
268,CC1(c2nnc(-c3cccc(Cl)c3)o2)CC(c2ccc(C#N)cc2)=NO1,0,GCN h_G,-7.955776214599609,0.9879280924797058
268,CC1(c2nnc(-c3cccc(Cl)c3)o2)CC(c2ccc(C#N)cc2)=NO1,0,GCN-CfC final,4.553074359893799,0.03418048471212387
269,O=C(NC(=S)N(Cc1ccccc1)c1ccccn1)C1CC1,0,GCN h_G,1.2288031578063965,5.134130001068115
269,O=C(NC(=S)N(Cc1ccccc1)c1ccccn1)C1CC1,0,GCN-CfC final,13.757566452026367,-2.187093734741211
270,O=C(Nc1ccc(S(=O)(=O)Nc2nccs2)cc1)C1CC(=O)N(c2ccc(Cl)cc2)C1,0,GCN h_G,-4.277675151824951,-0.10008038580417633
270,O=C(Nc1ccc(S(=O)(=O)Nc2nccs2)cc1)C1CC(=O)N(c2ccc(Cl)cc2)C1,0,GCN-CfC final,11.52589225769043,-1.7146397829055786
271,CCCCN(Cc1ccco1)C(=O)Cn1ncc2c(=O)oc3ccc(C)cc3c21,0,GCN h_G,-22.507843017578125,3.646073818206787
271,CCCCN(Cc1ccco1)C(=O)Cn1ncc2c(=O)oc3ccc(C)cc3c21,0,GCN-CfC final,27.46511459350586,3.2645392417907715
272,COc1cc(C(=O)N2C[C@H](N)C[C@@H](F)C2)cc2nc(-c3cc4ccc(-c5ccc(C(N)=O)nc5C)nc4n3CC3CC3)n(C)c12,1,GCN h_G,36.23250198364258,-3.140766143798828
272,COc1cc(C(=O)N2C[C@H](N)C[C@@H](F)C2)cc2nc(-c3cc4ccc(-c5ccc(C(N)=O)nc5C)nc4n3CC3CC3)n(C)c12,1,GCN-CfC final,-38.6992073059082,1.6448149681091309
273,Cc1sc2nc(SCc3nc(-c4cccs4)no3)n(-c3ccccc3)c(=O)c2c1C,0,GCN h_G,-6.347756862640381,12.911529541015625
273,Cc1sc2nc(SCc3nc(-c4cccs4)no3)n(-c3ccccc3)c(=O)c2c1C,0,GCN-CfC final,24.923397064208984,-7.707375526428223
274,COC(=O)C1=C(C(=O)OC)C(c2ccc(OC)c(OC)c2)c2sc(=O)[nH]c2S1,0,GCN h_G,-17.262187957763672,-10.616179466247559
274,COC(=O)C1=C(C(=O)OC)C(c2ccc(OC)c(OC)c2)c2sc(=O)[nH]c2S1,0,GCN-CfC final,-1.136499047279358,-7.550734519958496
275,COc1cc(C(=O)N2C[C@H](N)C[C@@H](F)C2)cc2nc(-c3cc4ccc(-c5cccc(O)c5Cl)nc4n3CC3CC3)n(C)c12,1,GCN h_G,35.74538040161133,-0.824935793876648
275,COc1cc(C(=O)N2C[C@H](N)C[C@@H](F)C2)cc2nc(-c3cc4ccc(-c5cccc(O)c5Cl)nc4n3CC3CC3)n(C)c12,1,GCN-CfC final,-37.131858825683594,2.876638650894165
276,Cc1c(-c2cc3cccc(Cl)c3n2Cc2ccc(F)cc2)nc2cc(C(=O)N3CCC[C@@H](N)C3)ccn12,1,GCN h_G,26.807918548583984,-4.719594478607178
276,Cc1c(-c2cc3cccc(Cl)c3n2Cc2ccc(F)cc2)nc2cc(C(=O)N3CCC[C@@H](N)C3)ccn12,1,GCN-CfC final,-27.34906005859375,3.4719552993774414
277,CCOc1c(Br)cc(CNc2ccc(N3CCOCC3)cc2)cc1OC,0,GCN h_G,-19.6397647857666,4.076157093048096
277,CCOc1c(Br)cc(CNc2ccc(N3CCOCC3)cc2)cc1OC,0,GCN-CfC final,17.541189193725586,5.7862701416015625
278,CC(C)(C)OC(=O)NCCC(=O)N/N=C/c1cccc2nccnc12,0,GCN h_G,4.462132930755615,-5.772629737854004
278,CC(C)(C)OC(=O)NCCC(=O)N/N=C/c1cccc2nccnc12,0,GCN-CfC final,-12.166954040527344,-2.1997578144073486
279,CC(CNC(=O)C1CCCCC1C(=O)O)c1ccccc1,0,GCN h_G,-16.52037811279297,-6.491810321807861
279,CC(CNC(=O)C1CCCCC1C(=O)O)c1ccccc1,0,GCN-CfC final,16.52202796936035,3.0743372440338135
280,COC(=O)c1cc(C(=O)OCC(=O)NCc2cccs2)cc([N+](=O)[O-])c1,0,GCN h_G,-13.516702651977539,5.208382606506348
280,COC(=O)c1cc(C(=O)OCC(=O)NCc2cccs2)cc([N+](=O)[O-])c1,0,GCN-CfC final,7.607812404632568,-4.3135504722595215
281,CCCCCCCCCCCCN1[C@@H](CC(=O)O)c2cc(C(F)(F)F)ccc2S1(=O)=O,0,GCN h_G,-26.11595344543457,-2.595851421356201
281,CCCCCCCCCCCCN1[C@@H](CC(=O)O)c2cc(C(F)(F)F)ccc2S1(=O)=O,0,GCN-CfC final,24.937969207763672,9.601167678833008
282,CCOC(=O)N1CCN(C(=O)c2c(-c3ccccc3)noc2C)CC1,0,GCN h_G,-29.584239959716797,1.2506123781204224
282,CCOC(=O)N1CCN(C(=O)c2c(-c3ccccc3)noc2C)CC1,0,GCN-CfC final,25.36901092529297,5.938896179199219
283,CCn1c(N)[n+](CC(=O)Nc2ccc(SC(F)F)cc2)c2ccccc21.[Cl-],0,GCN h_G,18.70697593688965,-3.004088878631592
283,CCn1c(N)[n+](CC(=O)Nc2ccc(SC(F)F)cc2)c2ccccc21.[Cl-],0,GCN-CfC final,-11.678823471069336,-0.5616307258605957
284,CC1=CC(=O)C2=C(C)CC[C@@H]3[C@H](OC(=O)[C@H]3C)[C@@H]12,0,GCN h_G,-20.94471549987793,-14.691728591918945
284,CC1=CC(=O)C2=C(C)CC[C@@H]3[C@H](OC(=O)[C@H]3C)[C@@H]12,0,GCN-CfC final,-2.911088228225708,-11.965024948120117
285,CC(C)CCOc1cccc(OCC(=O)NC2CCS(=O)(=O)C2)c1,0,GCN h_G,-16.36538314819336,-3.0213191509246826
285,CC(C)CCOc1cccc(OCC(=O)NC2CCS(=O)(=O)C2)c1,0,GCN-CfC final,16.216236114501953,5.239645481109619
286,NNC(=O)c1ccc(N2CCc3ccccc32)c([N+](=O)[O-])c1,0,GCN h_G,-2.237100839614868,-7.404482841491699
286,NNC(=O)c1ccc(N2CCc3ccccc32)c([N+](=O)[O-])c1,0,GCN-CfC final,-12.722809791564941,-3.1424195766448975
287,COc1cc(C(=O)N2CC3CCC2[C@@H]3N)cc2nc(-c3cc4ccc(C5CNNC5OC)nc4n3CC3CC3)n(C)c12,1,GCN h_G,49.25459289550781,0.7457481622695923
287,COc1cc(C(=O)N2CC3CCC2[C@@H]3N)cc2nc(-c3cc4ccc(C5CNNC5OC)nc4n3CC3CC3)n(C)c12,1,GCN-CfC final,-48.48784637451172,4.959793567657471
288,CCOc1ccc(N2C(=O)/C(=C/c3cc(OC)c(OC)c(OC)c3)N(CC(=O)OC)C2=S)cc1,0,GCN h_G,-17.896413803100586,-10.11766242980957
288,CCOc1ccc(N2C(=O)/C(=C/c3cc(OC)c(OC)c(OC)c3)N(CC(=O)OC)C2=S)cc1,0,GCN-CfC final,-0.7567132115364075,-8.033698081970215
289,CN(C)S(=O)(=O)c1cc(NC(=O)CN2CCN(c3ccccc3O)CC2)ccc1Cl,0,GCN h_G,-20.636032104492188,1.204824447631836
289,CN(C)S(=O)(=O)c1cc(NC(=O)CN2CCN(c3ccccc3O)CC2)ccc1Cl,0,GCN-CfC final,23.414413452148438,2.526249885559082
290,CNC(=O)NC1CCCCc2sccc21,0,GCN h_G,-3.274996280670166,-9.748844146728516
290,CNC(=O)NC1CCCCc2sccc21,0,GCN-CfC final,-8.64417552947998,-1.9628081321716309
291,CC1(OC(=O)C2CCCC2)C(=O)C=C2C=C(c3ccsc3)N(CC3CC3)C=C2C1=O,0,GCN h_G,-20.19935417175293,-10.650389671325684
291,CC1(OC(=O)C2CCCC2)C(=O)C=C2C=C(c3ccsc3)N(CC3CC3)C=C2C1=O,0,GCN-CfC final,-12.502188682556152,-5.917409896850586
292,COc1ccc(Oc2nnnn2-c2ccccc2)cc1,0,GCN h_G,-1.8573038578033447,11.259978294372559
292,COc1ccc(Oc2nnnn2-c2ccccc2)cc1,0,GCN-CfC final,28.64964485168457,-6.002200603485107
293,COc1cc(C(=O)N2CC3CCC2[C@@H]3N)cc2nc(-c3cc4ccc(-c5cnn(C)c5-c5ccc(F)cc5)nc4n3CC3CC3)n(C)c12,1,GCN h_G,43.65139389038086,4.427164077758789
293,COc1cc(C(=O)N2CC3CCC2[C@@H]3N)cc2nc(-c3cc4ccc(-c5cnn(C)c5-c5ccc(F)cc5)nc4n3CC3CC3)n(C)c12,1,GCN-CfC final,-41.125614166259766,5.676076412200928
294,CC(C)OCCCNC(=O)C1CC(=O)N(C2CCCCCCC2)C1,0,GCN h_G,-29.583547592163086,-6.400267601013184
294,CC(C)OCCCNC(=O)C1CC(=O)N(C2CCCCCCC2)C1,0,GCN-CfC final,29.252458572387695,5.933509349822998
295,COc1ccc(-n2c(C)n[nH]c2=O)cc1OC,0,GCN h_G,-9.469253540039062,8.604124069213867
295,COc1ccc(-n2c(C)n[nH]c2=O)cc1OC,0,GCN-CfC final,4.947057247161865,-1.1571769714355469
296,COc1cc(C(=O)N2CC3CCC2[C@@H]3N)cc2nc(-c3cc4ccc(C5CNC(=O)NC5=O)nc4n3CC3CC3)n(C)c12,1,GCN h_G,46.9177131652832,-3.745933771133423
296,COc1cc(C(=O)N2CC3CCC2[C@@H]3N)cc2nc(-c3cc4ccc(C5CNC(=O)NC5=O)nc4n3CC3CC3)n(C)c12,1,GCN-CfC final,-49.90658187866211,2.868417978286743
297,Cc1ccc(CC(CC(=O)NCCc2ccc3c(c2)OCO3)C(=O)O)cc1,0,GCN h_G,-14.745429039001465,-5.445032119750977
297,Cc1ccc(CC(CC(=O)NCCc2ccc3c(c2)OCO3)C(=O)O)cc1,0,GCN-CfC final,25.131006240844727,-0.48959407210350037
298,O=C(CSc1nnc(CNc2ccc(Cl)cc2)n1Cc1ccccc1)NCc1ccco1,0,GCN h_G,-2.577904224395752,8.599574089050293
298,O=C(CSc1nnc(CNc2ccc(Cl)cc2)n1Cc1ccccc1)NCc1ccco1,0,GCN-CfC final,23.768896102905273,-5.453315734863281
299,Cc1ccc(S(=O)(=O)NNC(=O)C(=O)NNc2ccccn2)cc1,0,GCN h_G,1.6319301128387451,0.5488144755363464
299,Cc1ccc(S(=O)(=O)NNC(=O)C(=O)NNc2ccccn2)cc1,0,GCN-CfC final,7.489668846130371,-1.4771637916564941
300,CCOC(=O)c1[nH]c2ccc(F)cc2c1NC(=O)c1cc(OC)c(OC)c(OC)c1,0,GCN h_G,-11.562531471252441,3.353443145751953
300,CCOC(=O)c1[nH]c2ccc(F)cc2c1NC(=O)c1cc(OC)c(OC)c(OC)c1,0,GCN-CfC final,-12.33929443359375,-3.668314218521118
301,COc1cc(C(=O)N2CC3CCC2C3)cc2nc(-c3cc4ccc(N(C)C)cc4n3CC3CC3)n(C)c12,1,GCN h_G,30.668848037719727,-0.30336183309555054
301,COc1cc(C(=O)N2CC3CCC2C3)cc2nc(-c3cc4ccc(N(C)C)cc4n3CC3CC3)n(C)c12,1,GCN-CfC final,-29.828218460083008,3.319584369659424
302,CCOc1ccc2nc(N/C(N)=N/C(=S)Nc3ccc(C)c(C)c3)nc(C)c2c1,0,GCN h_G,-8.4298677444458,-3.197108507156372
302,CCOc1ccc2nc(N/C(N)=N/C(=S)Nc3ccc(C)c(C)c3)nc(C)c2c1,0,GCN-CfC final,6.812588214874268,1.0740352869033813
303,CCOc1cc(/C=C\c2[nH]c(=O)[nH]c(=O)c2[N+](=O)[O-])ccc1OC(C)CC,0,GCN h_G,-13.883588790893555,11.949601173400879
303,CCOc1cc(/C=C\c2[nH]c(=O)[nH]c(=O)c2[N+](=O)[O-])ccc1OC(C)CC,0,GCN-CfC final,29.229089736938477,0.18279434740543365
304,Cc1nc(SCC(=O)N(C)C2(C#N)CCCCC2)c2ccccc2n1,0,GCN h_G,-28.275949478149414,0.3751669228076935
304,Cc1nc(SCC(=O)N(C)C2(C#N)CCCCC2)c2ccccc2n1,0,GCN-CfC final,25.651445388793945,5.496573448181152
305,Cc1noc(C(F)(F)F)c1C(=O)NNC(=O)c1ccccc1,0,GCN h_G,1.4887616634368896,-2.2924277782440186
305,Cc1noc(C(F)(F)F)c1C(=O)NNC(=O)c1ccccc1,0,GCN-CfC final,-2.964723825454712,-3.508284091949463
306,COc1cc(C(=O)N2C[C@H](N)C[C@@H](F)C2)cc2nc(-c3cc4ccc(-c5ccc(C(N)=O)cc5Cl)nc4n3CC3CC3)n(C)c12,1,GCN h_G,36.515594482421875,-2.304161787033081
306,COc1cc(C(=O)N2C[C@H](N)C[C@@H](F)C2)cc2nc(-c3cc4ccc(-c5ccc(C(N)=O)cc5Cl)nc4n3CC3CC3)n(C)c12,1,GCN-CfC final,-38.62763595581055,1.9959371089935303
307,COC(=O)c1cc(-c2ccc3cc(-c4nc5cc(C(=O)N6CC7CCC6[C@@H]7N)cc(OC)c5n4C)n(CC4CC4)c3n2)n(C)n1,1,GCN h_G,43.111167907714844,2.9210703372955322
307,COC(=O)c1cc(-c2ccc3cc(-c4nc5cc(C(=O)N6CC7CCC6[C@@H]7N)cc(OC)c5n4C)n(CC4CC4)c3n2)n(C)n1,1,GCN-CfC final,-40.76357650756836,4.371213912963867
308,Cc1cc2cc(CNC(=O)c3cccs3)ccc2n1C,0,GCN h_G,7.124455451965332,4.441676616668701
308,Cc1cc2cc(CNC(=O)c3cccs3)ccc2n1C,0,GCN-CfC final,-10.517047882080078,-0.5614711046218872
309,C=CCSc1nnc(CNC(=O)c2ccc(Cl)cc2)n1CC,0,GCN h_G,-16.510160446166992,7.204947471618652
309,C=CCSc1nnc(CNC(=O)c2ccc(Cl)cc2)n1CC,0,GCN-CfC final,13.097906112670898,1.7427042722702026
310,O=C(NC1CCCC1)NS(=O)(=O)c1ccccc1Cl,0,GCN h_G,-2.715808391571045,0.6391408443450928
310,O=C(NC1CCCC1)NS(=O)(=O)c1ccccc1Cl,0,GCN-CfC final,-1.4152848720550537,-4.497373104095459
311,CC(=O)Nc1ccc2c(c1)CCCC2,0,GCN h_G,-18.08368682861328,-6.639189720153809
311,CC(=O)Nc1ccc2c(c1)CCCC2,0,GCN-CfC final,-7.423355579376221,-2.3956661224365234
312,Cc1ccc2c(CN3CCOCC3)cc(=O)oc2c1C,0,GCN h_G,-26.40508460998535,-4.792060852050781
312,Cc1ccc2c(CN3CCOCC3)cc(=O)oc2c1C,0,GCN-CfC final,27.908567428588867,5.510263919830322
313,CC(=O)NCCNC(=O)CCNC(=O)c1ccc(Cl)cc1,0,GCN h_G,0.7027871012687683,-6.133249282836914
313,CC(=O)NCCNC(=O)CCNC(=O)c1ccc(Cl)cc1,0,GCN-CfC final,-9.998579978942871,-3.5670247077941895
314,COc1cc(C(=O)N2CC3CCC2[C@@H]3N)cc2nc(-c3cc4ccc(C5=CC=CC6=NC(=O)C=CC56)nc4n3CC3CC3)n(C)c12,1,GCN h_G,44.276851654052734,-5.982573509216309
314,COc1cc(C(=O)N2CC3CCC2[C@@H]3N)cc2nc(-c3cc4ccc(C5=CC=CC6=NC(=O)C=CC56)nc4n3CC3CC3)n(C)c12,1,GCN-CfC final,-51.43042755126953,-0.3702329993247986
315,Cn1ccnc1C(=O)c1ccccc1Cl,0,GCN h_G,6.028892993927002,8.379371643066406
315,Cn1ccnc1C(=O)c1ccccc1Cl,0,GCN-CfC final,17.17814826965332,-6.087729454040527
316,COc1ccc(-c2cc(=O)[nH][nH]2)cc1,0,GCN h_G,-0.5234384536743164,12.972465515136719
316,COc1ccc(-c2cc(=O)[nH][nH]2)cc1,0,GCN-CfC final,22.81005096435547,-5.911571025848389
317,O=C(C1=C[C@@H](c2ccc(C(F)(F)F)cc2)C[C@@H](OCc2ccc(CO)cc2)O1)N1CCN(Cc2ccc3c(c2)OCO3)CC1,0,GCN h_G,-21.534879684448242,-0.7505306005477905
317,O=C(C1=C[C@@H](c2ccc(C(F)(F)F)cc2)C[C@@H](OCc2ccc(CO)cc2)O1)N1CCN(Cc2ccc3c(c2)OCO3)CC1,0,GCN-CfC final,16.834758758544922,8.290075302124023
318,COc1cc(/C=N/Nc2ccccc2[N+](=O)[O-])ccc1OC(=O)c1ccccc1F,0,GCN h_G,-1.4285528659820557,4.638043403625488
318,COc1cc(/C=N/Nc2ccccc2[N+](=O)[O-])ccc1OC(=O)c1ccccc1F,0,GCN-CfC final,11.402782440185547,-3.008638381958008
319,Cc1ccccc1Cn1ccc(NC(=O)c2onc(C)c2Cl)n1,0,GCN h_G,-9.200438499450684,1.8546992540359497
319,Cc1ccccc1Cn1ccc(NC(=O)c2onc(C)c2Cl)n1,0,GCN-CfC final,14.160177230834961,0.5451540946960449
320,CCOc1ccc(N(C(=O)c2cnsn2)C(C(=O)NC2CCCCC2)c2ccncc2)cc1,0,GCN h_G,-4.3222832679748535,-9.637951850891113
320,CCOc1ccc(N(C(=O)c2cnsn2)C(C(=O)NC2CCCCC2)c2ccncc2)cc1,0,GCN-CfC final,0.03254898265004158,-4.760112762451172
321,COc1ccc(-c2nn(-c3ccccc3)cc2C(=O)NC(=S)NNC(=O)c2ccncc2)cc1,0,GCN h_G,4.30037260055542,2.691161870956421
321,COc1ccc(-c2nn(-c3ccccc3)cc2C(=O)NC(=S)NNC(=O)c2ccncc2)cc1,0,GCN-CfC final,-4.537474155426025,0.126170352101326
322,COc1cc(C(=O)N2CC3CCC2[C@@H]3N)cc2nc(-c3cc4ccc(-c5cnc(C#N)cc5C)nc4n3CC3CC3)n(C)c12,1,GCN h_G,45.415184020996094,-0.41239017248153687
322,COc1cc(C(=O)N2CC3CCC2[C@@H]3N)cc2nc(-c3cc4ccc(-c5cnc(C#N)cc5C)nc4n3CC3CC3)n(C)c12,1,GCN-CfC final,-48.204872131347656,2.0941531658172607
323,COc1cc([N+](=O)[O-])c(OC)cc1SCc1n[nH]c(=S)n1-c1ccc(F)cc1,0,GCN h_G,-10.778179168701172,8.979959487915039
323,COc1cc([N+](=O)[O-])c(OC)cc1SCc1n[nH]c(=S)n1-c1ccc(F)cc1,0,GCN-CfC final,11.881651878356934,1.9269801378250122
324,Cc1sc2ncn(CC(=O)NCC(=O)N3CCN(c4ccccc4F)CC3)c(=O)c2c1C,0,GCN h_G,-28.55531120300293,2.428690195083618
324,Cc1sc2ncn(CC(=O)NCC(=O)N3CCN(c4ccccc4F)CC3)c(=O)c2c1C,0,GCN-CfC final,16.768428802490234,10.497639656066895
325,CCCC[n+]1c(C)sc2cc(OC)ccc21.[I-],0,GCN h_G,-20.194107055664062,6.963471412658691
325,CCCC[n+]1c(C)sc2cc(OC)ccc21.[I-],0,GCN-CfC final,1.2402583360671997,-4.6542253494262695
326,COc1cc(C(=O)N2CC3CCC2[C@@H]3N)cc2nc(-c3cc4ccc(N5CCC(O)(c6ccccc6)C5)nc4n3CC3CC3)n(C)c12,1,GCN h_G,39.18579864501953,2.0580060482025146
326,COc1cc(C(=O)N2CC3CCC2[C@@H]3N)cc2nc(-c3cc4ccc(N5CCC(O)(c6ccccc6)C5)nc4n3CC3CC3)n(C)c12,1,GCN-CfC final,-34.067081451416016,3.9734230041503906
327,COc1cc(C(=O)N2CC3CCC2[C@@H]3N)cc2nc(-c3cc4ccc(-c5ccc6c(c5)CCNC6=O)nc4n3CC3CC3)n(C)c12,1,GCN h_G,44.3056526184082,-2.14239239692688
327,COc1cc(C(=O)N2CC3CCC2[C@@H]3N)cc2nc(-c3cc4ccc(-c5ccc6c(c5)CCNC6=O)nc4n3CC3CC3)n(C)c12,1,GCN-CfC final,-49.531517028808594,1.1066563129425049
328,NS(=O)(=O)c1cc(C(=O)NNC(=O)c2ccc3c(c2)OCO3)ccc1Cl,0,GCN h_G,-1.2445228099822998,-0.9012681245803833
328,NS(=O)(=O)c1cc(C(=O)NNC(=O)c2ccc3c(c2)OCO3)ccc1Cl,0,GCN-CfC final,-2.154636859893799,-4.920492172241211
329,Fc1ccc(OCc2nnc(-c3ccccc3Br)o2)c(Cl)c1,0,GCN h_G,-8.655755043029785,12.98580551147461
329,Fc1ccc(OCc2nnc(-c3ccccc3Br)o2)c(Cl)c1,0,GCN-CfC final,28.798721313476562,-4.805294990539551
330,COc1cc(C(=O)N2C[C@H](N)C[C@@H](F)C2)cc2nc(-c3cc4ccc(-c5cnc6c(c5)C(=O)NC6)nc4n3CC3CC3)n(C)c12,1,GCN h_G,38.724029541015625,-4.607342720031738
330,COc1cc(C(=O)N2C[C@H](N)C[C@@H](F)C2)cc2nc(-c3cc4ccc(-c5cnc6c(c5)C(=O)NC6)nc4n3CC3CC3)n(C)c12,1,GCN-CfC final,-46.411415100097656,0.5290551781654358
331,COc1cc(C(=O)N2C[C@H](N)C[C@@H](F)C2)cc2nc(-c3cc4ccc(-c5ccc(N6CCC(O)C6=O)c(C)n5)nc4n3CC3CC3)n(C)c12,1,GCN h_G,33.58024978637695,-3.707127094268799
331,COc1cc(C(=O)N2C[C@H](N)C[C@@H](F)C2)cc2nc(-c3cc4ccc(-c5ccc(N6CCC(O)C6=O)c(C)n5)nc4n3CC3CC3)n(C)c12,1,GCN-CfC final,-33.19780731201172,2.883610963821411
332,CCc1ccc(S(=O)(=O)Nc2ccc(O)c3ccccc23)cc1,0,GCN h_G,2.728114604949951,1.6855181455612183
332,CCc1ccc(S(=O)(=O)Nc2ccc(O)c3ccccc23)cc1,0,GCN-CfC final,10.21057415008545,-4.400256156921387
333,COC(=O)c1sc2ccccc2c1NC(=O)c1ccc(S(=O)(=O)N2CC(C)CC(C)C2)cc1,0,GCN h_G,-1.9739435911178589,-4.052048683166504
333,COC(=O)c1sc2ccccc2c1NC(=O)c1ccc(S(=O)(=O)N2CC(C)CC(C)C2)cc1,0,GCN-CfC final,-3.4386188983917236,-2.6864588260650635
334,CCCS(=O)(=O)c1csc(C(=O)OC)c1N,0,GCN h_G,-22.76197624206543,10.202332496643066
334,CCCS(=O)(=O)c1csc(C(=O)OC)c1N,0,GCN-CfC final,2.062119245529175,-6.859118461608887
335,O=c1[nH]c(Nc2ccccn2)cc2ccccc12,0,GCN h_G,2.116478681564331,11.753817558288574
335,O=c1[nH]c(Nc2ccccn2)cc2ccccc12,0,GCN-CfC final,22.33622932434082,-6.792832851409912
336,CS(=O)(=O)N(CC(=O)N1CCOCC1)Cc1ccc(Cl)cc1,0,GCN h_G,-29.09947967529297,-2.569733142852783
336,CS(=O)(=O)N(CC(=O)N1CCOCC1)Cc1ccc(Cl)cc1,0,GCN-CfC final,26.72048568725586,7.201776504516602
337,COc1ccc(OCC(=O)Nc2ccccc2C(=O)Nc2ccc(C(=O)O)cc2)cc1,0,GCN h_G,0.06715599447488785,4.974769115447998
337,COc1ccc(OCC(=O)Nc2ccccc2C(=O)Nc2ccc(C(=O)O)cc2)cc1,0,GCN-CfC final,13.129337310791016,-2.934006452560425
338,COc1cc(C(=O)N2CC3CCC2[C@@H]3N)cc2nc(-c3cc4ccc(-c5cn[nH]c5C)cc4n3CC3CC3)n(C)c12,1,GCN h_G,46.736541748046875,0.06878755241632462
338,COc1cc(C(=O)N2CC3CCC2[C@@H]3N)cc2nc(-c3cc4ccc(-c5cn[nH]c5C)cc4n3CC3CC3)n(C)c12,1,GCN-CfC final,-51.31010818481445,1.1480536460876465
339,Cc1ccccc1OC(C)C(=O)NCCC1=CCCCC1,0,GCN h_G,-14.0216064453125,-5.949545383453369
339,Cc1ccccc1OC(C)C(=O)NCCC1=CCCCC1,0,GCN-CfC final,17.21150016784668,2.5406665802001953
340,CCOc1ccc(N(CC(=O)N/N=C/c2cc([N+](=O)[O-])ccc2Cl)S(C)(=O)=O)cc1,0,GCN h_G,-4.6883320808410645,2.64644455909729
340,CCOc1ccc(N(CC(=O)N/N=C/c2cc([N+](=O)[O-])ccc2Cl)S(C)(=O)=O)cc1,0,GCN-CfC final,6.146657943725586,-3.4000837802886963
341,COc1cc(C(=O)N2CC3CCC2[C@@H]3N)cc2nc(-c3cc4ccc(-c5ccc(S(C)(=O)=O)nc5)nc4n3CC3CC3)n(C)c12,1,GCN h_G,41.81593704223633,-1.5765109062194824
341,COc1cc(C(=O)N2CC3CCC2[C@@H]3N)cc2nc(-c3cc4ccc(-c5ccc(S(C)(=O)=O)nc5)nc4n3CC3CC3)n(C)c12,1,GCN-CfC final,-46.13018798828125,2.9929134845733643
342,O=C1CN(S(=O)(=O)c2cc(C(=O)O)ccc2Cl)c2ccccc2N1,0,GCN h_G,-2.67173433303833,1.5356491804122925
342,O=C1CN(S(=O)(=O)c2cc(C(=O)O)ccc2Cl)c2ccccc2N1,0,GCN-CfC final,3.3509504795074463,-3.553668737411499
343,CC(=O)c1ccc(OCc2cc(C(=O)NCCN3CCCC(O)C3)no2)cc1,0,GCN h_G,-18.861534118652344,-0.631443202495575
343,CC(=O)c1ccc(OCc2cc(C(=O)NCCN3CCCC(O)C3)no2)cc1,0,GCN-CfC final,16.99896240234375,7.046358585357666
344,CSC1=NC(C)(C)CC2(C)Nc3ccccc3N12,0,GCN h_G,4.966657638549805,-5.337436199188232
344,CSC1=NC(C)(C)CC2(C)Nc3ccccc3N12,0,GCN-CfC final,-15.052700996398926,-1.9919867515563965
345,S=c1[nH]nc(-c2c[nH]c3ccccc23)o1,0,GCN h_G,-2.094646692276001,13.422724723815918
345,S=c1[nH]nc(-c2c[nH]c3ccccc23)o1,0,GCN-CfC final,26.618471145629883,-7.3872904777526855
346,CC(C)c1nc(SCC(=O)N2CC(=O)Nc3ccccc32)c2ccccc2n1,0,GCN h_G,-11.796788215637207,-1.1224204301834106
346,CC(C)c1nc(SCC(=O)N2CC(=O)Nc3ccccc32)c2ccccc2n1,0,GCN-CfC final,20.531232833862305,-2.1230475902557373
347,COc1cc(C(=O)N2CC3CCC2[C@@H]3N)cc2nc(-c3cc4ccc(N5CCC(S(C)(=O)=O)CC5)cc4n3CC3CC3)n(C)c12,1,GCN h_G,45.88816452026367,-3.8455703258514404
347,COc1cc(C(=O)N2CC3CCC2[C@@H]3N)cc2nc(-c3cc4ccc(N5CCC(S(C)(=O)=O)CC5)cc4n3CC3CC3)n(C)c12,1,GCN-CfC final,-50.23737335205078,2.383273124694824
348,COc1cc(C(=O)N2C[C@H](N)C[C@@H](F)C2)cc2nc(-c3cc4ccc(CCN5CCOC5=O)nc4n3CC3CC3)n(C)c12,1,GCN h_G,38.65914535522461,-9.404083251953125
348,COc1cc(C(=O)N2C[C@H](N)C[C@@H](F)C2)cc2nc(-c3cc4ccc(CCN5CCOC5=O)nc4n3CC3CC3)n(C)c12,1,GCN-CfC final,-34.773651123046875,0.5361496210098267
349,Cc1cccc(-c2nc3ccccc3c(=O)n2NC(=O)c2ccc([N+](=O)[O-])c(C)c2)c1,0,GCN h_G,3.0572140216827393,7.538708686828613
349,Cc1cccc(-c2nc3ccccc3c(=O)n2NC(=O)c2ccc([N+](=O)[O-])c(C)c2)c1,0,GCN-CfC final,11.458556175231934,-4.372554779052734
350,CN(C)C(CNC(=O)C1CCN(S(=O)(=O)c2cccc(Cl)c2Cl)CC1)c1ccccc1,0,GCN h_G,-12.542635917663574,-3.69997239112854
350,CN(C)C(CNC(=O)C1CCN(S(=O)(=O)c2cccc(Cl)c2Cl)CC1)c1ccccc1,0,GCN-CfC final,25.795413970947266,-1.7644076347351074
351,Cn1sc(=O)c2cc(S(=O)(=O)NC3CC3)ccc21,0,GCN h_G,-0.9940752387046814,-3.440523147583008
351,Cn1sc(=O)c2cc(S(=O)(=O)NC3CC3)ccc21,0,GCN-CfC final,-9.497367858886719,-4.478512763977051
352,CCCc1c(C(=O)N/N=C/c2ccc(OC)c(OCc3ccccc3)c2)nnn1-c1nonc1N,0,GCN h_G,-18.194482803344727,6.114948272705078
352,CCCc1c(C(=O)N/N=C/c2ccc(OC)c(OCc3ccccc3)c2)nnn1-c1nonc1N,0,GCN-CfC final,10.442281723022461,3.0120909214019775
353,CCNC(=O)c1c(NC(=O)C2COc3ccccc3O2)sc2c1CCCC2,0,GCN h_G,-20.858510971069336,5.234020709991455
353,CCNC(=O)c1c(NC(=O)C2COc3ccccc3O2)sc2c1CCCC2,0,GCN-CfC final,14.413930892944336,7.824454307556152
354,COc1cc2nc(N(CCCN(C)C)C(=O)c3ccc(S(=O)(=O)N4CCc5ccccc54)cc3)sc2cc1OC.Cl,0,GCN h_G,-13.74333667755127,1.7156568765640259
354,COc1cc2nc(N(CCCN(C)C)C(=O)c3ccc(S(=O)(=O)N4CCc5ccccc54)cc3)sc2cc1OC.Cl,0,GCN-CfC final,-0.15498049557209015,-5.52150297164917
355,COc1cc(C(=O)N2CC3CCC2[C@@H]3N)cc2nc(-c3cc4ccc(-c5ccc6nnnn6c5)nc4n3CC3CC3)n(C)c12,1,GCN h_G,45.15619659423828,4.471543788909912
355,COc1cc(C(=O)N2CC3CCC2[C@@H]3N)cc2nc(-c3cc4ccc(-c5ccc6nnnn6c5)nc4n3CC3CC3)n(C)c12,1,GCN-CfC final,-45.92707061767578,4.261858940124512
356,CNC(=O)n1ccc(C(=O)N2CCCCC2)n1,0,GCN h_G,-25.3186092376709,-0.6993713974952698
356,CNC(=O)n1ccc(C(=O)N2CCCCC2)n1,0,GCN-CfC final,18.61353302001953,10.148908615112305
357,CC(NC(=O)c1ccccc1)C(=O)OCC(=O)c1ccc(Br)cc1,0,GCN h_G,-8.82562255859375,-5.5022292137146
357,CC(NC(=O)c1ccccc1)C(=O)OCC(=O)c1ccc(Br)cc1,0,GCN-CfC final,17.077587127685547,-4.340249538421631
358,CCOC(=O)c1ccc(NC(=O)CSc2nc3cccnc3n2C)cc1,0,GCN h_G,-8.501617431640625,2.1481003761291504
358,CCOC(=O)c1ccc(NC(=O)CSc2nc3cccnc3n2C)cc1,0,GCN-CfC final,12.819426536560059,0.9986076354980469
359,O=C(COc1ccc(S(=O)(=O)N2CCCC2)cc1)NCc1cccnc1,0,GCN h_G,-19.151155471801758,0.5074458122253418
359,O=C(COc1ccc(S(=O)(=O)N2CCCC2)cc1)NCc1cccnc1,0,GCN-CfC final,17.86651039123535,6.337176322937012
360,COC(=O)C1=C(C(=O)OC)SC2(S1)C(C(=O)OC)=C(C(=O)OC)SC1=C2c2cc(C)cc(C)c2NC1(C)C,0,GCN h_G,-20.599403381347656,-13.783825874328613
360,COC(=O)C1=C(C(=O)OC)SC2(S1)C(C(=O)OC)=C(C(=O)OC)SC1=C2c2cc(C)cc(C)c2NC1(C)C,0,GCN-CfC final,-2.3587892055511475,-11.71538257598877
361,COC(=O)c1cn(C(=O)c2cc(OC)cc(OC)c2)c2ccccc12,0,GCN h_G,-15.214699745178223,-11.660286903381348
361,COC(=O)c1cn(C(=O)c2cc(OC)cc(OC)c2)c2ccccc12,0,GCN-CfC final,-5.159735679626465,-5.789233684539795
362,COc1ccc(Cn2c(-c3nc4cc(C(=O)N5CCC[C@@H](N)C5)ccn4c3C)cc3ccccc32)nc1,1,GCN h_G,26.01509666442871,-4.765065670013428
362,COc1ccc(Cn2c(-c3nc4cc(C(=O)N5CCC[C@@H](N)C5)ccn4c3C)cc3ccccc32)nc1,1,GCN-CfC final,-26.946569442749023,3.010387659072876
363,COc1ccc(/C=N/n2c(=O)c(C(C)(C)C)nn3cnnc23)cc1,0,GCN h_G,-15.729571342468262,8.328105926513672
363,COc1ccc(/C=N/n2c(=O)c(C(C)(C)C)nn3cnnc23)cc1,0,GCN-CfC final,7.126033782958984,5.174571514129639
364,COc1cccc2cc(C(=O)NC3CC(C)(C)NC(C)(C)C3)c(=O)oc12,0,GCN h_G,0.7870866060256958,-10.204675674438477
364,COc1cccc2cc(C(=O)NC3CC(C)(C)NC(C)(C)C3)c(=O)oc12,0,GCN-CfC final,-6.561992168426514,2.343916177749634
365,COc1ccc(C(=O)NCCc2ccc(C(F)(F)F)cc2)cc1S(=O)(=O)N1CCOCC1,0,GCN h_G,-16.46162223815918,1.5381256341934204
365,COc1ccc(C(=O)NCCc2ccc(C(F)(F)F)cc2)cc1S(=O)(=O)N1CCOCC1,0,GCN-CfC final,-3.6401848793029785,-4.71367073059082
366,O=C(O)CN1C(=O)/C(=C\c2ccccc2OCc2ccc(Cl)cc2Cl)SC1=S,0,GCN h_G,-16.487781524658203,-1.0163379907608032
366,O=C(O)CN1C(=O)/C(=C\c2ccccc2OCc2ccc(Cl)cc2Cl)SC1=S,0,GCN-CfC final,24.085590362548828,1.2668442726135254
367,Cc1cc(C)cc(-n2ccnc2SCC(=O)Nc2cccc(S(=O)(=O)NC3=NCCC3)c2)c1,0,GCN h_G,-7.8655829429626465,-1.9861483573913574
367,Cc1cc(C)cc(-n2ccnc2SCC(=O)Nc2cccc(S(=O)(=O)NC3=NCCC3)c2)c1,0,GCN-CfC final,5.231612205505371,0.6772766709327698
368,O=C(NNC(=O)c1cccc(C(F)(F)F)c1)c1ccc(-n2cnnn2)cc1,0,GCN h_G,2.013948440551758,-2.7327589988708496
368,O=C(NNC(=O)c1cccc(C(F)(F)F)c1)c1ccc(-n2cnnn2)cc1,0,GCN-CfC final,-11.487441062927246,-2.844796657562256
369,Cc1c(-c2cc3ccccc3n2CC2CC2)nc2cc(C(=O)N3CCC4OCCNC4C3)ccn12,1,GCN h_G,28.347179412841797,-5.3353495597839355
369,Cc1c(-c2cc3ccccc3n2CC2CC2)nc2cc(C(=O)N3CCC4OCCNC4C3)ccn12,1,GCN-CfC final,-28.832317352294922,2.5718185901641846
370,COc1cc(C(=O)N2CC3CCC2[C@@H]3N)cc2nc(-c3cc4ccc(-c5nnnn5C)nc4n3CC3CC3)n(C)c12,1,GCN h_G,45.57711410522461,4.76285982131958
370,COc1cc(C(=O)N2CC3CCC2[C@@H]3N)cc2nc(-c3cc4ccc(-c5nnnn5C)nc4n3CC3CC3)n(C)c12,1,GCN-CfC final,-46.50531768798828,4.480992317199707
371,Cc1sc2nc(-c3ccco3)oc(=O)c2c1C,0,GCN h_G,-7.156628608703613,13.111984252929688
371,Cc1sc2nc(-c3ccco3)oc(=O)c2c1C,0,GCN-CfC final,27.205780029296875,-7.906920433044434
372,Cc1cc(C(C#N)c2ccccc2)n2ncnc2n1,0,GCN h_G,-9.539048194885254,-0.23412400484085083
372,Cc1cc(C(C#N)c2ccccc2)n2ncnc2n1,0,GCN-CfC final,2.8590404987335205,1.766107439994812
373,O=C(C1CCCO1)N1CCN(S(=O)(=O)c2ccc(Cl)cc2)CC1,0,GCN h_G,-29.13462257385254,-2.1093645095825195
373,O=C(C1CCCO1)N1CCN(S(=O)(=O)c2ccc(Cl)cc2)CC1,0,GCN-CfC final,30.372072219848633,7.249561309814453
374,Cn1c(-c2cncn2CC2CC2)nc2cc(C(=O)N3CCC[C@@H](N)C3)ccc21,0,GCN h_G,26.231189727783203,-2.4829680919647217
374,Cn1c(-c2cncn2CC2CC2)nc2cc(C(=O)N3CCC[C@@H](N)C3)ccc21,0,GCN-CfC final,-24.939403533935547,2.2716383934020996
375,COc1cc(C(=O)N2CC3CCC2[C@@H]3N)cc2nc(-c3cc4ccc(-c5ccnc(F)c5C)nc4n3CC3CC3)n(C)c12,1,GCN h_G,45.023719787597656,0.20066805183887482
375,COc1cc(C(=O)N2CC3CCC2[C@@H]3N)cc2nc(-c3cc4ccc(-c5ccnc(F)c5C)nc4n3CC3CC3)n(C)c12,1,GCN-CfC final,-47.42401885986328,2.502354621887207
376,O=C(Oc1cccc([N+](=O)[O-])c1)c1ccc2c(=O)n3c(nc2c1)CCC3,0,GCN h_G,-13.267003059387207,6.497867584228516
376,O=C(Oc1cccc([N+](=O)[O-])c1)c1ccc2c(=O)n3c(nc2c1)CCC3,0,GCN-CfC final,13.60285472869873,7.462088584899902
377,COCCn1nnnc1SCC(=O)N1CCCCC1,0,GCN h_G,-33.44517135620117,1.8920471668243408
377,COCCn1nnnc1SCC(=O)N1CCCCC1,0,GCN-CfC final,30.309404373168945,8.692389488220215
378,Cc1ccc([N+](=O)[O-])c(C(=O)N/N=C/c2cccnc2)c1,0,GCN h_G,0.029736706987023354,3.3969039916992188
378,Cc1ccc([N+](=O)[O-])c(C(=O)N/N=C/c2cccnc2)c1,0,GCN-CfC final,1.2605304718017578,-1.3614109754562378
379,c1ccc2c(CNC3CCCCC3)c[nH]c2c1,0,GCN h_G,-4.64742374420166,-10.91445541381836
379,c1ccc2c(CNC3CCCCC3)c[nH]c2c1,0,GCN-CfC final,-4.85305118560791,-1.3519573211669922
380,COC(=O)c1ccc(-c2ncc[nH]2)cc1,0,GCN h_G,5.507424831390381,2.6109585762023926
380,COC(=O)c1ccc(-c2ncc[nH]2)cc1,0,GCN-CfC final,-3.450481414794922,0.23041309416294098
381,O=S(=O)(/C=C/c1ccccc1)N1CCN(Cc2ccc3c(c2)OCO3)CC1,0,GCN h_G,-19.840330123901367,0.3309323489665985
381,O=S(=O)(/C=C/c1ccccc1)N1CCN(Cc2ccc3c(c2)OCO3)CC1,0,GCN-CfC final,18.368595123291016,6.808592319488525
382,COc1ccc(Cl)cc1NC(=O)c1[nH]c(C)c(C(C)=O)c1C,0,GCN h_G,-12.62083911895752,-12.820928573608398
382,COc1ccc(Cl)cc1NC(=O)c1[nH]c(C)c(C(C)=O)c1C,0,GCN-CfC final,5.415737628936768,3.167177200317383
383,COc1cccc(NC(=O)Nc2cccs2)c1,0,GCN h_G,0.24652613699436188,7.932777404785156
383,COc1cccc(NC(=O)Nc2cccs2)c1,0,GCN-CfC final,25.728105545043945,-5.273077964782715
384,Cn1cnc([N+](=O)[O-])c1Sc1ccc(C(C)(C)C)cc1,0,GCN h_G,-11.096063613891602,-3.3976619243621826
384,Cn1cnc([N+](=O)[O-])c1Sc1ccc(C(C)(C)C)cc1,0,GCN-CfC final,28.522512435913086,-2.516904830932617
385,CC(=O)Nc1c(O)nc(SCC(=O)Nc2sc3c(c2C#N)CCCCCC3)[nH]c1=O,0,GCN h_G,-23.52446746826172,7.155262470245361
385,CC(=O)Nc1c(O)nc(SCC(=O)Nc2sc3c(c2C#N)CCCCCC3)[nH]c1=O,0,GCN-CfC final,14.145585060119629,9.498261451721191
386,COc1cc(C(=O)N2C[C@H](N)C[C@@H](F)C2)cc2nc(-c3cc4ccc(-c5cccc(F)c5C(=O)O)nc4n3CC3CC3)n(C)c12,1,GCN h_G,36.188636779785156,-1.9664645195007324
386,COc1cc(C(=O)N2C[C@H](N)C[C@@H](F)C2)cc2nc(-c3cc4ccc(-c5cccc(F)c5C(=O)O)nc4n3CC3CC3)n(C)c12,1,GCN-CfC final,-37.83818435668945,2.1873652935028076
387,COc1cc(C(=O)N2CC3CCC2[C@@H]3N)cc2nc(-c3cc4ccc(-c5cc(O)ccc5Cl)nc4n3CC3CC3)n(C)c12,1,GCN h_G,42.148162841796875,4.490446090698242
387,COc1cc(C(=O)N2CC3CCC2[C@@H]3N)cc2nc(-c3cc4ccc(-c5cc(O)ccc5Cl)nc4n3CC3CC3)n(C)c12,1,GCN-CfC final,-38.800498962402344,5.05929708480835
388,CC(=O)Nc1ccc(NC(=O)C(C)OC(=O)CC2CCCCC2)cc1,0,GCN h_G,-17.155384063720703,-6.415122032165527
388,CC(=O)Nc1ccc(NC(=O)C(C)OC(=O)CC2CCCCC2)cc1,0,GCN-CfC final,17.225753784179688,3.070261001586914
389,N#Cc1ccc(N2Cc3ccccc3C2=NC(=O)c2cccs2)cc1,0,GCN h_G,4.252236843109131,1.494198203086853
389,N#Cc1ccc(N2Cc3ccccc3C2=NC(=O)c2cccs2)cc1,0,GCN-CfC final,-5.829537868499756,-0.6471261382102966
390,COc1cc(C(=O)N2CC3CCC2[C@@H]3N)cc2nc(-c3cc4ccc(-c5ccc(Cl)c(C(N)=O)c5)nc4n3CC3CC3)n(C)c12,1,GCN h_G,43.87065124511719,-0.0069740815088152885
390,COc1cc(C(=O)N2CC3CCC2[C@@H]3N)cc2nc(-c3cc4ccc(-c5ccc(Cl)c(C(N)=O)c5)nc4n3CC3CC3)n(C)c12,1,GCN-CfC final,-44.86676025390625,2.930340528488159
391,Cc1[nH]n2c(=O)c3c(nc2c1-c1ccccc1)CCCC3,0,GCN h_G,-26.187496185302734,6.894324779510498
391,Cc1[nH]n2c(=O)c3c(nc2c1-c1ccccc1)CCCC3,0,GCN-CfC final,11.612656593322754,6.432427883148193
392,COc1ccc(N(C(=O)c2cccnc2)S(=O)(=O)c2cccc([N+](=O)[O-])c2)cc1,0,GCN h_G,-2.109964609146118,3.2458462715148926
392,COc1ccc(N(C(=O)c2cccnc2)S(=O)(=O)c2cccc([N+](=O)[O-])c2)cc1,0,GCN-CfC final,9.954855918884277,-2.929293632507324
393,Cc1ccc(S(=O)(=O)NCCC(=O)Nc2ccc(S(=O)(=O)NC(C)C)cc2)cc1,0,GCN h_G,1.105584979057312,0.0443698912858963
393,Cc1ccc(S(=O)(=O)NCCC(=O)Nc2ccc(S(=O)(=O)NC(C)C)cc2)cc1,0,GCN-CfC final,7.183628082275391,-0.854581892490387
394,O=S(=O)(c1ccc2ccccc2c1)N1CCN(S(=O)(=O)N2CCCCC2)CC1,0,GCN h_G,-28.17520523071289,-1.3667590618133545
394,O=S(=O)(c1ccc2ccccc2c1)N1CCN(S(=O)(=O)N2CCCCC2)CC1,0,GCN-CfC final,25.346559524536133,8.823446273803711
395,O=c1cc(-c2ccc(Cl)cc2)[nH][nH]1,0,GCN h_G,-0.6004228591918945,13.068208694458008
395,O=c1cc(-c2ccc(Cl)cc2)[nH][nH]1,0,GCN-CfC final,27.53099822998047,-6.590195178985596
396,Cc1sc2ccccc2[n+]1CC(=O)O.[Br-],0,GCN h_G,-10.251932144165039,5.926436901092529
396,Cc1sc2ccccc2[n+]1CC(=O)O.[Br-],0,GCN-CfC final,12.270241737365723,0.11412623524665833
397,Cc1ccc(N(C(=O)c2cccs2)C2C=CS(=O)(=O)C2)cc1,0,GCN h_G,3.6789052486419678,-0.9863714575767517
397,Cc1ccc(N(C(=O)c2cccs2)C2C=CS(=O)(=O)C2)cc1,0,GCN-CfC final,-2.7443950176239014,-1.618758201599121
398,CC(C)c1ccc(NC2CCCN(C(=O)CCN3CCOCC3)C2)cc1,0,GCN h_G,-28.359079360961914,-5.651533603668213
398,CC(C)c1ccc(NC2CCCN(C(=O)CCN3CCOCC3)C2)cc1,0,GCN-CfC final,28.879352569580078,5.538044452667236
399,COC1CCCN(C(=O)c2cccc(OC3CCN(S(=O)(=O)N(C)C)CC3)c2)C1,0,GCN h_G,-28.130807876586914,-3.0985257625579834
399,COC1CCCN(C(=O)c2cccc(OC3CCN(S(=O)(=O)N(C)C)CC3)c2)C1,0,GCN-CfC final,26.24966049194336,7.292935848236084
400,COc1cc(C(=O)N2C[C@H](N)C[C@@H](F)C2)cc2nc(-c3cc4ccc(-c5ccc(OCC(N)=O)cc5)nc4n3CC3CC3)n(C)c12,1,GCN h_G,35.44377136230469,-3.775388717651367
400,COc1cc(C(=O)N2C[C@H](N)C[C@@H](F)C2)cc2nc(-c3cc4ccc(-c5ccc(OCC(N)=O)cc5)nc4n3CC3CC3)n(C)c12,1,GCN-CfC final,-34.998111724853516,2.939232587814331
401,COc1ccc(CCNS(=O)(=O)c2cccc(C(=O)O)c2)cc1OC,0,GCN h_G,-1.561131238937378,-0.04894881695508957
401,COc1ccc(CCNS(=O)(=O)c2cccc(C(=O)O)c2)cc1OC,0,GCN-CfC final,-2.110957145690918,-5.019172191619873
402,COc1cc(C(=O)N2CC3CCC2[C@@H]3N)cc2nc(-c3cc4ccc(-c5cc(F)c6c(c5)CCC(=O)N6)cc4n3CC3CC3)n(C)c12,1,GCN h_G,46.658599853515625,-1.643067717552185
402,COc1cc(C(=O)N2CC3CCC2[C@@H]3N)cc2nc(-c3cc4ccc(-c5cc(F)c6c(c5)CCC(=O)N6)cc4n3CC3CC3)n(C)c12,1,GCN-CfC final,-51.596195220947266,0.6343444585800171
403,COc1cc(OC)cc(C2C(C#N)=C(N)Oc3n[nH]c(-c4cccnc4)c32)c1,0,GCN h_G,-15.97327995300293,-11.3024320602417
403,COc1cc(OC)cc(C2C(C#N)=C(N)Oc3n[nH]c(-c4cccnc4)c32)c1,0,GCN-CfC final,-4.146623611450195,-6.725502014160156
404,Cc1sc2ccccc2[n+]1CCC(C)S(=O)(=O)[O-],0,GCN h_G,-1.8760188817977905,-4.019979953765869
404,Cc1sc2ccccc2[n+]1CCC(C)S(=O)(=O)[O-],0,GCN-CfC final,-3.924851894378662,-2.3257172107696533
405,Cc1cccc2sc(N(CCCN(C)C)C(=O)c3ccc4ncsc4c3)nc12,0,GCN h_G,-13.264694213867188,0.2269892543554306
405,Cc1cccc2sc(N(CCCN(C)C)C(=O)c3ccc4ncsc4c3)nc12,0,GCN-CfC final,4.033960342407227,0.932056188583374
406,CN(C)CCCn1c(SCC(=O)N2c3ccccc3Sc3ccccc32)nc2ccccc2c1=O,0,GCN h_G,-12.00347900390625,-0.8866915702819824
406,CN(C)CCCn1c(SCC(=O)N2c3ccccc3Sc3ccccc32)nc2ccccc2c1=O,0,GCN-CfC final,20.818294525146484,-1.9345066547393799
407,C[C@H](CO)N1C[C@H](C)[C@@H](CN(C)Cc2ccc(C(=O)O)cc2)Oc2ccc(NS(=O)(=O)c3cn(C)cn3)cc2C1=O,0,GCN h_G,-6.885793209075928,-2.876366138458252
407,C[C@H](CO)N1C[C@H](C)[C@@H](CN(C)Cc2ccc(C(=O)O)cc2)Oc2ccc(NS(=O)(=O)c3cn(C)cn3)cc2C1=O,0,GCN-CfC final,-4.842185974121094,-4.108157157897949
408,O=C(Cc1cc(=O)[nH][nH]1)N/N=C/c1cccc(Cl)c1Cl,0,GCN h_G,-7.271062850952148,1.4144114255905151
408,O=C(Cc1cc(=O)[nH][nH]1)N/N=C/c1cccc(Cl)c1Cl,0,GCN-CfC final,4.393672466278076,-0.4975801706314087
409,CN1CCc2c(sc3nc(SCC(N)=O)n(-c4ccccc4)c(=O)c23)C1,0,GCN h_G,-26.407245635986328,5.861443042755127
409,CN1CCc2c(sc3nc(SCC(N)=O)n(-c4ccccc4)c(=O)c23)C1,0,GCN-CfC final,11.852988243103027,7.262135982513428
410,COc1ccc(OC)c(S(=O)(=O)Nc2ccccc2C(=O)O)c1,0,GCN h_G,-1.483029842376709,2.118438243865967
410,COc1ccc(OC)c(S(=O)(=O)Nc2ccccc2C(=O)O)c1,0,GCN-CfC final,8.896910667419434,-3.2721352577209473
411,CCc1ccccc1N(CC)C(=O)c1cn(C)c(=O)c2cc(OC)c(OC)cc12,0,GCN h_G,-14.308199882507324,-11.414843559265137
411,CCc1ccccc1N(CC)C(=O)c1cn(C)c(=O)c2cc(OC)c(OC)cc12,0,GCN-CfC final,-2.840096950531006,-7.417768478393555
412,NC(=O)COC(=O)c1ccccc1Nc1ccc(SC(F)F)cc1,0,GCN h_G,-4.247550964355469,-1.450113296508789
412,NC(=O)COC(=O)c1ccccc1Nc1ccc(SC(F)F)cc1,0,GCN-CfC final,6.523384094238281,0.3445446193218231
413,CCOC(=O)N1CCN(c2c(N3CCN(c4cccc(C(F)(F)F)c4)CC3)c(=O)c2=O)CC1,0,GCN h_G,-31.678407669067383,0.9352229237556458
413,CCOC(=O)N1CCN(c2c(N3CCN(c4cccc(C(F)(F)F)c4)CC3)c(=O)c2=O)CC1,0,GCN-CfC final,19.524343490600586,11.607305526733398
414,CCOC(=O)c1[nH]c(=O)c2ccccc2c1O,0,GCN h_G,-6.937168121337891,9.673114776611328
414,CCOC(=O)c1[nH]c(=O)c2ccccc2c1O,0,GCN-CfC final,22.529762268066406,-0.6914152503013611
415,COc1cc(C(=O)N2CC3CCC2[C@@H]3N)cc2nc(-c3cc4ccc(-c5ccc(CS(C)(=O)=O)cc5F)nc4n3CC3CC3)n(C)c12,1,GCN h_G,42.2752685546875,-2.120903253555298
415,COc1cc(C(=O)N2CC3CCC2[C@@H]3N)cc2nc(-c3cc4ccc(-c5ccc(CS(C)(=O)=O)cc5F)nc4n3CC3CC3)n(C)c12,1,GCN-CfC final,-47.605377197265625,1.6303633451461792
416,COc1ccc([N+](=O)[O-])cc1NC(=O)CCS(=O)(=O)c1ccc(Br)cc1,0,GCN h_G,-4.10064697265625,3.1526150703430176
416,COc1ccc([N+](=O)[O-])cc1NC(=O)CCS(=O)(=O)c1ccc(Br)cc1,0,GCN-CfC final,23.565792083740234,-1.4872580766677856
417,COc1cc(C(=O)N2[C@H]3CC[C@@H]2[C@H](N)C3)cc2nc(-c3cc4ccc([C@@H](C)NC(=O)N5CCO[C@@H](C)C5)nc4n3CC3CC3)c(C)n12,1,GCN h_G,30.55276107788086,-4.135634422302246
417,COc1cc(C(=O)N2[C@H]3CC[C@@H]2[C@H](N)C3)cc2nc(-c3cc4ccc([C@@H](C)NC(=O)N5CCO[C@@H](C)C5)nc4n3CC3CC3)c(C)n12,1,GCN-CfC final,-29.63995361328125,2.508852005004883
418,Cc1nn(Cc2c(F)c(F)c(F)c(F)c2F)c(C)c1NC(=O)c1c([N+](=O)[O-])c(C)nn1C,0,GCN h_G,-26.546566009521484,3.7764296531677246
418,Cc1nn(Cc2c(F)c(F)c(F)c(F)c2F)c(C)c1NC(=O)c1c([N+](=O)[O-])c(C)nn1C,0,GCN-CfC final,-5.175052642822266,-7.577966213226318
419,CCC(C)c1ccccc1NC(=O)CN1CCN(C/C=C/c2ccccc2)CC1,0,GCN h_G,-18.374652862548828,-3.1802074909210205
419,CCC(C)c1ccccc1NC(=O)CN1CCN(C/C=C/c2ccccc2)CC1,0,GCN-CfC final,18.6887149810791,3.792781352996826
420,COc1cc(C(=O)N2C[C@H](N)C[C@@H](F)C2)cc2nc(-c3cc4ccc(-c5ccc6c(c5)CCC(=O)N6)nc4n3CC3CC3)n(C)c12,1,GCN h_G,38.15145492553711,-4.295169830322266
420,COc1cc(C(=O)N2C[C@H](N)C[C@@H](F)C2)cc2nc(-c3cc4ccc(-c5ccc6c(c5)CCC(=O)N6)nc4n3CC3CC3)n(C)c12,1,GCN-CfC final,-44.02410888671875,1.0252467393875122
421,COc1cc(C(=O)N2C[C@H](N)C[C@@H](F)C2)cc2nc(-c3cc4ccc(-c5ccc(CS(C)(=O)=O)cc5)cc4n3CC3CC3)n(C)c12,1,GCN h_G,40.36235809326172,-3.25338077545166
421,COc1cc(C(=O)N2C[C@H](N)C[C@@H](F)C2)cc2nc(-c3cc4ccc(-c5ccc(CS(C)(=O)=O)cc5)cc4n3CC3CC3)n(C)c12,1,GCN-CfC final,-45.504146575927734,0.41693392395973206
422,COc1cc(C(=O)N2C[C@H](N)C[C@@H](F)C2)cc2nc(-c3cc4ccc(C5CCNC(=O)C5)nc4n3CC3CC3)n(C)c12,1,GCN h_G,40.05369567871094,-5.48892068862915
422,COc1cc(C(=O)N2C[C@H](N)C[C@@H](F)C2)cc2nc(-c3cc4ccc(C5CCNC(=O)C5)nc4n3CC3CC3)n(C)c12,1,GCN-CfC final,-48.55240249633789,-0.3082861602306366
423,O=C1Nc2ccc(Br)cc2/C1=C/C(=O)c1ccc2c(c1)OCO2,0,GCN h_G,-11.054792404174805,-13.447103500366211
423,O=C1Nc2ccc(Br)cc2/C1=C/C(=O)c1ccc2c(c1)OCO2,0,GCN-CfC final,-1.8215270042419434,-5.994683265686035
424,COc1ccc(CCN(Cc2ccccn2)C(=S)Nc2ccccc2F)cc1OC,0,GCN h_G,1.2408934831619263,3.615326166152954
424,COc1ccc(CCN(Cc2ccccn2)C(=S)Nc2ccccc2F)cc1OC,0,GCN-CfC final,12.303169250488281,-0.7752836346626282
425,CCc1c(C)nc2c(C)cccc2c1SCCC#N,0,GCN h_G,-14.710918426513672,-9.214665412902832
425,CCc1c(C)nc2c(C)cccc2c1SCCC#N,0,GCN-CfC final,-7.401900291442871,-5.883429527282715
426,Cn1nc(C(F)(F)F)cc1-c1ccc(S(N)(=O)=O)s1,0,GCN h_G,-0.041955891996622086,-3.156968593597412
426,Cn1nc(C(F)(F)F)cc1-c1ccc(S(N)(=O)=O)s1,0,GCN-CfC final,-9.504359245300293,-5.097858905792236
427,CC(=O)Nc1ccc(OC(=O)c2ccco2)cc1,0,GCN h_G,-0.6166495084762573,9.58229923248291
427,CC(=O)Nc1ccc(OC(=O)c2ccco2)cc1,0,GCN-CfC final,29.307594299316406,-5.702139854431152
428,Cc1cccc(NS(=O)(=O)c2ccc(OCC(=O)N3CCCC3)cc2)c1,0,GCN h_G,-20.395179748535156,1.0853493213653564
428,Cc1cccc(NS(=O)(=O)c2ccc(OCC(=O)N3CCCC3)cc2)c1,0,GCN-CfC final,26.081018447875977,1.9385265111923218
429,Cc1ccc(C)c(OCCCC(C)(C)C(=O)O)c1,0,GCN h_G,-12.350069046020508,-5.866142272949219
429,Cc1ccc(C)c(OCCCC(C)(C)C(=O)O)c1,0,GCN-CfC final,27.629003524780273,-1.4215736389160156
430,COC(=O)c1ccc(=O)c2nc3/c(=C/O)c(O)cc(=O)c3[nH]c12,0,GCN h_G,-8.67481803894043,6.774909019470215
430,COC(=O)c1ccc(=O)c2nc3/c(=C/O)c(O)cc(=O)c3[nH]c12,0,GCN-CfC final,-4.832603931427002,-5.3667683601379395
431,O=C(NCc1ccccn1)c1ccc2nc(-c3ccco3)c(-c3ccco3)nc2c1,0,GCN h_G,-3.451805591583252,11.65877914428711
431,O=C(NCc1ccccn1)c1ccc2nc(-c3ccco3)c(-c3ccco3)nc2c1,0,GCN-CfC final,11.129742622375488,-6.515097141265869
432,COc1cc(C(=O)N2CC3CCC2[C@@H]3N)cc2nc(-c3cc4ccc(-c5ccc(C(N)=O)cn5)nc4n3CC3CC3)n(C)c12,1,GCN h_G,42.964393615722656,-0.0760330930352211
432,COc1cc(C(=O)N2CC3CCC2[C@@H]3N)cc2nc(-c3cc4ccc(-c5ccc(C(N)=O)cn5)nc4n3CC3CC3)n(C)c12,1,GCN-CfC final,-45.44791030883789,3.1039509773254395
433,CC12CCC(C(=O)Nc3ccc(SC(F)F)cc3)(CC1=O)C2(C)C,0,GCN h_G,-25.46531867980957,-9.757067680358887
433,CC12CCC(C(=O)Nc3ccc(SC(F)F)cc3)(CC1=O)C2(C)C,0,GCN-CfC final,23.352922439575195,7.363068103790283
434,O=C(Nc1ccc2ccccc2n1)C1CCCCC1,0,GCN h_G,-5.056620121002197,-10.702478408813477
434,O=C(Nc1ccc2ccccc2n1)C1CCCCC1,0,GCN-CfC final,16.03097915649414,0.9654891490936279
435,COc1cc(C(=O)N2CC3CCC2[C@@H]3N)cc2nc(-c3cc4ccc(-c5ccc(O)c(-c6ccno6)c5)nc4n3CC3CC3)n(C)c12,1,GCN h_G,41.4302978515625,4.978602886199951
435,COc1cc(C(=O)N2CC3CCC2[C@@H]3N)cc2nc(-c3cc4ccc(-c5ccc(O)c(-c6ccno6)c5)nc4n3CC3CC3)n(C)c12,1,GCN-CfC final,-37.41413879394531,4.933615207672119
436,CCCOc1cccc(OCC(=O)Nc2nc3ccccc3[nH]2)c1,0,GCN h_G,-1.3318861722946167,8.635777473449707
436,CCCOc1cccc(OCC(=O)Nc2nc3ccccc3[nH]2)c1,0,GCN-CfC final,27.0107421875,-4.717273235321045
437,Cc1ccc(/C=N/n2c(-c3cccnc3)n[nH]c2=S)o1,0,GCN h_G,-3.1354734897613525,9.81287956237793
437,Cc1ccc(/C=N/n2c(-c3cccnc3)n[nH]c2=S)o1,0,GCN-CfC final,25.778026580810547,-4.529191970825195
438,COc1cc(C(=O)N2C[C@H](N)C[C@@H](F)C2)cc2nc(-c3cc4ccc(-c5cnc6c(c5)OCC(=O)N6)cc4n3CC3CC3)n(C)c12,1,GCN h_G,38.419677734375,-3.716296911239624
438,COc1cc(C(=O)N2C[C@H](N)C[C@@H](F)C2)cc2nc(-c3cc4ccc(-c5cnc6c(c5)OCC(=O)N6)cc4n3CC3CC3)n(C)c12,1,GCN-CfC final,-42.8985710144043,1.3599804639816284
439,CCOC(=O)N1CCN(C(=O)c2cn(CC)c3cc(N4CCN(C)CC4)c(F)cc3c2=O)CC1.Cl,0,GCN h_G,-31.604013442993164,1.6043387651443481
439,CCOC(=O)N1CCN(C(=O)c2cn(CC)c3cc(N4CCN(C)CC4)c(F)cc3c2=O)CC1.Cl,0,GCN-CfC final,3.738412380218506,-10.446784019470215
440,COc1cc(C(=O)N2C[C@H]3CC[C@@H]2[C@@H]3N)cc2nc(-c3ccc(F)nc3CC3CC3)n(C)c12,1,GCN h_G,29.17241096496582,-3.247347116470337
440,COc1cc(C(=O)N2C[C@H]3CC[C@@H]2[C@@H]3N)cc2nc(-c3ccc(F)nc3CC3CC3)n(C)c12,1,GCN-CfC final,-27.356107711791992,2.0797886848449707
441,COc1cc(C(=O)N2CC3CCC2[C@@H]3N)cc2nc(-c3cc4ccc(-c5cccc(NS(C)(=O)=O)c5)nc4n3CC3CC3)n(C)c12,1,GCN h_G,41.320274353027344,-1.2228748798370361
441,COc1cc(C(=O)N2CC3CCC2[C@@H]3N)cc2nc(-c3cc4ccc(-c5cccc(NS(C)(=O)=O)c5)nc4n3CC3CC3)n(C)c12,1,GCN-CfC final,-46.336570739746094,3.181579113006592
442,COc1cc(C2OC(=O)c3ccccc3S2)cc(OC)c1OC,0,GCN h_G,-6.599355220794678,6.15589714050293
442,COc1cc(C2OC(=O)c3ccccc3S2)cc(OC)c1OC,0,GCN-CfC final,15.22349739074707,-3.103771686553955
443,O=C(c1cc(N2CCOCC2)c(F)cc1[N+](=O)[O-])N1CCOCC1,0,GCN h_G,-32.33441925048828,1.1843799352645874
443,O=C(c1cc(N2CCOCC2)c(F)cc1[N+](=O)[O-])N1CCOCC1,0,GCN-CfC final,19.201160430908203,11.26142692565918
444,O=C(COC(=O)CCCc1c[nH]c2ccccc12)Nc1ccc2c(c1)OCO2,0,GCN h_G,-14.607396125793457,5.3157219886779785
444,O=C(COC(=O)CCCc1c[nH]c2ccccc12)Nc1ccc2c(c1)OCO2,0,GCN-CfC final,22.73600196838379,0.6685834527015686
445,CC(C)c1ccccc1NC(=S)NC1CCN(Cc2ccccc2)CC1,0,GCN h_G,-8.26186752319336,-6.261456489562988
445,CC(C)c1ccccc1NC(=S)NC1CCN(Cc2ccccc2)CC1,0,GCN-CfC final,17.866914749145508,-4.192234992980957
446,CCOc1ccc2c(c1)-c1c(ssc1=S)C(C)(C)N2C(=O)CSC1=NCCS1,0,GCN h_G,-22.108280181884766,-7.162753582000732
446,CCOc1ccc2c(c1)-c1c(ssc1=S)C(C)(C)N2C(=O)CSC1=NCCS1,0,GCN-CfC final,-0.1296660602092743,-9.630048751831055
447,O=C(CSc1n[nH]c(-c2ccccc2)n1)N1CCCC1,0,GCN h_G,-23.139934539794922,1.8447191715240479
447,O=C(CSc1n[nH]c(-c2ccccc2)n1)N1CCCC1,0,GCN-CfC final,26.66166877746582,4.291093826293945
448,O=C(NNC(=S)NC(=O)c1cn(-c2ccccc2)nc1-c1ccccc1)c1ccncc1,0,GCN h_G,4.500259876251221,2.7537710666656494
448,O=C(NNC(=S)NC(=O)c1cn(-c2ccccc2)nc1-c1ccccc1)c1ccncc1,0,GCN-CfC final,-4.198544502258301,0.3391949534416199
449,O=C(COC(=O)c1ccc(Br)o1)NCc1ccc(Cl)cc1,0,GCN h_G,-8.979795455932617,13.239762306213379
449,O=C(COC(=O)c1ccc(Br)o1)NCc1ccc(Cl)cc1,0,GCN-CfC final,29.01758575439453,-4.529622554779053
450,CCCOC(=S)NC(=O)c1sc2ccccc2c1Cl,0,GCN h_G,-10.074114799499512,5.838427543640137
450,CCCOC(=S)NC(=O)c1sc2ccccc2c1Cl,0,GCN-CfC final,10.970744132995605,-0.1948501467704773
451,CN(C(=O)COC(=O)c1cccc(S(=O)(=O)N2CCOCC2)c1)C1CCS(=O)(=O)C1,0,GCN h_G,-27.620079040527344,-2.0238232612609863
451,CN(C(=O)COC(=O)c1cccc(S(=O)(=O)N2CCOCC2)c1)C1CCS(=O)(=O)C1,0,GCN-CfC final,20.42230224609375,9.883516311645508
452,O=C(NCc1cccs1)c1ccc2c(c1)ncn2C1CCCC1,0,GCN h_G,-4.5982818603515625,-9.721253395080566
452,O=C(NCc1cccs1)c1ccc2c(c1)ncn2C1CCCC1,0,GCN-CfC final,-6.806396961212158,-1.5359565019607544
453,COc1cc2oc3ccccc3c(=O)c2cc1OC,0,GCN h_G,-5.611865520477295,8.477996826171875
453,COc1cc2oc3ccccc3c(=O)c2cc1OC,0,GCN-CfC final,13.04918098449707,-4.204679489135742
454,O=C1c2ccccc2C(=O)N1CCCc1cn(C[C@H]2CC[C@@H]([C@@H]3CC[C@H](Cn4cc(CCCN5C(=O)c6ccccc6C5=O)nn4)O3)O2)nn1,0,GCN h_G,-23.981515884399414,-2.295213460922241
454,O=C1c2ccccc2C(=O)N1CCCc1cn(C[C@H]2CC[C@@H]([C@@H]3CC[C@H](Cn4cc(CCCN5C(=O)c6ccccc6C5=O)nn4)O3)O2)nn1,0,GCN-CfC final,1.1306633949279785,-9.582132339477539
455,N#C/C(=C\C=C\c1ccccc1)C(=O)NCc1cccnc1,0,GCN h_G,5.534060478210449,-0.03707309812307358
455,N#C/C(=C\C=C\c1ccccc1)C(=O)NCc1cccnc1,0,GCN-CfC final,-13.385597229003906,-1.60639488697052
456,COCCN(CCOC)C(=O)c1ccc(CSc2nc3ccccc3s2)cc1,0,GCN h_G,-14.663470268249512,0.8102282881736755
456,COCCN(CCOC)C(=O)c1ccc(CSc2nc3ccccc3s2)cc1,0,GCN-CfC final,20.185503005981445,0.6921138167381287
457,C=CCN(Cc1ccc(Cl)s1)C(=O)c1cc(S(=O)(=O)N2CCOCC2)ccc1F,0,GCN h_G,-23.869993209838867,0.03831427916884422
457,C=CCN(Cc1ccc(Cl)s1)C(=O)c1cc(S(=O)(=O)N2CCOCC2)ccc1F,0,GCN-CfC final,5.46021032333374,-5.704220771789551
458,COc1cc(C(=O)N2C[C@H](N)C[C@@H](F)C2)cc2nc(-c3cc4ccc(-c5ccc(CC(N)=O)nc5)nc4n3CC3CC3)n(C)c12,1,GCN h_G,37.59088897705078,-4.0508904457092285
458,COc1cc(C(=O)N2C[C@H](N)C[C@@H](F)C2)cc2nc(-c3cc4ccc(-c5ccc(CC(N)=O)nc5)nc4n3CC3CC3)n(C)c12,1,GCN-CfC final,-43.44892120361328,1.1182522773742676
459,COc1ccc(OC)c(N2Cc3cc(C)c(C)cc3C2)c1,0,GCN h_G,-9.594882011413574,-11.246177673339844
459,COc1ccc(OC)c(N2Cc3cc(C)c(C)cc3C2)c1,0,GCN-CfC final,3.342318534851074,3.586416006088257
460,COc1ccccc1-c1nnc(NC(=O)c2ccc3ncsc3c2)o1,0,GCN h_G,-5.001842975616455,10.670038223266602
460,COc1ccccc1-c1nnc(NC(=O)c2ccc3ncsc3c2)o1,0,GCN-CfC final,10.324050903320312,-6.351037502288818
461,O=C(C1CCCC1)N1CCC(CC2CC(c3ccc(Cl)cc3)=NO2)(C(=O)NCC2CCCCC2)CC1,0,GCN h_G,-29.568559646606445,-6.75557804107666
461,O=C(C1CCCC1)N1CCC(CC2CC(c3ccc(Cl)cc3)=NO2)(C(=O)NCC2CCCCC2)CC1,0,GCN-CfC final,27.482219696044922,7.126062393188477
462,C=CC(COCc1ccccc1)N(Cc1ccccc1)S(=O)(=O)c1ccccc1Br,0,GCN h_G,2.316671371459961,6.28314733505249
462,C=CC(COCc1ccccc1)N(Cc1ccccc1)S(=O)(=O)c1ccccc1Br,0,GCN-CfC final,20.17098617553711,-5.893995761871338
463,CN(C)C(=O)c1ccc(NC(=O)c2cccc(S(=O)(=O)N3CCCc4ccccc43)c2)cc1,0,GCN h_G,-3.5420289039611816,-5.081799030303955
463,CN(C)C(=O)c1ccc(NC(=O)c2cccc(S(=O)(=O)N3CCCc4ccccc43)c2)cc1,0,GCN-CfC final,-0.9013963937759399,-2.599052667617798
464,O=C1c2ccccc2-c2onc3c(N4CCN(CCO)CC4)cc(N4CCN(C(=O)c5ccco5)CC4)c1c23,0,GCN h_G,-29.74053382873535,1.8805365562438965
464,O=C1c2ccccc2-c2onc3c(N4CCN(CCO)CC4)cc(N4CCN(C(=O)c5ccco5)CC4)c1c23,0,GCN-CfC final,17.707500457763672,11.573296546936035
465,COc1ccc(Cl)cc1C(=O)NNC(=O)c1cccs1,0,GCN h_G,-1.3025776147842407,4.429229259490967
465,COc1ccc(Cl)cc1C(=O)NNC(=O)c1cccs1,0,GCN-CfC final,12.217974662780762,-3.2665586471557617
466,COC(=O)c1ccc(-c2ccc3cc(-c4nc5cc(C(=O)N6CC7CCC6[C@@H]7N)cc(OC)c5n4C)n(CC4CC4)c3n2)cc1O,1,GCN h_G,43.4471321105957,1.136582851409912
466,COC(=O)c1ccc(-c2ccc3cc(-c4nc5cc(C(=O)N6CC7CCC6[C@@H]7N)cc(OC)c5n4C)n(CC4CC4)c3n2)cc1O,1,GCN-CfC final,-42.4800910949707,3.566329002380371
467,Cc1nc(Cl)c2c(n1)NC1=C(O2)C(=O)CCC1,0,GCN h_G,-23.147624969482422,5.978068828582764
467,Cc1nc(Cl)c2c(n1)NC1=C(O2)C(=O)CCC1,0,GCN-CfC final,14.151179313659668,9.99427318572998
468,CC1Cc2ccccc2N1C(=O)CSc1nnc(CSc2ncccn2)n1C,0,GCN h_G,-14.232285499572754,-1.268750548362732
468,CC1Cc2ccccc2N1C(=O)CSc1nnc(CSc2ncccn2)n1C,0,GCN-CfC final,19.26728630065918,-0.5548326969146729
469,CCCCn1c(=O)c(C(=O)Nc2ccccc2F)c(O)c2ccccc21,0,GCN h_G,-9.478336334228516,5.312750339508057
469,CCCCn1c(=O)c(C(=O)Nc2ccccc2F)c(O)c2ccccc21,0,GCN-CfC final,0.8587068319320679,-3.830857276916504
470,CCN(c1ccccc1)S(=O)(=O)c1ccc(Cl)c(C(=O)O)c1,0,GCN h_G,-1.9391101598739624,1.7582359313964844
470,CCN(c1ccccc1)S(=O)(=O)c1ccc(Cl)c(C(=O)O)c1,0,GCN-CfC final,9.798086166381836,-2.696599245071411
471,COc1cc(C(=O)N2CC3CCC2[C@@H]3N)cc2nc(-c3cc4ccc(Nc5cccc(C(N)=O)c5)nc4n3CC3CC3)n(C)c12,1,GCN h_G,40.57131576538086,1.6270829439163208
471,COc1cc(C(=O)N2CC3CCC2[C@@H]3N)cc2nc(-c3cc4ccc(Nc5cccc(C(N)=O)c5)nc4n3CC3CC3)n(C)c12,1,GCN-CfC final,-39.700950622558594,4.752001762390137
472,COc1cc(C(=O)N2C[C@H](N)CC[C@@H]2C)cc2nc(-c3cc4ccc(-c5ccc6c(c5)CC(=O)N6)nc4n3CC3CC3)n(C)c12,1,GCN h_G,31.81085968017578,-3.0983400344848633
472,COc1cc(C(=O)N2C[C@H](N)CC[C@@H]2C)cc2nc(-c3cc4ccc(-c5ccc6c(c5)CC(=O)N6)nc4n3CC3CC3)n(C)c12,1,GCN-CfC final,-32.24789810180664,2.535773992538452
473,COc1cc(C(=O)N2CC3CCC2[C@@H]3N)cc2nc(-c3cc4ccc(-c5ccc(NC(C)=O)c(C(=O)O)c5)nc4n3CC3CC3)n(C)c12,1,GCN h_G,42.54039764404297,1.5823845863342285
473,COc1cc(C(=O)N2CC3CCC2[C@@H]3N)cc2nc(-c3cc4ccc(-c5ccc(NC(C)=O)c(C(=O)O)c5)nc4n3CC3CC3)n(C)c12,1,GCN-CfC final,-40.37191390991211,3.914893388748169
474,O=C(N1CCOCC1)N1CCN(c2ccccc2F)CC1,0,GCN h_G,-32.25870132446289,-0.6558967232704163
474,O=C(N1CCOCC1)N1CCN(c2ccccc2F)CC1,0,GCN-CfC final,29.525245666503906,8.40447998046875
475,CC1(OC(=O)c2ccc(Cl)nc2)C(=O)C=C2C=C(C3CC3)OC=C2C1=O,0,GCN h_G,-19.98922348022461,-10.72763442993164
475,CC1(OC(=O)c2ccc(Cl)nc2)C(=O)C=C2C=C(C3CC3)OC=C2C1=O,0,GCN-CfC final,-12.216582298278809,-6.023050785064697
476,CCCNC(=S)Nc1ccc(CC(=O)OC)cc1,0,GCN h_G,0.13915278017520905,-6.995358943939209
476,CCCNC(=S)Nc1ccc(CC(=O)OC)cc1,0,GCN-CfC final,-7.5589823722839355,-3.206709623336792
477,COc1ccc(OC)c(NC(=S)NCc2cccs2)c1,0,GCN h_G,0.2343049794435501,6.274245262145996
477,COc1ccc(OC)c(NC(=S)NCc2cccs2)c1,0,GCN-CfC final,12.960235595703125,-2.6415205001831055
478,CCCN(CCC)S(=O)(=O)c1ccc(NC(=O)c2cc(C(=O)OC)cc([N+](=O)[O-])c2)cc1,0,GCN h_G,-15.89731502532959,3.053105354309082
478,CCCN(CCC)S(=O)(=O)c1ccc(NC(=O)c2cc(C(=O)OC)cc([N+](=O)[O-])c2)cc1,0,GCN-CfC final,0.847623884677887,-6.599368095397949
479,COc1ccc(C2CC(c3cccs3)=NN2C(=O)CSC2=NCCS2)cc1,0,GCN h_G,-23.410526275634766,-6.908681392669678
479,COc1ccc(C2CC(c3cccs3)=NN2C(=O)CSC2=NCCS2)cc1,0,GCN-CfC final,23.936742782592773,5.281586170196533
480,O=C1C2CCCCC2C(=O)N1c1ccc(NC2CCCCC2)c([N+](=O)[O-])c1,0,GCN h_G,-22.187034606933594,-9.764399528503418
480,O=C1C2CCCCC2C(=O)N1c1ccc(NC2CCCCC2)c([N+](=O)[O-])c1,0,GCN-CfC final,1.540266752243042,-11.809060096740723
481,COc1ccc(N(CC(O)CN2C(=O)NC(C)(C)C2=O)S(=O)(=O)c2ccc(C)cc2)cc1,0,GCN h_G,2.545482873916626,-4.651351451873779
481,COc1ccc(N(CC(O)CN2C(=O)NC(C)(C)C2=O)S(=O)(=O)c2ccc(C)cc2)cc1,0,GCN-CfC final,-10.752801895141602,-3.7299904823303223
482,CCOc1ccc(OCC(=O)Nc2ccc(OC)cc2)cc1,0,GCN h_G,-1.0091216564178467,8.578044891357422
482,CCOc1ccc(OCC(=O)Nc2ccc(OC)cc2)cc1,0,GCN-CfC final,27.244245529174805,-4.657892227172852
483,Cc1ccc(N(NC(=O)C(O)(c2ccccc2)c2ccccc2)C(=O)CCl)cc1,0,GCN h_G,5.2684431076049805,6.117990016937256
483,Cc1ccc(N(NC(=O)C(O)(c2ccccc2)c2ccccc2)C(=O)CCl)cc1,0,GCN-CfC final,14.84445858001709,-5.088678359985352
484,O=C(Oc1ccccc1C(=O)Nc1ccccc1)c1ccc(Br)c([N+](=O)[O-])c1,0,GCN h_G,-1.394364356994629,6.4860520362854
484,O=C(Oc1ccccc1C(=O)Nc1ccccc1)c1ccc(Br)c([N+](=O)[O-])c1,0,GCN-CfC final,24.788753509521484,-5.019466400146484
485,CC(C)Cc1nn2c(=O)cc(O)nc2s1,0,GCN h_G,-15.850401878356934,12.513668060302734
485,CC(C)Cc1nn2c(=O)cc(O)nc2s1,0,GCN-CfC final,30.742197036743164,-3.746009111404419
486,COc1ccc(C(=O)C2CCCN(C(=O)c3ccc4nccnc4c3)C2)c(C)c1,0,GCN h_G,-14.563675880432129,-10.643285751342773
486,COc1ccc(C(=O)C2CCCN(C(=O)c3ccc4nccnc4c3)C2)c(C)c1,0,GCN-CfC final,-3.4037883281707764,-6.794967174530029
487,COc1cc(C(=O)N2C[C@H](N)C[C@@H](F)C2)cc2nc(-c3cc4ccc(C(=O)Nc5ccc(S(N)(=O)=O)cc5)nc4n3CC3CC3)n(C)c12,1,GCN h_G,35.466800689697266,-5.262754917144775
487,COc1cc(C(=O)N2C[C@H](N)C[C@@H](F)C2)cc2nc(-c3cc4ccc(C(=O)Nc5ccc(S(N)(=O)=O)cc5)nc4n3CC3CC3)n(C)c12,1,GCN-CfC final,-34.2601432800293,3.322235584259033
488,COc1ccc(OC(C)C(=O)N(C)Cc2nc(-c3ccccc3)no2)cc1,0,GCN h_G,-2.9066967964172363,8.50795841217041
488,COc1ccc(OC(C)C(=O)N(C)Cc2nc(-c3ccccc3)no2)cc1,0,GCN-CfC final,27.130197525024414,-3.8171210289001465
489,COc1cc(C(=O)N2CC3CCC2[C@@H]3N)cc2nc(-c3cc4ccc(Nc5ccncc5CO)nc4n3CC3CC3)n(C)c12,1,GCN h_G,41.12507629394531,1.8104190826416016
489,COc1cc(C(=O)N2CC3CCC2[C@@H]3N)cc2nc(-c3cc4ccc(Nc5ccncc5CO)nc4n3CC3CC3)n(C)c12,1,GCN-CfC final,-40.46613693237305,4.791275501251221
490,CN(C)/C=C(\C#N)S(=O)(=O)c1ccccc1,0,GCN h_G,-4.061432361602783,-3.306546926498413
490,CN(C)/C=C(\C#N)S(=O)(=O)c1ccccc1,0,GCN-CfC final,9.04293441772461,-1.7075592279434204
491,CC(=O)N1CCC(=NNc2nc3ccccc3[nH]2)CC1.O=C(O)C(=O)O,0,GCN h_G,-19.3148193359375,2.137469530105591
491,CC(=O)N1CCC(=NNc2nc3ccccc3[nH]2)CC1.O=C(O)C(=O)O,0,GCN-CfC final,24.89686393737793,2.797245740890503
492,COc1cc(C(=O)N2CC3CCC2[C@@H]3N)cc2nc(-c3cc4ccc(-c5cc(F)c6c(c5)CCN(C(C)=O)C6)nc4n3CC3CC3)n(C)c12,1,GCN h_G,46.23602294921875,-2.3080644607543945
492,COc1cc(C(=O)N2CC3CCC2[C@@H]3N)cc2nc(-c3cc4ccc(-c5cc(F)c6c(c5)CCN(C(C)=O)C6)nc4n3CC3CC3)n(C)c12,1,GCN-CfC final,-48.26184844970703,0.8297798037528992
493,CCc1ncc(/C=C2\C(=O)Nc3ccccc32)[nH]1,0,GCN h_G,3.1542208194732666,-8.248286247253418
493,CCc1ncc(/C=C2\C(=O)Nc3ccccc32)[nH]1,0,GCN-CfC final,-10.814449310302734,-1.9995572566986084
494,COc1cc(C(=O)N2CC3CCC2[C@@H]3N)cc2nc(-c3cc4ccc(-c5ccc6oc(=O)[nH]c6c5)cc4n3CC3CC3)n(C)c12,1,GCN h_G,41.4470329284668,6.062419414520264
494,COc1cc(C(=O)N2CC3CCC2[C@@H]3N)cc2nc(-c3cc4ccc(-c5ccc6oc(=O)[nH]c6c5)cc4n3CC3CC3)n(C)c12,1,GCN-CfC final,-39.033050537109375,6.011773586273193
495,C/C(CC(=O)Nc1ccc(Cl)c(C(F)(F)F)c1)=N\NC(=O)c1cnccn1,0,GCN h_G,-7.2810187339782715,-0.12015426158905029
495,C/C(CC(=O)Nc1ccc(Cl)c(C(F)(F)F)c1)=N\NC(=O)c1cnccn1,0,GCN-CfC final,-2.990957021713257,-4.270218372344971
496,COc1ccc(-c2ccc3cc(-c4nc5cc(C(=O)N6C[C@H]7CC[C@@H]6[C@@H]7N)cc(OC)c5n4C)n(CC4CC4)c3c2)c(F)c1,1,GCN h_G,31.06842803955078,-1.9315171241760254
496,COc1ccc(-c2ccc3cc(-c4nc5cc(C(=O)N6C[C@H]7CC[C@@H]6[C@@H]7N)cc(OC)c5n4C)n(CC4CC4)c3c2)c(F)c1,1,GCN-CfC final,-31.686260223388672,2.730090379714966
497,COc1ccccc1-c1oc2ccccc2c1-c1ccccc1OC,0,GCN h_G,5.3036699295043945,10.328873634338379
497,COc1ccccc1-c1oc2ccccc2c1-c1ccccc1OC,0,GCN-CfC final,13.082077026367188,-6.994700908660889
498,CCC1(C)Cc2c(sc(NC(=O)CCC(=O)O)c2C#N)CO1,0,GCN h_G,-25.450958251953125,2.1567511558532715
498,CCC1(C)Cc2c(sc(NC(=O)CCC(=O)O)c2C#N)CO1,0,GCN-CfC final,2.3580894470214844,-9.091680526733398
499,C=CCn1c(Cc2csc(N)n2)nnc1SCC(=O)OCC,0,GCN h_G,-22.84344482421875,8.284103393554688
499,C=CCn1c(Cc2csc(N)n2)nnc1SCC(=O)OCC,0,GCN-CfC final,5.063570022583008,-7.45451545715332
500,C=CCOc1ccccc1CNCCCN1CCOCC1.Cl,0,GCN h_G,-20.189895629882812,-1.2494392395019531
500,C=CCOc1ccccc1CNCCCN1CCOCC1.Cl,0,GCN-CfC final,17.000911712646484,6.573615550994873
501,COc1ccc(CCNC(=O)c2c(-c3ccccc3)noc2C)cc1OC,0,GCN h_G,1.4516665935516357,3.007883071899414
501,COc1ccc(CCNC(=O)c2c(-c3ccccc3)noc2C)cc1OC,0,GCN-CfC final,-5.307426452636719,-2.660339832305908
502,Cn1nccc1NC(=O)c1nccnc1C(=O)O,0,GCN h_G,-7.308776378631592,3.054809093475342
502,Cn1nccc1NC(=O)c1nccnc1C(=O)O,0,GCN-CfC final,10.573994636535645,2.2376890182495117
503,C/C(=N\Nc1nc2c(s1)CCCC2)c1ccc(Cl)cc1.Cl,0,GCN h_G,-19.47947120666504,8.260139465332031
503,C/C(=N\Nc1nc2c(s1)CCCC2)c1ccc(Cl)cc1.Cl,0,GCN-CfC final,13.3189058303833,5.459810256958008
504,Oc1ccc(-c2cnc3ccccc3n2)cc1,0,GCN h_G,2.9052484035491943,11.08300495147705
504,Oc1ccc(-c2cnc3ccccc3n2)cc1,0,GCN-CfC final,14.548532485961914,-6.952840328216553
505,COc1cc(C(=O)N2CCC[C@@H](N)C2)cc2nc(-c3ccc(C#N)n3CC3CCOCC3)n(C)c12,0,GCN h_G,29.71725845336914,-4.094019412994385
505,COc1cc(C(=O)N2CCC[C@@H](N)C2)cc2nc(-c3ccc(C#N)n3CC3CCOCC3)n(C)c12,0,GCN-CfC final,-28.091611862182617,2.1961591243743896
506,COc1cc(C(=O)OCC(=O)Nc2ccc(S(=O)(=O)N3CCCC3)cc2)cc(OC)c1OC,0,GCN h_G,-16.436687469482422,2.8217499256134033
506,COc1cc(C(=O)OCC(=O)Nc2ccc(S(=O)(=O)N3CCCC3)cc2)cc(OC)c1OC,0,GCN-CfC final,1.0205339193344116,-6.994006156921387
