sample_index,smiles,label,space,x,y
0,O=C1CSC(=Nc2cccc(Cl)c2Cl)N1,0,GCN h_G,-10.180727005004883,4.515133380889893
0,O=C1CSC(=Nc2cccc(Cl)c2Cl)N1,0,GCN-CfC final,21.22134780883789,0.4811306595802307
1,Cc1sc2c3ccsc3ccc2[n+]1C.[I-],0,GCN h_G,5.670807838439941,12.427679061889648
1,Cc1sc2c3ccsc3ccc2[n+]1C.[I-],0,GCN-CfC final,4.589393615722656,-7.488161087036133
2,CCc1cc(=O)oc2c(C)c(OC(C)C(=O)N3CCC[C@@H]3C(=O)O)ccc12,0,GCN h_G,-21.84946060180664,-6.003812313079834
2,CCc1cc(=O)oc2c(C)c(OC(C)C(=O)N3CCC[C@@H]3C(=O)O)ccc12,0,GCN-CfC final,20.709827423095703,-6.523078441619873
3,Cc1ccc(OCC(=O)N2CCN(S(=O)(=O)c3ccccc3[N+](=O)[O-])CC2)cc1,0,GCN h_G,-20.17640495300293,5.722358703613281
3,Cc1ccc(OCC(=O)N2CCN(S(=O)(=O)c3ccccc3[N+](=O)[O-])CC2)cc1,0,GCN-CfC final,32.51103591918945,1.1993218660354614
4,CCc1cc(NC(C)=O)ccc1-c1ccc2cc(-c3nc4cc(C(=O)N5CC6CCC5[C@@H]6N)cc(OC)c4n3C)n(CC3CC3)c2n1,1,GCN h_G,36.492767333984375,-7.05269718170166
4,CCc1cc(NC(C)=O)ccc1-c1ccc2cc(-c3nc4cc(C(=O)N5CC6CCC5[C@@H]6N)cc(OC)c4n3C)n(CC3CC3)c2n1,1,GCN-CfC final,-43.42505645751953,-0.5238271355628967
5,COc1cc(-c2ccc3cc(-c4nc5cc(C(=O)N6CC7CCC6[C@@H]7N)cc(OC)c5n4C)n(CC4CC4)c3n2)ccc1CC(N)=O,1,GCN h_G,39.178565979003906,-4.5891642570495605
5,COc1cc(-c2ccc3cc(-c4nc5cc(C(=O)N6CC7CCC6[C@@H]7N)cc(OC)c5n4C)n(CC4CC4)c3n2)ccc1CC(N)=O,1,GCN-CfC final,-50.0181770324707,-1.6935306787490845
6,C/C(=N\NS(C)(=O)=O)c1ccccc1,0,GCN h_G,4.378934860229492,1.8619394302368164
6,C/C(=N\NS(C)(=O)=O)c1ccccc1,0,GCN-CfC final,-14.809867858886719,4.581233501434326
7,Cc1nn2c(N3CCN(C)CC3)c3c(nc2c1-c1ccccc1)CCCC3,0,GCN h_G,-29.093297958374023,-1.1027190685272217
7,Cc1nn2c(N3CCN(C)CC3)c3c(nc2c1-c1ccccc1)CCCC3,0,GCN-CfC final,13.10876750946045,-9.774978637695312
8,Cc1ccc([C@@H]2C3COCC=C3C(C#N)=C(N)C2(C#N)C#N)o1,0,GCN h_G,-19.706180572509766,-12.186211585998535
8,Cc1ccc([C@@H]2C3COCC=C3C(C#N)=C(N)C2(C#N)C#N)o1,0,GCN-CfC final,15.014944076538086,-13.201083183288574
9,CCN(c1ccccc1)S(=O)(=O)c1ccc(F)c(C(=O)O)c1,0,GCN h_G,-2.156242609024048,4.753615856170654
9,CCN(c1ccccc1)S(=O)(=O)c1ccc(F)c(C(=O)O)c1,0,GCN-CfC final,1.8456523418426514,1.5440958738327026
10,COc1cc(C(=O)N2C[C@H](N)C[C@@H](F)C2)cc2nc(-c3cc4ccc(-c5ccc(C(N)=O)cc5C(F)(F)F)nc4n3CC3CC3)n(C)c12,1,GCN h_G,35.15727615356445,3.1216318607330322
10,COc1cc(C(=O)N2C[C@H](N)C[C@@H](F)C2)cc2nc(-c3cc4ccc(-c5ccc(C(N)=O)cc5C(F)(F)F)nc4n3CC3CC3)n(C)c12,1,GCN-CfC final,-43.2796516418457,-3.7027337551116943
11,O=C(CCNC(=O)C1CCN(S(=O)(=O)c2ccc(F)cc2)CC1)NCc1ccccc1Cl,0,GCN h_G,-5.625470161437988,-0.24386493861675262
11,O=C(CCNC(=O)C1CCN(S(=O)(=O)c2ccc(F)cc2)CC1)NCc1ccccc1Cl,0,GCN-CfC final,6.549320220947266,1.5098439455032349
12,Cn1nnnc1SCc1ccccc1F,0,GCN h_G,-10.939112663269043,2.200928211212158
12,Cn1nnnc1SCc1ccccc1F,0,GCN-CfC final,18.572174072265625,2.7577145099639893
13,C/C(N)=C(/C#N)C(=O)COC(=O)C(NS(=O)(=O)c1ccc(Cl)cc1)C(C)O,0,GCN h_G,-5.072507381439209,-1.6824296712875366
13,C/C(N)=C(/C#N)C(=O)COC(=O)C(NS(=O)(=O)c1ccc(Cl)cc1)C(C)O,0,GCN-CfC final,7.558986186981201,3.6632256507873535
14,C=CCOC(=O)C1=C(C)NC(C)=C(C(=O)OCC=C)C1c1ccc(C)o1,0,GCN h_G,-15.55290412902832,-13.638799667358398
14,C=CCOC(=O)C1=C(C)NC(C)=C(C(=O)OCC=C)C1c1ccc(C)o1,0,GCN-CfC final,-3.113041400909424,9.526355743408203
15,Cc1ccc(-n2ncc3c2CCCC3NC(=O)c2ccoc2)cc1C,0,GCN h_G,-6.093349933624268,-7.7043867111206055
15,Cc1ccc(-n2ncc3c2CCCC3NC(=O)c2ccoc2)cc1C,0,GCN-CfC final,-7.944100856781006,2.1319949626922607
16,CCCN1CCN(S(=O)(=O)c2ccc3c(c2)CC(C)N3C(=O)C2CC2)CC1,0,GCN h_G,-23.38377571105957,-9.710960388183594
16,CCCN1CCN(S(=O)(=O)c2ccc3c(c2)CC(C)N3C(=O)C2CC2)CC1,0,GCN-CfC final,17.138389587402344,-10.212519645690918
17,CCN1CCN(Cc2c(O)c(Cl)cc3c(C)cc(=O)oc23)CC1,0,GCN h_G,-24.47146224975586,-6.4703474044799805
17,CCN1CCN(Cc2c(O)c(Cl)cc3c(C)cc(=O)oc23)CC1,0,GCN-CfC final,27.598342895507812,-2.5838727951049805
18,COc1cc(C(=O)N2[C@H]3CC[C@@H]2[C@H](N)C3)cc2nc(-c3cc4ccc([C@@H](C)NC(=O)CCC(=O)O)nc4n3CC3CC3)c(C)n12,1,GCN h_G,28.956214904785156,-0.4981459975242615
18,COc1cc(C(=O)N2[C@H]3CC[C@@H]2[C@H](N)C3)cc2nc(-c3cc4ccc([C@@H](C)NC(=O)CCC(=O)O)nc4n3CC3CC3)c(C)n12,1,GCN-CfC final,-33.9484977722168,-1.874768853187561
19,COc1cc(C(=O)N2C[C@H](N)C[C@@H](F)C2)cc2nc(-c3cc4ccc(C5=CC(F)C=C6N=C(C)C(=O)N=C65)nc4n3CC3CC3)n(C)c12,1,GCN h_G,40.79472351074219,1.008744716644287
19,COc1cc(C(=O)N2C[C@H](N)C[C@@H](F)C2)cc2nc(-c3cc4ccc(C5=CC(F)C=C6N=C(C)C(=O)N=C65)nc4n3CC3CC3)n(C)c12,1,GCN-CfC final,-46.608726501464844,-5.151019096374512
20,Cc1cc(C(C)(C)C)ccc1OCCN1CCCC1,0,GCN h_G,-26.07965850830078,-7.126858234405518
20,Cc1cc(C(C)(C)C)ccc1OCCN1CCCC1,0,GCN-CfC final,26.28013801574707,-2.7473061084747314
21,CC1(C)CC(=O)c2cc(C(=O)NC3CCSC3=O)c(=O)n(-c3ccc(Cl)cc3)c2C1,0,GCN h_G,-15.688488006591797,-8.314958572387695
21,CC1(C)CC(=O)c2cc(C(=O)NC3CCSC3=O)c(=O)n(-c3ccc(Cl)cc3)c2C1,0,GCN-CfC final,-7.058475494384766,6.503766059875488
22,COc1cccc(CN2CCN(C(=O)Nc3ccc([N+](=O)[O-])cc3)CC2)c1,0,GCN h_G,-18.74843978881836,6.058515548706055
22,COc1cccc(CN2CCN(C(=O)Nc3ccc([N+](=O)[O-])cc3)CC2)c1,0,GCN-CfC final,24.688018798828125,-0.745358407497406
23,CCCCn1nc2cc(C(=O)NCC34CC5CC(CC(C5)C3)C4)ccc2c1OCC,0,GCN h_G,-27.28154754638672,-9.181046485900879
23,CCCCn1nc2cc(C(=O)NCC34CC5CC(CC(C5)C3)C4)ccc2c1OCC,0,GCN-CfC final,24.731464385986328,-7.038819789886475
24,CCCCCCn1c(=O)[nH]c2nc3cc(N)ccc3nc2c1=O,0,GCN h_G,-23.519630432128906,4.668337345123291
24,CCCCCCn1c(=O)[nH]c2nc3cc(N)ccc3nc2c1=O,0,GCN-CfC final,18.381210327148438,-11.798686981201172
25,Cn1cccc1/C=C1\SC(=S)N(NC(=O)c2ccc(F)cc2)C1=O,0,GCN h_G,-1.8267275094985962,-2.7385053634643555
25,Cn1cccc1/C=C1\SC(=S)N(NC(=O)c2ccc(F)cc2)C1=O,0,GCN-CfC final,-2.2050068378448486,1.0823458433151245
26,O=C(CSc1nc2ccccc2s1)NC1CCCC1,0,GCN h_G,0.4539286196231842,-9.636950492858887
26,O=C(CSc1nc2ccccc2s1)NC1CCCC1,0,GCN-CfC final,18.626081466674805,0.5436306595802307
27,COc1cc(C(=O)N2CC3CCC2[C@@H]3N)cc2nc(-c3cc4ccc(-c5cc(O)ccc5F)cc4n3CC3CC3)n(C)c12,1,GCN h_G,43.059913635253906,-5.07404088973999
27,COc1cc(C(=O)N2CC3CCC2[C@@H]3N)cc2nc(-c3cc4ccc(-c5cc(O)ccc5F)cc4n3CC3CC3)n(C)c12,1,GCN-CfC final,-52.70297622680664,-0.5796818137168884
28,COc1ccccc1N1CCN(C(=O)C(=O)c2cn(CC(=O)N3CCOCC3)c3ccccc23)CC1,0,GCN h_G,-28.34327507019043,-2.242769241333008
28,COc1ccccc1N1CCN(C(=O)C(=O)c2cn(CC(=O)N3CCOCC3)c3ccccc23)CC1,0,GCN-CfC final,14.284687042236328,-9.287915229797363
29,O=C(COC(=O)c1cccnc1Cl)c1ccc(OC(F)F)cc1,0,GCN h_G,-4.995874881744385,5.013621807098389
29,O=C(COC(=O)c1cccnc1Cl)c1ccc(OC(F)F)cc1,0,GCN-CfC final,6.246734619140625,0.1965961903333664
30,COc1cc(C(=O)N2C[C@H](N)C[C@@H](F)C2)cc2nc(-c3cc4ccc(-c5ccc6[nH]c(=O)cc(O)c6c5)nc4n3CC3CC3)n(C)c12,1,GCN h_G,33.3720817565918,3.8646271228790283
30,COc1cc(C(=O)N2C[C@H](N)C[C@@H](F)C2)cc2nc(-c3cc4ccc(-c5ccc6[nH]c(=O)cc(O)c6c5)nc4n3CC3CC3)n(C)c12,1,GCN-CfC final,-39.268131256103516,-1.1889358758926392
31,CCCN=C1N(C)C[C@@H]2[C@@H]3C(=O)N(Cc4ccccc4)C(=O)[C@@H]3[C@](Cc3ccccc3)(C(=O)OC)N12.O=C(O)C(F)(F)F,0,GCN h_G,-16.926836013793945,-10.431387901306152
31,CCCN=C1N(C)C[C@@H]2[C@@H]3C(=O)N(Cc4ccccc4)C(=O)[C@@H]3[C@](Cc3ccccc3)(C(=O)OC)N12.O=C(O)C(F)(F)F,0,GCN-CfC final,-1.5653966665267944,8.67365550994873
32,CCCc1nc([N+](=O)[O-])c(S(=O)(=O)c2ccccc2)n1CC(C)C,0,GCN h_G,-20.651487350463867,6.341253280639648
32,CCCc1nc([N+](=O)[O-])c(S(=O)(=O)c2ccccc2)n1CC(C)C,0,GCN-CfC final,30.343151092529297,0.7310988306999207
33,Cc1ccc2c(c1)N(C(C)C(=O)NCc1ccccn1)C(=O)CO2,0,GCN h_G,-8.782445907592773,-6.371204376220703
33,Cc1ccc2c(c1)N(C(C)C(=O)NCc1ccccn1)C(=O)CO2,0,GCN-CfC final,11.472803115844727,4.844383239746094
34,CCOC(=O)C1CCCN(C(=S)Nc2cc(C)cc(C)c2)C1,0,GCN h_G,-28.230083465576172,2.8003861904144287
34,CCOC(=O)C1CCCN(C(=S)Nc2cc(C)cc(C)c2)C1,0,GCN-CfC final,25.279132843017578,-3.558300733566284
35,OCCC1CN(CCCc2ccccc2)CCN1Cc1ccccc1,0,GCN h_G,-17.831918716430664,-0.41180118918418884
35,OCCC1CN(CCCc2ccccc2)CCN1Cc1ccccc1,0,GCN-CfC final,16.049884796142578,6.158141613006592
36,COc1cc(C(=O)N2CC3CCC2[C@@H]3N)cc2nc(-c3cc4ccc(Nc5cncnc5)cc4n3CC3CC3)n(C)c12,1,GCN h_G,39.50636672973633,-7.862192630767822
36,COc1cc(C(=O)N2CC3CCC2[C@@H]3N)cc2nc(-c3cc4ccc(Nc5cncnc5)cc4n3CC3CC3)n(C)c12,1,GCN-CfC final,-53.221736907958984,-1.5421828031539917
37,CN1C2C=C3C(C#N)=C(N)C(C#N)(C#N)[C@@H](c4cccs4)C3C1CC2,0,GCN h_G,-19.571212768554688,-12.2752685546875
37,CN1C2C=C3C(C#N)=C(N)C(C#N)(C#N)[C@@H](c4cccs4)C3C1CC2,0,GCN-CfC final,-3.0609254837036133,11.332993507385254
38,CCOc1ccccc1NC(=S)NCc1ccccc1,0,GCN h_G,0.07917137444019318,9.900598526000977
38,CCOc1ccccc1NC(=S)NCc1ccccc1,0,GCN-CfC final,22.068634033203125,7.463098049163818
39,CCCCNC(=O)CCC(=O)Nc1ccc2nc(N3CCN(C)CC3)cc(C)c2c1,0,GCN h_G,-22.283855438232422,-3.7623794078826904
39,CCCCNC(=O)CCC(=O)Nc1ccc2nc(N3CCN(C)CC3)cc(C)c2c1,0,GCN-CfC final,-2.7010412216186523,6.484945297241211
40,COc1cc(C(=O)N2C[C@H](N)C[C@@H](F)C2)cc2nc(-c3cc4ccc(C(=O)NC5CCC(=O)NC5=O)nc4n3CC3CC3)n(C)c12,1,GCN h_G,38.43791961669922,1.2854129076004028
40,COc1cc(C(=O)N2C[C@H](N)C[C@@H](F)C2)cc2nc(-c3cc4ccc(C(=O)NC5CCC(=O)NC5=O)nc4n3CC3CC3)n(C)c12,1,GCN-CfC final,-46.039306640625,-4.850979804992676
41,CC(C)=N/N=C(/c1ccc([N+](=O)[O-])cc1)C12CN3CN(CN(C3)C1)C2,0,GCN h_G,-30.239856719970703,-5.330728530883789
41,CC(C)=N/N=C(/c1ccc([N+](=O)[O-])cc1)C12CN3CN(CN(C3)C1)C2,0,GCN-CfC final,32.8714714050293,-3.095604181289673
42,CNC(=O)Nc1ccccc1NC(=O)NC,0,GCN h_G,6.4690117835998535,8.504596710205078
42,CNC(=O)Nc1ccccc1NC(=O)NC,0,GCN-CfC final,-3.3818700313568115,-3.612396240234375
43,Cc1c(NC(=O)CN2CCCc3ccccc32)c(=O)n(-c2ccccc2)n1C,0,GCN h_G,-11.61943244934082,-4.842048645019531
43,Cc1c(NC(=O)CN2CCCc3ccccc32)c(=O)n(-c2ccccc2)n1C,0,GCN-CfC final,11.589149475097656,2.298156976699829
44,COc1ccc(C2CC(c3ccc(C)cc3)Nc3ncnn32)cc1,0,GCN h_G,-6.021318435668945,-6.062472343444824
44,COc1ccc(C2CC(c3ccc(C)cc3)Nc3ncnn32)cc1,0,GCN-CfC final,-0.6440095901489258,-2.5399224758148193
45,COc1cc(C(=O)N2CC3CCC2[C@@H]3N)cc2nc(-c3cc4ccc(C5C=CC6=NC(=O)NC6=C5)nc4n3CC3CC3)n(C)c12,1,GCN h_G,41.91814041137695,-0.9745357632637024
45,COc1cc(C(=O)N2CC3CCC2[C@@H]3N)cc2nc(-c3cc4ccc(C5C=CC6=NC(=O)NC6=C5)nc4n3CC3CC3)n(C)c12,1,GCN-CfC final,-55.563682556152344,-3.530226230621338
46,Nn1c(SCC(=O)Nc2cc(C(F)(F)F)ccc2Cl)nncc1=O,0,GCN h_G,-11.347363471984863,5.202536582946777
46,Nn1c(SCC(=O)Nc2cc(C(F)(F)F)ccc2Cl)nncc1=O,0,GCN-CfC final,16.048580169677734,-7.64333438873291
47,COc1ccc(C2CC(c3ccc(Br)cc3)=NN2C(=O)c2cccnc2)cc1,0,GCN h_G,-8.499061584472656,-6.2602620124816895
47,COc1ccc(C2CC(c3ccc(Br)cc3)=NN2C(=O)c2cccnc2)cc1,0,GCN-CfC final,12.190534591674805,4.668680191040039
48,Cc1cc(N/N=C/c2ccc(O)cc2O)nc(-c2ccccc2O)n1,0,GCN h_G,0.15922772884368896,12.182608604431152
48,Cc1cc(N/N=C/c2ccc(O)cc2O)nc(-c2ccccc2O)n1,0,GCN-CfC final,22.186674118041992,6.525520324707031
49,COc1cc(-c2ccc3cc(-c4nc5cc(C(=O)N6CC7CCC6[C@@H]7N)cc(OC)c5n4C)n(CC4CC4)c3c2)c(F)cc1O,1,GCN h_G,43.16481018066406,-5.114504814147949
49,COc1cc(-c2ccc3cc(-c4nc5cc(C(=O)N6CC7CCC6[C@@H]7N)cc(OC)c5n4C)n(CC4CC4)c3c2)c(F)cc1O,1,GCN-CfC final,-52.47730255126953,-0.5145769119262695
50,Cc1ccc(NC2=C/C(=N/S(=O)(=O)c3cccs3)c3ccccc3C2=O)cc1,0,GCN h_G,3.306612968444824,3.435429334640503
50,Cc1ccc(NC2=C/C(=N/S(=O)(=O)c3cccs3)c3ccccc3C2=O)cc1,0,GCN-CfC final,-4.032534122467041,-0.6239672899246216
51,COc1cc(C(=O)N2CC3CCC2[C@@H]3N)cc2nc(-c3cc4ccc(-c5ccc6c(c5)C(=O)CS(=O)(=O)N6C)cc4n3CC3CC3)n(C)c12,1,GCN h_G,40.8040657043457,-7.133586406707764
51,COc1cc(C(=O)N2CC3CCC2[C@@H]3N)cc2nc(-c3cc4ccc(-c5ccc6c(c5)C(=O)CS(=O)(=O)N6C)cc4n3CC3CC3)n(C)c12,1,GCN-CfC final,-46.98101806640625,-1.6222996711730957
52,COc1cc(C(=O)N2CC3CCC2[C@@H]3N)cc2nc(-c3cc4ccc(Nc5cnc(C#N)nc5)nc4n3CC3CC3)n(C)c12,1,GCN h_G,38.02957534790039,-7.531088352203369
52,COc1cc(C(=O)N2CC3CCC2[C@@H]3N)cc2nc(-c3cc4ccc(Nc5cnc(C#N)nc5)nc4n3CC3CC3)n(C)c12,1,GCN-CfC final,-48.51926040649414,0.07622676342725754
53,C=CCn1c(SCC(=O)N2CCOCC2)nc2sc3c(c2c1=O)CCCC3,0,GCN h_G,-31.287734985351562,-1.29354727268219
53,C=CCn1c(SCC(=O)N2CCOCC2)nc2sc3c(c2c1=O)CCCC3,0,GCN-CfC final,20.568315505981445,-11.343177795410156
54,COc1cc(C(=O)N2C[C@H](N)C[C@@H](F)C2)cc2nc(-c3cc4ccc(C5=CC6=NC(=O)NC6N=C5)cc4n3CC3CC3)n(C)c12,1,GCN h_G,40.31022262573242,0.08921123296022415
54,COc1cc(C(=O)N2C[C@H](N)C[C@@H](F)C2)cc2nc(-c3cc4ccc(C5=CC6=NC(=O)NC6N=C5)cc4n3CC3CC3)n(C)c12,1,GCN-CfC final,-54.04742431640625,-3.719576835632324
55,O=C(Nc1ccc(F)cc1F)c1c(C(F)(F)F)ccnc1Oc1ccccc1,0,GCN h_G,-4.624189376831055,3.084493398666382
55,O=C(Nc1ccc(F)cc1F)c1c(C(F)(F)F)ccnc1Oc1ccccc1,0,GCN-CfC final,-3.7571301460266113,1.8583570718765259
56,CCC1CCCCN1C(=O)CCNS(=O)(=O)c1ccc2c(c1)oc(=O)n2C,0,GCN h_G,-23.582698822021484,-0.4449482858181
56,CCC1CCCCN1C(=O)CCNS(=O)(=O)c1ccc2c(c1)oc(=O)n2C,0,GCN-CfC final,18.947612762451172,-7.0549139976501465
57,S=c1nccc(-c2ccc3c(c2)CCO3)[nH]1,0,GCN h_G,-7.528383255004883,7.368412971496582
57,S=c1nccc(-c2ccc3c(c2)CCO3)[nH]1,0,GCN-CfC final,3.7597100734710693,-0.3989054262638092
58,COc1cc(C(=O)N2C[C@H](N)CC[C@@H]2C)cc2nc(-c3cc4ccc(-c5ccc(C(N)=O)c(F)c5)nc4n3CC3CC3)n(C)c12,1,GCN h_G,30.12858772277832,-1.006777286529541
58,COc1cc(C(=O)N2C[C@H](N)CC[C@@H]2C)cc2nc(-c3cc4ccc(-c5ccc(C(N)=O)c(F)c5)nc4n3CC3CC3)n(C)c12,1,GCN-CfC final,-34.83576965332031,-2.704525947570801
59,Cc1ccc(Nc2ncccc2C(N)=O)cc1,0,GCN h_G,2.9983766078948975,8.745878219604492
59,Cc1ccc(Nc2ncccc2C(N)=O)cc1,0,GCN-CfC final,4.671531677246094,-4.410456657409668
60,CCOc1ccccc1NC(=O)CSc1nc(=O)n(Cc2ccncc2)c2c1CCC2,0,GCN h_G,-15.757731437683105,2.0372135639190674
60,CCOc1ccccc1NC(=O)CSc1nc(=O)n(Cc2ccncc2)c2c1CCC2,0,GCN-CfC final,15.65273380279541,-1.6031469106674194
61,COc1ccc(NC2=NC(=S)N(c3ccc(C)cc3)C23CCCCC3)cc1,0,GCN h_G,-17.82682228088379,-2.467548131942749
61,COc1ccc(NC2=NC(=S)N(c3ccc(C)cc3)C23CCCCC3)cc1,0,GCN-CfC final,25.962160110473633,0.18464291095733643
62,COc1ccc(-n2ncc3c2CC(C)(C)CC3NC(=O)C2CCN(C(C)=O)CC2)cc1,0,GCN h_G,-16.554222106933594,-7.430712699890137
62,COc1ccc(-n2ncc3c2CC(C)(C)CC3NC(=O)C2CCN(C(C)=O)CC2)cc1,0,GCN-CfC final,-2.1012978553771973,6.53971004486084
63,Cc1ccc(/C=N/c2sc3c(c2C(N)=O)CCCC3)o1,0,GCN h_G,-22.975515365600586,2.6412782669067383
63,Cc1ccc(/C=N/c2sc3c(c2C(N)=O)CCCC3)o1,0,GCN-CfC final,20.109651565551758,-6.619229793548584
64,COc1cc(C(=O)N2CC3CCC2[C@@H]3N)cc2nc(-c3cc4ccc(N5CCC6(CC5)CNC6=O)nc4n3CC3CC3)n(C)c12,1,GCN h_G,42.16645050048828,4.483842849731445
64,COc1cc(C(=O)N2CC3CCC2[C@@H]3N)cc2nc(-c3cc4ccc(N5CCC6(CC5)CNC6=O)nc4n3CC3CC3)n(C)c12,1,GCN-CfC final,-37.719966888427734,0.567963182926178
65,CC1N=C2c3ccccc3N=C(SCc3cc(=O)n4cc(Cl)ccc4n3)N2C1=O,0,GCN h_G,-14.026174545288086,-5.146562576293945
65,CC1N=C2c3ccccc3N=C(SCc3cc(=O)n4cc(Cl)ccc4n3)N2C1=O,0,GCN-CfC final,15.527567863464355,2.6638150215148926
66,COc1cc(C(=O)N2CC3CCC2[C@@H]3N)cc2nc(-c3cc4ccc(-c5cnc6[nH]c(=O)ccc6c5)cc4n3CC3CC3)n(C)c12,1,GCN h_G,42.33392333984375,-4.4764556884765625
66,COc1cc(C(=O)N2CC3CCC2[C@@H]3N)cc2nc(-c3cc4ccc(-c5cnc6[nH]c(=O)ccc6c5)cc4n3CC3CC3)n(C)c12,1,GCN-CfC final,-51.584476470947266,-0.3107220232486725
67,Cc1ccc(C(=O)NCC(=O)OCC(=O)c2c(N)n(C)c(=O)n(C)c2=O)s1,0,GCN h_G,-19.99739646911621,-3.5744664669036865
67,Cc1ccc(C(=O)NCC(=O)OCC(=O)c2c(N)n(C)c(=O)n(C)c2=O)s1,0,GCN-CfC final,21.04563331604004,-6.1328864097595215
68,COc1cc(C(=O)N2CC3CCC2[C@@H]3N)cc2nc(-c3cc4ccc(Nc5ccnc(C#N)c5)nc4n3CC3CC3)n(C)c12,1,GCN h_G,37.573638916015625,-7.888898849487305
68,COc1cc(C(=O)N2CC3CCC2[C@@H]3N)cc2nc(-c3cc4ccc(Nc5ccnc(C#N)c5)nc4n3CC3CC3)n(C)c12,1,GCN-CfC final,-48.008384704589844,0.02974066697061062
69,O=C(O)CSCC(=O)N1CCN(c2nc3cc(Cl)ccc3s2)CC1,0,GCN h_G,-31.70850944519043,-3.812556743621826
69,O=C(O)CSCC(=O)N1CCN(c2nc3cc(Cl)ccc3s2)CC1,0,GCN-CfC final,32.69187545776367,-1.047082543373108
70,COc1cc(C(=O)N2CC3CCC2[C@@H]3N)cc2nc(-c3cc4ccc(-c5ccc(C(=O)Nc6ccncc6)cc5)cc4n3CC3CC3)n(C)c12,1,GCN h_G,38.1470832824707,-9.705602645874023
70,COc1cc(C(=O)N2CC3CCC2[C@@H]3N)cc2nc(-c3cc4ccc(-c5ccc(C(=O)Nc6ccncc6)cc5)cc4n3CC3CC3)n(C)c12,1,GCN-CfC final,-40.256187438964844,1.011549472808838
71,O=C(Oc1ccc(Br)cc1)c1cccnc1,0,GCN h_G,-2.431143283843994,13.476388931274414
71,O=C(Oc1ccc(Br)cc1)c1cccnc1,0,GCN-CfC final,30.122943878173828,6.26725435256958
72,COc1cc(C(=O)N2C[C@H](N)C[C@@H](F)C2)cc2nc(-c3cc4ccc(-c5ccn(C)c(=O)c5)nc4n3CC3CC3)n(C)c12,1,GCN h_G,32.921199798583984,1.9141939878463745
72,COc1cc(C(=O)N2C[C@H](N)C[C@@H](F)C2)cc2nc(-c3cc4ccc(-c5ccn(C)c(=O)c5)nc4n3CC3CC3)n(C)c12,1,GCN-CfC final,-41.435035705566406,-2.085698127746582
73,COc1ccc(C2C3=C(N=C4SCC(=O)N42)c2ccccc2CC3)cc1OC,0,GCN h_G,-16.275392532348633,-10.97458553314209
73,COc1ccc(C2C3=C(N=C4SCC(=O)N42)c2ccccc2CC3)cc1OC,0,GCN-CfC final,-0.6895149350166321,8.797096252441406
74,Fc1ccc(-c2ccc(Nc3cccc(F)c3)nn2)cc1,0,GCN h_G,4.510237693786621,7.624668121337891
74,Fc1ccc(-c2ccc(Nc3cccc(F)c3)nn2)cc1,0,GCN-CfC final,-5.252222061157227,-2.835441827774048
75,S=c1[nH]nc(-c2ccc3ccccc3n2)n1-c1ccc2c(c1)OCCO2,0,GCN h_G,-6.661767959594727,9.05079460144043
75,S=c1[nH]nc(-c2ccc3ccccc3n2)n1-c1ccc2c(c1)OCCO2,0,GCN-CfC final,7.5597028732299805,-4.997420310974121
76,CC1(C)CC(NC(=O)N2c3ccccc3Sc3ccccc32)CC(C)(C)N1,0,GCN h_G,2.56740665435791,1.0251084566116333
76,CC1(C)CC(NC(=O)N2c3ccccc3Sc3ccccc32)CC(C)(C)N1,0,GCN-CfC final,-5.320539951324463,0.8775267601013184
77,Cc1c(-c2cc3ccccc3n2Cc2ccoc2)nc2cc(C(=O)N3CCC[C@@H](N)C3)ccn12,1,GCN h_G,25.166839599609375,-4.456415176391602
77,Cc1c(-c2cc3ccccc3n2Cc2ccoc2)nc2cc(C(=O)N3CCC[C@@H](N)C3)ccn12,1,GCN-CfC final,-29.834999084472656,-2.744417190551758
78,Cc1cccc(C)c1NC(=O)CSc1nnc(C2CCCCC2)o1,0,GCN h_G,-12.815688133239746,-0.5200185179710388
78,Cc1cccc(C)c1NC(=O)CSc1nnc(C2CCCCC2)o1,0,GCN-CfC final,30.816234588623047,2.156231641769409
79,COc1cc(C(=O)N2CC3CCC2[C@@H]3N)cc2nc(-c3cc4ccc(-c5[nH]ccc(=O)c5F)nc4n3CC3CC3)n(C)c12,1,GCN h_G,34.207462310791016,-6.564900875091553
79,COc1cc(C(=O)N2CC3CCC2[C@@H]3N)cc2nc(-c3cc4ccc(-c5[nH]ccc(=O)c5F)nc4n3CC3CC3)n(C)c12,1,GCN-CfC final,-42.36526107788086,0.2326706051826477
80,COc1cc(C(=O)N2CC3CCC2[C@@H]3N)cc2nc(-c3cc4ccc(-c5ccc(N6CCCC(O)C6=O)c(F)c5)nc4n3CC3CC3)n(C)c12,1,GCN h_G,37.29985046386719,-5.015872955322266
80,COc1cc(C(=O)N2CC3CCC2[C@@H]3N)cc2nc(-c3cc4ccc(-c5ccc(N6CCCC(O)C6=O)c(F)c5)nc4n3CC3CC3)n(C)c12,1,GCN-CfC final,-43.169551849365234,-1.3147692680358887
81,COc1ccc(N)cc1-n1c(C)ccc1C,0,GCN h_G,7.041823863983154,6.162938594818115
81,COc1ccc(N)cc1-n1c(C)ccc1C,0,GCN-CfC final,-7.128533363342285,-2.234588384628296
82,Cc1cc(C)n(/N=C/c2cccs2)c(=O)c1C#N,0,GCN h_G,-11.485649108886719,-2.689332962036133
82,Cc1cc(C)n(/N=C/c2cccs2)c(=O)c1C#N,0,GCN-CfC final,12.813051223754883,2.250166893005371
83,COc1ccc(C(=O)CSC#N)cc1OC,0,GCN h_G,-9.528533935546875,-13.771217346191406
83,COc1ccc(C(=O)CSC#N)cc1OC,0,GCN-CfC final,-8.12718391418457,4.3331451416015625
84,O=C1OCCN1C(=O)[C@H]1[C@H](c2ccc(Cl)cc2)C(c2ccc(F)cc2)=NN1c1ccccc1,0,GCN h_G,-11.636072158813477,-6.660682201385498
84,O=C1OCCN1C(=O)[C@H]1[C@H](c2ccc(Cl)cc2)C(c2ccc(F)cc2)=NN1c1ccccc1,0,GCN-CfC final,12.849970817565918,4.321192264556885
85,CCOC(=O)c1[nH]c2c(c1-c1ccccc1)C(=O)CC(c1ccc(Cl)cc1)C2,0,GCN h_G,-12.20069694519043,-7.995890140533447
85,CCOC(=O)c1[nH]c2c(c1-c1ccccc1)C(=O)CC(c1ccc(Cl)cc1)C2,0,GCN-CfC final,8.42346477508545,7.141794681549072
86,COc1cc(C(=O)N2CCC[C@@H](N)C2)cc2nc(-c3ccc(C(=O)N(Cc4ccccc4)c4ccccc4)n3CC3CC3)n(C)c12,0,GCN h_G,23.38397789001465,-3.3769617080688477
86,COc1cc(C(=O)N2CCC[C@@H](N)C2)cc2nc(-c3ccc(C(=O)N(Cc4ccccc4)c4ccccc4)n3CC3CC3)n(C)c12,0,GCN-CfC final,-27.066797256469727,-1.3643139600753784
87,CC(=O)Nc1cccc(-c2nnc(-c3ccccc3)o2)c1,0,GCN h_G,-0.056334201246500015,12.518351554870605
87,CC(=O)Nc1cccc(-c2nnc(-c3ccccc3)o2)c1,0,GCN-CfC final,22.663171768188477,6.696953773498535
88,O=C1CCC(C(=O)OC(C(=O)c2c[nH]c3ccccc23)c2ccccc2)=NN1,0,GCN h_G,-10.805956840515137,-6.80183219909668
88,O=C1CCC(C(=O)OC(C(=O)c2c[nH]c3ccccc23)c2ccccc2)=NN1,0,GCN-CfC final,10.05978775024414,1.582426905632019
89,O=C(CSS(=O)(=O)[O-])N1CCN(C(=O)c2ccoc2)CC1.[Na+],0,GCN h_G,-30.310861587524414,-3.339289903640747
89,O=C(CSS(=O)(=O)[O-])N1CCN(C(=O)c2ccoc2)CC1.[Na+],0,GCN-CfC final,32.28717803955078,-2.02406644821167
90,O=C(COc1ccc(F)cc1)N/N=C/c1cccc2cccnc12,0,GCN h_G,1.9962458610534668,5.8848795890808105
90,O=C(COc1ccc(F)cc1)N/N=C/c1cccc2cccnc12,0,GCN-CfC final,-2.3899667263031006,-1.3060104846954346
91,COc1cc(C(=O)N2CC3CCC2[C@@H]3N)cc2nc(-c3cc4ccc(-c5ccc(CC(N)=O)cc5)nc4n3CC3CC3)n(C)c12,1,GCN h_G,38.9043083190918,-4.610217094421387
91,COc1cc(C(=O)N2CC3CCC2[C@@H]3N)cc2nc(-c3cc4ccc(-c5ccc(CC(N)=O)cc5)nc4n3CC3CC3)n(C)c12,1,GCN-CfC final,-50.47815704345703,-1.716339349746704
92,COc1ccc(CN2CC[C@H]3C=CCc4cccc(c43)C2)cc1,0,GCN h_G,-3.2792484760284424,-5.150046348571777
92,COc1ccc(CN2CC[C@H]3C=CCc4cccc(c43)C2)cc1,0,GCN-CfC final,-9.005492210388184,2.7163352966308594
93,COc1ccc(/C=N\N=C(N)N)cc1.O=[N+]([O-])O,0,GCN h_G,-13.54757308959961,11.144298553466797
93,COc1ccc(/C=N\N=C(N)N)cc1.O=[N+]([O-])O,0,GCN-CfC final,12.468392372131348,-5.042118072509766
94,COc1cccc(/C=N/NC(=O)c2cnn(-c3ccccc3)c2N)c1,0,GCN h_G,1.7907248735427856,6.7771806716918945
94,COc1cccc(/C=N/NC(=O)c2cnn(-c3ccccc3)c2N)c1,0,GCN-CfC final,-2.6463804244995117,-2.0424351692199707
95,COc1cc(C(=O)N2CC3CCC2[C@@H]3N)cc2nc(-c3cc4ccc(-c5cnc(C(N)=O)c(F)c5)nc4n3CC3CC3)n(C)c12,1,GCN h_G,40.00403594970703,-4.121585369110107
95,COc1cc(C(=O)N2CC3CCC2[C@@H]3N)cc2nc(-c3cc4ccc(-c5cnc(C(N)=O)c(F)c5)nc4n3CC3CC3)n(C)c12,1,GCN-CfC final,-52.03822326660156,-2.8480780124664307
96,COc1cccc(Cn2c(-c3nc4cc(C(=O)N5CCC[C@@H](N)C5)ccn4c3C)cc3cc(F)ccc32)c1,1,GCN h_G,26.339773178100586,-4.765628337860107
96,COc1cccc(Cn2c(-c3nc4cc(C(=O)N5CCC[C@@H](N)C5)ccn4c3C)cc3cc(F)ccc32)c1,1,GCN-CfC final,-31.838624954223633,-2.9194061756134033
97,Cc1noc(NC(=O)c2ccc(Cl)cc2)c1Cl,0,GCN h_G,-6.870678901672363,12.461033821105957
97,Cc1noc(NC(=O)c2ccc(Cl)cc2)c1Cl,0,GCN-CfC final,25.007614135742188,3.2769935131073
98,CCOC(=O)CSC1=NC(=O)/C(=C\c2ccc(OC(C)=O)cc2)S1,0,GCN h_G,-19.83370018005371,-2.10031795501709
98,CCOC(=O)CSC1=NC(=O)/C(=C\c2ccc(OC(C)=O)cc2)S1,0,GCN-CfC final,30.240312576293945,-2.5983805656433105
99,C=CCn1sc(N)c(C(=O)OCC)c1=S,0,GCN h_G,-25.52400779724121,5.377439022064209
99,C=CCn1sc(N)c(C(=O)OCC)c1=S,0,GCN-CfC final,19.522672653198242,-12.843547821044922
100,CC(c1nc2ccccc2s1)N(C)C(=O)c1ccccc1F,0,GCN h_G,4.7257256507873535,11.911713600158691
100,CC(c1nc2ccccc2s1)N(C)C(=O)c1ccccc1F,0,GCN-CfC final,19.05098533630371,6.995052337646484
101,COCCn1c(C)cc(C(=O)COC(=O)c2ccc(N3CCCC3=O)cc2)c1C,0,GCN h_G,-22.18202781677246,-4.335592269897461
101,COCCn1c(C)cc(C(=O)COC(=O)c2ccc(N3CCCC3=O)cc2)c1C,0,GCN-CfC final,0.5952450633049011,8.626029014587402
102,CC1CCC2(CC1)SCC(=O)N2c1ccc(F)cc1,0,GCN h_G,-21.852872848510742,-8.384554862976074
102,CC1CCC2(CC1)SCC(=O)N2c1ccc(F)cc1,0,GCN-CfC final,16.303146362304688,-10.717053413391113
103,O=C1C(Cl)=C(N2CCOCC2)C(=O)N1c1cccc(C(F)(F)F)c1,0,GCN h_G,-22.462921142578125,-10.531572341918945
103,O=C1C(Cl)=C(N2CCOCC2)C(=O)N1c1cccc(C(F)(F)F)c1,0,GCN-CfC final,-0.7690656185150146,9.851451873779297
104,COc1ncc(-c2ccc3cc(-c4nc5cc(C(=O)N6CC7CCC6[C@@H]7N)cc(OC)c5n4C)n(CC4CC4)c3n2)cc1O,1,GCN h_G,37.12421417236328,-6.0364203453063965
104,COc1ncc(-c2ccc3cc(-c4nc5cc(C(=O)N6CC7CCC6[C@@H]7N)cc(OC)c5n4C)n(CC4CC4)c3n2)cc1O,1,GCN-CfC final,-45.63007354736328,-0.6177394390106201
105,COc1cc(C(=O)N2C[C@H](N)C[C@@H](F)C2)cc2nc(-c3cc4ccc(-c5cccc(O)c5F)nc4n3CC3CC3)n(C)c12,1,GCN h_G,33.547874450683594,2.384957790374756
105,COc1cc(C(=O)N2C[C@H](N)C[C@@H](F)C2)cc2nc(-c3cc4ccc(-c5cccc(O)c5F)nc4n3CC3CC3)n(C)c12,1,GCN-CfC final,-42.159278869628906,-2.1131458282470703
106,CC(C)c1nccn1CCN1C(=O)NC(C)(C)C1=O,0,GCN h_G,-3.595673084259033,-10.988845825195312
106,CC(C)c1nccn1CCN1C(=O)NC(C)(C)C1=O,0,GCN-CfC final,-11.949190139770508,5.541116714477539
107,CC(C)C(=O)N(c1cc2sc(=O)oc2c2ccccc12)S(=O)(=O)c1cccs1,0,GCN h_G,-8.081912994384766,10.463129997253418
107,CC(C)C(=O)N(c1cc2sc(=O)oc2c2ccccc12)S(=O)(=O)c1cccs1,0,GCN-CfC final,24.274755477905273,4.576260089874268
108,Cc1oc2c(c1C(=O)NCc1cccnc1)C(=O)c1ccccc1C2=O,0,GCN h_G,-10.332874298095703,-10.648933410644531
108,Cc1oc2c(c1C(=O)NCc1cccnc1)C(=O)c1ccccc1C2=O,0,GCN-CfC final,-8.707867622375488,6.201111793518066
109,COc1cc(C(=O)N2C[C@H](N)C[C@@H](F)C2)cc2nc(-c3cc4ccc(-c5cc(Cl)c(O)cc5C)nc4n3CC3CC3)n(C)c12,1,GCN h_G,32.57379913330078,3.0091445446014404
109,COc1cc(C(=O)N2C[C@H](N)C[C@@H](F)C2)cc2nc(-c3cc4ccc(-c5cc(Cl)c(O)cc5C)nc4n3CC3CC3)n(C)c12,1,GCN-CfC final,-40.29085922241211,-2.2893223762512207
110,Cc1cccc(NC(=S)N2CCCCCC2)c1,0,GCN h_G,-28.027896881103516,2.6641857624053955
110,Cc1cccc(NC(=S)N2CCCCCC2)c1,0,GCN-CfC final,25.261554718017578,-3.1299593448638916
111,CCC1c2ccc(C)n2CCN1C(=O)Nc1cc(Cl)ccc1OC,0,GCN h_G,-6.462264537811279,-7.739337921142578
111,CCC1c2ccc(C)n2CCN1C(=O)Nc1cc(Cl)ccc1OC,0,GCN-CfC final,8.688053131103516,4.8796281814575195
112,CC1CC(C)(C)NC(=S)N1CC(=O)N1CCN(Cc2ccccc2)CC1,0,GCN h_G,-28.398563385009766,-5.471336841583252
112,CC1CC(C)(C)NC(=S)N1CC(=O)N1CCN(Cc2ccccc2)CC1,0,GCN-CfC final,-2.0530014038085938,7.035951614379883
113,COc1cc(C(=O)N2C[C@H](N)C[C@@H](F)C2)cc2nc(-c3cc4ccc(-c5ccc(N6CCCC(O)C6=O)cc5)nc4n3CC3CC3)n(C)c12,1,GCN h_G,32.26597213745117,-0.5262203812599182
113,COc1cc(C(=O)N2C[C@H](N)C[C@@H](F)C2)cc2nc(-c3cc4ccc(-c5ccc(N6CCCC(O)C6=O)cc5)nc4n3CC3CC3)n(C)c12,1,GCN-CfC final,-37.396183013916016,-2.0421764850616455
114,Cc1cccc(-n2cc[nH]c2=S)c1,0,GCN h_G,1.456795573234558,15.006956100463867
114,Cc1cccc(-n2cc[nH]c2=S)c1,0,GCN-CfC final,29.12779426574707,7.6033616065979
115,CC(C)(C)NC(=O)/C(=C/c1ccccc1F)NC(=O)c1ccc([N+](=O)[O-])cc1,0,GCN h_G,3.319478750228882,-1.5209921598434448
115,CC(C)(C)NC(=O)/C(=C/c1ccccc1F)NC(=O)c1ccc([N+](=O)[O-])cc1,0,GCN-CfC final,-14.862405776977539,3.7859508991241455
116,COc1cccc(C2CC(c3cccs3)=NN2C(=O)CSC2=NCCS2)c1OC,0,GCN h_G,-19.267364501953125,-6.851736545562744
116,COc1cccc(C2CC(c3cccs3)=NN2C(=O)CSC2=NCCS2)c1OC,0,GCN-CfC final,30.030210494995117,-3.9298083782196045
117,O=C(O)c1ccc(Cl)c2c1C1C=CCC1C(c1ccccn1)N2,0,GCN h_G,-4.89316463470459,-8.334928512573242
117,O=C(O)c1ccc(Cl)c2c1C1C=CCC1C(c1ccccn1)N2,0,GCN-CfC final,-12.79543399810791,1.1191139221191406
118,CCOC(=O)Cn1c(=NC(=O)CSC(C)=O)sc2ccccc21,0,GCN h_G,-20.19647789001465,-1.6199482679367065
118,CCOC(=O)Cn1c(=NC(=O)CSC(C)=O)sc2ccccc21,0,GCN-CfC final,30.81761360168457,-0.19868803024291992
119,O=[N+]([O-])c1ccc(Sc2nccn2Cc2ccccc2)c([N+](=O)[O-])c1,0,GCN h_G,-3.633270502090454,10.022388458251953
119,O=[N+]([O-])c1ccc(Sc2nccn2Cc2ccccc2)c([N+](=O)[O-])c1,0,GCN-CfC final,25.554014205932617,5.604879379272461
120,CCCN(Cc1nnc(-c2ccccc2Cl)o1)C(=O)c1cccc(S(=O)(=O)N2CCOCC2)c1,0,GCN h_G,-22.168209075927734,0.156817227602005
120,CCCN(Cc1nnc(-c2ccccc2Cl)o1)C(=O)c1cccc(S(=O)(=O)N2CCOCC2)c1,0,GCN-CfC final,28.875076293945312,-1.962705135345459
121,COc1ccc2cc(-c3nc4cc(C(=O)N5CCC[C@@H](N)C5)ccn4c3C)n(Cc3ccc(F)cc3)c2c1,1,GCN h_G,26.097631454467773,-4.505795001983643
121,COc1ccc2cc(-c3nc4cc(C(=O)N5CCC[C@@H](N)C5)ccn4c3C)n(Cc3ccc(F)cc3)c2c1,1,GCN-CfC final,-30.78076934814453,-2.4343788623809814
122,CCN(CC)c1ccc(N=Cc2cc(Br)ccc2O)cc1,0,GCN h_G,-7.400874614715576,-4.1631059646606445
122,CCN(CC)c1ccc(N=Cc2cc(Br)ccc2O)cc1,0,GCN-CfC final,27.28101348876953,2.186613082885742
123,N#Cc1ccc(C23CC4(C2)[C@H](CN(P(=O)(c2ccccc2)c2ccccc2)[C@@H]4c2ccccc2)C3c2ccc(Cl)nc2)cc1,0,GCN h_G,-7.568517208099365,-0.5749266743659973
123,N#Cc1ccc(C23CC4(C2)[C@H](CN(P(=O)(c2ccccc2)c2ccccc2)[C@@H]4c2ccccc2)C3c2ccc(Cl)nc2)cc1,0,GCN-CfC final,20.43918800354004,5.16160774230957
124,COc1ccc(-c2nc3ccccc3n2OC(=O)N(C)C)cc1,0,GCN h_G,2.102653980255127,10.932053565979004
124,COc1ccc(-c2nc3ccccc3n2OC(=O)N(C)C)cc1,0,GCN-CfC final,20.25381851196289,6.284984111785889
125,N=C(CCl)NCCCc1cn(Cc2ccccc2)c2ccccc12,1,GCN h_G,23.6726131439209,-5.293015480041504
125,N=C(CCl)NCCCc1cn(Cc2ccccc2)c2ccccc12,1,GCN-CfC final,-28.495826721191406,-2.753305673599243
126,O=c1c2ccccc2nc(/C=C/c2ccc(Br)cc2)n1CCO,0,GCN h_G,2.7835805416107178,10.626771926879883
126,O=c1c2ccccc2nc(/C=C/c2ccc(Br)cc2)n1CCO,0,GCN-CfC final,5.489482879638672,-2.5282070636749268
127,COc1cc(C(=O)N2C[C@H]3CC[C@@H]2[C@@H]3N)cc2nc(-c3cc4ccc(C5COC5)nc4n3CC3CC3)n(C)c12,1,GCN h_G,29.19727325439453,-2.883455991744995
127,COc1cc(C(=O)N2C[C@H]3CC[C@@H]2[C@@H]3N)cc2nc(-c3cc4ccc(C5COC5)nc4n3CC3CC3)n(C)c12,1,GCN-CfC final,-32.68340301513672,-1.8803616762161255
128,CC(=O)Oc1ccc(N(C(C)=O)S(=O)(=O)c2ccc(C)c([N+](=O)[O-])c2)cc1,0,GCN h_G,-12.448149681091309,10.201966285705566
128,CC(=O)Oc1ccc(N(C(C)=O)S(=O)(=O)c2ccc(C)c([N+](=O)[O-])c2)cc1,0,GCN-CfC final,24.081270217895508,1.613107442855835
129,COc1cc(C(=O)N2CC3CCC2[C@@H]3N)cc2nc(-c3cc4ccc(-c5cccc(S(N)(=O)=O)c5)nc4n3CC3CC3)n(C)c12,1,GCN h_G,37.963077545166016,-3.358440399169922
129,COc1cc(C(=O)N2CC3CCC2[C@@H]3N)cc2nc(-c3cc4ccc(-c5cccc(S(N)(=O)=O)c5)nc4n3CC3CC3)n(C)c12,1,GCN-CfC final,-47.67970275878906,-1.1175963878631592
130,COc1cc(C(=O)N2C[C@H](N)C[C@@H](F)C2)cc2nc(-c3cc4ccc(-c5ccc(C6CNC(=O)N6)cc5)nc4n3CC3CC3)n(C)c12,1,GCN h_G,36.66545486450195,-0.42005208134651184
130,COc1cc(C(=O)N2C[C@H](N)C[C@@H](F)C2)cc2nc(-c3cc4ccc(-c5ccc(C6CNC(=O)N6)cc5)nc4n3CC3CC3)n(C)c12,1,GCN-CfC final,-49.27299118041992,-2.8054981231689453
131,CCn1c(-c2cnn(-c3ccccc3)c2C2CC2)nc2cc(C(=O)N3CCC[C@@H](N)C3)ccc21,0,GCN h_G,21.430627822875977,-2.926408290863037
131,CCn1c(-c2cnn(-c3ccccc3)c2C2CC2)nc2cc(C(=O)N3CCC[C@@H](N)C3)ccc21,0,GCN-CfC final,-16.752304077148438,1.2891541719436646
132,Cn1c(=O)c(C(=O)Nc2ccccc2S(N)(=O)=O)c(O)c2ccccc21,0,GCN h_G,-0.9428666234016418,4.789733409881592
132,Cn1c(=O)c(C(=O)Nc2ccccc2S(N)(=O)=O)c(O)c2ccccc21,0,GCN-CfC final,-3.037548780441284,1.041444182395935
133,CC(=O)Nc1cccc(NC=C(C#N)C#N)c1,0,GCN h_G,1.8348567485809326,-3.846604824066162
133,CC(=O)Nc1cccc(NC=C(C#N)C#N)c1,0,GCN-CfC final,-11.061586380004883,2.6591179370880127
134,Cc1nn(CC(=O)N2CCOCC2)c(=O)c2ccccc12,0,GCN h_G,-27.983102798461914,-2.457369327545166
134,Cc1nn(CC(=O)N2CCOCC2)c(=O)c2ccccc12,0,GCN-CfC final,28.213285446166992,-3.3399722576141357
135,CCOC(=O)c1c2c3c(cccc3n(C)c1=O)C(=O)c1ccccc1-2,0,GCN h_G,-14.324666976928711,-10.394718170166016
135,CCOC(=O)c1c2c3c(cccc3n(C)c1=O)C(=O)c1ccccc1-2,0,GCN-CfC final,-5.391861915588379,9.552671432495117
136,O=C(NCc1cccnc1)c1ccc(Cl)cc1[N+](=O)[O-],0,GCN h_G,-3.0959079265594482,8.317105293273926
136,O=C(NCc1cccnc1)c1ccc(Cl)cc1[N+](=O)[O-],0,GCN-CfC final,11.657011985778809,-1.5512222051620483
137,CCOc1ccc(-c2cc(C(=O)NCCCN3CCN(CC)CC3)c3ccccc3n2)cc1,0,GCN h_G,-19.545297622680664,0.5328370928764343
137,CCOc1ccc(-c2cc(C(=O)NCCCN3CCN(CC)CC3)c3ccccc3n2)cc1,0,GCN-CfC final,14.684375762939453,4.691536903381348
138,COc1cc(C(=O)N2C[C@H](N)C[C@@H](F)C2)cc2nc(-c3cc4ccc(-c5c(F)ccc(O)c5Cl)nc4n3CC3CC3)n(C)c12,1,GCN h_G,33.96612548828125,2.8416576385498047
138,COc1cc(C(=O)N2C[C@H](N)C[C@@H](F)C2)cc2nc(-c3cc4ccc(-c5c(F)ccc(O)c5Cl)nc4n3CC3CC3)n(C)c12,1,GCN-CfC final,-43.919132232666016,-2.7225635051727295
139,COC(=O)Nc1ccc(-c2ccc3cc(-c4nc5cc(C(=O)N6CC7CCC6[C@@H]7N)cc(OC)c5n4C)n(CC4CC4)c3c2)cc1,1,GCN h_G,38.67137908935547,-8.821428298950195
139,COC(=O)Nc1ccc(-c2ccc3cc(-c4nc5cc(C(=O)N6CC7CCC6[C@@H]7N)cc(OC)c5n4C)n(CC4CC4)c3c2)cc1,1,GCN-CfC final,-46.820533752441406,-0.48226606845855713
140,CCOc1ccc(S(=O)(=O)Nc2nc3ccccc3nc2Nc2ccc(N3CCOCC3)cc2)cc1,0,GCN h_G,-4.494198799133301,7.267695903778076
140,CCOc1ccc(S(=O)(=O)Nc2nc3ccccc3nc2Nc2ccc(N3CCOCC3)cc2)cc1,0,GCN-CfC final,20.79292869567871,2.7246546745300293
141,COc1ccccc1NC(=S)N1CCN(c2ccccn2)CC1,0,GCN h_G,-17.932714462280273,5.743547439575195
141,COc1ccccc1NC(=S)N1CCN(c2ccccn2)CC1,0,GCN-CfC final,21.60146141052246,2.705636501312256
142,CCOC(=O)c1sc(-c2ccccc2)cc1NC(=O)c1ccc(S(=O)(=O)N(CCOC)CCOC)cc1,0,GCN h_G,-14.318753242492676,4.089993476867676
142,CCOC(=O)c1sc(-c2ccccc2)cc1NC(=O)c1ccc(S(=O)(=O)N(CCOC)CCOC)cc1,0,GCN-CfC final,13.908683776855469,-0.9926661252975464
143,Cn1c(-c2ccc(Cc3ccccc3)n2CC2CC2)nc2cc(C(=O)N3CCC[C@@H](N)C3)cnc21,1,GCN h_G,24.847312927246094,-3.0333783626556396
143,Cn1c(-c2ccc(Cc3ccccc3)n2CC2CC2)nc2cc(C(=O)N3CCC[C@@H](N)C3)cnc21,1,GCN-CfC final,-28.97702980041504,-1.9903252124786377
144,CC1=C(C(=O)OC2CCCCC2)C(c2ccc(C)o2)C2=C(CC(C)(C)CC2=O)N1,0,GCN h_G,-22.576717376708984,-11.20402717590332
144,CC1=C(C(=O)OC2CCCCC2)C(c2ccc(C)o2)C2=C(CC(C)(C)CC2=O)N1,0,GCN-CfC final,14.06998062133789,-13.127012252807617
145,CC(C)N1OC2CC1c1nc3ccccc3n1C2,0,GCN h_G,-8.805943489074707,-1.896003007888794
145,CC(C)N1OC2CC1c1nc3ccccc3n1C2,0,GCN-CfC final,9.913094520568848,8.117199897766113
146,Cl.O=C(NC1CCN(Cc2ccccc2)CC1)c1cccc(S(=O)(=O)Nc2ccc(SC(F)F)cc2)c1,0,GCN h_G,0.49681994318962097,1.4921079874038696
146,Cl.O=C(NC1CCN(Cc2ccccc2)CC1)c1cccc(S(=O)(=O)Nc2ccc(SC(F)F)cc2)c1,0,GCN-CfC final,-1.5525768995285034,-0.3990851640701294
147,N#Cc1cccc(CS(=O)(=O)c2ccc(Cl)cc2)c1,0,GCN h_G,-0.7373732924461365,2.9871349334716797
147,N#Cc1cccc(CS(=O)(=O)c2ccc(Cl)cc2)c1,0,GCN-CfC final,-0.694210946559906,0.2763693630695343
148,CCOc1cc2c(cc1/C=C/c1noc(C)c1[N+](=O)[O-])OC(C)C2,0,GCN h_G,-20.76998519897461,3.192749500274658
148,CCOc1cc2c(cc1/C=C/c1noc(C)c1[N+](=O)[O-])OC(C)C2,0,GCN-CfC final,19.247764587402344,-6.597214221954346
149,O=C(O)c1ccccc1CSc1nc2ccccc2s1,0,GCN h_G,-4.779018878936768,14.827288627624512
149,O=C(O)c1ccccc1CSc1nc2ccccc2s1,0,GCN-CfC final,24.557815551757812,6.677751064300537
150,CCC(C)N=CC1=C(O)CC(c2ccccc2)CC1=O,0,GCN h_G,-9.193859100341797,-7.551740646362305
150,CCC(C)N=CC1=C(O)CC(c2ccccc2)CC1=O,0,GCN-CfC final,9.61815357208252,6.489785671234131
151,O=C(CSc1nc2ccccc2[nH]1)NCCN1CCCCC1,0,GCN h_G,-20.9185848236084,0.7631272673606873
151,O=C(CSc1nc2ccccc2[nH]1)NCCN1CCCCC1,0,GCN-CfC final,22.515792846679688,-0.9501976370811462
152,COc1cc(C(=O)N2CC3CCC2[C@@H]3N)cc2nc(-c3cc4ccc(C5=CC6NC(=O)N=C6N=C5)cc4n3CC3CC3)n(C)c12,1,GCN h_G,42.3421745300293,-1.4263315200805664
152,COc1cc(C(=O)N2CC3CCC2[C@@H]3N)cc2nc(-c3cc4ccc(C5=CC6NC(=O)N=C6N=C5)cc4n3CC3CC3)n(C)c12,1,GCN-CfC final,-55.892723083496094,-2.7233424186706543
153,CCn1ncc(Br)c1C(=O)Nc1ccc(C(C)C)cc1,0,GCN h_G,-10.770099639892578,-1.3489415645599365
153,CCn1ncc(Br)c1C(=O)Nc1ccc(C(C)C)cc1,0,GCN-CfC final,30.09649658203125,2.350956439971924
154,CC(=O)Nc1ccc(SCC(=O)NC(=O)c2ccc(S(=O)(=O)N(C)C)cc2)cc1,0,GCN h_G,-0.26024577021598816,1.4522899389266968
154,CC(=O)Nc1ccc(SCC(=O)NC(=O)c2ccc(S(=O)(=O)N(C)C)cc2)cc1,0,GCN-CfC final,7.431892395019531,-0.16792543232440948
155,COc1cc(C(=O)N2C[C@H](N)C[C@@H](F)C2)cc2nc(-c3cc4ccc(N5CCC6(CC5)CN(C)C(=O)O6)cc4n3CC3CC3)n(C)c12,1,GCN h_G,41.37552261352539,5.05903434753418
155,COc1cc(C(=O)N2C[C@H](N)C[C@@H](F)C2)cc2nc(-c3cc4ccc(N5CCC6(CC5)CN(C)C(=O)O6)cc4n3CC3CC3)n(C)c12,1,GCN-CfC final,-35.998714447021484,-0.3582651615142822
156,Cc1c(-c2cc3ccccc3n2Cc2ccc(F)cn2)nc2cc(C(=O)N3CCC[C@@H](N)C3)ccn12,1,GCN h_G,25.759923934936523,-4.259182929992676
156,Cc1c(-c2cc3ccccc3n2Cc2ccc(F)cn2)nc2cc(C(=O)N3CCC[C@@H](N)C3)ccn12,1,GCN-CfC final,-30.587385177612305,-2.835508346557617
157,Cc1cccc(CN2CCN(Cc3cnn(-c4ccccc4F)c3)CC2CCO)n1,0,GCN h_G,-18.488786697387695,0.10239512473344803
157,Cc1cccc(CN2CCN(Cc3cnn(-c4ccccc4F)c3)CC2CCO)n1,0,GCN-CfC final,15.5531644821167,4.830343246459961
158,COc1ccc2[nH]cc(CCNC(=O)Nc3ccccc3)c2c1,0,GCN h_G,2.4415335655212402,6.675136566162109
158,COc1ccc2[nH]cc(CCNC(=O)Nc3ccccc3)c2c1,0,GCN-CfC final,-4.0545735359191895,-1.8953115940093994
159,CCn1c(-c2cnc(-c3ccccc3)n2CC2CC2)nc2cc(C(=O)N3CCC[C@@H](N)C3)ccc21,1,GCN h_G,24.64359474182129,-3.311897039413452
159,CCn1c(-c2cnc(-c3ccccc3)n2CC2CC2)nc2cc(C(=O)N3CCC[C@@H](N)C3)ccc21,1,GCN-CfC final,-28.786327362060547,-1.5010911226272583
160,Cc1ccccc1C(=O)NCC(=O)Nc1ccccc1C(F)(F)F,0,GCN h_G,3.0063509941101074,3.915982484817505
160,Cc1ccccc1C(=O)NCC(=O)Nc1ccccc1C(F)(F)F,0,GCN-CfC final,-5.342682361602783,-0.5706049203872681
161,O=C1CN(C(=O)COc2ccc([N+](=O)[O-])cc2Cl)c2ccccc2N1,0,GCN h_G,-14.553253173828125,9.064414978027344
161,O=C1CN(C(=O)COc2ccc([N+](=O)[O-])cc2Cl)c2ccccc2N1,0,GCN-CfC final,23.494977951049805,0.6469544172286987
162,COC(=O)C1=CC(=O)N=C2C=CC(c3ccc4cc(-c5nc6cc(C(=O)N7CC8CCC7[C@@H]8N)cc(OC)c6n5C)n(CC5CC5)c4c3)C=C12,1,GCN h_G,42.57274627685547,-0.3301558196544647
162,COC(=O)C1=CC(=O)N=C2C=CC(c3ccc4cc(-c5nc6cc(C(=O)N7CC8CCC7[C@@H]8N)cc(OC)c6n5C)n(CC5CC5)c4c3)C=C12,1,GCN-CfC final,-54.72404861450195,-4.523828506469727
163,COC(=O)c1cn(-c2ccccc2)c(C)c1C(=O)OC,0,GCN h_G,-10.224480628967285,-10.690081596374512
163,COC(=O)c1cn(-c2ccccc2)c(C)c1C(=O)OC,0,GCN-CfC final,-9.061692237854004,6.175610065460205
164,CCN(CC(=O)Nc1c(F)cccc1F)C(=O)Cc1ccc(OC)c(S(=O)(=O)N2CCOCC2)c1,0,GCN h_G,-23.15484619140625,-1.5628995895385742
164,CCN(CC(=O)Nc1c(F)cccc1F)C(=O)Cc1ccc(OC)c(S(=O)(=O)N2CCOCC2)c1,0,GCN-CfC final,17.6605224609375,-8.00798225402832
165,COc1cc(C(=O)N2C[C@H](N)C[C@@H](F)C2)cc2nc(-c3cc4ccc(-c5c(C)ccc(O)c5C)nc4n3CC3CC3)n(C)c12,1,GCN h_G,31.854965209960938,3.025350332260132
165,COc1cc(C(=O)N2C[C@H](N)C[C@@H](F)C2)cc2nc(-c3cc4ccc(-c5c(C)ccc(O)c5C)nc4n3CC3CC3)n(C)c12,1,GCN-CfC final,-41.077091217041016,-3.2241690158843994
166,Cc1ccc(-n2ncc(C#N)c2/N=C/N2CCN(C)CC2)cc1,0,GCN h_G,-27.507078170776367,-0.2968008518218994
166,Cc1ccc(-n2ncc(C#N)c2/N=C/N2CCN(C)CC2)cc1,0,GCN-CfC final,16.207521438598633,4.367879390716553
167,O=C(COC(=O)c1ccccc1SCC(=O)N1CCCC1)Nc1ccc(OC(F)F)cc1,0,GCN h_G,-19.310680389404297,1.7161725759506226
167,O=C(COC(=O)c1ccccc1SCC(=O)N1CCCC1)Nc1ccc(OC(F)F)cc1,0,GCN-CfC final,23.49909210205078,-0.9726965427398682
168,CC1CCN(c2nc3c(=O)[nH]c(N)nc3n2[C@@H]2O[C@H](CO)[C@@H](O)[C@H]2O)CC1,0,GCN h_G,-24.20094871520996,-2.927854537963867
168,CC1CCN(c2nc3c(=O)[nH]c(N)nc3n2[C@@H]2O[C@H](CO)[C@@H](O)[C@H]2O)CC1,0,GCN-CfC final,15.626077651977539,-9.116382598876953
169,CN(c1ccc(C(=O)NCCCn2ccnc2)cc1)S(C)(=O)=O,0,GCN h_G,4.925397872924805,-2.273766279220581
169,CN(c1ccc(C(=O)NCCCn2ccnc2)cc1)S(C)(=O)=O,0,GCN-CfC final,-14.126191139221191,3.3459296226501465
170,Cn1c(-c2cc3ccc(-c4ccc5[nH]c(=O)[nH]c(=O)c5c4)cc3n2CC2CC2)nc2cc(C(=O)N3C[C@H](N)C[C@@H](F)C3)cc(F)c21,1,GCN h_G,33.618038177490234,4.850665092468262
170,Cn1c(-c2cc3ccc(-c4ccc5[nH]c(=O)[nH]c(=O)c5c4)cc3n2CC2CC2)nc2cc(C(=O)N3C[C@H](N)C[C@@H](F)C3)cc(F)c21,1,GCN-CfC final,-43.334163665771484,2.015629291534424
171,COc1cc(C(=O)N2CC3CCC2[C@@H]3N)cc2nc(-c3cc4ccc(-c5cccc(C(N)=O)c5F)nc4n3CC3CC3)n(C)c12,1,GCN h_G,38.8116340637207,-5.628836631774902
171,COc1cc(C(=O)N2CC3CCC2[C@@H]3N)cc2nc(-c3cc4ccc(-c5cccc(C(N)=O)c5F)nc4n3CC3CC3)n(C)c12,1,GCN-CfC final,-48.56584167480469,-0.8785563707351685
172,Cc1cc(C(=O)Nc2ccc3c(c2)CCC3)ccc1[N+](=O)[O-],0,GCN h_G,-0.4315868616104126,-5.135959625244141
172,Cc1cc(C(=O)Nc2ccc3c(c2)CCC3)ccc1[N+](=O)[O-],0,GCN-CfC final,-9.860542297363281,2.995271682739258
173,CCCCOc1ccc(CSc2nc(C)[nH]c2[N+](=O)[O-])cc1[N+](=O)[O-],0,GCN h_G,-16.42757797241211,10.527022361755371
173,CCCCOc1ccc(CSc2nc(C)[nH]c2[N+](=O)[O-])cc1[N+](=O)[O-],0,GCN-CfC final,32.51915740966797,2.2629268169403076
174,CC(C)c1oc(=O)cc2c1[C@@H](O)[C@H]1OC(=O)[C@@]3(C)CC[C@@H](O)[C@@]2(C)C13,0,GCN h_G,-19.915260314941406,-10.84986400604248
174,CC(C)c1oc(=O)cc2c1[C@@H](O)[C@H]1OC(=O)[C@@]3(C)CC[C@@H](O)[C@@]2(C)C13,0,GCN-CfC final,30.93363380432129,-5.311088562011719
175,CCc1cc2c(SCC(=O)Nc3cc(C)on3)ncnc2s1,0,GCN h_G,-12.919306755065918,1.4035581350326538
175,CCc1cc2c(SCC(=O)Nc3cc(C)on3)ncnc2s1,0,GCN-CfC final,18.549707412719727,-1.4715580940246582
176,COc1cc(C(=O)N2CC3CCC2[C@@H]3N)cc2nc(-c3cc4ccc(Nc5ccc(N)cc5)nc4n3CC3CC3)n(C)c12,1,GCN h_G,36.95994186401367,-9.129263877868652
176,COc1cc(C(=O)N2CC3CCC2[C@@H]3N)cc2nc(-c3cc4ccc(Nc5ccc(N)cc5)nc4n3CC3CC3)n(C)c12,1,GCN-CfC final,-46.71702575683594,0.27114757895469666
177,C=CCn1c(SCC(=O)Nc2nc3ccccc3s2)nc(O)c(CC)c1=O,0,GCN h_G,-11.796636581420898,6.905985355377197
177,C=CCn1c(SCC(=O)Nc2nc3ccccc3s2)nc(O)c(CC)c1=O,0,GCN-CfC final,16.91136932373047,-1.3143479824066162
178,COc1cc(C(=O)N2CC3CCC2[C@@H]3N)cc2nc(-c3cc4ccc(CCN5CCOC5=O)cc4n3CC3CC3)n(C)c12,1,GCN h_G,41.9259147644043,3.979581117630005
178,COc1cc(C(=O)N2CC3CCC2[C@@H]3N)cc2nc(-c3cc4ccc(CCN5CCOC5=O)cc4n3CC3CC3)n(C)c12,1,GCN-CfC final,-45.80668258666992,2.0839545726776123
179,COc1cc(-c2ccc3cc(-c4nc5cc(C(=O)N6C[C@H](N)C[C@@H](F)C6)cc(OC)c5n4C)n(CC4CC4)c3n2)c(F)cc1CO,1,GCN h_G,35.39604568481445,2.081897497177124
179,COc1cc(-c2ccc3cc(-c4nc5cc(C(=O)N6C[C@H](N)C[C@@H](F)C6)cc(OC)c5n4C)n(CC4CC4)c3n2)c(F)cc1CO,1,GCN-CfC final,-45.72598648071289,-3.134363889694214
180,Cn1c(-c2ccc(-c3ccccc3)n2CC2CC2)nc2cc(C(=O)N3CC[C@@H]4CCN[C@@H]4C3)ccc21,1,GCN h_G,23.776430130004883,-3.9870107173919678
180,Cn1c(-c2ccc(-c3ccccc3)n2CC2CC2)nc2cc(C(=O)N3CC[C@@H]4CCN[C@@H]4C3)ccc21,1,GCN-CfC final,-28.02305793762207,-1.8022515773773193
181,O=C1NC(=O)/C(=C/c2ccc(OS(=O)(=O)c3ccc(F)cc3F)cc2)N1,0,GCN h_G,-2.4205386638641357,2.0787761211395264
181,O=C1NC(=O)/C(=C/c2ccc(OS(=O)(=O)c3ccc(F)cc3F)cc2)N1,0,GCN-CfC final,-13.706731796264648,4.674994468688965
182,COc1cc(C(=O)N2CC3CCC2[C@@H]3N)cc2nc(-c3cc4ccc(Nc5ccc6c(c5)CCC(=O)N6)nc4n3CC3CC3)n(C)c12,1,GCN h_G,36.69856262207031,-7.849520206451416
182,COc1cc(C(=O)N2CC3CCC2[C@@H]3N)cc2nc(-c3cc4ccc(Nc5ccc6c(c5)CCC(=O)N6)nc4n3CC3CC3)n(C)c12,1,GCN-CfC final,-43.742713928222656,-0.24004310369491577
183,Cc1ccc(CN2CCc3c(OCc4ccc(F)cc4)cccc3C2=O)cc1,0,GCN h_G,-3.5867486000061035,-4.935674667358398
183,Cc1ccc(CN2CCc3c(OCc4ccc(F)cc4)cccc3C2=O)cc1,0,GCN-CfC final,-0.8891660571098328,-1.2933568954467773
184,COc1ccc(C(=O)C[n+]2ccc3c(c2)nc(-c2ccccc2)n3C)cc1.[Br-],0,GCN h_G,5.400049209594727,6.397974014282227
184,COc1ccc(C(=O)C[n+]2ccc3c(c2)nc(-c2ccccc2)n3C)cc1.[Br-],0,GCN-CfC final,-6.843438625335693,-1.2721506357192993
185,CCCOC(=O)C(C)n1cnc2scc(-c3ccc(C)cc3)c2c1=O,0,GCN h_G,-12.72875690460205,-7.3343658447265625
185,CCCOC(=O)C(C)n1cnc2scc(-c3ccc(C)cc3)c2c1=O,0,GCN-CfC final,13.386302947998047,3.4430627822875977
186,Cc1ccc(-c2nn(-c3ccccn3)c(=O)c3ccccc23)cc1C,0,GCN h_G,4.474971771240234,12.904706001281738
186,Cc1ccc(-c2nn(-c3ccccn3)c(=O)c3ccccc23)cc1C,0,GCN-CfC final,4.816688537597656,-6.965785980224609
187,COc1cc(C(=O)N2C[C@H](N)C[C@@H](F)C2)cc2nc(-c3cc4ccc(N5CCC6(CC5)CNC(=O)O6)cc4n3CC3CC3)n(C)c12,1,GCN h_G,41.440391540527344,4.950655937194824
187,COc1cc(C(=O)N2C[C@H](N)C[C@@H](F)C2)cc2nc(-c3cc4ccc(N5CCC6(CC5)CNC(=O)O6)cc4n3CC3CC3)n(C)c12,1,GCN-CfC final,-37.35929489135742,0.21936464309692383
188,COc1cc(C(=O)N2CC3CCC2[C@@H]3N)cc2nc(-c3cc4ccc(C5C=CC6=NC(=O)C=C(CO)C6=C5)nc4n3CC3CC3)n(C)c12,1,GCN h_G,42.014381408691406,-0.43665796518325806
188,COc1cc(C(=O)N2CC3CCC2[C@@H]3N)cc2nc(-c3cc4ccc(C5C=CC6=NC(=O)C=C(CO)C6=C5)nc4n3CC3CC3)n(C)c12,1,GCN-CfC final,-54.08711624145508,-4.500899314880371
189,Brc1ccc(-c2csc3[n+]2CCCCC3)cc1.[Br-],0,GCN h_G,-15.465075492858887,-1.7545149326324463
189,Brc1ccc(-c2csc3[n+]2CCCCC3)cc1.[Br-],0,GCN-CfC final,14.156347274780273,2.0464329719543457
190,CCCCCn1c(=O)c2ccccc2n2c(=S)[nH]nc12,0,GCN h_G,-23.081098556518555,5.049720287322998
190,CCCCCn1c(=O)c2ccccc2n2c(=S)[nH]nc12,0,GCN-CfC final,16.24972915649414,0.16170120239257812
191,CN(C)c1ccc2cc(C(=O)N[C@@H](CCCN=C(N)CCl)C(=O)NCc3ccccc3)ccc2c1,1,GCN h_G,3.787897825241089,-3.2990875244140625
191,CN(C)c1ccc2cc(C(=O)N[C@@H](CCCN=C(N)CCl)C(=O)NCc3ccccc3)ccc2c1,1,GCN-CfC final,-15.778115272521973,2.1580169200897217
192,CNc1ccccc(-c2ccc3cc4c(cc3n2)OCO4)c1=O,0,GCN h_G,-5.9132161140441895,7.855321407318115
192,CNc1ccccc(-c2ccc3cc4c(cc3n2)OCO4)c1=O,0,GCN-CfC final,1.4438070058822632,-2.2584686279296875
193,CC(C)NC(=O)CSc1c2c(nc3ccccc13)CCCC2,0,GCN h_G,-14.798909187316895,-2.406041383743286
193,CC(C)NC(=O)CSc1c2c(nc3ccccc13)CCCC2,0,GCN-CfC final,11.547975540161133,3.186643123626709
194,COc1cc(C(=O)N2CC3CCC2[C@@H]3N)cc2nc(-c3cc4ccc(-c5ccc(C(N)=O)c(F)c5)nc4n3CC3CC3)n(C)c12,1,GCN h_G,39.72013854980469,-5.037171840667725
194,COc1cc(C(=O)N2CC3CCC2[C@@H]3N)cc2nc(-c3cc4ccc(-c5ccc(C(N)=O)c(F)c5)nc4n3CC3CC3)n(C)c12,1,GCN-CfC final,-52.424781799316406,-2.275090217590332
195,COC(=O)c1cc(-c2ccc3cc(-c4nc5cc(C(=O)N6C[C@H](N)C[C@@H](F)C6)cc(OC)c5n4C)n(CC4CC4)c3n2)n(C)n1,1,GCN h_G,33.5388069152832,0.7954641580581665
195,COC(=O)c1cc(-c2ccc3cc(-c4nc5cc(C(=O)N6C[C@H](N)C[C@@H](F)C6)cc(OC)c5n4C)n(CC4CC4)c3n2)n(C)n1,1,GCN-CfC final,-39.35580825805664,-2.52842378616333
196,CCn1c(C(=O)NCc2cccnc2)cc2sc(Cl)cc21,0,GCN h_G,-7.811492443084717,5.150346755981445
196,CCn1c(C(=O)NCc2cccnc2)cc2sc(Cl)cc21,0,GCN-CfC final,-9.61108112335205,0.9359103441238403
197,CC(/C=C/c1ccc(N(C)C)cc1)=N/N=C1/NC(=O)CC(C(=O)Nc2ccc(Cl)cc2)S1,0,GCN h_G,-6.123261451721191,-3.3093833923339844
197,CC(/C=C/c1ccc(N(C)C)cc1)=N/N=C1/NC(=O)CC(C(=O)Nc2ccc(Cl)cc2)S1,0,GCN-CfC final,10.7317533493042,4.596002101898193
198,COC(=O)Cc1cnc(NC(=O)CSc2nc(C(C)C)cc(=O)[nH]2)s1,0,GCN h_G,-13.106978416442871,0.29739588499069214
198,COC(=O)Cc1cnc(NC(=O)CSc2nc(C(C)C)cc(=O)[nH]2)s1,0,GCN-CfC final,31.42913246154785,1.8714172840118408
199,O=C(Cc1cccs1)NNC(=S)NC(=O)c1ccc(F)c(F)c1,0,GCN h_G,2.0429258346557617,-2.306854248046875
199,O=C(Cc1cccs1)NNC(=S)NC(=O)c1ccc(F)c(F)c1,0,GCN-CfC final,-12.967312812805176,3.211688756942749
200,COc1cc(C(=O)N2CC3CCC2[C@@H]3N)cc2nc(-c3cc4ccc(-c5ccc6c(c5)C(=O)NCC6)nc4n3CC3CC3)n(C)c12,1,GCN h_G,40.520999908447266,-4.789016246795654
200,COc1cc(C(=O)N2CC3CCC2[C@@H]3N)cc2nc(-c3cc4ccc(-c5ccc6c(c5)C(=O)NCC6)nc4n3CC3CC3)n(C)c12,1,GCN-CfC final,-53.585025787353516,-2.5076916217803955
201,COc1cc(C(=O)N2CC3CCC2[C@@H]3N)cc2nc(-c3cc4ccc(C(C)O)cc4n3CC3CC3)n(Cc3cnn(C)c3)c12,1,GCN h_G,41.30810546875,-10.359203338623047
201,COc1cc(C(=O)N2CC3CCC2[C@@H]3N)cc2nc(-c3cc4ccc(C(C)O)cc4n3CC3CC3)n(Cc3cnn(C)c3)c12,1,GCN-CfC final,-50.795921325683594,1.098299503326416
202,Cc1cc(C)c(Nc2cc(S(=O)(=O)[O-])c(N)c3c2C(=O)c2ccccc2C3=O)c(C)c1.[Na+],0,GCN h_G,-12.877396583557129,-10.228514671325684
202,Cc1cc(C)c(Nc2cc(S(=O)(=O)[O-])c(N)c3c2C(=O)c2ccccc2C3=O)c(C)c1.[Na+],0,GCN-CfC final,-4.235971450805664,9.103423118591309
203,CCCc1c(-c2nc3cc(C(=O)N4CCC[C@@H](N)C4)ccc3n2C)cnn1-c1ccccc1,0,GCN h_G,20.872730255126953,-2.857438087463379
203,CCCc1c(-c2nc3cc(C(=O)N4CCC[C@@H](N)C4)ccc3n2C)cnn1-c1ccccc1,0,GCN-CfC final,-15.975313186645508,1.3932963609695435
204,Cc1ccc(OCCC(=O)NNC(=O)c2cc(C)oc2C)cc1,0,GCN h_G,-7.941747188568115,-4.013921737670898
204,Cc1ccc(OCCC(=O)NNC(=O)c2cc(C)oc2C)cc1,0,GCN-CfC final,26.843603134155273,1.8123587369918823
205,CC1(C)NC(=O)N(CCc2nn[nH]n2)C1=O,1,GCN h_G,6.494359493255615,-2.9196579456329346
205,CC1(C)NC(=O)N(CCc2nn[nH]n2)C1=O,1,GCN-CfC final,-25.392623901367188,-0.7396332025527954
206,CCOC(=O)c1sc(NC(=O)CSc2nc(O)c(Cc3ccccc3)c(=O)[nH]2)nc1C,0,GCN h_G,-11.879518508911133,6.987806797027588
206,CCOC(=O)c1sc(NC(=O)CSc2nc(O)c(Cc3ccccc3)c(=O)[nH]2)nc1C,0,GCN-CfC final,22.556493759155273,0.37813663482666016
207,NS(=O)(=O)c1ccc(S(=O)(=O)c2ccccc2)nc1,0,GCN h_G,-2.8545801639556885,5.6805901527404785
207,NS(=O)(=O)c1ccc(S(=O)(=O)c2ccccc2)nc1,0,GCN-CfC final,7.49311637878418,-2.9025678634643555
208,Nc1nnc2c(n1)CCCC2,0,GCN h_G,-31.748830795288086,0.3648460805416107
208,Nc1nnc2c(n1)CCCC2,0,GCN-CfC final,20.51951789855957,-12.298027038574219
209,O=C(COc1ccccc1)Nc1nc(-c2ccc(S(=O)(=O)N3CCOCC3)cc2)cs1,0,GCN h_G,-14.18813705444336,4.783259391784668
209,O=C(COc1ccccc1)Nc1nc(-c2ccc(S(=O)(=O)N3CCOCC3)cc2)cs1,0,GCN-CfC final,23.423004150390625,2.5721335411071777
210,CN1CN(C)c2ccc([N+](=O)[O-])c3cccc1c23,0,GCN h_G,-13.70306396484375,-8.61487102508545
210,CN1CN(C)c2ccc([N+](=O)[O-])c3cccc1c23,0,GCN-CfC final,-0.7582414150238037,11.729804039001465
211,COc1cc(C(=O)N2C[C@H](N)C[C@@H](F)C2)cc2nc(-c3cc4ccc(-c5ccc6c(c5)C(=O)NCC(=O)N6)nc4n3CC3CC3)n(C)c12,1,GCN h_G,36.584903717041016,0.43335673213005066
211,COc1cc(C(=O)N2C[C@H](N)C[C@@H](F)C2)cc2nc(-c3cc4ccc(-c5ccc6c(c5)C(=O)NCC(=O)N6)nc4n3CC3CC3)n(C)c12,1,GCN-CfC final,-45.94820022583008,-3.6700406074523926
212,CCOC(=O)CSc1cc(C)nc2ccc(OC)cc12,0,GCN h_G,-13.813828468322754,0.4310801029205322
212,CCOC(=O)CSc1cc(C)nc2ccc(OC)cc12,0,GCN-CfC final,26.28892707824707,1.3999766111373901
213,CCc1cc(NC(C)=O)ncc1-c1ccc2cc(-c3nc4cc(C(=O)N5C[C@H](N)C[C@@H](F)C5)cc(OC)c4n3C)n(CC3CC3)c2n1,1,GCN h_G,34.641658782958984,0.21205377578735352
213,CCc1cc(NC(C)=O)ncc1-c1ccc2cc(-c3nc4cc(C(=O)N5C[C@H](N)C[C@@H](F)C5)cc(OC)c4n3C)n(CC3CC3)c2n1,1,GCN-CfC final,-39.20574951171875,-2.0929617881774902
214,O=C(NCc1ccccc1)C(c1ccccc1)N(Cc1cccs1)C(=O)c1cnccn1,0,GCN h_G,1.715025782585144,8.266108512878418
214,O=C(NCc1ccccc1)C(c1ccccc1)N(Cc1cccs1)C(=O)c1cnccn1,0,GCN-CfC final,3.314676523208618,-3.9652862548828125
215,COc1cc(C(=O)N2CC3CCC2[C@@H]3N)cc2nc(-c3cc4ccc(Oc5cc(C)nc(C)c5)nc4n3CC3CC3)n(C)c12,1,GCN h_G,33.51112365722656,-8.125463485717773
215,COc1cc(C(=O)N2CC3CCC2[C@@H]3N)cc2nc(-c3cc4ccc(Oc5cc(C)nc(C)c5)nc4n3CC3CC3)n(C)c12,1,GCN-CfC final,-34.8213005065918,-1.2115572690963745
216,CC(=O)OCc1nc2ccccc2s1,0,GCN h_G,-5.383213043212891,14.882177352905273
216,CC(=O)OCc1nc2ccccc2s1,0,GCN-CfC final,26.04358673095703,6.840017795562744
217,COc1cc(C(=O)N2CC3CCC2[C@@H]3N)cc2nc(-c3cc4ccc(-c5cn(C)nc5-c5ccc(F)cc5)nc4n3CC3CC3)n(C)c12,1,GCN h_G,34.71304702758789,-4.763400554656982
217,COc1cc(C(=O)N2CC3CCC2[C@@H]3N)cc2nc(-c3cc4ccc(-c5cn(C)nc5-c5ccc(F)cc5)nc4n3CC3CC3)n(C)c12,1,GCN-CfC final,-41.51945114135742,1.3202670812606812
218,COc1cc(/C=N/NC(=O)C(=O)/C=C2\NC(C)(C)Cc3ccccc32)ccc1O,0,GCN h_G,3.4293298721313477,-2.4297215938568115
218,COc1cc(/C=N/NC(=O)C(=O)/C=C2\NC(C)(C)Cc3ccccc32)ccc1O,0,GCN-CfC final,-15.878362655639648,3.263723850250244
219,Cc1cc(C)nc(/N=C(\N)Nc2ccc3c(c2)OCCO3)n1,0,GCN h_G,-17.120256423950195,1.989324688911438
219,Cc1cc(C)nc(/N=C(\N)Nc2ccc3c(c2)OCCO3)n1,0,GCN-CfC final,19.642168045043945,-4.005448818206787
220,CCN1CCN(c2ccc(N3CCN(C(=O)c4ccc(Br)o4)CC3)nn2)CC1,0,GCN h_G,-31.561922073364258,-3.824383497238159
220,CCN1CCN(c2ccc(N3CCN(C(=O)c4ccc(Br)o4)CC3)nn2)CC1,0,GCN-CfC final,33.07600402832031,-1.0786941051483154
221,O=C(C1=C[C@H](C2CC2)C[C@H](OCCCCO)O1)N1CCN(Cc2ccc3c(c2)OCO3)CC1,0,GCN h_G,-25.092939376831055,-1.49929678440094
221,O=C(C1=C[C@H](C2CC2)C[C@H](OCCCCO)O1)N1CCN(Cc2ccc3c(c2)OCO3)CC1,0,GCN-CfC final,19.21212387084961,-8.53908920288086
222,COc1cc(C(=O)N2C[C@H]3CC[C@@H]2[C@@H]3N)cc2nc(-c3ccc(C#N)n3CC3CC3)n([C@@H](C)c3ccccn3)c12,0,GCN h_G,26.2911376953125,-2.330535650253296
222,COc1cc(C(=O)N2C[C@H]3CC[C@@H]2[C@@H]3N)cc2nc(-c3ccc(C#N)n3CC3CC3)n([C@@H](C)c3ccccn3)c12,0,GCN-CfC final,-29.355735778808594,-1.2106175422668457
223,COc1cccc(CNS(=O)(=O)c2c(C)[nH]c(C)c2C(=O)N2CCCCC2)c1,0,GCN h_G,-22.40373420715332,-1.792637586593628
223,COc1cccc(CNS(=O)(=O)c2c(C)[nH]c(C)c2C(=O)N2CCCCC2)c1,0,GCN-CfC final,17.494224548339844,-7.575397491455078
224,COc1cc(-c2ccc3cc(-c4nc5cc(C(=O)N6C[C@H]7CC[C@@H]6[C@@H]7N)cc(OC)c5n4C)n(CC4CC4)c3n2)ccc1F,1,GCN h_G,29.673887252807617,-1.9874075651168823
224,COc1cc(-c2ccc3cc(-c4nc5cc(C(=O)N6C[C@H]7CC[C@@H]6[C@@H]7N)cc(OC)c5n4C)n(CC4CC4)c3n2)ccc1F,1,GCN-CfC final,-33.707096099853516,-2.6498570442199707
225,COc1cc(C(=O)N2CC3CCC2[C@@H]3N)cc2nc(-c3cc4ccc(N5CC6(CCS6(=O)=O)C5)cc4n3CC3CC3)n(C)c12,1,GCN h_G,42.79067611694336,4.396152019500732
225,COc1cc(C(=O)N2CC3CCC2[C@@H]3N)cc2nc(-c3cc4ccc(N5CC6(CCS6(=O)=O)C5)cc4n3CC3CC3)n(C)c12,1,GCN-CfC final,-46.598609924316406,2.1962404251098633
226,COc1cc(C(=O)N2C[C@H](N)C[C@@H](F)C2)cc2nc(-c3cc4ccc(-c5ccn6nc(C)cc6n5)nc4n3CC3CC3)n(C)c12,1,GCN h_G,32.50649642944336,1.0925732851028442
226,COc1cc(C(=O)N2C[C@H](N)C[C@@H](F)C2)cc2nc(-c3cc4ccc(-c5ccn6nc(C)cc6n5)nc4n3CC3CC3)n(C)c12,1,GCN-CfC final,-38.76841735839844,-3.051140069961548
227,CC1CCN(C(=O)C2CCN(S(=O)(=O)c3cccc4nonc34)CC2)CC1,0,GCN h_G,-24.996244430541992,-2.82132887840271
227,CC1CCN(C(=O)C2CCN(S(=O)(=O)c3cccc4nonc34)CC2)CC1,0,GCN-CfC final,27.095947265625,-5.533718109130859
228,COc1cc(C(=O)N2CC3CCC2[C@@H]3N)cc2nc(-c3cc4ccc(N5CCNCC5=O)cc4n3CC3CC3)n(C)c12,1,GCN h_G,42.2046012878418,-7.148549556732178
228,COc1cc(C(=O)N2CC3CCC2[C@@H]3N)cc2nc(-c3cc4ccc(N5CCNCC5=O)cc4n3CC3CC3)n(C)c12,1,GCN-CfC final,-54.755062103271484,-2.6171507835388184
229,COc1ccc(-n2c(CNC(=O)c3ccc(S(=O)(=O)N4CCCC4)cc3)n[nH]c2=S)cc1,0,GCN h_G,-13.96528434753418,3.789912462234497
229,COc1ccc(-n2c(CNC(=O)c3ccc(S(=O)(=O)N4CCCC4)cc3)n[nH]c2=S)cc1,0,GCN-CfC final,5.8733062744140625,2.147447347640991
230,CC(=O)c1ccccc1NC(=O)CC1(CC(=O)O)CCCCC1,0,GCN h_G,-26.20932388305664,1.8904104232788086
230,CC(=O)c1ccccc1NC(=O)CC1(CC(=O)O)CCCCC1,0,GCN-CfC final,16.707721710205078,-4.955946445465088
231,COc1cc(C(=O)NC(C)C2CC3CCC2C3)cc(OC)c1OC,0,GCN h_G,30.092519760131836,-6.563502311706543
231,COc1cc(C(=O)NC(C)C2CC3CCC2C3)cc(OC)c1OC,0,GCN-CfC final,-27.118392944335938,-2.276716470718384
232,COc1cc(C(=O)N2CC3CCC2[C@@H]3N)cc2nc(-c3cc4ccc(Nc5cc(=O)[nH]cn5)nc4n3CC3CC3)n(C)c12,1,GCN h_G,35.103946685791016,-8.285698890686035
232,COc1cc(C(=O)N2CC3CCC2[C@@H]3N)cc2nc(-c3cc4ccc(Nc5cc(=O)[nH]cn5)nc4n3CC3CC3)n(C)c12,1,GCN-CfC final,-40.75765609741211,-0.18510323762893677
233,O=C(N/C(=C/c1ccccc1F)C(=O)N1CCCCC1)c1ccccc1,0,GCN h_G,-0.7357997298240662,-2.783292531967163
233,O=C(N/C(=C/c1ccccc1F)C(=O)N1CCCCC1)c1ccccc1,0,GCN-CfC final,-1.3673181533813477,1.7271472215652466
234,O=C(COC(=O)c1ccc([N+](=O)[O-])s1)NNC(=O)c1ccccc1,0,GCN h_G,-10.81410026550293,10.88692855834961
234,O=C(COC(=O)c1ccc([N+](=O)[O-])s1)NNC(=O)c1ccccc1,0,GCN-CfC final,23.243656158447266,1.3846213817596436
235,Cn1c2c(c(=O)n(C)c1=O)C(CC(=O)Nc1ccccc1F)C(=O)N2,0,GCN h_G,-15.262683868408203,-6.454628944396973
235,Cn1c2c(c(=O)n(C)c1=O)C(CC(=O)Nc1ccccc1F)C(=O)N2,0,GCN-CfC final,7.528549671173096,5.0737199783325195
236,O=C(COc1ccccc1)N/N=C/c1sc(=O)n(Cc2cccc(C(=O)O)c2)c1Cl,0,GCN h_G,-10.828643798828125,8.787571907043457
236,O=C(COc1ccccc1)N/N=C/c1sc(=O)n(Cc2cccc(C(=O)O)c2)c1Cl,0,GCN-CfC final,15.128702163696289,-2.360827684402466
237,CCN(CC)C(=S)SCC(=O)c1ccc(F)cc1,0,GCN h_G,-20.54559326171875,-3.235621452331543
237,CCN(CC)C(=S)SCC(=O)c1ccc(F)cc1,0,GCN-CfC final,17.54545783996582,-6.826188087463379
238,O=C(NC(=S)NNC(=O)c1ccccc1[N+](=O)[O-])c1ccc(Br)cc1,0,GCN h_G,-1.718894362449646,8.95600414276123
238,O=C(NC(=S)NNC(=O)c1ccccc1[N+](=O)[O-])c1ccc(Br)cc1,0,GCN-CfC final,10.156205177307129,-0.7745252251625061
239,CCn1c(SCC(=O)NC2=NCCS2)nnc1C(C)NC(=O)c1ccccc1F,0,GCN h_G,-12.309357643127441,2.6752846240997314
239,CCn1c(SCC(=O)NC2=NCCS2)nnc1C(C)NC(=O)c1ccccc1F,0,GCN-CfC final,5.624927997589111,3.353224515914917
240,COc1cc(C(=O)N2CC3CCC2[C@@H]3N)cc2nc(-c3cc4ccc(-c5cnc(NC(C)=O)cc5Cl)nc4n3CC3CC3)n(C)c12,1,GCN h_G,35.79288101196289,-6.462545394897461
240,COc1cc(C(=O)N2CC3CCC2[C@@H]3N)cc2nc(-c3cc4ccc(-c5cnc(NC(C)=O)cc5Cl)nc4n3CC3CC3)n(C)c12,1,GCN-CfC final,-40.70185852050781,-0.940152645111084
241,COc1cc(C(=O)N2C[C@H](N)C[C@@H](F)C2)cc2nc(-c3cc4ccc(C5=CC(C(F)(F)F)=CC6=NC(=O)NC56)nc4n3CC3CC3)n(C)c12,1,GCN h_G,40.405784606933594,0.7343083620071411
241,COc1cc(C(=O)N2C[C@H](N)C[C@@H](F)C2)cc2nc(-c3cc4ccc(C5=CC(C(F)(F)F)=CC6=NC(=O)NC56)nc4n3CC3CC3)n(C)c12,1,GCN-CfC final,-47.90291976928711,-5.115849494934082
242,CCCc1cc2c(=O)c(-c3ccccn3)c(C)oc2cc1O,0,GCN h_G,-8.279943466186523,-10.480460166931152
242,CCCc1cc2c(=O)c(-c3ccccn3)c(C)oc2cc1O,0,GCN-CfC final,0.6019234657287598,-1.7184520959854126
243,O=C(NCc1csc(-c2cccs2)n1)C1CCC1,0,GCN h_G,0.5199171304702759,-9.682601928710938
243,O=C(NCc1csc(-c2cccs2)n1)C1CCC1,0,GCN-CfC final,18.767099380493164,0.5700930953025818
244,Cc1cc(/C=C(\C#N)c2nnc(N3CCOCC3)n2-c2ccccc2)c(C)n1-c1ccccc1,0,GCN h_G,-12.64231014251709,-4.951259136199951
244,Cc1cc(/C=C(\C#N)c2nnc(N3CCOCC3)n2-c2ccccc2)c(C)n1-c1ccccc1,0,GCN-CfC final,7.846767425537109,7.4745659828186035
245,COC1=CC(=O)c2ccccc2C1=O,0,GCN h_G,3.7830870151519775,-5.725549697875977
245,COC1=CC(=O)c2ccccc2C1=O,0,GCN-CfC final,-16.637020111083984,2.7646169662475586
246,COC(=O)c1ccc(NC(=O)CSc2nc3cccnc3n2C)cc1,0,GCN h_G,-8.882137298583984,3.1153817176818848
246,COC(=O)c1ccc(NC(=O)CSc2nc3cccnc3n2C)cc1,0,GCN-CfC final,5.072239875793457,0.3315979838371277
247,COC(=O)CNC(=O)COc1ccc(-c2ccc3cc(-c4nc5cc(C(=O)N6CC7CCC6[C@@H]7N)cc(OC)c5n4C)n(CC4CC4)c3n2)cc1,1,GCN h_G,31.93205451965332,-6.5409417152404785
247,COC(=O)CNC(=O)COc1ccc(-c2ccc3cc(-c4nc5cc(C(=O)N6CC7CCC6[C@@H]7N)cc(OC)c5n4C)n(CC4CC4)c3n2)cc1,1,GCN-CfC final,-34.789520263671875,-1.7320481538772583
248,O=C1CCN2C=Nc3cccc4ccc1c2c34,0,GCN h_G,-15.645650863647461,-10.872608184814453
248,O=C1CCN2C=Nc3cccc4ccc1c2c34,0,GCN-CfC final,-8.682238578796387,6.926364898681641
249,O=C(O)CCSc1ccc([N+](=O)[O-])cc1[N+](=O)[O-],0,GCN h_G,-15.795578956604004,10.946956634521484
249,O=C(O)CCSc1ccc([N+](=O)[O-])cc1[N+](=O)[O-],0,GCN-CfC final,33.20969772338867,2.763577699661255
250,COc1cc(C(=O)N2C[C@H](N)C[C@@H](F)C2)cc2nc(-c3cc4ccc(-c5ccc(N6CCCC6=O)cc5)nc4n3CC3CC3)n(C)c12,1,GCN h_G,32.554595947265625,-0.534703254699707
250,COc1cc(C(=O)N2C[C@H](N)C[C@@H](F)C2)cc2nc(-c3cc4ccc(-c5ccc(N6CCCC6=O)cc5)nc4n3CC3CC3)n(C)c12,1,GCN-CfC final,-37.748252868652344,-2.0641403198242188
251,Cc1cc(OCC(=O)N2CCOCC2)ccc1NC(=O)c1ccccc1C,0,GCN h_G,-18.10472869873047,-2.4587202072143555
251,Cc1cc(OCC(=O)N2CCOCC2)ccc1NC(=O)c1ccccc1C,0,GCN-CfC final,26.502483367919922,0.08582659810781479
252,CCc1c(O)nc(SCc2nc3ccccc3c(=O)[nH]2)[nH]c1=O,0,GCN h_G,-11.126975059509277,7.473555088043213
252,CCc1c(O)nc(SCc2nc3ccccc3c(=O)[nH]2)[nH]c1=O,0,GCN-CfC final,26.653797149658203,6.886648178100586
253,COC(=O)C1=C(N)Oc2cc(N(C)C)ccc2C1c1ccccc1OC,0,GCN h_G,-12.701395034790039,-9.701403617858887
253,COC(=O)C1=C(N)Oc2cc(N(C)C)ccc2C1c1ccccc1OC,0,GCN-CfC final,-4.170562744140625,8.645221710205078
254,Cc1ccc(C2CC(=O)Oc3cc(O)ccc32)cc1,0,GCN h_G,-7.510590076446533,-5.558568000793457
254,Cc1ccc(C2CC(=O)Oc3cc(O)ccc32)cc1,0,GCN-CfC final,27.546640396118164,1.7585617303848267
255,Cc1ccc(C)c(-n2nnnc2SCC(=O)Nc2cccc(-c3nnc4n3CCCCC4)c2)c1,0,GCN h_G,-14.316064834594727,-1.3322502374649048
255,Cc1ccc(C)c(-n2nnnc2SCC(=O)Nc2cccc(-c3nnc4n3CCCCC4)c2)c1,0,GCN-CfC final,15.002284049987793,1.2267286777496338
256,Cc1csc(CNc2ncnc3ccc(-c4ccc5c(c4)OCO5)cc23)c1,0,GCN h_G,-6.954273223876953,6.522202968597412
256,Cc1csc(CNc2ncnc3ccc(-c4ccc5c(c4)OCO5)cc23)c1,0,GCN-CfC final,-6.944377422332764,1.5183731317520142
257,COc1cc(C(=O)N2C[C@H](N)C[C@@H](F)C2)cc2nc(-c3cc4ccc(-c5cnc(C#N)nc5)nc4n3CC3CC3)n(C)c12,1,GCN h_G,37.228816986083984,1.8000074625015259
257,COc1cc(C(=O)N2C[C@H](N)C[C@@H](F)C2)cc2nc(-c3cc4ccc(-c5cnc(C#N)nc5)nc4n3CC3CC3)n(C)c12,1,GCN-CfC final,-50.348777770996094,-4.329348087310791
258,COC(=O)C(Cc1csc2ccc(Cl)cc12)NC(=O)c1ccc(Cl)cc1,0,GCN h_G,-5.512144565582275,4.280627727508545
258,COC(=O)C(Cc1csc2ccc(Cl)cc12)NC(=O)c1ccc(Cl)cc1,0,GCN-CfC final,1.8973209857940674,-0.48183465003967285
259,CCN1C(=NCc2ccco2)N[C@@H](c2cccc(F)c2)C(C(=O)OC)=C1C,0,GCN h_G,-10.628658294677734,-8.112381935119629
259,CCN1C(=NCc2ccco2)N[C@@H](c2cccc(F)c2)C(C(=O)OC)=C1C,0,GCN-CfC final,1.881486177444458,3.7307498455047607
260,CC1(C)CC(=O)c2c(O)cc(OCC(=O)Nc3ccc(S(N)(=O)=O)cc3)cc2O1,0,GCN h_G,-15.559642791748047,5.866001129150391
260,CC1(C)CC(=O)c2c(O)cc(OCC(=O)Nc3ccc(S(N)(=O)=O)cc3)cc2O1,0,GCN-CfC final,-0.9582050442695618,5.398180961608887
261,Cc1c(C(c2cccs2)c2c(C)n(C)n(-c3ccccc3)c2=O)c(=O)n(-c2ccccc2)n1C,0,GCN h_G,5.659295082092285,13.709025382995605
261,Cc1c(C(c2cccs2)c2c(C)n(C)n(-c3ccccc3)c2=O)c(=O)n(-c2ccccc2)n1C,0,GCN-CfC final,16.83070182800293,8.57866096496582
262,Cn1c(-n2nccc2-c2ccccc2)nc2cc(C(=O)N3CCC[C@@H](N)C3)ccc21,0,GCN h_G,20.307737350463867,-2.76603102684021
262,Cn1c(-n2nccc2-c2ccccc2)nc2cc(C(=O)N3CCC[C@@H](N)C3)ccc21,0,GCN-CfC final,-14.482993125915527,1.25267493724823
263,Cc1ccc(C(C)NC(=O)Cc2cccs2)cc1C,0,GCN h_G,-6.001838207244873,-5.098575115203857
263,Cc1ccc(C(C)NC(=O)Cc2cccs2)cc1C,0,GCN-CfC final,15.005561828613281,7.97188663482666
264,COc1ccccc1CCC(=O)Nc1cc(S(=O)(=O)N2CCCCC2)ccc1N1CCN(C)CC1,0,GCN h_G,-24.1069278717041,-1.4306656122207642
264,COc1ccccc1CCC(=O)Nc1cc(S(=O)(=O)N2CCCCC2)ccc1N1CCN(C)CC1,0,GCN-CfC final,18.266559600830078,-7.527441501617432
265,CC(C)CN1Cc2ccccc2Oc2cc(Br)ccc2S1(=O)=O,0,GCN h_G,-8.960000038146973,13.1384859085083
265,CC(C)CN1Cc2ccccc2Oc2cc(Br)ccc2S1(=O)=O,0,GCN-CfC final,30.531728744506836,3.9874439239501953
266,CCN(CC)S(=O)(=O)c1cc(C(=O)Oc2cccc(-c3cnc4ccccc4n3)c2)ccc1OC,0,GCN h_G,-5.2540459632873535,7.274800777435303
266,CCN(CC)S(=O)(=O)c1cc(C(=O)Oc2cccc(-c3cnc4ccccc4n3)c2)ccc1OC,0,GCN-CfC final,9.0181245803833,-3.561077833175659
267,CCOc1ccc(C(=O)N/N=C/c2cccc3cccnc23)cc1,0,GCN h_G,2.309407949447632,5.983669281005859
267,CCOc1ccc(C(=O)N/N=C/c2cccc3cccnc23)cc1,0,GCN-CfC final,-2.5347800254821777,-1.6178852319717407
268,CC1(c2nnc(-c3cccc(Cl)c3)o2)CC(c2ccc(C#N)cc2)=NO1,0,GCN h_G,-8.052464485168457,2.8443939685821533
268,CC1(c2nnc(-c3cccc(Cl)c3)o2)CC(c2ccc(C#N)cc2)=NO1,0,GCN-CfC final,4.810218811035156,1.7276140451431274
269,O=C(NC(=S)N(Cc1ccccc1)c1ccccn1)C1CC1,0,GCN h_G,0.42815253138542175,8.164344787597656
269,O=C(NC(=S)N(Cc1ccccc1)c1ccccn1)C1CC1,0,GCN-CfC final,10.451041221618652,-0.1421678066253662
270,O=C(Nc1ccc(S(=O)(=O)Nc2nccs2)cc1)C1CC(=O)N(c2ccc(Cl)cc2)C1,0,GCN h_G,-4.137814521789551,4.972382068634033
270,O=C(Nc1ccc(S(=O)(=O)Nc2nccs2)cc1)C1CC(=O)N(c2ccc(Cl)cc2)C1,0,GCN-CfC final,9.466615676879883,-0.8556349873542786
271,CCCCN(Cc1ccco1)C(=O)Cn1ncc2c(=O)oc3ccc(C)cc3c21,0,GCN h_G,-22.47736167907715,1.4896676540374756
271,CCCCN(Cc1ccco1)C(=O)Cn1ncc2c(=O)oc3ccc(C)cc3c21,0,GCN-CfC final,28.35738754272461,-1.2729932069778442
272,COc1cc(C(=O)N2C[C@H](N)C[C@@H](F)C2)cc2nc(-c3cc4ccc(-c5ccc(C(N)=O)nc5C)nc4n3CC3CC3)n(C)c12,1,GCN h_G,34.529693603515625,0.9239738583564758
272,COc1cc(C(=O)N2C[C@H](N)C[C@@H](F)C2)cc2nc(-c3cc4ccc(-c5ccc(C(N)=O)nc5C)nc4n3CC3CC3)n(C)c12,1,GCN-CfC final,-42.66496276855469,-3.1410391330718994
273,Cc1sc2nc(SCc3nc(-c4cccs4)no3)n(-c3ccccc3)c(=O)c2c1C,0,GCN h_G,-6.339844703674316,15.303253173828125
273,Cc1sc2nc(SCc3nc(-c4cccs4)no3)n(-c3ccccc3)c(=O)c2c1C,0,GCN-CfC final,25.883569717407227,7.278852462768555
274,COC(=O)C1=C(C(=O)OC)C(c2ccc(OC)c(OC)c2)c2sc(=O)[nH]c2S1,0,GCN h_G,-12.619978904724121,-12.598332405090332
274,COC(=O)C1=C(C(=O)OC)C(c2ccc(OC)c(OC)c2)c2sc(=O)[nH]c2S1,0,GCN-CfC final,1.3052010536193848,6.703017711639404
275,COc1cc(C(=O)N2C[C@H](N)C[C@@H](F)C2)cc2nc(-c3cc4ccc(-c5cccc(O)c5Cl)nc4n3CC3CC3)n(C)c12,1,GCN h_G,33.27778625488281,2.505507707595825
275,COc1cc(C(=O)N2C[C@H](N)C[C@@H](F)C2)cc2nc(-c3cc4ccc(-c5cccc(O)c5Cl)nc4n3CC3CC3)n(C)c12,1,GCN-CfC final,-40.994239807128906,-1.8548798561096191
276,Cc1c(-c2cc3cccc(Cl)c3n2Cc2ccc(F)cc2)nc2cc(C(=O)N3CCC[C@@H](N)C3)ccn12,1,GCN h_G,25.923635482788086,-3.9212582111358643
276,Cc1c(-c2cc3cccc(Cl)c3n2Cc2ccc(F)cc2)nc2cc(C(=O)N3CCC[C@@H](N)C3)ccn12,1,GCN-CfC final,-30.042530059814453,-2.0579147338867188
277,CCOc1c(Br)cc(CNc2ccc(N3CCOCC3)cc2)cc1OC,0,GCN h_G,-18.051898956298828,1.898716688156128
277,CCOc1c(Br)cc(CNc2ccc(N3CCOCC3)cc2)cc1OC,0,GCN-CfC final,19.368318557739258,-4.417356491088867
278,CC(C)(C)OC(=O)NCCC(=O)N/N=C/c1cccc2nccnc12,0,GCN h_G,5.280602931976318,-2.3046839237213135
278,CC(C)(C)OC(=O)NCCC(=O)N/N=C/c1cccc2nccnc12,0,GCN-CfC final,-13.059720039367676,3.8182730674743652
279,CC(CNC(=O)C1CCCCC1C(=O)O)c1ccccc1,0,GCN h_G,-22.958412170410156,9.117219924926758
279,CC(CNC(=O)C1CCCCC1C(=O)O)c1ccccc1,0,GCN-CfC final,10.103470802307129,6.14785623550415
280,COC(=O)c1cc(C(=O)OCC(=O)NCc2cccs2)cc([N+](=O)[O-])c1,0,GCN h_G,-14.52710247039795,7.932598114013672
280,COC(=O)c1cc(C(=O)OCC(=O)NCc2cccs2)cc([N+](=O)[O-])c1,0,GCN-CfC final,14.050384521484375,-3.490338087081909
281,CCCCCCCCCCCCN1[C@@H](CC(=O)O)c2cc(C(F)(F)F)ccc2S1(=O)=O,0,GCN h_G,-25.497831344604492,-0.86871737241745
281,CCCCCCCCCCCCN1[C@@H](CC(=O)O)c2cc(C(F)(F)F)ccc2S1(=O)=O,0,GCN-CfC final,22.81199836730957,-7.867831707000732
282,CCOC(=O)N1CCN(C(=O)c2c(-c3ccccc3)noc2C)CC1,0,GCN h_G,-28.578271865844727,-2.489375591278076
282,CCOC(=O)N1CCN(C(=O)c2c(-c3ccccc3)noc2C)CC1,0,GCN-CfC final,28.66606903076172,-3.3810739517211914
283,CCn1c(N)[n+](CC(=O)Nc2ccc(SC(F)F)cc2)c2ccccc21.[Cl-],0,GCN h_G,18.029550552368164,-2.3343565464019775
283,CCn1c(N)[n+](CC(=O)Nc2ccc(SC(F)F)cc2)c2ccccc21.[Cl-],0,GCN-CfC final,-14.648445129394531,1.2863215208053589
284,CC1=CC(=O)C2=C(C)CC[C@@H]3[C@H](OC(=O)[C@H]3C)[C@@H]12,0,GCN h_G,-18.763408660888672,-12.910405158996582
284,CC1=CC(=O)C2=C(C)CC[C@@H]3[C@H](OC(=O)[C@H]3C)[C@@H]12,0,GCN-CfC final,-3.2995176315307617,11.599845886230469
285,CC(C)CCOc1cccc(OCC(=O)NC2CCS(=O)(=O)C2)c1,0,GCN h_G,-19.47922134399414,9.122003555297852
285,CC(C)CCOc1cccc(OCC(=O)NC2CCS(=O)(=O)C2)c1,0,GCN-CfC final,13.275522232055664,-5.492116451263428
286,NNC(=O)c1ccc(N2CCc3ccccc32)c([N+](=O)[O-])c1,0,GCN h_G,0.04655258730053902,-4.5505242347717285
286,NNC(=O)c1ccc(N2CCc3ccccc32)c([N+](=O)[O-])c1,0,GCN-CfC final,-13.66386604309082,2.7173919677734375
287,COc1cc(C(=O)N2CC3CCC2[C@@H]3N)cc2nc(-c3cc4ccc(C5CNNC5OC)nc4n3CC3CC3)n(C)c12,1,GCN h_G,41.23859405517578,-9.7117280960083
287,COc1cc(C(=O)N2CC3CCC2[C@@H]3N)cc2nc(-c3cc4ccc(C5CNNC5OC)nc4n3CC3CC3)n(C)c12,1,GCN-CfC final,-52.27479934692383,-5.3519673347473145
288,CCOc1ccc(N2C(=O)/C(=C/c3cc(OC)c(OC)c(OC)c3)N(CC(=O)OC)C2=S)cc1,0,GCN h_G,-13.231399536132812,-12.909605026245117
288,CCOc1ccc(N2C(=O)/C(=C/c3cc(OC)c(OC)c(OC)c3)N(CC(=O)OC)C2=S)cc1,0,GCN-CfC final,-0.5708032250404358,6.528997421264648
289,CN(C)S(=O)(=O)c1cc(NC(=O)CN2CCN(c3ccccc3O)CC2)ccc1Cl,0,GCN h_G,-19.40540313720703,4.526003360748291
289,CN(C)S(=O)(=O)c1cc(NC(=O)CN2CCN(c3ccccc3O)CC2)ccc1Cl,0,GCN-CfC final,23.20142364501953,-1.6647603511810303
290,CNC(=O)NC1CCCCc2sccc21,0,GCN h_G,-23.141281127929688,11.609014511108398
290,CNC(=O)NC1CCCCc2sccc21,0,GCN-CfC final,-10.131552696228027,3.419588804244995
291,CC1(OC(=O)C2CCCC2)C(=O)C=C2C=C(c3ccsc3)N(CC3CC3)C=C2C1=O,0,GCN h_G,-15.465535163879395,-14.499285697937012
291,CC1(OC(=O)C2CCCC2)C(=O)C=C2C=C(c3ccsc3)N(CC3CC3)C=C2C1=O,0,GCN-CfC final,-12.432536125183105,6.819150447845459
292,COc1ccc(Oc2nnnn2-c2ccccc2)cc1,0,GCN h_G,-3.0028629302978516,14.328695297241211
292,COc1ccc(Oc2nnnn2-c2ccccc2)cc1,0,GCN-CfC final,29.890480041503906,6.688511848449707
293,COc1cc(C(=O)N2CC3CCC2[C@@H]3N)cc2nc(-c3cc4ccc(-c5cnn(C)c5-c5ccc(F)cc5)nc4n3CC3CC3)n(C)c12,1,GCN h_G,34.73345184326172,-4.712556838989258
293,COc1cc(C(=O)N2CC3CCC2[C@@H]3N)cc2nc(-c3cc4ccc(-c5cnn(C)c5-c5ccc(F)cc5)nc4n3CC3CC3)n(C)c12,1,GCN-CfC final,-41.63726806640625,1.475671648979187
294,CC(C)OCCCNC(=O)C1CC(=O)N(C2CCCCCCC2)C1,0,GCN h_G,-27.488449096679688,-8.234827995300293
294,CC(C)OCCCNC(=O)C1CC(=O)N(C2CCCCCCC2)C1,0,GCN-CfC final,25.090007781982422,-4.995214939117432
295,COc1ccc(-n2c(C)n[nH]c2=O)cc1OC,0,GCN h_G,-9.054471015930176,6.187094211578369
295,COc1ccc(-n2c(C)n[nH]c2=O)cc1OC,0,GCN-CfC final,3.958186626434326,0.40748319029808044
296,COc1cc(C(=O)N2CC3CCC2[C@@H]3N)cc2nc(-c3cc4ccc(C5CNC(=O)NC5=O)nc4n3CC3CC3)n(C)c12,1,GCN h_G,41.683570861816406,-8.637877464294434
296,COc1cc(C(=O)N2CC3CCC2[C@@H]3N)cc2nc(-c3cc4ccc(C5CNC(=O)NC5=O)nc4n3CC3CC3)n(C)c12,1,GCN-CfC final,-53.13706970214844,-4.7113728523254395
297,Cc1ccc(CC(CC(=O)NCCc2ccc3c(c2)OCO3)C(=O)O)cc1,0,GCN h_G,-20.66078758239746,8.985353469848633
297,Cc1ccc(CC(CC(=O)NCCc2ccc3c(c2)OCO3)C(=O)O)cc1,0,GCN-CfC final,20.37830352783203,-2.995976448059082
298,O=C(CSc1nnc(CNc2ccc(Cl)cc2)n1Cc1ccccc1)NCc1ccco1,0,GCN h_G,-4.45106840133667,11.738051414489746
298,O=C(CSc1nnc(CNc2ccc(Cl)cc2)n1Cc1ccccc1)NCc1ccco1,0,GCN-CfC final,23.700654983520508,5.80903434753418
299,Cc1ccc(S(=O)(=O)NNC(=O)C(=O)NNc2ccccn2)cc1,0,GCN h_G,1.5135422945022583,3.676652431488037
299,Cc1ccc(S(=O)(=O)NNC(=O)C(=O)NNc2ccccn2)cc1,0,GCN-CfC final,7.278616428375244,-1.7335309982299805
300,CCOC(=O)c1[nH]c2ccc(F)cc2c1NC(=O)c1cc(OC)c(OC)c(OC)c1,0,GCN h_G,-9.802672386169434,-13.338321685791016
300,CCOC(=O)c1[nH]c2ccc(F)cc2c1NC(=O)c1cc(OC)c(OC)c(OC)c1,0,GCN-CfC final,-11.934237480163574,4.252053737640381
301,COc1cc(C(=O)N2CC3CCC2C3)cc2nc(-c3cc4ccc(N(C)C)cc4n3CC3CC3)n(C)c12,1,GCN h_G,30.293004989624023,-4.0215301513671875
301,COc1cc(C(=O)N2CC3CCC2C3)cc2nc(-c3cc4ccc(N(C)C)cc4n3CC3CC3)n(C)c12,1,GCN-CfC final,-32.61412811279297,-2.489243268966675
302,CCOc1ccc2nc(N/C(N)=N/C(=S)Nc3ccc(C)c(C)c3)nc(C)c2c1,0,GCN h_G,-6.846756935119629,-2.278641939163208
302,CCOc1ccc2nc(N/C(N)=N/C(=S)Nc3ccc(C)c(C)c3)nc(C)c2c1,0,GCN-CfC final,10.063206672668457,4.068507671356201
303,CCOc1cc(/C=C\c2[nH]c(=O)[nH]c(=O)c2[N+](=O)[O-])ccc1OC(C)CC,0,GCN h_G,-16.253522872924805,9.971414566040039
303,CCOc1cc(/C=C\c2[nH]c(=O)[nH]c(=O)c2[N+](=O)[O-])ccc1OC(C)CC,0,GCN-CfC final,32.334510803222656,2.377784013748169
304,Cc1nc(SCC(=O)N(C)C2(C#N)CCCCC2)c2ccccc2n1,0,GCN h_G,-27.017147064208984,-2.6116387844085693
304,Cc1nc(SCC(=O)N(C)C2(C#N)CCCCC2)c2ccccc2n1,0,GCN-CfC final,27.58030891418457,-3.8567898273468018
305,Cc1noc(C(F)(F)F)c1C(=O)NNC(=O)c1ccccc1,0,GCN h_G,-4.992887496948242,2.32395339012146
305,Cc1noc(C(F)(F)F)c1C(=O)NNC(=O)c1ccccc1,0,GCN-CfC final,-3.738741636276245,2.442803382873535
306,COc1cc(C(=O)N2C[C@H](N)C[C@@H](F)C2)cc2nc(-c3cc4ccc(-c5ccc(C(N)=O)cc5Cl)nc4n3CC3CC3)n(C)c12,1,GCN h_G,34.52927780151367,1.7420541048049927
306,COc1cc(C(=O)N2C[C@H](N)C[C@@H](F)C2)cc2nc(-c3cc4ccc(-c5ccc(C(N)=O)cc5Cl)nc4n3CC3CC3)n(C)c12,1,GCN-CfC final,-43.013465881347656,-2.9903526306152344
307,COC(=O)c1cc(-c2ccc3cc(-c4nc5cc(C(=O)N6CC7CCC6[C@@H]7N)cc(OC)c5n4C)n(CC4CC4)c3n2)n(C)n1,1,GCN h_G,36.17399215698242,-5.55475378036499
307,COC(=O)c1cc(-c2ccc3cc(-c4nc5cc(C(=O)N6CC7CCC6[C@@H]7N)cc(OC)c5n4C)n(CC4CC4)c3n2)n(C)n1,1,GCN-CfC final,-42.08671951293945,-0.9145702123641968
308,Cc1cc2cc(CNC(=O)c3cccs3)ccc2n1C,0,GCN h_G,6.4151997566223145,6.202469348907471
308,Cc1cc2cc(CNC(=O)c3cccs3)ccc2n1C,0,GCN-CfC final,-7.789185523986816,-1.295313835144043
309,C=CCSc1nnc(CNC(=O)c2ccc(Cl)cc2)n1CC,0,GCN h_G,-11.814512252807617,2.8038504123687744
309,C=CCSc1nnc(CNC(=O)c2ccc(Cl)cc2)n1CC,0,GCN-CfC final,15.053947448730469,0.3336150050163269
310,O=C(NC1CCCC1)NS(=O)(=O)c1ccccc1Cl,0,GCN h_G,-2.939356803894043,3.7365362644195557
310,O=C(NC1CCCC1)NS(=O)(=O)c1ccccc1Cl,0,GCN-CfC final,-0.8636418581008911,3.2906463146209717
311,CC(=O)Nc1ccc2c(c1)CCCC2,0,GCN h_G,-23.56426429748535,10.321425437927246
311,CC(=O)Nc1ccc2c(c1)CCCC2,0,GCN-CfC final,-9.630142211914062,3.8449463844299316
312,Cc1ccc2c(CN3CCOCC3)cc(=O)oc2c1C,0,GCN h_G,-24.469738006591797,-6.562352180480957
312,Cc1ccc2c(CN3CCOCC3)cc(=O)oc2c1C,0,GCN-CfC final,27.462682723999023,-2.374887704849243
313,CC(=O)NCCNC(=O)CCNC(=O)c1ccc(Cl)cc1,0,GCN h_G,1.8827019929885864,-2.355854034423828
313,CC(=O)NCCNC(=O)CCNC(=O)c1ccc(Cl)cc1,0,GCN-CfC final,-11.447135925292969,3.106555223464966
314,COc1cc(C(=O)N2CC3CCC2[C@@H]3N)cc2nc(-c3cc4ccc(C5=CC=CC6=NC(=O)C=CC56)nc4n3CC3CC3)n(C)c12,1,GCN h_G,42.092227935791016,-0.9053858518600464
314,COc1cc(C(=O)N2CC3CCC2[C@@H]3N)cc2nc(-c3cc4ccc(C5=CC=CC6=NC(=O)C=CC56)nc4n3CC3CC3)n(C)c12,1,GCN-CfC final,-55.89101028442383,-3.363675832748413
315,Cn1ccnc1C(=O)c1ccccc1Cl,0,GCN h_G,4.763367176055908,11.639338493347168
315,Cn1ccnc1C(=O)c1ccccc1Cl,0,GCN-CfC final,18.7686824798584,7.31015157699585
316,COc1ccc(-c2cc(=O)[nH][nH]2)cc1,0,GCN h_G,-1.0845073461532593,15.647275924682617
316,COc1ccc(-c2cc(=O)[nH][nH]2)cc1,0,GCN-CfC final,23.52775764465332,7.960760593414307
317,O=C(C1=C[C@@H](c2ccc(C(F)(F)F)cc2)C[C@@H](OCc2ccc(CO)cc2)O1)N1CCN(Cc2ccc3c(c2)OCO3)CC1,0,GCN h_G,-18.605554580688477,2.863983154296875
317,O=C(C1=C[C@@H](c2ccc(C(F)(F)F)cc2)C[C@@H](OCc2ccc(CO)cc2)O1)N1CCN(Cc2ccc3c(c2)OCO3)CC1,0,GCN-CfC final,15.299238204956055,-6.427823543548584
318,COc1cc(/C=N/Nc2ccccc2[N+](=O)[O-])ccc1OC(=O)c1ccccc1F,0,GCN h_G,-1.9225040674209595,7.890989303588867
318,COc1cc(/C=N/Nc2ccccc2[N+](=O)[O-])ccc1OC(=O)c1ccccc1F,0,GCN-CfC final,9.556199073791504,-2.115924119949341
319,Cc1ccccc1Cn1ccc(NC(=O)c2onc(C)c2Cl)n1,0,GCN h_G,-9.352424621582031,2.3971357345581055
319,Cc1ccccc1Cn1ccc(NC(=O)c2onc(C)c2Cl)n1,0,GCN-CfC final,13.776841163635254,0.25924548506736755
320,CCOc1ccc(N(C(=O)c2cnsn2)C(C(=O)NC2CCCCC2)c2ccncc2)cc1,0,GCN h_G,-1.909249186515808,-7.009997367858887
320,CCOc1ccc(N(C(=O)c2cnsn2)C(C(=O)NC2CCCCC2)c2ccncc2)cc1,0,GCN-CfC final,0.5700051188468933,3.3883519172668457
321,COc1ccc(-c2nn(-c3ccccc3)cc2C(=O)NC(=S)NNC(=O)c2ccncc2)cc1,0,GCN h_G,3.5146524906158447,6.056312084197998
321,COc1ccc(-c2nn(-c3ccccc3)cc2C(=O)NC(=S)NNC(=O)c2ccncc2)cc1,0,GCN-CfC final,-5.455680847167969,-1.6512722969055176
322,COc1cc(C(=O)N2CC3CCC2[C@@H]3N)cc2nc(-c3cc4ccc(-c5cnc(C#N)cc5C)nc4n3CC3CC3)n(C)c12,1,GCN h_G,40.32958984375,-5.908817291259766
322,COc1cc(C(=O)N2CC3CCC2[C@@H]3N)cc2nc(-c3cc4ccc(-c5cnc(C#N)cc5C)nc4n3CC3CC3)n(C)c12,1,GCN-CfC final,-51.8497314453125,-1.850496768951416
323,COc1cc([N+](=O)[O-])c(OC)cc1SCc1n[nH]c(=S)n1-c1ccc(F)cc1,0,GCN h_G,-10.491938591003418,6.0491943359375
323,COc1cc([N+](=O)[O-])c(OC)cc1SCc1n[nH]c(=S)n1-c1ccc(F)cc1,0,GCN-CfC final,17.0305118560791,-1.24191415309906
324,Cc1sc2ncn(CC(=O)NCC(=O)N3CCN(c4ccccc4F)CC3)c(=O)c2c1C,0,GCN h_G,-27.677692413330078,-1.3058810234069824
324,Cc1sc2ncn(CC(=O)NCC(=O)N3CCN(c4ccccc4F)CC3)c(=O)c2c1C,0,GCN-CfC final,13.727514266967773,-8.950543403625488
325,CCCC[n+]1c(C)sc2cc(OC)ccc21.[I-],0,GCN h_G,-15.572883605957031,-0.4483853876590729
325,CCCC[n+]1c(C)sc2cc(OC)ccc21.[I-],0,GCN-CfC final,4.114433288574219,3.0383152961730957
326,COc1cc(C(=O)N2CC3CCC2[C@@H]3N)cc2nc(-c3cc4ccc(N5CCC(O)(c6ccccc6)C5)nc4n3CC3CC3)n(C)c12,1,GCN h_G,34.9112548828125,-9.431356430053711
326,COc1cc(C(=O)N2CC3CCC2[C@@H]3N)cc2nc(-c3cc4ccc(N5CCC(O)(c6ccccc6)C5)nc4n3CC3CC3)n(C)c12,1,GCN-CfC final,-37.652626037597656,-0.9435598850250244
327,COc1cc(C(=O)N2CC3CCC2[C@@H]3N)cc2nc(-c3cc4ccc(-c5ccc6c(c5)CCNC6=O)nc4n3CC3CC3)n(C)c12,1,GCN h_G,40.47194290161133,-4.781171798706055
327,COc1cc(C(=O)N2CC3CCC2[C@@H]3N)cc2nc(-c3cc4ccc(-c5ccc6c(c5)CCNC6=O)nc4n3CC3CC3)n(C)c12,1,GCN-CfC final,-53.62388229370117,-2.5246329307556152
328,NS(=O)(=O)c1cc(C(=O)NNC(=O)c2ccc3c(c2)OCO3)ccc1Cl,0,GCN h_G,-2.509347677230835,2.524285078048706
328,NS(=O)(=O)c1cc(C(=O)NNC(=O)c2ccc3c(c2)OCO3)ccc1Cl,0,GCN-CfC final,-1.1946083307266235,4.446242332458496
329,Fc1ccc(OCc2nnc(-c3ccccc3Br)o2)c(Cl)c1,0,GCN h_G,-7.750699996948242,13.868351936340332
329,Fc1ccc(OCc2nnc(-c3ccccc3Br)o2)c(Cl)c1,0,GCN-CfC final,31.461713790893555,5.185591220855713
330,COc1cc(C(=O)N2C[C@H](N)C[C@@H](F)C2)cc2nc(-c3cc4ccc(-c5cnc6c(c5)C(=O)NC6)nc4n3CC3CC3)n(C)c12,1,GCN h_G,37.19633483886719,1.0921220779418945
330,COc1cc(C(=O)N2C[C@H](N)C[C@@H](F)C2)cc2nc(-c3cc4ccc(-c5cnc6c(c5)C(=O)NC6)nc4n3CC3CC3)n(C)c12,1,GCN-CfC final,-50.33055114746094,-4.1587724685668945
331,COc1cc(C(=O)N2C[C@H](N)C[C@@H](F)C2)cc2nc(-c3cc4ccc(-c5ccc(N6CCC(O)C6=O)c(C)n5)nc4n3CC3CC3)n(C)c12,1,GCN h_G,31.80117416381836,-0.3391423523426056
331,COc1cc(C(=O)N2C[C@H](N)C[C@@H](F)C2)cc2nc(-c3cc4ccc(-c5ccc(N6CCC(O)C6=O)c(C)n5)nc4n3CC3CC3)n(C)c12,1,GCN-CfC final,-36.12694549560547,-2.258641242980957
332,CCc1ccc(S(=O)(=O)Nc2ccc(O)c3ccccc23)cc1,0,GCN h_G,3.2707672119140625,7.553700923919678
332,CCc1ccc(S(=O)(=O)Nc2ccc(O)c3ccccc23)cc1,0,GCN-CfC final,4.496066570281982,-3.325803279876709
333,COC(=O)c1sc2ccccc2c1NC(=O)c1ccc(S(=O)(=O)N2CC(C)CC(C)C2)cc1,0,GCN h_G,-1.659826397895813,-0.1273592859506607
333,COC(=O)c1sc2ccccc2c1NC(=O)c1ccc(S(=O)(=O)N2CC(C)CC(C)C2)cc1,0,GCN-CfC final,-2.670348644256592,2.5404536724090576
334,CCCS(=O)(=O)c1csc(C(=O)OC)c1N,0,GCN h_G,-25.418371200561523,6.443900108337402
334,CCCS(=O)(=O)c1csc(C(=O)OC)c1N,0,GCN-CfC final,0.15650200843811035,5.416479587554932
335,O=c1[nH]c(Nc2ccccn2)cc2ccccc12,0,GCN h_G,1.087790608406067,14.657671928405762
335,O=c1[nH]c(Nc2ccccn2)cc2ccccc12,0,GCN-CfC final,21.26229476928711,8.765286445617676
336,CS(=O)(=O)N(CC(=O)N1CCOCC1)Cc1ccc(Cl)cc1,0,GCN h_G,-27.19468116760254,-4.979135036468506
336,CS(=O)(=O)N(CC(=O)N1CCOCC1)Cc1ccc(Cl)cc1,0,GCN-CfC final,27.907636642456055,-4.821422576904297
337,COc1ccc(OCC(=O)Nc2ccccc2C(=O)Nc2ccc(C(=O)O)cc2)cc1,0,GCN h_G,-0.7695382237434387,8.08316707611084
337,COc1ccc(OCC(=O)Nc2ccccc2C(=O)Nc2ccc(C(=O)O)cc2)cc1,0,GCN-CfC final,10.215365409851074,-1.8388158082962036
338,COc1cc(C(=O)N2CC3CCC2[C@@H]3N)cc2nc(-c3cc4ccc(-c5cn[nH]c5C)cc4n3CC3CC3)n(C)c12,1,GCN h_G,41.732887268066406,-5.762960433959961
338,COc1cc(C(=O)N2CC3CCC2[C@@H]3N)cc2nc(-c3cc4ccc(-c5cn[nH]c5C)cc4n3CC3CC3)n(C)c12,1,GCN-CfC final,-54.689613342285156,-1.4067891836166382
339,Cc1ccccc1OC(C)C(=O)NCCC1=CCCCC1,0,GCN h_G,-8.523032188415527,-4.541670799255371
339,Cc1ccccc1OC(C)C(=O)NCCC1=CCCCC1,0,GCN-CfC final,11.066980361938477,5.367221355438232
340,CCOc1ccc(N(CC(=O)N/N=C/c2cc([N+](=O)[O-])ccc2Cl)S(C)(=O)=O)cc1,0,GCN h_G,-13.384681701660156,9.926621437072754
340,CCOc1ccc(N(CC(=O)N/N=C/c2cc([N+](=O)[O-])ccc2Cl)S(C)(=O)=O)cc1,0,GCN-CfC final,7.457234859466553,1.2973779439926147
341,COc1cc(C(=O)N2CC3CCC2[C@@H]3N)cc2nc(-c3cc4ccc(-c5ccc(S(C)(=O)=O)nc5)nc4n3CC3CC3)n(C)c12,1,GCN h_G,38.28816604614258,-3.215304374694824
341,COc1cc(C(=O)N2CC3CCC2[C@@H]3N)cc2nc(-c3cc4ccc(-c5ccc(S(C)(=O)=O)nc5)nc4n3CC3CC3)n(C)c12,1,GCN-CfC final,-48.386390686035156,-1.607990026473999
342,O=C1CN(S(=O)(=O)c2cc(C(=O)O)ccc2Cl)c2ccccc2N1,0,GCN h_G,-2.523440361022949,4.293192386627197
342,O=C1CN(S(=O)(=O)c2cc(C(=O)O)ccc2Cl)c2ccccc2N1,0,GCN-CfC final,2.11454176902771,1.8912163972854614
343,CC(=O)c1ccc(OCc2cc(C(=O)NCCN3CCCC(O)C3)no2)cc1,0,GCN h_G,-20.03047752380371,3.0418052673339844
343,CC(=O)c1ccc(OCc2cc(C(=O)NCCN3CCCC(O)C3)no2)cc1,0,GCN-CfC final,15.338868141174316,-5.796899795532227
344,CSC1=NC(C)(C)CC2(C)Nc3ccccc3N12,0,GCN h_G,5.739794731140137,-1.8499528169631958
344,CSC1=NC(C)(C)CC2(C)Nc3ccccc3N12,0,GCN-CfC final,-16.57743263244629,3.2399983406066895
345,S=c1[nH]nc(-c2c[nH]c3ccccc23)o1,0,GCN h_G,-2.433253526687622,16.212373733520508
345,S=c1[nH]nc(-c2c[nH]c3ccccc23)o1,0,GCN-CfC final,27.68083381652832,7.970651149749756
346,CC(C)c1nc(SCC(=O)N2CC(=O)Nc3ccccc32)c2ccccc2n1,0,GCN h_G,-12.048945426940918,-3.7959728240966797
346,CC(C)c1nc(SCC(=O)N2CC(=O)Nc3ccccc32)c2ccccc2n1,0,GCN-CfC final,21.527502059936523,4.423821926116943
347,COc1cc(C(=O)N2CC3CCC2[C@@H]3N)cc2nc(-c3cc4ccc(N5CCC(S(C)(=O)=O)CC5)cc4n3CC3CC3)n(C)c12,1,GCN h_G,42.47895812988281,-7.842159748077393
347,COc1cc(C(=O)N2CC3CCC2[C@@H]3N)cc2nc(-c3cc4ccc(N5CCC(S(C)(=O)=O)CC5)cc4n3CC3CC3)n(C)c12,1,GCN-CfC final,-53.118934631347656,-4.2073869705200195
348,COc1cc(C(=O)N2C[C@H](N)C[C@@H](F)C2)cc2nc(-c3cc4ccc(CCN5CCOC5=O)nc4n3CC3CC3)n(C)c12,1,GCN h_G,40.912315368652344,4.610752105712891
348,COc1cc(C(=O)N2C[C@H](N)C[C@@H](F)C2)cc2nc(-c3cc4ccc(CCN5CCOC5=O)nc4n3CC3CC3)n(C)c12,1,GCN-CfC final,-37.05961990356445,0.3576747477054596
349,Cc1cccc(-c2nc3ccccc3c(=O)n2NC(=O)c2ccc([N+](=O)[O-])c(C)c2)c1,0,GCN h_G,1.796154499053955,10.54372501373291
349,Cc1cccc(-c2nc3ccccc3c(=O)n2NC(=O)c2ccc([N+](=O)[O-])c(C)c2)c1,0,GCN-CfC final,5.378124713897705,-2.625810146331787
350,CN(C)C(CNC(=O)C1CCN(S(=O)(=O)c2cccc(Cl)c2Cl)CC1)c1ccccc1,0,GCN h_G,-8.801677703857422,-1.4091471433639526
350,CN(C)C(CNC(=O)C1CCN(S(=O)(=O)c2cccc(Cl)c2Cl)CC1)c1ccccc1,0,GCN-CfC final,26.99795150756836,0.8437839150428772
351,Cn1sc(=O)c2cc(S(=O)(=O)NC3CC3)ccc21,0,GCN h_G,-3.301436185836792,0.3027649521827698
351,Cn1sc(=O)c2cc(S(=O)(=O)NC3CC3)ccc21,0,GCN-CfC final,-5.170162677764893,3.127509117126465
352,CCCc1c(C(=O)N/N=C/c2ccc(OC)c(OCc3ccccc3)c2)nnn1-c1nonc1N,0,GCN h_G,-15.214468955993652,2.4178571701049805
352,CCCc1c(C(=O)N/N=C/c2ccc(OC)c(OCc3ccccc3)c2)nnn1-c1nonc1N,0,GCN-CfC final,15.194961547851562,-1.3478875160217285
353,CCNC(=O)c1c(NC(=O)C2COc3ccccc3O2)sc2c1CCCC2,0,GCN h_G,-21.922597885131836,3.1998424530029297
353,CCNC(=O)c1c(NC(=O)C2COc3ccccc3O2)sc2c1CCCC2,0,GCN-CfC final,19.164499282836914,-6.274158000946045
354,COc1cc2nc(N(CCCN(C)C)C(=O)c3ccc(S(=O)(=O)N4CCc5ccccc54)cc3)sc2cc1OC.Cl,0,GCN h_G,-13.830111503601074,2.9466962814331055
354,COc1cc2nc(N(CCCN(C)C)C(=O)c3ccc(S(=O)(=O)N4CCc5ccccc54)cc3)sc2cc1OC.Cl,0,GCN-CfC final,2.6009345054626465,3.576246738433838
355,COc1cc(C(=O)N2CC3CCC2[C@@H]3N)cc2nc(-c3cc4ccc(-c5ccc6nnnn6c5)nc4n3CC3CC3)n(C)c12,1,GCN h_G,36.200313568115234,-4.329349517822266
355,COc1cc(C(=O)N2CC3CCC2[C@@H]3N)cc2nc(-c3cc4ccc(-c5ccc6nnnn6c5)nc4n3CC3CC3)n(C)c12,1,GCN-CfC final,-49.50800704956055,0.16574758291244507
356,CNC(=O)n1ccc(C(=O)N2CCCCC2)n1,0,GCN h_G,-24.647891998291016,0.47382378578186035
356,CNC(=O)n1ccc(C(=O)N2CCCCC2)n1,0,GCN-CfC final,22.131967544555664,-4.989264488220215
357,CC(NC(=O)c1ccccc1)C(=O)OCC(=O)c1ccc(Br)cc1,0,GCN h_G,-6.177679538726807,-3.8311197757720947
357,CC(NC(=O)c1ccccc1)C(=O)OCC(=O)c1ccc(Br)cc1,0,GCN-CfC final,12.638784408569336,5.570855617523193
358,CCOC(=O)c1ccc(NC(=O)CSc2nc3cccnc3n2C)cc1,0,GCN h_G,-9.213171005249023,3.225874185562134
358,CCOC(=O)c1ccc(NC(=O)CSc2nc3cccnc3n2C)cc1,0,GCN-CfC final,13.82895565032959,-0.07577379792928696
359,O=C(COc1ccc(S(=O)(=O)N2CCCC2)cc1)NCc1cccnc1,0,GCN h_G,-17.852901458740234,3.934568166732788
359,O=C(COc1ccc(S(=O)(=O)N2CCCC2)cc1)NCc1cccnc1,0,GCN-CfC final,18.220413208007812,-3.81479811668396
360,COC(=O)C1=C(C(=O)OC)SC2(S1)C(C(=O)OC)=C(C(=O)OC)SC1=C2c2cc(C)cc(C)c2NC1(C)C,0,GCN h_G,-18.1368465423584,-12.147153854370117
360,COC(=O)C1=C(C(=O)OC)SC2(S1)C(C(=O)OC)=C(C(=O)OC)SC1=C2c2cc(C)cc(C)c2NC1(C)C,0,GCN-CfC final,-3.415546417236328,10.92916488647461
361,COC(=O)c1cn(C(=O)c2cc(OC)cc(OC)c2)c2ccccc12,0,GCN h_G,-10.722200393676758,-11.772061347961426
361,COC(=O)c1cn(C(=O)c2cc(OC)cc(OC)c2)c2ccccc12,0,GCN-CfC final,-7.67140531539917,5.324681282043457
362,COc1ccc(Cn2c(-c3nc4cc(C(=O)N5CCC[C@@H](N)C5)ccn4c3C)cc3ccccc32)nc1,1,GCN h_G,25.199790954589844,-4.116868019104004
362,COc1ccc(Cn2c(-c3nc4cc(C(=O)N5CCC[C@@H](N)C5)ccn4c3C)cc3ccccc32)nc1,1,GCN-CfC final,-29.419660568237305,-2.41105318069458
363,COc1ccc(/C=N/n2c(=O)c(C(C)(C)C)nn3cnnc23)cc1,0,GCN h_G,-10.822320938110352,1.4005951881408691
363,COc1ccc(/C=N/n2c(=O)c(C(C)(C)C)nn3cnnc23)cc1,0,GCN-CfC final,16.646224975585938,1.3792756795883179
364,COc1cccc2cc(C(=O)NC3CC(C)(C)NC(C)(C)C3)c(=O)oc12,0,GCN h_G,2.393301010131836,0.49834004044532776
364,COc1cccc2cc(C(=O)NC3CC(C)(C)NC(C)(C)C3)c(=O)oc12,0,GCN-CfC final,-5.78769063949585,2.4146716594696045
365,COc1ccc(C(=O)NCCc2ccc(C(F)(F)F)cc2)cc1S(=O)(=O)N1CCOCC1,0,GCN h_G,-16.420034408569336,4.062856197357178
365,COc1ccc(C(=O)NCCc2ccc(C(F)(F)F)cc2)cc1S(=O)(=O)N1CCOCC1,0,GCN-CfC final,-2.2485592365264893,5.077491283416748
366,O=C(O)CN1C(=O)/C(=C\c2ccccc2OCc2ccc(Cl)cc2Cl)SC1=S,0,GCN h_G,-17.859622955322266,-4.182465553283691
366,O=C(O)CN1C(=O)/C(=C\c2ccccc2OCc2ccc(Cl)cc2Cl)SC1=S,0,GCN-CfC final,21.582256317138672,-1.546958565711975
367,Cc1cc(C)cc(-n2ccnc2SCC(=O)Nc2cccc(S(=O)(=O)NC3=NCCC3)c2)c1,0,GCN h_G,-8.040782928466797,1.0530425310134888
367,Cc1cc(C)cc(-n2ccnc2SCC(=O)Nc2cccc(S(=O)(=O)NC3=NCCC3)c2)c1,0,GCN-CfC final,5.015822887420654,1.0710123777389526
368,O=C(NNC(=O)c1cccc(C(F)(F)F)c1)c1ccc(-n2cnnn2)cc1,0,GCN h_G,-5.091912269592285,1.9309133291244507
368,O=C(NNC(=O)c1cccc(C(F)(F)F)c1)c1ccc(-n2cnnn2)cc1,0,GCN-CfC final,-13.526247024536133,1.9544917345046997
369,Cc1c(-c2cc3ccccc3n2CC2CC2)nc2cc(C(=O)N3CCC4OCCNC4C3)ccn12,1,GCN h_G,27.84147834777832,-4.723422527313232
369,Cc1c(-c2cc3ccccc3n2CC2CC2)nc2cc(C(=O)N3CCC4OCCNC4C3)ccn12,1,GCN-CfC final,-31.598894119262695,-2.238572359085083
370,COc1cc(C(=O)N2CC3CCC2[C@@H]3N)cc2nc(-c3cc4ccc(-c5nnnn5C)nc4n3CC3CC3)n(C)c12,1,GCN h_G,36.04154968261719,-4.003805637359619
370,COc1cc(C(=O)N2CC3CCC2[C@@H]3N)cc2nc(-c3cc4ccc(-c5nnnn5C)nc4n3CC3CC3)n(C)c12,1,GCN-CfC final,-49.58828353881836,0.6220207214355469
371,Cc1sc2nc(-c3ccco3)oc(=O)c2c1C,0,GCN h_G,-7.1044416427612305,15.327482223510742
371,Cc1sc2nc(-c3ccco3)oc(=O)c2c1C,0,GCN-CfC final,31.900310516357422,5.728367805480957
372,Cc1cc(C(C#N)c2ccccc2)n2ncnc2n1,0,GCN h_G,-10.465815544128418,-2.946641445159912
372,Cc1cc(C(C#N)c2ccccc2)n2ncnc2n1,0,GCN-CfC final,-1.3798316717147827,-3.4801692962646484
373,O=C(C1CCCO1)N1CCN(S(=O)(=O)c2ccc(Cl)cc2)CC1,0,GCN h_G,-27.205665588378906,-4.634972095489502
373,O=C(C1CCCO1)N1CCN(S(=O)(=O)c2ccc(Cl)cc2)CC1,0,GCN-CfC final,33.00510787963867,0.10317587107419968
374,Cn1c(-c2cncn2CC2CC2)nc2cc(C(=O)N3CCC[C@@H](N)C3)ccc21,0,GCN h_G,24.66767692565918,-1.8342622518539429
374,Cn1c(-c2cncn2CC2CC2)nc2cc(C(=O)N3CCC[C@@H](N)C3)ccc21,0,GCN-CfC final,-27.608993530273438,-1.0516266822814941
375,COc1cc(C(=O)N2CC3CCC2[C@@H]3N)cc2nc(-c3cc4ccc(-c5ccnc(F)c5C)nc4n3CC3CC3)n(C)c12,1,GCN h_G,39.67560958862305,-6.16810941696167
375,COc1cc(C(=O)N2CC3CCC2[C@@H]3N)cc2nc(-c3cc4ccc(-c5ccnc(F)c5C)nc4n3CC3CC3)n(C)c12,1,GCN-CfC final,-51.23231506347656,-1.2038713693618774
376,O=C(Oc1cccc([N+](=O)[O-])c1)c1ccc2c(=O)n3c(nc2c1)CCC3,0,GCN h_G,-14.790860176086426,8.872085571289062
376,O=C(Oc1cccc([N+](=O)[O-])c1)c1ccc2c(=O)n3c(nc2c1)CCC3,0,GCN-CfC final,15.490267753601074,-2.8106727600097656
377,COCCn1nnnc1SCC(=O)N1CCCCC1,0,GCN h_G,-32.20063781738281,-1.5473922491073608
377,COCCn1nnnc1SCC(=O)N1CCCCC1,0,GCN-CfC final,33.7949104309082,-1.6154283285140991
378,Cc1ccc([N+](=O)[O-])c(C(=O)N/N=C/c2cccnc2)c1,0,GCN h_G,0.12684266269207,6.926131248474121
378,Cc1ccc([N+](=O)[O-])c(C(=O)N/N=C/c2cccnc2)c1,0,GCN-CfC final,3.9675331115722656,-1.597025990486145
379,c1ccc2c(CNC3CCCCC3)c[nH]c2c1,0,GCN h_G,-1.5928646326065063,-8.063840866088867
379,c1ccc2c(CNC3CCCCC3)c[nH]c2c1,0,GCN-CfC final,-8.327132225036621,0.9284383058547974
380,COC(=O)c1ccc(-c2ncc[nH]2)cc1,0,GCN h_G,4.438372611999512,5.6835479736328125
380,COC(=O)c1ccc(-c2ncc[nH]2)cc1,0,GCN-CfC final,-4.807864665985107,-1.752078652381897
381,O=S(=O)(/C=C/c1ccccc1)N1CCN(Cc2ccc3c(c2)OCO3)CC1,0,GCN h_G,-18.62548065185547,3.9174728393554688
381,O=S(=O)(/C=C/c1ccccc1)N1CCN(Cc2ccc3c(c2)OCO3)CC1,0,GCN-CfC final,18.125478744506836,-3.842414379119873
382,COc1ccc(Cl)cc1NC(=O)c1[nH]c(C)c(C(C)=O)c1C,0,GCN h_G,-12.536686897277832,-10.730326652526855
382,COc1ccc(Cl)cc1NC(=O)c1[nH]c(C)c(C(C)=O)c1C,0,GCN-CfC final,6.228055953979492,5.529703140258789
383,COc1cccc(NC(=O)Nc2cccs2)c1,0,GCN h_G,-1.1378440856933594,11.128275871276855
383,COc1cccc(NC(=O)Nc2cccs2)c1,0,GCN-CfC final,27.443689346313477,5.346047878265381
384,Cn1cnc([N+](=O)[O-])c1Sc1ccc(C(C)(C)C)cc1,0,GCN h_G,-10.331555366516113,-0.8460254669189453
384,Cn1cnc([N+](=O)[O-])c1Sc1ccc(C(C)(C)C)cc1,0,GCN-CfC final,29.958782196044922,3.137812852859497
385,CC(=O)Nc1c(O)nc(SCC(=O)Nc2sc3c(c2C#N)CCCCCC3)[nH]c1=O,0,GCN h_G,-23.906049728393555,3.805455207824707
385,CC(=O)Nc1c(O)nc(SCC(=O)Nc2sc3c(c2C#N)CCCCCC3)[nH]c1=O,0,GCN-CfC final,19.234149932861328,-10.833184242248535
386,COc1cc(C(=O)N2C[C@H](N)C[C@@H](F)C2)cc2nc(-c3cc4ccc(-c5cccc(F)c5C(=O)O)nc4n3CC3CC3)n(C)c12,1,GCN h_G,34.13917922973633,1.8841311931610107
386,COc1cc(C(=O)N2C[C@H](N)C[C@@H](F)C2)cc2nc(-c3cc4ccc(-c5cccc(F)c5C(=O)O)nc4n3CC3CC3)n(C)c12,1,GCN-CfC final,-41.895111083984375,-2.6570000648498535
387,COc1cc(C(=O)N2CC3CCC2[C@@H]3N)cc2nc(-c3cc4ccc(-c5cc(O)ccc5Cl)nc4n3CC3CC3)n(C)c12,1,GCN h_G,34.5576057434082,-6.153114318847656
387,COc1cc(C(=O)N2CC3CCC2[C@@H]3N)cc2nc(-c3cc4ccc(-c5cc(O)ccc5Cl)nc4n3CC3CC3)n(C)c12,1,GCN-CfC final,-41.864349365234375,0.11570040881633759
388,CC(=O)Nc1ccc(NC(=O)C(C)OC(=O)CC2CCCCC2)cc1,0,GCN h_G,-23.138347625732422,9.346295356750488
388,CC(=O)Nc1ccc(NC(=O)C(C)OC(=O)CC2CCCCC2)cc1,0,GCN-CfC final,16.585857391357422,-4.431056976318359
389,N#Cc1ccc(N2Cc3ccccc3C2=NC(=O)c2cccs2)cc1,0,GCN h_G,3.3409769535064697,4.886073112487793
389,N#Cc1ccc(N2Cc3ccccc3C2=NC(=O)c2cccs2)cc1,0,GCN-CfC final,-7.306362152099609,-0.20012478530406952
390,COc1cc(C(=O)N2CC3CCC2[C@@H]3N)cc2nc(-c3cc4ccc(-c5ccc(Cl)c(C(N)=O)c5)nc4n3CC3CC3)n(C)c12,1,GCN h_G,38.830196380615234,-5.574821472167969
390,COc1cc(C(=O)N2CC3CCC2[C@@H]3N)cc2nc(-c3cc4ccc(-c5ccc(Cl)c(C(N)=O)c5)nc4n3CC3CC3)n(C)c12,1,GCN-CfC final,-49.21221160888672,-1.0057244300842285
391,Cc1[nH]n2c(=O)c3c(nc2c1-c1ccccc1)CCCC3,0,GCN h_G,-15.947943687438965,-3.2073264122009277
391,Cc1[nH]n2c(=O)c3c(nc2c1-c1ccccc1)CCCC3,0,GCN-CfC final,7.272221565246582,7.904811382293701
392,COc1ccc(N(C(=O)c2cccnc2)S(=O)(=O)c2cccc([N+](=O)[O-])c2)cc1,0,GCN h_G,-2.1563467979431152,6.672745227813721
392,COc1ccc(N(C(=O)c2cccnc2)S(=O)(=O)c2cccc([N+](=O)[O-])c2)cc1,0,GCN-CfC final,9.312434196472168,-1.8673934936523438
393,Cc1ccc(S(=O)(=O)NCCC(=O)Nc2ccc(S(=O)(=O)NC(C)C)cc2)cc1,0,GCN h_G,1.0873414278030396,3.074845552444458
393,Cc1ccc(S(=O)(=O)NCCC(=O)Nc2ccc(S(=O)(=O)NC(C)C)cc2)cc1,0,GCN-CfC final,7.340224742889404,-1.297156572341919
394,O=S(=O)(c1ccc2ccccc2c1)N1CCN(S(=O)(=O)N2CCCCC2)CC1,0,GCN h_G,-26.35972023010254,-3.828256368637085
394,O=S(=O)(c1ccc2ccccc2c1)N1CCN(S(=O)(=O)N2CCCCC2)CC1,0,GCN-CfC final,28.70139503479004,-5.382955551147461
395,O=c1cc(-c2ccc(Cl)cc2)[nH][nH]1,0,GCN h_G,-1.237408995628357,15.786703109741211
395,O=c1cc(-c2ccc(Cl)cc2)[nH][nH]1,0,GCN-CfC final,28.371387481689453,7.547399997711182
396,Cc1sc2ccccc2[n+]1CC(=O)O.[Br-],0,GCN h_G,-9.136547088623047,8.509629249572754
396,Cc1sc2ccccc2[n+]1CC(=O)O.[Br-],0,GCN-CfC final,12.042222023010254,0.550500214099884
397,Cc1ccc(N(C(=O)c2cccs2)C2C=CS(=O)(=O)C2)cc1,0,GCN h_G,3.056162118911743,2.383286476135254
397,Cc1ccc(N(C(=O)c2cccs2)C2C=CS(=O)(=O)C2)cc1,0,GCN-CfC final,-4.462444305419922,-0.2795526087284088
398,CC(C)c1ccc(NC2CCCN(C(=O)CCN3CCOCC3)C2)cc1,0,GCN h_G,-26.688724517822266,-6.977200508117676
398,CC(C)c1ccc(NC2CCCN(C(=O)CCN3CCOCC3)C2)cc1,0,GCN-CfC final,25.993011474609375,-4.037413597106934
399,COC1CCCN(C(=O)c2cccc(OC3CCN(S(=O)(=O)N(C)C)CC3)c2)C1,0,GCN h_G,-26.15766143798828,-5.189091682434082
399,COC1CCCN(C(=O)c2cccc(OC3CCN(S(=O)(=O)N(C)C)CC3)c2)C1,0,GCN-CfC final,26.39681053161621,-5.793928623199463
400,COc1cc(C(=O)N2C[C@H](N)C[C@@H](F)C2)cc2nc(-c3cc4ccc(-c5ccc(OCC(N)=O)cc5)nc4n3CC3CC3)n(C)c12,1,GCN h_G,33.828609466552734,-0.1770877242088318
400,COc1cc(C(=O)N2C[C@H](N)C[C@@H](F)C2)cc2nc(-c3cc4ccc(-c5ccc(OCC(N)=O)cc5)nc4n3CC3CC3)n(C)c12,1,GCN-CfC final,-38.33523178100586,-1.6738412380218506
401,COc1ccc(CCNS(=O)(=O)c2cccc(C(=O)O)c2)cc1OC,0,GCN h_G,-1.6025655269622803,3.38657546043396
401,COc1ccc(CCNS(=O)(=O)c2cccc(C(=O)O)c2)cc1OC,0,GCN-CfC final,-1.1965916156768799,3.9693613052368164
402,COc1cc(C(=O)N2CC3CCC2[C@@H]3N)cc2nc(-c3cc4ccc(-c5cc(F)c6c(c5)CCC(=O)N6)cc4n3CC3CC3)n(C)c12,1,GCN h_G,42.61585235595703,-6.150091171264648
402,COc1cc(C(=O)N2CC3CCC2[C@@H]3N)cc2nc(-c3cc4ccc(-c5cc(F)c6c(c5)CCC(=O)N6)cc4n3CC3CC3)n(C)c12,1,GCN-CfC final,-55.433109283447266,-1.9076980352401733
403,COc1cc(OC)cc(C2C(C#N)=C(N)Oc3n[nH]c(-c4cccnc4)c32)c1,0,GCN h_G,-11.4286527633667,-12.000434875488281
403,COc1cc(OC)cc(C2C(C#N)=C(N)Oc3n[nH]c(-c4cccnc4)c32)c1,0,GCN-CfC final,-7.362747669219971,5.630100727081299
404,Cc1sc2ccccc2[n+]1CCC(C)S(=O)(=O)[O-],0,GCN h_G,-1.8249891996383667,-0.06089591234922409
404,Cc1sc2ccccc2[n+]1CCC(C)S(=O)(=O)[O-],0,GCN-CfC final,-2.6645545959472656,1.9339725971221924
405,Cc1cccc2sc(N(CCCN(C)C)C(=O)c3ccc4ncsc4c3)nc12,0,GCN h_G,-13.101093292236328,-3.327657699584961
405,Cc1cccc2sc(N(CCCN(C)C)C(=O)c3ccc4ncsc4c3)nc12,0,GCN-CfC final,8.96847152709961,2.1766159534454346
406,CN(C)CCCn1c(SCC(=O)N2c3ccccc3Sc3ccccc32)nc2ccccc2c1=O,0,GCN h_G,-12.365015983581543,-3.841521739959717
406,CN(C)CCCn1c(SCC(=O)N2c3ccccc3Sc3ccccc32)nc2ccccc2c1=O,0,GCN-CfC final,21.735591888427734,4.303040981292725
407,C[C@H](CO)N1C[C@H](C)[C@@H](CN(C)Cc2ccc(C(=O)O)cc2)Oc2ccc(NS(=O)(=O)c3cn(C)cn3)cc2C1=O,0,GCN h_G,-3.440850257873535,-2.101008415222168
407,C[C@H](CO)N1C[C@H](C)[C@@H](CN(C)Cc2ccc(C(=O)O)cc2)Oc2ccc(NS(=O)(=O)c3cn(C)cn3)cc2C1=O,0,GCN-CfC final,-3.1030454635620117,4.768144607543945
408,O=C(Cc1cc(=O)[nH][nH]1)N/N=C/c1cccc(Cl)c1Cl,0,GCN h_G,-7.63008451461792,3.5619852542877197
408,O=C(Cc1cc(=O)[nH][nH]1)N/N=C/c1cccc(Cl)c1Cl,0,GCN-CfC final,3.631133794784546,1.3703197240829468
409,CN1CCc2c(sc3nc(SCC(N)=O)n(-c4ccccc4)c(=O)c23)C1,0,GCN h_G,-20.946258544921875,-0.9654869437217712
409,CN1CCc2c(sc3nc(SCC(N)=O)n(-c4ccccc4)c(=O)c23)C1,0,GCN-CfC final,13.370763778686523,-8.927023887634277
410,COc1ccc(OC)c(S(=O)(=O)Nc2ccccc2C(=O)O)c1,0,GCN h_G,-1.8145307302474976,5.547277927398682
410,COc1ccc(OC)c(S(=O)(=O)Nc2ccccc2C(=O)O)c1,0,GCN-CfC final,8.382833480834961,-2.3077824115753174
411,CCc1ccccc1N(CC)C(=O)c1cn(C)c(=O)c2cc(OC)c(OC)cc12,0,GCN h_G,-11.744584083557129,-9.711645126342773
411,CCc1ccccc1N(CC)C(=O)c1cn(C)c(=O)c2cc(OC)c(OC)cc12,0,GCN-CfC final,-4.087073802947998,7.945079326629639
412,NC(=O)COC(=O)c1ccccc1Nc1ccc(SC(F)F)cc1,0,GCN h_G,0.5148723721504211,1.917209267616272
412,NC(=O)COC(=O)c1ccccc1Nc1ccc(SC(F)F)cc1,0,GCN-CfC final,5.184948921203613,-0.642828106880188
413,CCOC(=O)N1CCN(c2c(N3CCN(c4cccc(C(F)(F)F)c4)CC3)c(=O)c2=O)CC1,0,GCN h_G,-30.530811309814453,-2.6456198692321777
413,CCOC(=O)N1CCN(c2c(N3CCN(c4cccc(C(F)(F)F)c4)CC3)c(=O)c2=O)CC1,0,GCN-CfC final,20.996137619018555,-9.801963806152344
414,CCOC(=O)c1[nH]c(=O)c2ccccc2c1O,0,GCN h_G,-7.806725025177002,9.848481178283691
414,CCOC(=O)c1[nH]c(=O)c2ccccc2c1O,0,GCN-CfC final,24.073225021362305,4.383435249328613
415,COc1cc(C(=O)N2CC3CCC2[C@@H]3N)cc2nc(-c3cc4ccc(-c5ccc(CS(C)(=O)=O)cc5F)nc4n3CC3CC3)n(C)c12,1,GCN h_G,38.905616760253906,-3.1047544479370117
415,COc1cc(C(=O)N2CC3CCC2[C@@H]3N)cc2nc(-c3cc4ccc(-c5ccc(CS(C)(=O)=O)cc5F)nc4n3CC3CC3)n(C)c12,1,GCN-CfC final,-50.71942901611328,-2.6755287647247314
416,COc1ccc([N+](=O)[O-])cc1NC(=O)CCS(=O)(=O)c1ccc(Br)cc1,0,GCN h_G,-12.674284934997559,10.154008865356445
416,COc1ccc([N+](=O)[O-])cc1NC(=O)CCS(=O)(=O)c1ccc(Br)cc1,0,GCN-CfC final,24.169483184814453,1.7056465148925781
417,COc1cc(C(=O)N2[C@H]3CC[C@@H]2[C@H](N)C3)cc2nc(-c3cc4ccc([C@@H](C)NC(=O)N5CCO[C@@H](C)C5)nc4n3CC3CC3)c(C)n12,1,GCN h_G,28.41396141052246,-0.7952672243118286
417,COc1cc(C(=O)N2[C@H]3CC[C@@H]2[C@H](N)C3)cc2nc(-c3cc4ccc([C@@H](C)NC(=O)N5CCO[C@@H](C)C5)nc4n3CC3CC3)c(C)n12,1,GCN-CfC final,-31.75673484802246,-1.4642999172210693
418,Cc1nn(Cc2c(F)c(F)c(F)c(F)c2F)c(C)c1NC(=O)c1c([N+](=O)[O-])c(C)nn1C,0,GCN h_G,-20.69121742248535,-5.054494380950928
418,Cc1nn(Cc2c(F)c(F)c(F)c(F)c2F)c(C)c1NC(=O)c1c([N+](=O)[O-])c(C)nn1C,0,GCN-CfC final,1.3095964193344116,9.967350006103516
419,CCC(C)c1ccccc1NC(=O)CN1CCN(C/C=C/c2ccccc2)CC1,0,GCN h_G,-17.781850814819336,-0.6759356260299683
419,CCC(C)c1ccccc1NC(=O)CN1CCN(C/C=C/c2ccccc2)CC1,0,GCN-CfC final,15.179478645324707,5.795469284057617
420,COc1cc(C(=O)N2C[C@H](N)C[C@@H](F)C2)cc2nc(-c3cc4ccc(-c5ccc6c(c5)CCC(=O)N6)nc4n3CC3CC3)n(C)c12,1,GCN h_G,36.71216583251953,0.7515063881874084
420,COc1cc(C(=O)N2C[C@H](N)C[C@@H](F)C2)cc2nc(-c3cc4ccc(-c5ccc6c(c5)CCC(=O)N6)nc4n3CC3CC3)n(C)c12,1,GCN-CfC final,-48.190093994140625,-3.5742316246032715
421,COc1cc(C(=O)N2C[C@H](N)C[C@@H](F)C2)cc2nc(-c3cc4ccc(-c5ccc(CS(C)(=O)=O)cc5)cc4n3CC3CC3)n(C)c12,1,GCN h_G,37.420894622802734,-1.0934871435165405
421,COc1cc(C(=O)N2C[C@H](N)C[C@@H](F)C2)cc2nc(-c3cc4ccc(-c5ccc(CS(C)(=O)=O)cc5)cc4n3CC3CC3)n(C)c12,1,GCN-CfC final,-49.57023239135742,-3.084446430206299
422,COc1cc(C(=O)N2C[C@H](N)C[C@@H](F)C2)cc2nc(-c3cc4ccc(C5CCNC(=O)C5)nc4n3CC3CC3)n(C)c12,1,GCN h_G,38.5445442199707,0.296949177980423
422,COc1cc(C(=O)N2C[C@H](N)C[C@@H](F)C2)cc2nc(-c3cc4ccc(C5CCNC(=O)C5)nc4n3CC3CC3)n(C)c12,1,GCN-CfC final,-54.48134994506836,-3.2743113040924072
423,O=C1Nc2ccc(Br)cc2/C1=C/C(=O)c1ccc2c(c1)OCO2,0,GCN h_G,-11.428502082824707,-13.803064346313477
423,O=C1Nc2ccc(Br)cc2/C1=C/C(=O)c1ccc2c(c1)OCO2,0,GCN-CfC final,1.1004676818847656,6.169726371765137
424,COc1ccc(CCN(Cc2ccccn2)C(=S)Nc2ccccc2F)cc1OC,0,GCN h_G,0.5769714117050171,5.9036455154418945
424,COc1ccc(CCN(Cc2ccccn2)C(=S)Nc2ccccc2F)cc1OC,0,GCN-CfC final,5.731349945068359,-0.9458051323890686
425,CCc1c(C)nc2c(C)cccc2c1SCCC#N,0,GCN h_G,-13.608095169067383,-6.464619159698486
425,CCc1c(C)nc2c(C)cccc2c1SCCC#N,0,GCN-CfC final,-7.850782871246338,7.399892330169678
426,Cn1nc(C(F)(F)F)cc1-c1ccc(S(N)(=O)=O)s1,0,GCN h_G,-4.202249050140381,0.8543863892555237
426,Cn1nc(C(F)(F)F)cc1-c1ccc(S(N)(=O)=O)s1,0,GCN-CfC final,-4.5040059089660645,3.3917160034179688
427,CC(=O)Nc1ccc(OC(=O)c2ccco2)cc1,0,GCN h_G,-2.204540252685547,12.418737411499023
427,CC(=O)Nc1ccc(OC(=O)c2ccco2)cc1,0,GCN-CfC final,30.473953247070312,5.800903797149658
428,Cc1cccc(NS(=O)(=O)c2ccc(OCC(=O)N3CCCC3)cc2)c1,0,GCN h_G,-19.209102630615234,4.649852275848389
428,Cc1cccc(NS(=O)(=O)c2ccc(OCC(=O)N3CCCC3)cc2)c1,0,GCN-CfC final,25.567296981811523,-0.9413270354270935
429,Cc1ccc(C)c(OCCCC(C)(C)C(=O)O)c1,0,GCN h_G,-9.048445701599121,-3.716838836669922
429,Cc1ccc(C)c(OCCCC(C)(C)C(=O)O)c1,0,GCN-CfC final,27.873394012451172,0.6093925833702087
430,COC(=O)c1ccc(=O)c2nc3/c(=C/O)c(O)cc(=O)c3[nH]c12,0,GCN h_G,-8.260249137878418,-12.16515064239502
430,COC(=O)c1ccc(=O)c2nc3/c(=C/O)c(O)cc(=O)c3[nH]c12,0,GCN-CfC final,-6.133954048156738,4.619657516479492
431,O=C(NCc1ccccn1)c1ccc2nc(-c3ccco3)c(-c3ccco3)nc2c1,0,GCN h_G,-0.5047088265419006,14.106791496276855
431,O=C(NCc1ccccn1)c1ccc2nc(-c3ccco3)c(-c3ccco3)nc2c1,0,GCN-CfC final,7.257618427276611,-5.772557258605957
432,COc1cc(C(=O)N2CC3CCC2[C@@H]3N)cc2nc(-c3cc4ccc(-c5ccc(C(N)=O)cn5)nc4n3CC3CC3)n(C)c12,1,GCN h_G,38.32111740112305,-5.183859825134277
432,COc1cc(C(=O)N2CC3CCC2[C@@H]3N)cc2nc(-c3cc4ccc(-c5ccc(C(N)=O)cn5)nc4n3CC3CC3)n(C)c12,1,GCN-CfC final,-49.48493576049805,-1.2134977579116821
433,CC12CCC(C(=O)Nc3ccc(SC(F)F)cc3)(CC1=O)C2(C)C,0,GCN h_G,-21.45771026611328,-8.594568252563477
433,CC12CCC(C(=O)Nc3ccc(SC(F)F)cc3)(CC1=O)C2(C)C,0,GCN-CfC final,15.795268058776855,-11.69512939453125
434,O=C(Nc1ccc2ccccc2n1)C1CCCCC1,0,GCN h_G,-1.282928466796875,-8.046939849853516
434,O=C(Nc1ccc2ccccc2n1)C1CCCCC1,0,GCN-CfC final,12.56867504119873,6.501608371734619
435,COc1cc(C(=O)N2CC3CCC2[C@@H]3N)cc2nc(-c3cc4ccc(-c5ccc(O)c(-c6ccno6)c5)nc4n3CC3CC3)n(C)c12,1,GCN h_G,33.94709014892578,-6.466965198516846
435,COc1cc(C(=O)N2CC3CCC2[C@@H]3N)cc2nc(-c3cc4ccc(-c5ccc(O)c(-c6ccno6)c5)nc4n3CC3CC3)n(C)c12,1,GCN-CfC final,-39.83882522583008,-0.04264001175761223
436,CCCOc1cccc(OCC(=O)Nc2nc3ccccc3[nH]2)c1,0,GCN h_G,-3.110605478286743,11.736547470092773
436,CCCOc1cccc(OCC(=O)Nc2nc3ccccc3[nH]2)c1,0,GCN-CfC final,28.62470817565918,4.95513916015625
437,Cc1ccc(/C=N/n2c(-c3cccnc3)n[nH]c2=S)o1,0,GCN h_G,-5.308859348297119,12.548933982849121
437,Cc1ccc(/C=N/n2c(-c3cccnc3)n[nH]c2=S)o1,0,GCN-CfC final,28.288421630859375,5.516254425048828
438,COc1cc(C(=O)N2C[C@H](N)C[C@@H](F)C2)cc2nc(-c3cc4ccc(-c5cnc6c(c5)OCC(=O)N6)cc4n3CC3CC3)n(C)c12,1,GCN h_G,36.55413818359375,1.4106723070144653
438,COc1cc(C(=O)N2C[C@H](N)C[C@@H](F)C2)cc2nc(-c3cc4ccc(-c5cnc6c(c5)OCC(=O)N6)cc4n3CC3CC3)n(C)c12,1,GCN-CfC final,-46.93051528930664,-3.4161126613616943
439,CCOC(=O)N1CCN(C(=O)c2cn(CC)c3cc(N4CCN(C)CC4)c(F)cc3c2=O)CC1.Cl,0,GCN h_G,-30.36532211303711,-1.9884583950042725
439,CCOC(=O)N1CCN(C(=O)c2cn(CC)c3cc(N4CCN(C)CC4)c(F)cc3c2=O)CC1.Cl,0,GCN-CfC final,2.762507677078247,9.5491943359375
440,COc1cc(C(=O)N2C[C@H]3CC[C@@H]2[C@@H]3N)cc2nc(-c3ccc(F)nc3CC3CC3)n(C)c12,1,GCN h_G,27.515336990356445,-1.833974838256836
440,COc1cc(C(=O)N2C[C@H]3CC[C@@H]2[C@@H]3N)cc2nc(-c3ccc(F)nc3CC3CC3)n(C)c12,1,GCN-CfC final,-30.02983856201172,-1.2747431993484497
441,COc1cc(C(=O)N2CC3CCC2[C@@H]3N)cc2nc(-c3cc4ccc(-c5cccc(NS(C)(=O)=O)c5)nc4n3CC3CC3)n(C)c12,1,GCN h_G,37.91622543334961,-3.0904226303100586
441,COc1cc(C(=O)N2CC3CCC2[C@@H]3N)cc2nc(-c3cc4ccc(-c5cccc(NS(C)(=O)=O)c5)nc4n3CC3CC3)n(C)c12,1,GCN-CfC final,-48.593849182128906,-1.9590849876403809
442,COc1cc(C2OC(=O)c3ccccc3S2)cc(OC)c1OC,0,GCN h_G,-5.879473686218262,6.162756443023682
442,COc1cc(C2OC(=O)c3ccccc3S2)cc(OC)c1OC,0,GCN-CfC final,9.655329704284668,-5.0663299560546875
443,O=C(c1cc(N2CCOCC2)c(F)cc1[N+](=O)[O-])N1CCOCC1,0,GCN h_G,-30.925621032714844,-2.084435224533081
443,O=C(c1cc(N2CCOCC2)c(F)cc1[N+](=O)[O-])N1CCOCC1,0,GCN-CfC final,20.86098861694336,-10.01020336151123
444,O=C(COC(=O)CCCc1c[nH]c2ccccc12)Nc1ccc2c(c1)OCO2,0,GCN h_G,-15.728288650512695,7.714691638946533
444,O=C(COC(=O)CCCc1c[nH]c2ccccc12)Nc1ccc2c(c1)OCO2,0,GCN-CfC final,20.642601013183594,-1.9160521030426025
445,CC(C)c1ccccc1NC(=S)NC1CCN(Cc2ccccc2)CC1,0,GCN h_G,-5.309177398681641,-4.327402591705322
445,CC(C)c1ccccc1NC(=S)NC1CCN(Cc2ccccc2)CC1,0,GCN-CfC final,13.881924629211426,6.765087604522705
446,CCOc1ccc2c(c1)-c1c(ssc1=S)C(C)(C)N2C(=O)CSC1=NCCS1,0,GCN h_G,-19.065746307373047,-7.879274845123291
446,CCOc1ccc2c(c1)-c1c(ssc1=S)C(C)(C)N2C(=O)CSC1=NCCS1,0,GCN-CfC final,2.239748001098633,7.0040202140808105
447,O=C(CSc1n[nH]c(-c2ccccc2)n1)N1CCCC1,0,GCN h_G,-21.576316833496094,0.5968331694602966
447,O=C(CSc1n[nH]c(-c2ccccc2)n1)N1CCCC1,0,GCN-CfC final,29.700725555419922,-1.0728182792663574
448,O=C(NNC(=S)NC(=O)c1cn(-c2ccccc2)nc1-c1ccccc1)c1ccncc1,0,GCN h_G,3.6602203845977783,6.189201831817627
448,O=C(NNC(=S)NC(=O)c1cn(-c2ccccc2)nc1-c1ccccc1)c1ccncc1,0,GCN-CfC final,-5.393765926361084,-2.0209875106811523
449,O=C(COC(=O)c1ccc(Br)o1)NCc1ccc(Cl)cc1,0,GCN h_G,-8.0799560546875,13.678827285766602
449,O=C(COC(=O)c1ccc(Br)o1)NCc1ccc(Cl)cc1,0,GCN-CfC final,31.590892791748047,4.624800205230713
450,CCCOC(=S)NC(=O)c1sc2ccccc2c1Cl,0,GCN h_G,-9.149495124816895,8.606826782226562
450,CCCOC(=S)NC(=O)c1sc2ccccc2c1Cl,0,GCN-CfC final,12.612983703613281,-0.4450116455554962
451,CN(C(=O)COC(=O)c1cccc(S(=O)(=O)N2CCOCC2)c1)C1CCS(=O)(=O)C1,0,GCN h_G,-25.677160263061523,-4.268536567687988
451,CN(C(=O)COC(=O)c1cccc(S(=O)(=O)N2CCOCC2)c1)C1CCS(=O)(=O)C1,0,GCN-CfC final,18.316959381103516,-9.088920593261719
452,O=C(NCc1cccs1)c1ccc2c(c1)ncn2C1CCCC1,0,GCN h_G,-2.040788412094116,-7.160618305206299
452,O=C(NCc1cccs1)c1ccc2c(c1)ncn2C1CCCC1,0,GCN-CfC final,-8.45656681060791,1.4646075963974
453,COc1cc2oc3ccccc3c(=O)c2cc1OC,0,GCN h_G,-5.547661781311035,8.357551574707031
453,COc1cc2oc3ccccc3c(=O)c2cc1OC,0,GCN-CfC final,8.643263816833496,-5.518609046936035
454,O=C1c2ccccc2C(=O)N1CCCc1cn(C[C@H]2CC[C@@H]([C@@H]3CC[C@H](Cn4cc(CCCN5C(=O)c6ccccc6C5=O)nn4)O3)O2)nn1,0,GCN h_G,-23.290794372558594,-4.229891300201416
454,O=C1c2ccccc2C(=O)N1CCCc1cn(C[C@H]2CC[C@@H]([C@@H]3CC[C@H](Cn4cc(CCCN5C(=O)c6ccccc6C5=O)nn4)O3)O2)nn1,0,GCN-CfC final,0.2129499316215515,8.11689567565918
455,N#C/C(=C\C=C\c1ccccc1)C(=O)NCc1cccnc1,0,GCN h_G,5.13776159286499,3.445653200149536
455,N#C/C(=C\C=C\c1ccccc1)C(=O)NCc1cccnc1,0,GCN-CfC final,-14.880343437194824,2.7028493881225586
456,COCCN(CCOC)C(=O)c1ccc(CSc2nc3ccccc3s2)cc1,0,GCN h_G,-15.672774314880371,0.830790102481842
456,COCCN(CCOC)C(=O)c1ccc(CSc2nc3ccccc3s2)cc1,0,GCN-CfC final,21.444168090820312,1.405705213546753
457,C=CCN(Cc1ccc(Cl)s1)C(=O)c1cc(S(=O)(=O)N2CCOCC2)ccc1F,0,GCN h_G,-22.990257263183594,-1.0391874313354492
457,C=CCN(Cc1ccc(Cl)s1)C(=O)c1cc(S(=O)(=O)N2CCOCC2)ccc1F,0,GCN-CfC final,16.715106964111328,-8.291411399841309
458,COc1cc(C(=O)N2C[C@H](N)C[C@@H](F)C2)cc2nc(-c3cc4ccc(-c5ccc(CC(N)=O)nc5)nc4n3CC3CC3)n(C)c12,1,GCN h_G,35.977272033691406,0.7038241624832153
458,COc1cc(C(=O)N2C[C@H](N)C[C@@H](F)C2)cc2nc(-c3cc4ccc(-c5ccc(CC(N)=O)nc5)nc4n3CC3CC3)n(C)c12,1,GCN-CfC final,-48.318031311035156,-3.7348382472991943
459,COc1ccc(OC)c(N2Cc3cc(C)c(C)cc3C2)c1,0,GCN h_G,-7.531956195831299,-8.250763893127441
459,COc1ccc(OC)c(N2Cc3cc(C)c(C)cc3C2)c1,0,GCN-CfC final,-4.718809604644775,6.129934310913086
460,COc1ccccc1-c1nnc(NC(=O)c2ccc3ncsc3c2)o1,0,GCN h_G,-6.310115814208984,9.43167781829834
460,COc1ccccc1-c1nnc(NC(=O)c2ccc3ncsc3c2)o1,0,GCN-CfC final,7.320777416229248,-5.11438512802124
461,O=C(C1CCCC1)N1CCC(CC2CC(c3ccc(Cl)cc3)=NO2)(C(=O)NCC2CCCCC2)CC1,0,GCN h_G,-27.254459381103516,-8.537261962890625
461,O=C(C1CCCC1)N1CCC(CC2CC(c3ccc(Cl)cc3)=NO2)(C(=O)NCC2CCCCC2)CC1,0,GCN-CfC final,24.48122215270996,-6.7479472160339355
462,C=CC(COCc1ccccc1)N(Cc1ccccc1)S(=O)(=O)c1ccccc1Br,0,GCN h_G,1.3956530094146729,9.21844482421875
462,C=CC(COCc1ccccc1)N(Cc1ccccc1)S(=O)(=O)c1ccccc1Br,0,GCN-CfC final,21.25453758239746,7.014988899230957
463,CN(C)C(=O)c1ccc(NC(=O)c2cccc(S(=O)(=O)N3CCCc4ccccc43)c2)cc1,0,GCN h_G,-0.8268480896949768,-2.1623432636260986
463,CN(C)C(=O)c1ccc(NC(=O)c2cccc(S(=O)(=O)N3CCCc4ccccc43)c2)cc1,0,GCN-CfC final,-1.8008884191513062,1.365227222442627
464,O=C1c2ccccc2-c2onc3c(N4CCN(CCO)CC4)cc(N4CCN(C(=O)c5ccco5)CC4)c1c23,0,GCN h_G,-28.752655029296875,-1.9019439220428467
464,O=C1c2ccccc2-c2onc3c(N4CCN(CCO)CC4)cc(N4CCN(C(=O)c5ccco5)CC4)c1c23,0,GCN-CfC final,13.856919288635254,-9.319666862487793
465,COc1ccc(Cl)cc1C(=O)NNC(=O)c1cccs1,0,GCN h_G,-2.440105438232422,7.828935623168945
465,COc1ccc(Cl)cc1C(=O)NNC(=O)c1cccs1,0,GCN-CfC final,10.227315902709961,-2.427018642425537
466,COC(=O)c1ccc(-c2ccc3cc(-c4nc5cc(C(=O)N6CC7CCC6[C@@H]7N)cc(OC)c5n4C)n(CC4CC4)c3n2)cc1O,1,GCN h_G,37.8741569519043,-6.074367046356201
466,COC(=O)c1ccc(-c2ccc3cc(-c4nc5cc(C(=O)N6CC7CCC6[C@@H]7N)cc(OC)c5n4C)n(CC4CC4)c3n2)cc1O,1,GCN-CfC final,-45.43473434448242,-0.9629384875297546
467,Cc1nc(Cl)c2c(n1)NC1=C(O2)C(=O)CCC1,0,GCN h_G,-24.433700561523438,2.4885060787200928
467,Cc1nc(Cl)c2c(n1)NC1=C(O2)C(=O)CCC1,0,GCN-CfC final,18.95868492126465,-10.451282501220703
468,CC1Cc2ccccc2N1C(=O)CSc1nnc(CSc2ncccn2)n1C,0,GCN h_G,-14.2758150100708,-4.5463714599609375
468,CC1Cc2ccccc2N1C(=O)CSc1nnc(CSc2ncccn2)n1C,0,GCN-CfC final,16.278322219848633,2.41208553314209
469,CCCCn1c(=O)c(C(=O)Nc2ccccc2F)c(O)c2ccccc21,0,GCN h_G,-8.442636489868164,-9.869668960571289
469,CCCCn1c(=O)c(C(=O)Nc2ccccc2F)c(O)c2ccccc21,0,GCN-CfC final,-0.26693376898765564,1.4710286855697632
470,CCN(c1ccccc1)S(=O)(=O)c1ccc(Cl)c(C(=O)O)c1,0,GCN h_G,-2.1483776569366455,5.053408622741699
470,CCN(c1ccccc1)S(=O)(=O)c1ccc(Cl)c(C(=O)O)c1,0,GCN-CfC final,9.03128719329834,-1.5530401468276978
471,COc1cc(C(=O)N2CC3CCC2[C@@H]3N)cc2nc(-c3cc4ccc(Nc5cccc(C(N)=O)c5)nc4n3CC3CC3)n(C)c12,1,GCN h_G,36.66999435424805,-8.593352317810059
471,COc1cc(C(=O)N2CC3CCC2[C@@H]3N)cc2nc(-c3cc4ccc(Nc5cccc(C(N)=O)c5)nc4n3CC3CC3)n(C)c12,1,GCN-CfC final,-44.27130889892578,0.04365963488817215
472,COc1cc(C(=O)N2C[C@H](N)CC[C@@H]2C)cc2nc(-c3cc4ccc(-c5ccc6c(c5)CC(=O)N6)nc4n3CC3CC3)n(C)c12,1,GCN h_G,30.069631576538086,-1.0813645124435425
472,COc1cc(C(=O)N2C[C@H](N)CC[C@@H]2C)cc2nc(-c3cc4ccc(-c5ccc6c(c5)CC(=O)N6)nc4n3CC3CC3)n(C)c12,1,GCN-CfC final,-35.21213150024414,-2.722947597503662
473,COc1cc(C(=O)N2CC3CCC2[C@@H]3N)cc2nc(-c3cc4ccc(-c5ccc(NC(C)=O)c(C(=O)O)c5)nc4n3CC3CC3)n(C)c12,1,GCN h_G,36.961891174316406,-6.727535247802734
473,COc1cc(C(=O)N2CC3CCC2[C@@H]3N)cc2nc(-c3cc4ccc(-c5ccc(NC(C)=O)c(C(=O)O)c5)nc4n3CC3CC3)n(C)c12,1,GCN-CfC final,-42.99195861816406,-0.6919448375701904
474,O=C(N1CCOCC1)N1CCN(c2ccccc2F)CC1,0,GCN h_G,-30.72300910949707,-4.1563191413879395
474,O=C(N1CCOCC1)N1CCN(c2ccccc2F)CC1,0,GCN-CfC final,32.9425163269043,-1.8343530893325806
475,CC1(OC(=O)c2ccc(Cl)nc2)C(=O)C=C2C=C(C3CC3)OC=C2C1=O,0,GCN h_G,-15.362051963806152,-14.448448181152344
475,CC1(OC(=O)c2ccc(Cl)nc2)C(=O)C=C2C=C(C3CC3)OC=C2C1=O,0,GCN-CfC final,-12.189855575561523,6.758708477020264
476,CCCNC(=S)Nc1ccc(CC(=O)OC)cc1,0,GCN h_G,1.6434491872787476,-3.317317008972168
476,CCCNC(=S)Nc1ccc(CC(=O)OC)cc1,0,GCN-CfC final,-10.561504364013672,2.702214002609253
477,COc1ccc(OC)c(NC(=S)NCc2cccs2)c1,0,GCN h_G,-0.6506956219673157,9.240880966186523
477,COc1ccc(OC)c(NC(=S)NCc2cccs2)c1,0,GCN-CfC final,10.62990951538086,-2.7245731353759766
478,CCCN(CCC)S(=O)(=O)c1ccc(NC(=O)c2cc(C(=O)OC)cc([N+](=O)[O-])c2)cc1,0,GCN h_G,-15.649615287780762,5.669098377227783
478,CCCN(CCC)S(=O)(=O)c1ccc(NC(=O)c2cc(C(=O)OC)cc([N+](=O)[O-])c2)cc1,0,GCN-CfC final,3.150838613510132,4.656545639038086
479,COc1ccc(C2CC(c3cccs3)=NN2C(=O)CSC2=NCCS2)cc1,0,GCN h_G,-19.27541160583496,-6.725038051605225
479,COc1ccc(C2CC(c3cccs3)=NN2C(=O)CSC2=NCCS2)cc1,0,GCN-CfC final,30.048648834228516,-3.833448648452759
480,O=C1C2CCCCC2C(=O)N1c1ccc(NC2CCCCC2)c([N+](=O)[O-])c1,0,GCN h_G,-24.090530395507812,-10.77045726776123
480,O=C1C2CCCCC2C(=O)N1c1ccc(NC2CCCCC2)c([N+](=O)[O-])c1,0,GCN-CfC final,13.018730163574219,-13.237226486206055
481,COc1ccc(N(CC(O)CN2C(=O)NC(C)(C)C2=O)S(=O)(=O)c2ccc(C)cc2)cc1,0,GCN h_G,2.7141740322113037,-0.6059542298316956
481,COc1ccc(N(CC(O)CN2C(=O)NC(C)(C)C2=O)S(=O)(=O)c2ccc(C)cc2)cc1,0,GCN-CfC final,-12.864632606506348,4.329359531402588
482,CCOc1ccc(OCC(=O)Nc2ccc(OC)cc2)cc1,0,GCN h_G,-2.8279190063476562,11.753547668457031
482,CCOc1ccc(OCC(=O)Nc2ccc(OC)cc2)cc1,0,GCN-CfC final,29.08699607849121,4.868259429931641
483,Cc1ccc(N(NC(=O)C(O)(c2ccccc2)c2ccccc2)C(=O)CCl)cc1,0,GCN h_G,4.220762729644775,9.351219177246094
483,Cc1ccc(N(NC(=O)C(O)(c2ccccc2)c2ccccc2)C(=O)CCl)cc1,0,GCN-CfC final,4.861073970794678,-4.1687092781066895
484,O=C(Oc1ccccc1C(=O)Nc1ccccc1)c1ccc(Br)c([N+](=O)[O-])c1,0,GCN h_G,-2.138829231262207,10.053634643554688
484,O=C(Oc1ccccc1C(=O)Nc1ccccc1)c1ccc(Br)c([N+](=O)[O-])c1,0,GCN-CfC final,25.699790954589844,5.43184232711792
485,CC(C)Cc1nn2c(=O)cc(O)nc2s1,0,GCN h_G,-16.961759567260742,12.368245124816895
485,CC(C)Cc1nn2c(=O)cc(O)nc2s1,0,GCN-CfC final,33.62774658203125,3.7002804279327393
486,COc1ccc(C(=O)C2CCCN(C(=O)c3ccc4nccnc4c3)C2)c(C)c1,0,GCN h_G,-11.085546493530273,-9.180512428283691
486,COc1ccc(C(=O)C2CCCN(C(=O)c3ccc4nccnc4c3)C2)c(C)c1,0,GCN-CfC final,-4.284041881561279,4.741440773010254
487,COc1cc(C(=O)N2C[C@H](N)C[C@@H](F)C2)cc2nc(-c3cc4ccc(C(=O)Nc5ccc(S(N)(=O)=O)cc5)nc4n3CC3CC3)n(C)c12,1,GCN h_G,34.056983947753906,-1.1865893602371216
487,COc1cc(C(=O)N2C[C@H](N)C[C@@H](F)C2)cc2nc(-c3cc4ccc(C(=O)Nc5ccc(S(N)(=O)=O)cc5)nc4n3CC3CC3)n(C)c12,1,GCN-CfC final,-36.70737075805664,-1.7497864961624146
488,COc1ccc(OC(C)C(=O)N(C)Cc2nc(-c3ccccc3)no2)cc1,0,GCN h_G,-4.830249309539795,11.659043312072754
488,COc1ccc(OC(C)C(=O)N(C)Cc2nc(-c3ccccc3)no2)cc1,0,GCN-CfC final,28.894268035888672,4.1842122077941895
489,COc1cc(C(=O)N2CC3CCC2[C@@H]3N)cc2nc(-c3cc4ccc(Nc5ccncc5CO)nc4n3CC3CC3)n(C)c12,1,GCN h_G,36.48273468017578,-8.108281135559082
489,COc1cc(C(=O)N2CC3CCC2[C@@H]3N)cc2nc(-c3cc4ccc(Nc5ccncc5CO)nc4n3CC3CC3)n(C)c12,1,GCN-CfC final,-44.216304779052734,-0.08260702341794968
490,CN(C)/C=C(\C#N)S(=O)(=O)c1ccccc1,0,GCN h_G,0.3000550866127014,0.21351328492164612
490,CN(C)/C=C(\C#N)S(=O)(=O)c1ccccc1,0,GCN-CfC final,8.225578308105469,-0.5335310697555542
491,CC(=O)N1CCC(=NNc2nc3ccccc3[nH]2)CC1.O=C(O)C(=O)O,0,GCN h_G,-18.567768096923828,6.683847427368164
491,CC(=O)N1CCC(=NNc2nc3ccccc3[nH]2)CC1.O=C(O)C(=O)O,0,GCN-CfC final,23.945051193237305,-0.44348686933517456
492,COc1cc(C(=O)N2CC3CCC2[C@@H]3N)cc2nc(-c3cc4ccc(-c5cc(F)c6c(c5)CCN(C(C)=O)C6)nc4n3CC3CC3)n(C)c12,1,GCN h_G,43.436317443847656,-6.70757532119751
492,COc1cc(C(=O)N2CC3CCC2[C@@H]3N)cc2nc(-c3cc4ccc(-c5cc(F)c6c(c5)CCN(C(C)=O)C6)nc4n3CC3CC3)n(C)c12,1,GCN-CfC final,-52.28255844116211,-3.3449137210845947
493,CCc1ncc(/C=C2\C(=O)Nc3ccccc32)[nH]1,0,GCN h_G,3.6698153018951416,-4.83693790435791
493,CCc1ncc(/C=C2\C(=O)Nc3ccccc32)[nH]1,0,GCN-CfC final,-13.401118278503418,2.477919340133667
494,COc1cc(C(=O)N2CC3CCC2[C@@H]3N)cc2nc(-c3cc4ccc(-c5ccc6oc(=O)[nH]c6c5)cc4n3CC3CC3)n(C)c12,1,GCN h_G,43.09037399291992,-3.6193933486938477
494,COc1cc(C(=O)N2CC3CCC2[C@@H]3N)cc2nc(-c3cc4ccc(-c5ccc6oc(=O)[nH]c6c5)cc4n3CC3CC3)n(C)c12,1,GCN-CfC final,-43.23595428466797,1.7209898233413696
495,C/C(CC(=O)Nc1ccc(Cl)c(C(F)(F)F)c1)=N\NC(=O)c1cnccn1,0,GCN h_G,-6.501986980438232,2.1556270122528076
495,C/C(CC(=O)Nc1ccc(Cl)c(C(F)(F)F)c1)=N\NC(=O)c1cnccn1,0,GCN-CfC final,-3.4862048625946045,4.075192928314209
496,COc1ccc(-c2ccc3cc(-c4nc5cc(C(=O)N6C[C@H]7CC[C@@H]6[C@@H]7N)cc(OC)c5n4C)n(CC4CC4)c3c2)c(F)c1,1,GCN h_G,29.851999282836914,-2.3446457386016846
496,COc1ccc(-c2ccc3cc(-c4nc5cc(C(=O)N6C[C@H]7CC[C@@H]6[C@@H]7N)cc(OC)c5n4C)n(CC4CC4)c3c2)c(F)c1,1,GCN-CfC final,-34.11667251586914,-3.0061402320861816
497,COc1ccccc1-c1oc2ccccc2c1-c1ccccc1OC,0,GCN h_G,3.9168028831481934,13.382488250732422
497,COc1ccccc1-c1oc2ccccc2c1-c1ccccc1OC,0,GCN-CfC final,4.893187046051025,-6.83091926574707
498,CCC1(C)Cc2c(sc(NC(=O)CCC(=O)O)c2C#N)CO1,0,GCN h_G,-22.698657989501953,-2.8562095165252686
498,CCC1(C)Cc2c(sc(NC(=O)CCC(=O)O)c2C#N)CO1,0,GCN-CfC final,1.8980674743652344,8.999929428100586
499,C=CCn1c(Cc2csc(N)n2)nnc1SCC(=O)OCC,0,GCN h_G,-25.584640502929688,4.3755998611450195
499,C=CCn1c(Cc2csc(N)n2)nnc1SCC(=O)OCC,0,GCN-CfC final,19.665128707885742,-12.916441917419434
500,C=CCOc1ccccc1CNCCCN1CCOCC1.Cl,0,GCN h_G,-20.201147079467773,1.6907273530960083
500,C=CCOc1ccccc1CNCCCN1CCOCC1.Cl,0,GCN-CfC final,16.93459701538086,-5.669825553894043
501,COc1ccc(CCNC(=O)c2c(-c3ccccc3)noc2C)cc1OC,0,GCN h_G,0.8379958271980286,5.4699883460998535
501,COc1ccc(CCNC(=O)c2c(-c3ccccc3)noc2C)cc1OC,0,GCN-CfC final,-2.8695578575134277,-0.5951445698738098
502,Cn1nccc1NC(=O)c1nccnc1C(=O)O,0,GCN h_G,-8.918709754943848,4.33568000793457
502,Cn1nccc1NC(=O)c1nccnc1C(=O)O,0,GCN-CfC final,12.489877700805664,-1.646438717842102
503,C/C(=N\Nc1nc2c(s1)CCCC2)c1ccc(Cl)cc1.Cl,0,GCN h_G,-15.001272201538086,-1.7567838430404663
503,C/C(=N\Nc1nc2c(s1)CCCC2)c1ccc(Cl)cc1.Cl,0,GCN-CfC final,14.436840057373047,1.7130388021469116
504,Oc1ccc(-c2cnc3ccccc3n2)cc1,0,GCN h_G,1.2901334762573242,13.867582321166992
504,Oc1ccc(-c2cnc3ccccc3n2)cc1,0,GCN-CfC final,20.54376792907715,8.718297958374023
505,COc1cc(C(=O)N2CCC[C@@H](N)C2)cc2nc(-c3ccc(C#N)n3CC3CCOCC3)n(C)c12,0,GCN h_G,27.676176071166992,-1.0643631219863892
505,COc1cc(C(=O)N2CCC[C@@H](N)C2)cc2nc(-c3ccc(C#N)n3CC3CCOCC3)n(C)c12,0,GCN-CfC final,-30.87954330444336,-1.3589739799499512
506,COc1cc(C(=O)OCC(=O)Nc2ccc(S(=O)(=O)N3CCCC3)cc2)cc(OC)c1OC,0,GCN h_G,-16.1018009185791,5.022758483886719
506,COc1cc(C(=O)OCC(=O)Nc2ccc(S(=O)(=O)N3CCCC3)cc2)cc(OC)c1OC,0,GCN-CfC final,2.731293201446533,4.768985748291016
